albania-open-2026	Senior Women +73kg	HAREMZA Dagmara	POL	3
european-universities-combat-championships-2026	Senior Men -54kg	SARSOZA Zack	GBR	1
european-universities-combat-championships-2026	Senior Men -54kg	SALVATORI Mattia	ITA	
european-universities-combat-championships-2026	Senior Men -54kg	LEE Calvin	GER	
european-universities-combat-championships-2026	Senior Men -54kg	HUSAINI Syed Waasif	GBR	3
european-universities-combat-championships-2026	Senior Men -54kg	KAMAN Matej	CZE	
european-universities-combat-championships-2026	Senior Men -54kg	LABONG Finn	GBR	2
european-universities-combat-championships-2026	Senior Men -54kg	CARVALHO Daniel	GBR	3
european-universities-combat-championships-2026	Senior Men -54kg	AZEVEDO Rafael Alexandre	POR	
european-universities-combat-championships-2026	Senior Men -58kg	CAMOGLU Furkan ubeyde	TUR	1
european-universities-combat-championships-2026	Senior Men -58kg	SAID Rauvan	GER	
european-universities-combat-championships-2026	Senior Men -58kg	ZAINO Tommaso	ITA	
european-universities-combat-championships-2026	Senior Men -58kg	KUSKU Alaattin	TUR	
european-universities-combat-championships-2026	Senior Men -58kg	ORTIZ GARCIA Pepe	ESP	
european-universities-combat-championships-2026	Senior Men -58kg	TORRE Elia	ITA	
european-universities-combat-championships-2026	Senior Men -58kg	MAHMOOD Muhammad	GBR	
european-universities-combat-championships-2026	Senior Men -58kg	CORDOBA VILLARTE Alvaro	ESP	
european-universities-combat-championships-2026	Senior Men -58kg	HARLAND Maximillian	AUT	
european-universities-combat-championships-2026	Senior Men -58kg	POLAT Gorkem	TUR	3
european-universities-combat-championships-2026	Senior Men -58kg	AMELHAYI Mehdi	FRA	
european-universities-combat-championships-2026	Senior Men -58kg	DJONKO Ibrahim	BIH	3
european-universities-combat-championships-2026	Senior Men -58kg	ADEMI Bleron Blerim	KOS	
european-universities-combat-championships-2026	Senior Men -58kg	TANRIVERDI Zeynel Firat	TUR	
european-universities-combat-championships-2026	Senior Men -58kg	ANTOSHKIN Michael	HUN	
european-universities-combat-championships-2026	Senior Men -58kg	KURU Alihan	TUR	
european-universities-combat-championships-2026	Senior Men -58kg	CAMPANELLA ALVAREZ Yago	ITA	
european-universities-combat-championships-2026	Senior Men -58kg	BOTTA Baptiste	FRA	
european-universities-combat-championships-2026	Senior Men -58kg	SAN BARTOLOME SORIA Ismael	ESP	
european-universities-combat-championships-2026	Senior Men -58kg	AYDOGDU Melih	TUR	
european-universities-combat-championships-2026	Senior Men -58kg	TESKERA Josip	CRO	2
european-universities-combat-championships-2026	Senior Men -63kg	GUMUS Feyyaz	GER	2
european-universities-combat-championships-2026	Senior Men -63kg	HORVATH Matej	SVK	
european-universities-combat-championships-2026	Senior Men -63kg	CARMONA VAZQUEZ Isaac	ESP	
european-universities-combat-championships-2026	Senior Men -63kg	AL-BAIDHANI Ahmad	GBR	
european-universities-combat-championships-2026	Senior Men -63kg	HUY Ethan	FRA	
european-universities-combat-championships-2026	Senior Men -63kg	SPRECA Tommaso	ITA	
european-universities-combat-championships-2026	Senior Men -63kg	YARLI Abdullah Omer	TUR	
european-universities-combat-championships-2026	Senior Men -63kg	ADEMI Valton	KOS	3
european-universities-combat-championships-2026	Senior Men -63kg	VARDEV Atanas	GBR	
european-universities-combat-championships-2026	Senior Men -63kg	VAREJAO Dinis	POR	
european-universities-combat-championships-2026	Senior Men -63kg	NESTOROVIĆ Vasilije	MNE	
european-universities-combat-championships-2026	Senior Men -63kg	LOPES Tiago	POR	
european-universities-combat-championships-2026	Senior Men -63kg	CARENZA Raffaele	ITA	
european-universities-combat-championships-2026	Senior Men -63kg	CALIK Merdan	TUR	1
european-universities-combat-championships-2026	Senior Men -63kg	MURILLO Jorge	ESP	
european-universities-combat-championships-2026	Senior Men -63kg	LY Dominic	GBR	
european-universities-combat-championships-2026	Senior Men -63kg	PATAN Semih	KOS	
european-universities-combat-championships-2026	Senior Men -63kg	BUBA Gledis	ALB	3
european-universities-combat-championships-2026	Senior Men -63kg	LIIU Lars-Lucas	EST	
european-universities-combat-championships-2026	Senior Men -63kg	JULES Nathan	FRA	
european-universities-combat-championships-2026	Senior Men -68kg	JOZSA Levente mark	HUN	1
european-universities-combat-championships-2026	Senior Men -68kg	AGUSHI Elion	KOS	
european-universities-combat-championships-2026	Senior Men -68kg	TURAN Emircan	TUR	
european-universities-combat-championships-2026	Senior Men -68kg	PENNIELLO Emanuele	ITA	
european-universities-combat-championships-2026	Senior Men -68kg	TANRIVERDI Deniz	TUR	
european-universities-combat-championships-2026	Senior Men -68kg	SPRECA Andrea	ITA	
european-universities-combat-championships-2026	Senior Men -68kg	ALBERT Ivan	ESP	
european-universities-combat-championships-2026	Senior Men -68kg	OTER Ibrahim	TUR	3
european-universities-combat-championships-2026	Senior Men -68kg	SOUSA Francisco	POR	
european-universities-combat-championships-2026	Senior Men -68kg	DJONKO Muhamed	BIH	
european-universities-combat-championships-2026	Senior Men -68kg	KURT Berat	TUR	2
european-universities-combat-championships-2026	Senior Men -68kg	FILIP MURESANU Raul mario	ROU	
european-universities-combat-championships-2026	Senior Men -68kg	MERDANAJ Ernest	ALB	
european-universities-combat-championships-2026	Senior Men -68kg	GRESTINI Luca	ITA	
european-universities-combat-championships-2026	Senior Men -68kg	KUSKU mahmut	TUR	3
european-universities-combat-championships-2026	Senior Men -68kg	ADILOVIC Muhammed Fatih	TUR	
european-universities-combat-championships-2026	Senior Men -68kg	ZELLER Joao	POR	
european-universities-combat-championships-2026	Senior Men -68kg	BONNA Baptiste	FRA	
european-universities-combat-championships-2026	Senior Men -74kg	POLAT Mehmet Kani	TUR	2
european-universities-combat-championships-2026	Senior Men -74kg	VAN DER MEER Sjoerd	NED	
european-universities-combat-championships-2026	Senior Men -74kg	LOTT Liam	GER	
european-universities-combat-championships-2026	Senior Men -74kg	KLAJKO David	HUN	
european-universities-combat-championships-2026	Senior Men -74kg	GWIAZDOWSKI Kacper	GBR	
european-universities-combat-championships-2026	Senior Men -74kg	POLCZYNSKI Adam	POL	
european-universities-combat-championships-2026	Senior Men -74kg	ILZE Deniz emre	GER	
european-universities-combat-championships-2026	Senior Men -74kg	ALBOUL Mohamed Khaled Mohamed	GER	
european-universities-combat-championships-2026	Senior Men -74kg	CHANDRAMOHAN Arigaran	GBR	3
european-universities-combat-championships-2026	Senior Men -74kg	REIS Tiago	POR	
european-universities-combat-championships-2026	Senior Men -74kg	SKANDRANI Firas	GER	
european-universities-combat-championships-2026	Senior Men -74kg	KESGIN Gokhan Emre	TUR	
european-universities-combat-championships-2026	Senior Men -74kg	LORENTE LAMAS David	ESP	3
european-universities-combat-championships-2026	Senior Men -74kg	VULETIC Vuk	MNE	
european-universities-combat-championships-2026	Senior Men -74kg	AMAVASEE Rahul	GBR	
european-universities-combat-championships-2026	Senior Men -74kg	AGBOGBE SALANON Oswin	FRA	
european-universities-combat-championships-2026	Senior Men -74kg	ILZE Ronahi	GER	
european-universities-combat-championships-2026	Senior Men -74kg	AYAZ Alperen	TUR	1
european-universities-combat-championships-2026	Senior Men -80kg	GUMUS Kaan	GER	
european-universities-combat-championships-2026	Senior Men -80kg	SAHITI Mal	KOS	1
european-universities-combat-championships-2026	Senior Men -80kg	SAHIN Muhammed Enes	TUR	
european-universities-combat-championships-2026	Senior Men -80kg	CORREIA David	POR	
european-universities-combat-championships-2026	Senior Men -80kg	RAFAELL MINEL Ursu	ROU	
european-universities-combat-championships-2026	Senior Men -80kg	FRGOLEC Miroslav	SVK	
european-universities-combat-championships-2026	Senior Men -80kg	DANIELYAN Armen	ARM	
european-universities-combat-championships-2026	Senior Men -80kg	TIMOTHEOU Kyriakos Loukas	GBR	
european-universities-combat-championships-2026	Senior Men -80kg	STAVROPOULOS Theoharys	GBR	
european-universities-combat-championships-2026	Senior Men -80kg	TOSUN Hikmet Faruk	TUR	3
european-universities-combat-championships-2026	Senior Men -80kg	MUSKEVITS Aleksandr	EST	
european-universities-combat-championships-2026	Senior Men -80kg	KILIC Yigithan	TUR	3
european-universities-combat-championships-2026	Senior Men -80kg	FELICITE Lawrence	FRA	
european-universities-combat-championships-2026	Senior Men -80kg	GREXÁK Csaba András	HUN	
european-universities-combat-championships-2026	Senior Men -80kg	BALIVA Samuele	ITA	
european-universities-combat-championships-2026	Senior Men -80kg	YILDIZ Samet	TUR	
european-universities-combat-championships-2026	Senior Men -80kg	CORAZZA Lukas	AUT	
european-universities-combat-championships-2026	Senior Men -80kg	ALIPOUR Sohrab	GBR	
european-universities-combat-championships-2026	Senior Men -80kg	GASHI Jon	KOS	
european-universities-combat-championships-2026	Senior Men -80kg	YILMAZ Mustafa	TUR	
european-universities-combat-championships-2026	Senior Men -80kg	MARTINHO Manuel	POR	2
european-universities-combat-championships-2026	Senior Men -87kg	HOERMANN Vincent	GER	3
european-universities-combat-championships-2026	Senior Men -87kg	POLITEO Jere	CRO	
european-universities-combat-championships-2026	Senior Men -87kg	FARIA Luis Francisco Ferreira	POR	
european-universities-combat-championships-2026	Senior Men -87kg	MARTIN SANCHEZ Alejandro	ESP	
european-universities-combat-championships-2026	Senior Men -87kg	BARRUOL Uggo	FRA	2
european-universities-combat-championships-2026	Senior Men -87kg	DENIZMAN Ferkan	TUR	
european-universities-combat-championships-2026	Senior Men -87kg	SNACOV Laurentiu	ROU	
european-universities-combat-championships-2026	Senior Men -87kg	HIDRI Ibrahim	ALB	
european-universities-combat-championships-2026	Senior Men -87kg	OBERHOFER Alexander	ITA	3
european-universities-combat-championships-2026	Senior Men -87kg	STYLIANIDIS Aris	CYP	1
european-universities-combat-championships-2026	Senior Men -87kg	TADJIBAEV Azizjan	FRA	
european-universities-combat-championships-2026	Senior Men -87kg	KARTAL Huseyin	TUR	
european-universities-combat-championships-2026	Senior Men +87kg	DEMIRCIOGLU Huseyin berat	TUR	2
european-universities-combat-championships-2026	Senior Men +87kg	PINHEIRO Daniel	POR	
european-universities-combat-championships-2026	Senior Men +87kg	AGBOGBE-SALANON Osmund	FRA	
european-universities-combat-championships-2026	Senior Men +87kg	AGRISAN Stefan Gabriel	ROU	
european-universities-combat-championships-2026	Senior Men +87kg	OUASSOU Zakariya	FRA	
european-universities-combat-championships-2026	Senior Men +87kg	CALJKUSIC Neven	CRO	
european-universities-combat-championships-2026	Senior Men +87kg	CURABAZ Sergen	TUR	3
european-universities-combat-championships-2026	Senior Men +87kg	ANDREOU Petros	CYP	3
european-universities-combat-championships-2026	Senior Men +87kg	TOKGOZ Oguz	TUR	
european-universities-combat-championships-2026	Senior Men +87kg	MEDIAVILLA Ivan	ESP	
european-universities-combat-championships-2026	Senior Men +87kg	ATESLI Emre kutalmis	TUR	
european-universities-combat-championships-2026	Senior Men +87kg	MANEA Robert	ROU	
european-universities-combat-championships-2026	Senior Men +87kg	BAILEY Kelen	HUN	1
european-universities-combat-championships-2026	Senior Women -46kg	TAMMILA Ida-elina	FIN	2
european-universities-combat-championships-2026	Senior Women -46kg	ESCRIG Andrea	ESP	
european-universities-combat-championships-2026	Senior Women -46kg	HUYNH Cherlynn Nguyen	MNE	
european-universities-combat-championships-2026	Senior Women -46kg	YONAK Tugba	TUR	
european-universities-combat-championships-2026	Senior Women -46kg	FERREIRA Maria	POR	3
european-universities-combat-championships-2026	Senior Women -46kg	OZKEN Aleyna	GER	
european-universities-combat-championships-2026	Senior Women -46kg	SALGUEIRO Patricia	POR	1
european-universities-combat-championships-2026	Senior Women -46kg	VOLPATO Nattie	FRA	3
european-universities-combat-championships-2026	Senior Women -46kg	BERNARDI Brigida	ITA	
european-universities-combat-championships-2026	Senior Women -46kg	KESGIN Tuvanna nazli	TUR	
european-universities-combat-championships-2026	Senior Women -49kg	GOGEBAKAN Emine	TUR	1
european-universities-combat-championships-2026	Senior Women -49kg	SALZER Dania	CRO	
european-universities-combat-championships-2026	Senior Women -49kg	KAMKASOUMPHOU Maysane	FRA	3
european-universities-combat-championships-2026	Senior Women -49kg	SUSCO Gioia	ITA	
european-universities-combat-championships-2026	Senior Women -49kg	MARTINEZ SEVILLA Julia	ESP	
european-universities-combat-championships-2026	Senior Women -49kg	GEHRMANN Alice	GER	3
european-universities-combat-championships-2026	Senior Women -49kg	COBAN Hilal	TUR	
european-universities-combat-championships-2026	Senior Women -49kg	BAJAN Mihaela nicoleta claudia	ROU	2
european-universities-combat-championships-2026	Senior Women -53kg	GURBUZ Hayrunnisa	TUR	1
european-universities-combat-championships-2026	Senior Women -53kg	PATEL Rhianna	GBR	
european-universities-combat-championships-2026	Senior Women -53kg	BENETTI Ines	FRA	
european-universities-combat-championships-2026	Senior Women -53kg	TASOLUK Ikra nur	TUR	
european-universities-combat-championships-2026	Senior Women -53kg	ROMERO Marta Escrig	ESP	
european-universities-combat-championships-2026	Senior Women -53kg	TASKIN Zeynep	TUR	3
european-universities-combat-championships-2026	Senior Women -53kg	KOOTER Sophia	NED	
european-universities-combat-championships-2026	Senior Women -53kg	GRECO Alessia	ITA	
european-universities-combat-championships-2026	Senior Women -53kg	BASTOS Filipa	POR	
european-universities-combat-championships-2026	Senior Women -53kg	KAOURTISHI Nagia	CYP	
european-universities-combat-championships-2026	Senior Women -53kg	MARICIC Sara	CRO	
european-universities-combat-championships-2026	Senior Women -53kg	CELIK Senanur	TUR	2
european-universities-combat-championships-2026	Senior Women -53kg	HARTI Laila	ITA	
european-universities-combat-championships-2026	Senior Women -53kg	BONALS ANARTE Laura	ESP	
european-universities-combat-championships-2026	Senior Women -53kg	ZAFER Idil	TUR	
european-universities-combat-championships-2026	Senior Women -53kg	LEHOUSSINE Sihem	FRA	3
european-universities-combat-championships-2026	Senior Women -57kg	PATAKFALVY Luca	HUN	2
european-universities-combat-championships-2026	Senior Women -57kg	TEGGERI Markella	CYP	
european-universities-combat-championships-2026	Senior Women -57kg	BABIANO RAMIREZ Erika	ESP	
european-universities-combat-championships-2026	Senior Women -57kg	QURESHI Nafisa	GBR	
european-universities-combat-championships-2026	Senior Women -57kg	DARGIE Olivia	POL	
european-universities-combat-championships-2026	Senior Women -57kg	BAGCECI Saliha	TUR	
european-universities-combat-championships-2026	Senior Women -57kg	MUSIELLO Giulia	ITA	
european-universities-combat-championships-2026	Senior Women -57kg	SPILLMANN Sarah	GER	
european-universities-combat-championships-2026	Senior Women -57kg	MONTEIRO Maisa	POR	3
european-universities-combat-championships-2026	Senior Women -57kg	VUKIC Margarita	CRO	
european-universities-combat-championships-2026	Senior Women -57kg	CELIK Edanur	TUR	3
european-universities-combat-championships-2026	Senior Women -57kg	JAMIL Jara	GER	
european-universities-combat-championships-2026	Senior Women -57kg	TONG Vera Tian Hui	GBR	
european-universities-combat-championships-2026	Senior Women -57kg	GUSTAFSSON Ada	FIN	
european-universities-combat-championships-2026	Senior Women -57kg	BEYERER Julia	GER	
european-universities-combat-championships-2026	Senior Women -57kg	GNECCO Matilde	ITA	
european-universities-combat-championships-2026	Senior Women -57kg	DILER Ruya	TUR	1
european-universities-combat-championships-2026	Senior Women -62kg	CAKAL Sevval	TUR	1
european-universities-combat-championships-2026	Senior Women -62kg	KAZEEM Ayo	GBR	
european-universities-combat-championships-2026	Senior Women -62kg	SCHLEUSSINGER Inga	GER	
european-universities-combat-championships-2026	Senior Women -62kg	HIGNETT Elizabeth	GBR	
european-universities-combat-championships-2026	Senior Women -62kg	INHULSEN Kendra	GER	3
european-universities-combat-championships-2026	Senior Women -62kg	COMAN Gabriela bianca	ROU	
european-universities-combat-championships-2026	Senior Women -62kg	BEYERER Nina	GER	
european-universities-combat-championships-2026	Senior Women -62kg	PAPPALARDO Manon	FRA	
european-universities-combat-championships-2026	Senior Women -62kg	BAGATOR Sahsenem	TUR	2
european-universities-combat-championships-2026	Senior Women -62kg	MCKEOWN Niamh	GBR	
european-universities-combat-championships-2026	Senior Women -62kg	LEITNER Phoebe-joliene	GER	
european-universities-combat-championships-2026	Senior Women -62kg	CORREIA Leonor	POR	3
european-universities-combat-championships-2026	Senior Women -67kg	ZAFER Isil	TUR	1
european-universities-combat-championships-2026	Senior Women -67kg	SHESTOPALKA Vanessa Chiamaka	ESP	
european-universities-combat-championships-2026	Senior Women -67kg	BAUER Caroline	GER	
european-universities-combat-championships-2026	Senior Women -67kg	GENCER Sila Nur	TUR	3
european-universities-combat-championships-2026	Senior Women -67kg	MAGDIC Matea	CRO	
european-universities-combat-championships-2026	Senior Women -67kg	CAKAL Sefika	TUR	
european-universities-combat-championships-2026	Senior Women -67kg	CETINEL Ceren	TUR	3
european-universities-combat-championships-2026	Senior Women -67kg	VISCONTI Lucrezia	ITA	
european-universities-combat-championships-2026	Senior Women -67kg	YOUKOUBOVA Karina	FRA	
european-universities-combat-championships-2026	Senior Women -67kg	RAMALHO Ariana	POR	
european-universities-combat-championships-2026	Senior Women -67kg	OZTURK Hilal	GER	
european-universities-combat-championships-2026	Senior Women -67kg	BERISAJ Andrea	MNE	2
european-universities-combat-championships-2026	Senior Women -73kg	HOERMANN Emily	GER	2
european-universities-combat-championships-2026	Senior Women -73kg	GALLACHER Lauren	GBR	
european-universities-combat-championships-2026	Senior Women -73kg	AMARA Naima	FRA	
european-universities-combat-championships-2026	Senior Women -73kg	GEPPERT Julienne	GER	3
european-universities-combat-championships-2026	Senior Women -73kg	MEYEUR MOUROT Elora	FRA	3
european-universities-combat-championships-2026	Senior Women -73kg	ZORZY Kyra	GBR	
european-universities-combat-championships-2026	Senior Women -73kg	VALENTINO Viviana	GER	
european-universities-combat-championships-2026	Senior Women -73kg	DEMIR Kardelen	TUR	1
european-universities-combat-championships-2026	Senior Women +73kg	JIMENEZ Paula Lopez	ESP	3
european-universities-combat-championships-2026	Senior Women +73kg	BERISAJ Andela	MNE	2
european-universities-combat-championships-2026	Senior Women +73kg	HAMBLETON Kate	GBR	
european-universities-combat-championships-2026	Senior Women +73kg	HAMADACHE Emna	FRA	
european-universities-combat-championships-2026	Senior Women +73kg	KOEBCKE Linda	GER	3
european-universities-combat-championships-2026	Senior Women +73kg	ALATALO Anna	FIN	
european-universities-combat-championships-2026	Senior Women +73kg	AKBULAK Esra	TUR	1
south-american-games-2026	Senior Men -58kg	MELO Paulo	BRA	3
south-american-games-2026	Senior Men -58kg	RIVERO Aharon Mart	URU	
south-american-games-2026	Senior Men -58kg	TORDOYA Alejandro	BOL	
south-american-games-2026	Senior Men -58kg	ESPINOLA SERIAL Ignacio	ARG	2
south-american-games-2026	Senior Men -58kg	RIOS Agustin	CHI	3
south-american-games-2026	Senior Men -58kg	ESCURRA Jesus Manuel	PAR	
south-american-games-2026	Senior Men -58kg	GRANADO Yohandri	VEN	1
south-american-games-2026	Senior Men -58kg	MORENO ALVAREZ Franco javier	PER	
south-american-games-2026	Senior Men -68kg	SOUZA DINIZ Joao victor	BRA	2
south-american-games-2026	Senior Men -68kg	VISCARRA Fabian Sebastian Villanueva	BOL	
south-american-games-2026	Senior Men -68kg	CASTILLO RAMOS Alejandro	PER	
south-american-games-2026	Senior Men -68kg	MORALES Ignacio	CHI	
south-american-games-2026	Senior Men -68kg	ROMERO Ian	PAN	3
south-american-games-2026	Senior Men -68kg	GARRIDO REYES Jhon deivi	COL	
south-american-games-2026	Senior Men -68kg	GAONA Juan Daniel	PAR	
south-american-games-2026	Senior Men -68kg	PEDRAZA Jeshuath	VEN	3
south-american-games-2026	Senior Men -68kg	LOPEZ BATE Matias	URU	
south-american-games-2026	Senior Men -68kg	DOEBE Samero	SUR	
south-american-games-2026	Senior Men -68kg	ACUNA Jose Luis	ARG	1
south-american-games-2026	Senior Men -80kg	RODRIGUES FERNANDES Henrique marques	BRA	1
south-american-games-2026	Senior Men -80kg	GONZALEZ GOMEZ Federico	URU	
south-american-games-2026	Senior Men -80kg	POLICELI Santino	ARG	3
south-american-games-2026	Senior Men -80kg	TREJOS SALAS Miguel	COL	3
south-american-games-2026	Senior Men -80kg	MONTALVO Juan Pabl	BOL	
south-american-games-2026	Senior Men -80kg	CHURCHILL MARTINEZ Joaquin	CHI	2
south-american-games-2026	Senior Men +80kg	ALVES JESUS Pedro arthur	BRA	3
south-american-games-2026	Senior Men +80kg	NAZARENO Julio Cesar	ECU	
south-american-games-2026	Senior Men +80kg	DI LEO BLAS Mateo	ARG	2
south-american-games-2026	Senior Men +80kg	SOLIS Maicol Stiward	COL	1
south-american-games-2026	Senior Men +80kg	ANDRADE HERRERA Hassani	PER	
south-american-games-2026	Senior Men +80kg	ALVAREZ Luis	VEN	3
south-american-games-2026	Senior Women -49kg	SILVA NAZARIO Julia	BRA	3
south-american-games-2026	Senior Women -49kg	PEDRAZA Yuliennys	VEN	
south-american-games-2026	Senior Women -49kg	GRIPPOLI GAGLIARDO Maria sara	URU	2
south-american-games-2026	Senior Women -49kg	RODRIGUEZ Priscila	ARG	
south-american-games-2026	Senior Women -49kg	PETERSON Ceili	GUY	3
south-american-games-2026	Senior Women -49kg	HURTADO TAPIA Jireh	BOL	
south-american-games-2026	Senior Women -49kg	SUAREZ ESCOBEDO Alessandra	PER	
south-american-games-2026	Senior Women -49kg	RAMIREZ VARGAS Andrea	COL	1
south-american-games-2026	Senior Women -57kg	PACHECO Maria clara	BRA	1
south-american-games-2026	Senior Women -57kg	SALDANA Angelyn Sm	COL	3
south-american-games-2026	Senior Women -57kg	TORRES MERA Maria valentina	ECU	
south-american-games-2026	Senior Women -57kg	SULBARAN Alexmar	VEN	3
south-american-games-2026	Senior Women -57kg	CLEONARES Ana Paul	PER	
south-american-games-2026	Senior Women -57kg	BONGSOMENGGOLO Yad	SUR	
south-american-games-2026	Senior Women -57kg	BROOKS Brenda	PAN	
south-american-games-2026	Senior Women -57kg	SEPULVEDA Maria Ju	ARG	2
south-american-games-2026	Senior Women -67kg	MINA Mell	ECU	3
south-american-games-2026	Senior Women -67kg	GALLARDO Claudia	CHI	2
south-american-games-2026	Senior Women -67kg	VASQUEZ MENDOZA Eliana	PER	
south-american-games-2026	Senior Women -67kg	RUIZ DIAZ Brenda anahi	ARG	3
south-american-games-2026	Senior Women -67kg	PAZ OBANDO Kiara nikol	COL	
south-american-games-2026	Senior Women -67kg	CLEMENTE Hillary	VEN	
south-american-games-2026	Senior Women -67kg	ALVAREZ Milagros L	URU	
south-american-games-2026	Senior Women -67kg	TITONELI Milena	BRA	1
south-american-games-2026	Senior Women +67kg	OLIVEIRA DOS SANTOS Mikaela	BRA	2
south-american-games-2026	Senior Women +67kg	CAICEDO Mayte Denn	ECU	
south-american-games-2026	Senior Women +67kg	AGUIRRE Fernanda	CHI	3
south-american-games-2026	Senior Women +67kg	MOSQUERA Gloria Ca	COL	1
south-american-games-2026	Senior Women +67kg	FRADL Maelynn Emilée	ARU	
south-american-games-2026	Senior Women +67kg	FERNANDEZ Carolina	VEN	
south-american-games-2026	Senior Women +67kg	RIVAS Victoria	ARG	3
