small-countries-games-2024	Senior Men +87kg	F		POCZOBUTT ODLANICKI Cezary	MLT	PRODROMOU Michail	CYP		2:1
pan-am-games-team-trials-2023	Senior Men -68kg	R32	323	JASON LEE	USA	Marcus Bennett	USA		
pan-am-games-team-trials-2023	Senior Men -68kg	R32	324	YOUNG Isaiah	USA	Kenneth Buenavides	USA		
pan-am-games-team-trials-2023	Senior Men -68kg	R32	423	SOKOLENKO Peter	USA	STEVEN BOWMAN	USA		
pan-am-games-team-trials-2023	Senior Men -68kg	R16	326	JASON LEE	USA	CURRAN Fergus	USA		
pan-am-games-team-trials-2023	Senior Men -68kg	R16	327	SOKOLENKO Peter	USA	KELLEN WALKER	USA		
pan-am-games-team-trials-2023	Senior Men -68kg	R16	426	JAMES CHOI	USA	Kanishka Khalili	USA		
pan-am-games-team-trials-2023	Senior Men -68kg	R16	427	Andrew Medina	USA	YOUNG Isaiah	USA		
pan-am-games-team-trials-2023	Senior Men -68kg	QF	330	JAMES CHOI	USA	JASON LEE	USA		
pan-am-games-team-trials-2023	Senior Men -68kg	QF	430	SOKOLENKO Peter	USA	Andrew Medina	USA		
pan-am-games-team-trials-2023	Senior Men -68kg	SF	332	JAMES CHOI	USA	SOKOLENKO Peter	USA		
pan-am-games-team-trials-2023	Senior Men -68kg	F	434	HARRIS Khalfani	USA	JAMES CHOI	USA		
pan-am-games-team-trials-2023	Senior Men -68kg	F	436	HARRIS Khalfani	USA	JAMES CHOI	USA		
pan-am-games-team-trials-2023	Senior Women -49kg	R16	410	MATA Maya	USA	MORALES Kayla	USA		
pan-am-games-team-trials-2023	Senior Women -49kg	QF	314	MATA Maya	USA	OCEGUERA Sophia	USA		
pan-am-games-team-trials-2023	Senior Women -49kg	QF	315	FONSECA Caliana	USA	CHOI Ashley	USA		
pan-am-games-team-trials-2023	Senior Women -49kg	QF	414	DELLA Hazel	USA	TAYLOR Ashley	USA		
pan-am-games-team-trials-2023	Senior Women -49kg	QF	415	DANIEL Melina	USA	Taylan Allison	USA		
pan-am-games-team-trials-2023	Senior Women -49kg	SF	319	MATA Maya	USA	DELLA Hazel	USA		
pan-am-games-team-trials-2023	Senior Women -49kg	SF	419	DANIEL Melina	USA	FONSECA Caliana	USA		
pan-am-games-team-trials-2023	Senior Women -49kg	F	322	DANIEL Melina	USA	MATA Maya	USA		
pan-am-games-team-trials-2023	Senior Women -57kg	QF	401	SHUMSKY Sofia	USA	Luca Tarris	USA		
pan-am-games-team-trials-2023	Senior Women -57kg	SF	303	COX Caitlyn	USA	SHUMSKY Sofia	USA		
pan-am-games-team-trials-2023	Senior Women -57kg	SF	403	DILLON Faith	USA	AHO Sophia	USA		
pan-am-games-team-trials-2023	Senior Women -57kg	F	407	COX Caitlyn	USA	DILLON Faith	USA		
pan-am-games-team-trials-2023	Senior Women -67kg	R16	402	DEATON Danica	USA	Jillian Haxton	USA		
pan-am-games-team-trials-2023	Senior Women -67kg	QF	306	DEATON Danica	USA	Mia Amirkhanyan	USA		
pan-am-games-team-trials-2023	Senior Women -67kg	QF	307	Britney Morales	USA	Sarah Pride	USA		
pan-am-games-team-trials-2023	Senior Women -67kg	SF	409	DEATON Danica	USA	Britney Morales	USA		
pan-am-games-team-trials-2023	Senior Women -67kg	F	313	TEACHOUT Kristina	USA	DEATON Danica	USA		
pan-am-games-team-trials-2023	Senior Women -67kg	F	318	TEACHOUT Kristina	USA	DEATON Danica	USA		
pan-am-games-team-trials-2023	Senior Women +67kg	RR	301	KECK Hannah	USA	USSERMAN Brianne	USA		
pan-am-games-team-trials-2023	Senior Women +67kg	RR	309	Madelyn Gorman-Shore	USA	KECK Hannah	USA		
pan-am-games-team-trials-2023	Senior Women +67kg	RR	405	Madelyn Gorman-Shore	USA	USSERMAN Brianne	USA		
pan-am-games-team-trials-2023	Senior Men -58kg	R32	311	ALVAREZ Melvy	USA	SAABEDRA Trinidad	USA		
pan-am-games-team-trials-2023	Senior Men -58kg	R32	312	Jordan Brito	USA	Chandler Torres	USA		
pan-am-games-team-trials-2023	Senior Men -58kg	R32	411	CHRISTOPHER ALLEN	USA	RAYAS Alejandro	USA		
pan-am-games-team-trials-2023	Senior Men -58kg	R32	412	Joseph Brito	USA	David Kim	USA		
pan-am-games-team-trials-2023	Senior Men -58kg	R16	316	ALVAREZ Melvy	USA	MOSTELLER Barron	USA		
pan-am-games-team-trials-2023	Senior Men -58kg	R16	317	Juan Carlos Norzagaray	USA	CHRISTOPHER ALLEN	USA		
pan-am-games-team-trials-2023	Senior Men -58kg	R16	317	GRANT Gavin	USA	Jordan Brito	USA		
pan-am-games-team-trials-2023	Senior Men -58kg	R16	417	Joseph Brito	USA	MARCELO ANDREWS	USA		
pan-am-games-team-trials-2023	Senior Men -58kg	QF	320	ALVAREZ Melvy	USA	Juan Carlos Norzagaray	USA		
pan-am-games-team-trials-2023	Senior Men -58kg	QF	420	GRANT Gavin	USA	Joseph Brito	USA		
pan-am-games-team-trials-2023	Senior Men -58kg	SF	422	GRANT Gavin	USA	ALVAREZ Melvy	USA		
pan-am-games-team-trials-2023	Senior Men -58kg	F	325	GRANT Gavin	USA	CUNNINGHAM William	USA		
pan-am-games-team-trials-2023	Senior Men -58kg	F	328	GRANT Gavin	USA	CUNNINGHAM William	USA		
pan-am-games-team-trials-2023	Senior Men -80kg	QF	321	SANTAELLA Eric	USA	Riley Ogilvie	USA		
pan-am-games-team-trials-2023	Senior Men -80kg	QF	421	RODRIGUEZ Michael c	USA	JOAO COSTA	USA		
pan-am-games-team-trials-2023	Senior Men -80kg	SF	424	SANTAELLA Eric	USA	EDMISTON Tyler	USA		
pan-am-games-team-trials-2023	Senior Men -80kg	SF	425	RODRIGUEZ Michael c	USA	Lorenzo Ezekiel Buenaventura	USA		
pan-am-games-team-trials-2023	Senior Men -80kg	F	428	RODRIGUEZ Michael c	USA	SANTAELLA Eric	USA		
pan-am-games-team-trials-2023	Senior Men +80kg	R32	302	Christian Suh	USA	CARLO Nicholas	USA		
pan-am-games-team-trials-2023	Senior Men +80kg	R16	304	Christian Suh	USA	NICHOLAS CAGGIA	USA		
pan-am-games-team-trials-2023	Senior Men +80kg	R16	305	Zeph Putnam	USA	CHOI Brian	USA		
pan-am-games-team-trials-2023	Senior Men +80kg	R16	404	Ivan Sokolenko	USA	Jon VIGIL	USA		
pan-am-games-team-trials-2023	Senior Men +80kg	R16	406	Rez CHOWDHURY	USA	HENRY Jonathan	USA		
pan-am-games-team-trials-2023	Senior Men +80kg	QF	308	Ivan Sokolenko	USA	Christian Suh	USA		
pan-am-games-team-trials-2023	Senior Men +80kg	QF	408	Zeph Putnam	USA	Rez CHOWDHURY	USA		
pan-am-games-team-trials-2023	Senior Men +80kg	SF	310	Zeph Putnam	USA	Ivan Sokolenko	USA		
pan-am-games-team-trials-2023	Senior Men +80kg	F	413	HEALY Jonathan	USA	Zeph Putnam	USA		
pan-am-games-team-trials-2023	Senior Men +80kg	F	418	HEALY Jonathan	USA	Zeph Putnam	USA		
team-trials-2023	Senior Women -46kg	QF	316	CHOI Ashley	USA	Subhana Ahmed	USA		
team-trials-2023	Senior Women -46kg	SF	422	CHOI Ashley	USA	KARINE LECLERCQ	USA		
team-trials-2023	Senior Women -46kg	F	325	CHOI Ashley	USA	DELLA Hazel	USA		
team-trials-2023	Senior Women -49kg	R16	203	MATA Maya	USA	FONSECA Caliana	USA		
team-trials-2023	Senior Women -49kg	R16	430	MILLER Montana	USA	ZHOE CHRISTIAN	USA		
team-trials-2023	Senior Women -49kg	QF	433	MATA Maya	USA	MILLER Montana	USA		
team-trials-2023	Senior Women -49kg	SF	337	MATA Maya	USA	TAYLOR Ashley	USA		
team-trials-2023	Senior Women -49kg	SF	437	LEWIS Kylie	USA	OCEGUERA Sophia	USA		
team-trials-2023	Senior Women -49kg	F	339	LEWIS Kylie	USA	MATA Maya	USA		
team-trials-2023	Senior Women -53kg	RR	401	VALERIO Ashley	USA	SHUMSKY Sofia	USA		
team-trials-2023	Senior Women -53kg	RR	407	VALERIO Ashley	USA	SHUMSKY Sofia	USA		
team-trials-2023	Senior Women -57kg	QF	415	GNIEDZIEJKO Jessica	USA	Alyson Ayers	USA		
team-trials-2023	Senior Women -57kg	SF	318	WEBER Logan	USA	GNIEDZIEJKO Jessica	USA		
team-trials-2023	Senior Women -57kg	F	322	COX Caitlyn	USA	WEBER Logan	USA		
team-trials-2023	Senior Women -62kg	R16	201	DEATON Danica	USA	Jillian Haxton	USA		
team-trials-2023	Senior Women -62kg	QF	206	DEATON Danica	USA	PITTS Madeline	USA		
team-trials-2023	Senior Women -62kg	SF	436	DILLON Faith	USA	DEATON Danica	USA		
team-trials-2023	Senior Women -62kg	F	212	DILLON Faith	USA	Britney Morales	USA		
team-trials-2023	Senior Women -67kg	SF	429	COURTNEY BARRON	USA	Sarah Pride	USA		
team-trials-2023	Senior Women -67kg	F	333	TEACHOUT Kristina	USA	COURTNEY BARRON	USA		
team-trials-2023	Senior Women +73kg	QF	420	VIANA Alena	USA	Bethany Wach	USA		
team-trials-2023	Senior Women +73kg	SF	324	VIANA Alena	USA	USSERMAN Brianne	USA		
team-trials-2023	Senior Women +73kg	F	207	KECK Hannah	USA	VIANA Alena	USA		
team-trials-2023	Senior Women +73kg	F	330	KECK Hannah	USA	VIANA Alena	USA		
team-trials-2023	Senior Men -54kg	R64	301	ALFONSO Matthew	USA	DULIN Taylor	USA		
team-trials-2023	Senior Men -54kg	R64	302	CHRISTOPHER ALLEN	USA	Dylan Russin	USA		
team-trials-2023	Senior Men -54kg	R64	402	Jayden Edwards	USA	Moises De La Cruz	USA		
team-trials-2023	Senior Men -54kg	R32	305	Chandler Torres	USA	ALFONSO Matthew	USA		
team-trials-2023	Senior Men -54kg	R32	306	Zardo James Villanueva	USA	CHRISTOPHER ALLEN	USA		
team-trials-2023	Senior Men -54kg	R32	405	BANKS Robert	USA	Bishop Delacruz	USA		
team-trials-2023	Senior Men -54kg	R32	406	Jayden Edwards	USA	HAUBRICH Dylan	USA		
team-trials-2023	Senior Men -54kg	R16	309	Chandler Torres	USA	BANKS Robert	USA		
team-trials-2023	Senior Men -54kg	R16	409	Jayden Edwards	USA	Zardo James Villanueva	USA		
team-trials-2023	Senior Men -54kg	QF	312	Chandler Torres	USA	Jayden Edwards	USA		
team-trials-2023	Senior Men -54kg	SF	417	ALVAREZ Melvy	USA	Chandler Torres	USA		
team-trials-2023	Senior Men -54kg	SF	418	Juan Carlos Norzagaray	USA	PAVONE Hunter	USA		
team-trials-2023	Senior Men -54kg	F	419	ALVAREZ Melvy	USA	Juan Carlos Norzagaray	USA		
team-trials-2023	Senior Men -58kg	R32	314	Donovan James Eugenio	USA	DUONG Jimmy	USA		
team-trials-2023	Senior Men -58kg	R32	414	FREDRICKS Justin	USA	Joseph Brito	USA		
team-trials-2023	Senior Men -58kg	R16	319	FREDRICKS Justin	USA	Donovan James Eugenio	USA		
team-trials-2023	Senior Men -58kg	QF	323	GRANT Gavin	USA	FREDRICKS Justin	USA		
team-trials-2023	Senior Men -58kg	SF	326	GRANT Gavin	USA	David Kim	USA		
team-trials-2023	Senior Men -58kg	SF	426	CUNNINGHAM William	USA	Triston Thomas	USA		
team-trials-2023	Senior Men -58kg	F	204	CUNNINGHAM William	USA	GRANT Gavin	USA		
team-trials-2023	Senior Men -63kg	QF	327	RODRIGUEZ Maikol	USA	Marcus Bennett	USA		
team-trials-2023	Senior Men -63kg	SF	205	Kenneth Buenavides	USA	Nathan Miner	USA		
team-trials-2023	Senior Men -63kg	SF	431	RODRIGUEZ Maikol	USA	Luis Orozco	USA		
team-trials-2023	Senior Men -63kg	F	334	Kenneth Buenavides	USA	RODRIGUEZ Maikol	USA		
team-trials-2023	Senior Men -68kg	R16	428	YOUNG Isaiah	USA	Matias Lopez Bate	USA		
team-trials-2023	Senior Men -68kg	QF	331	YOUNG Isaiah	USA	Leonardo Camela	USA		
team-trials-2023	Senior Men -68kg	SF	335	HARRIS Khalfani	USA	YOUNG Isaiah	USA		
team-trials-2023	Senior Men -68kg	SF	435	JAMES CHOI	USA	CURRAN Fergus	USA		
team-trials-2023	Senior Men -68kg	F	438	HARRIS Khalfani	USA	JAMES CHOI	USA		
team-trials-2023	Senior Men -74kg	R32	303	WILLIAM SMITH	USA	Mitchell Toomey	USA		
team-trials-2023	Senior Men -74kg	R32	304	SANTAELLA Eric	USA	WILCOX Sheldon	USA		
team-trials-2023	Senior Men -74kg	R32	403	Ian Blanco	USA	William Henderson	USA		
team-trials-2023	Senior Men -74kg	R32	404	CABRERA Davyd	USA	Riley Ogilvie	USA		
team-trials-2023	Senior Men -74kg	R16	308	Ian Blanco	USA	WILLIAM SMITH	USA		
team-trials-2023	Senior Men -74kg	R16	408	SANTAELLA Eric	USA	CABRERA Davyd	USA		
team-trials-2023	Senior Men -74kg	QF	311	SANTAELLA Eric	USA	Ian Blanco	USA		
team-trials-2023	Senior Men -74kg	SF	315	Aiden Bevel	USA	SANTAELLA Eric	USA		
team-trials-2023	Senior Men -74kg	F	317	Lorenzo Ezekiel Buenaventura	USA	Aiden Bevel	USA		
team-trials-2023	Senior Men -74kg	F	321	Aiden Bevel	USA	Lorenzo Ezekiel Buenaventura	USA		
team-trials-2023	Senior Men -74kg	F	424	Lorenzo Ezekiel Buenaventura	USA	Aiden Bevel	USA		
team-trials-2023	Senior Men -80kg	RR	329	Christopher Southall	USA	HENRY Jonathan	USA		
team-trials-2023	Senior Men -80kg	RR	423	Christopher Southall	USA	HENRY Jonathan	USA		
team-trials-2023	Senior Men -87kg	QF	307	Hanssel Llanos	USA	Zachary Shih	USA		
team-trials-2023	Senior Men -87kg	SF	412	Hanssel Llanos	USA	Ivan Sokolenko	USA		
team-trials-2023	Senior Men -87kg	F	416	RODRIGUEZ Michael c	USA	Hanssel Llanos	USA		
team-trials-2023	Senior Men +87kg	R32	320	KIERAN HERNANDEZ	USA	Gregory Gafford	USA		
team-trials-2023	Senior Men +87kg	R16	323.5	CHOI Brian	USA	KIERAN HERNANDEZ	USA		
team-trials-2023	Senior Men +87kg	R16	421	CARLO Nicholas	USA	Jon VIGIL	USA		
team-trials-2023	Senior Men +87kg	QF	427	CHOI Brian	USA	CARLO Nicholas	USA		
team-trials-2023	Senior Men +87kg	SF	432	HEALY Jonathan	USA	CHOI Brian	USA		
team-trials-2023	Senior Men +87kg	F	209	HEALY Jonathan	USA	Zeph Putnam	USA		
team-trials-2023	Senior Men +87kg	F	439	HEALY Jonathan	USA	Zeph Putnam	USA		
brazil-open-2026	Senior Men -80kg	QF	110	ASSIS Vinicius	BRA	PEREIRA Luiz Guilh	BRA	PTF	2:0
brazil-open-2026	Senior Men -80kg	QF	210	FERNANDEZ Mikel	ESP	VERA Demian Neyén	ARG	PTF	2:0
brazil-open-2026	Senior Men -80kg	QF	309	RODRIGUES FERNANDES Henrique marques	BRA	RODRIGUES Diego	BRA	PTF	2:0
brazil-open-2026	Senior Men -80kg	QF	409	FREITAS Lucas	BRA	RODRIGUES Andreyck	BRA	PTF	2:0
brazil-open-2026	Senior Men -80kg	SF	115	RODRIGUES FERNANDES Henrique marques	BRA	FREITAS Lucas	BRA	PTF	2:0
brazil-open-2026	Senior Men -80kg	SF	215	ASSIS Vinicius	BRA	FERNANDEZ Mikel	ESP	PTF	2:1
brazil-open-2026	Senior Men -80kg	F	320	RODRIGUES FERNANDES Henrique marques	BRA	ASSIS Vinicius	BRA	PTF	2:0
brazil-open-2026	Senior Men -68kg	R16	102	FERREIRA João Vito	BRA	ROSA Samuel Jose	BRA	PTF	2:0
brazil-open-2026	Senior Men -68kg	R16	202	DA Luiz Augusto	BRA	ALVES Gabriel Bera	BRA	WDR	2:0
brazil-open-2026	Senior Men -68kg	R16	301	FULTON Leonardo	USA	GOMES Felipe	BRA	PTF	2:0
brazil-open-2026	Senior Men -68kg	R16	302	DUTRA Daniel	BRA	MENDES Alisson	BRA	PTF	2:0
brazil-open-2026	Senior Men -68kg	R16	401	SILVA Davi	BRA	NUNES Thainã	BRA	PTF	2:1
brazil-open-2026	Senior Men -68kg	QF	107	DOS SANTOS MORAIS Guilherme	BRA	DA Luiz Augusto	BRA	PTF	2:0
brazil-open-2026	Senior Men -68kg	QF	207	DUTRA Daniel	BRA	GOMES João Vitor	BRA	PTF	2:0
brazil-open-2026	Senior Men -68kg	QF	306	ALMEIDA Fillipe	BRA	FULTON Leonardo	USA	PTF	2:0
brazil-open-2026	Senior Men -68kg	QF	406	FERREIRA João Vito	BRA	SILVA Davi	BRA	PTF	2:0
brazil-open-2026	Senior Men -68kg	SF	313	ALMEIDA Fillipe	BRA	FERREIRA João Vito	BRA	PTF	2:1
brazil-open-2026	Senior Men -68kg	SF	413	DOS SANTOS MORAIS Guilherme	BRA	DUTRA Daniel	BRA	PTF	2:0
brazil-open-2026	Senior Men -68kg	F	319	ALMEIDA Fillipe	BRA	DOS SANTOS MORAIS Guilherme	BRA	PTF	2:1
brazil-open-2026	Senior Men -58kg	R16	103	MC Dominique	WT	GONCALVES Joao Ped	BRA	PTF	2:0
brazil-open-2026	Senior Men -58kg	R16	203	MCNAUGHTON Zakari	USA	FERREIRA Vitor	BRA	PTF	2:0
brazil-open-2026	Senior Men -58kg	R16	402	SOUSA Emanuel Robe	BRA	MAZZANTI Adriano	ARG	PTF	2:0
brazil-open-2026	Senior Men -58kg	QF	108	MC Dominique	WT	NUNEZ Lautaro	ARG	PTF	2:0
brazil-open-2026	Senior Men -58kg	QF	208	MELO Paulo	BRA	MCNAUGHTON Zakari	USA	PTF	2:0
brazil-open-2026	Senior Men -58kg	QF	307	HOEFLING Nicholas	CAN	SOUSA Emanuel Robe	BRA	PTF	2:1
brazil-open-2026	Senior Men -58kg	QF	407	DEDEGBE Nelson	FRA	PEREIRA Daniel	BRA	PTF	2:1
brazil-open-2026	Senior Men -58kg	SF	114	HOEFLING Nicholas	CAN	DEDEGBE Nelson	FRA	PTF	2:1
brazil-open-2026	Senior Men -58kg	SF	214	MELO Paulo	BRA	MC Dominique	WT	PTF	2:0
brazil-open-2026	Senior Men -58kg	F	318	HOEFLING Nicholas	CAN	MELO Paulo	BRA	WDR	
brazil-open-2026	Senior Men +87kg	QF	310	SOUZA Leandro	BRA	MACHADO Aldair Luc	BRA	PTF	2:0
brazil-open-2026	Senior Men +87kg	SF	315	ALVES Pedro Arthur	BRA	SOUZA Leandro	BRA	WDR	1:0
brazil-open-2026	Senior Men +87kg	SF	415	GOICOCHEA Yoikel D	CUB	PEREIRA Patrik	BRA	PTF	2:1
brazil-open-2026	Senior Men +87kg	F	317	ALVES Pedro Arthur	BRA	GOICOCHEA Yoikel D	CUB	PTF	2:0
brazil-open-2026	Senior Women -67kg	QF	111	SILVA Ivana Elen	BRA	CARNEIRO Celydiene	BRA	PTF	2:1
brazil-open-2026	Senior Women -67kg	QF	211	TITONELI Milena	BRA	DE Rafaella	BRA	PTF	2:0
brazil-open-2026	Senior Women -67kg	QF	410	DE OLIVEIRA MAURICIO Isadora	BRA	PORTIGLIOTTI Fabia	BRA	PTF	2:0
brazil-open-2026	Senior Women -67kg	SF	116	CHUA Chloe	USA	DE OLIVEIRA MAURICIO Isadora	BRA	PTF	2:0
brazil-open-2026	Senior Women -67kg	SF	216	TITONELI Milena	BRA	SILVA Ivana Elen	BRA	PTF	2:0
brazil-open-2026	Senior Women -67kg	F	221	TITONELI Milena	BRA	CHUA Chloe	USA	PTF	2:0
brazil-open-2026	Senior Women -57kg	R16	104	URETA Rocio	CHI	DE Stefanny	BRA	PTF	2:0
brazil-open-2026	Senior Women -57kg	R16	204	ROCHA Liz	BRA	DUEK Ana Clara	BRA	PTF	2:0
brazil-open-2026	Senior Women -57kg	R16	303	LEITE Ana Carolina	BRA	BOMMERSBACH Luci	USA	PTF	2:1
brazil-open-2026	Senior Women -57kg	R16	403	CATTAROZZI Milena	ARG	PRADO Ana Livia Ol	BRA	DSQ	
brazil-open-2026	Senior Women -57kg	QF	109	LINDO Neshi Lee	WT	URETA Rocio	CHI	PTF	2:0
brazil-open-2026	Senior Women -57kg	QF	209	DILLON Faith	USA	ROCHA Liz	BRA	PTF	2:0
brazil-open-2026	Senior Women -57kg	QF	308	PACHECO Maria clara	BRA	LEITE Ana Carolina	BRA	PTF	2:0
brazil-open-2026	Senior Women -57kg	QF	408	MACHADO Lara	BRA	CATTAROZZI Milena	ARG	PTF	2:0
brazil-open-2026	Senior Women -57kg	SF	314	PACHECO Maria clara	BRA	MACHADO Lara	BRA	PTF	2:0
brazil-open-2026	Senior Women -57kg	SF	414	LINDO Neshi Lee	WT	DILLON Faith	USA	PTF	2:1
brazil-open-2026	Senior Women -57kg	F	220	PACHECO Maria clara	BRA	LINDO Neshi Lee	WT	PTF	2:0
brazil-open-2026	Senior Women -49kg	R32	101	RIGOTTI Rafaela	BRA	SEQUEIRA Abril	ARG	PTF	2:0
brazil-open-2026	Senior Women -49kg	R32	201	GOMEZ Isidora	CHI	TEIXEIRA Andreiza	BRA	PTF	2:1
brazil-open-2026	Senior Women -49kg	R16	105	KAFADAR Josipa	CAN	GUIMARAES Dangela	BRA	PTF	2:0
brazil-open-2026	Senior Women -49kg	R16	106	MEDVEDEVA Galina	RUS	FRAGOSO Natalia Ca	BRA	PTF	2:0
brazil-open-2026	Senior Women -49kg	R16	205	MATA Maya	USA	DE Nicholle	BRA	PTF	2:0
brazil-open-2026	Senior Women -49kg	R16	206	SOUZA Daniela Paola	MEX	GOMEZ Isidora	CHI	PTF	2:1
brazil-open-2026	Senior Women -49kg	R16	304	GOSCH Camilly	BRA	RIGOTTI Rafaela	BRA	PTF	2:0
brazil-open-2026	Senior Women -49kg	R16	305	DOURADO Jhennifer	BRA	BARROSO Kiara	POR	PTF	2:0
brazil-open-2026	Senior Women -49kg	R16	404	PEIXOTO Laura Beat	BRA	SILVA Lis Danielle	BRA	PTF	2:0
brazil-open-2026	Senior Women -49kg	R16	405	SILVA Julia	BRA	BATISTA Larissa	BRA	PTF	2:0
brazil-open-2026	Senior Women -49kg	QF	113	SILVA Julia	BRA	DOURADO Jhennifer	BRA	PTF	2:0
brazil-open-2026	Senior Women -49kg	QF	213	SOUZA Daniela Paola	MEX	MEDVEDEVA Galina	RUS	PTF	2:0
brazil-open-2026	Senior Women -49kg	QF	312	GOSCH Camilly	BRA	PEIXOTO Laura Beat	BRA	PTF	2:0
brazil-open-2026	Senior Women -49kg	QF	412	KAFADAR Josipa	CAN	MATA Maya	USA	PTF	2:0
brazil-open-2026	Senior Women -49kg	SF	117	GOSCH Camilly	BRA	KAFADAR Josipa	CAN	PTF	2:0
brazil-open-2026	Senior Women -49kg	SF	217	SOUZA Daniela Paola	MEX	SILVA Julia	BRA	PTF	2:0
brazil-open-2026	Senior Women -49kg	F	219	SOUZA Daniela Paola	MEX	GOSCH Camilly	BRA	PTF	2:0
brazil-open-2026	Senior Women +73kg	QF	112	PEREIRA Raiany	BRA	ZOZZI Giulia Maria	BRA	PTF	2:0
brazil-open-2026	Senior Women +73kg	QF	212	HAREMZA Dagmara	POL	HERCULANO Gabriela	BRA	PTF	2:0
brazil-open-2026	Senior Women +73kg	QF	311	CASTIÑEIRA Tania	ESP	TOLEDO Ludymilla	BRA	PTF	2:0
brazil-open-2026	Senior Women +73kg	QF	411	OLIVEIRA Mikaela	BRA	VASCONCELOS Elis	BRA	RSC	1:1
brazil-open-2026	Senior Women +73kg	SF	316	OLIVEIRA Mikaela	BRA	CASTIÑEIRA Tania	ESP	PTF	2:0
brazil-open-2026	Senior Women +73kg	SF	416	HAREMZA Dagmara	POL	PEREIRA Raiany	BRA	PTF	2:0
brazil-open-2026	Senior Women +73kg	F	218	OLIVEIRA Mikaela	BRA	HAREMZA Dagmara	POL	PTF	2:1
