baku-world-championships-2023	Senior Men -54kg	R64	105	KAZLOU Yahor	AIN	TAN Sebastian	MAS	PTF	2:0
baku-world-championships-2023	Senior Men -54kg	R64	106	ABDEL HALIM Khaled	GER	MANSON Maxwell	SLE	PTF	2:0
baku-world-championships-2023	Senior Men -54kg	R64	107	WANG Deshuang	CHN	MOLJ Domen	SLO	PTF	2:1
baku-world-championships-2023	Senior Men -54kg	R64	108	ARILLO VAZQUEZ Hugo	ESP	DEMSE Solomon	ETH	PTF	2:0
baku-world-championships-2023	Senior Men -54kg	R64	205	MANSOUR Youssef	EGY	AKHALADZE Data	GEO	PTF	2:1
baku-world-championships-2023	Senior Men -54kg	R64	206	ISLAMOV Zhavokhirkhon	KAZ	GUY CALEB Benumugisha	BDI	PTF	2:0
baku-world-championships-2023	Senior Men -54kg	R64	207	POLAT Gorkem	TUR	ALDABBA Anas	PLE	PTF	2:0
baku-world-championships-2023	Senior Men -54kg	R64	208	ALVAREZ Melvy	USA	JEAN-BAPTISTE Gregory	HAI	PTF	2:0
baku-world-championships-2023	Senior Men -54kg	R64	304	BAGOV Idar	AIN	GEORGIEV Hristiyan	BUL	PTF	2:0
baku-world-championships-2023	Senior Men -54kg	R64	305	DIALLO Ibrahima joel	CIV	BENITEZ DE JESUS Norberto	PUR	PTF	2:0
baku-world-championships-2023	Senior Men -54kg	R64	306	OTAJONOV Omonjon	UZB	GARRIDO REYES Brayan	COL	PTF	2:1
baku-world-championships-2023	Senior Men -54kg	R64	307	CHEN Po-yen	TPE	BIST Sumit	NEP	PTF	2:0
baku-world-championships-2023	Senior Men -54kg	R64	308	BERROUHOU Hatim	MAR	FERREIRA Pedro nunes	POR	PTF	2:0
baku-world-championships-2023	Senior Men -54kg	R64	404	BARBOSA Kurt bryan	PHI	VIZDIKLAR Suleyman	KOS	PTF	2:0
baku-world-championships-2023	Senior Men -54kg	R64	405	MAHAMAD Sirawit	THA	KUMAR Aman	IND	PTF	2:1
baku-world-championships-2023	Senior Men -54kg	R64	406	HAMDI Riad	KSA	AL-ALI Sultan	UAE	PTF	2:0
baku-world-championships-2023	Senior Men -54kg	R64	407	MORIKAWA Wataru	JPN	MIRANDA Adrian	ECU	PTF	2:1
baku-world-championships-2023	Senior Men -54kg	R64	408	DEL VECCHIO Teodoro	ITA	MENACHO VARGAS Yosthin beniamin	BOL	PTF	2:0
baku-world-championships-2023	Senior Men -54kg	R64	504	PARK Tae-joon	KOR	AMINI Mohammad ramin	AFG	PTF	2:0
baku-world-championships-2023	Senior Men -54kg	R64	505	MOLLE Milan	NED	BUHAGIAR Jake	AUS	PTF	2:1
baku-world-championships-2023	Senior Men -54kg	R64	506	SAMIDINOV Nurkhan	KGZ	IHMEDAN Loiy	JOR	PTF	2:1
baku-world-championships-2023	Senior Men -54kg	R64	507	ADEMI Bleron	SWE	DUBE Mfanawekhaya	SWZ	PTF	2:0
baku-world-championships-2023	Senior Men -54kg	R32	112	BAGOV Idar	AIN	TESKERA Josip	CRO	PTF	2:1
baku-world-championships-2023	Senior Men -54kg	R32	113	MAHAMAD Sirawit	THA	MOLLE Milan	NED	PTF	2:0
baku-world-championships-2023	Senior Men -54kg	R32	114	POLAT Gorkem	TUR	CHEN Po-yen	TPE	PTF	2:1
baku-world-championships-2023	Senior Men -54kg	R32	115	DEL VECCHIO Teodoro	ITA	AMADOU Mahamadou	NIG	PTF	2:1
baku-world-championships-2023	Senior Men -54kg	R32	212	PARK Tae-joon	KOR	BARBOSA Kurt bryan	PHI	PTF	2:0
baku-world-championships-2023	Senior Men -54kg	R32	213	ABDEL HALIM Khaled	GER	ISLAMOV Zhavokhirkhon	KAZ	PTF	2:0
baku-world-championships-2023	Senior Men -54kg	R32	214	RODRIGUEZ Cesar	MEX	MORIKAWA Wataru	JPN	PTF	2:0
baku-world-championships-2023	Senior Men -54kg	R32	312	KAZLOU Yahor	AIN	KHAN Shahzaib	PAK	PTF	2:1
baku-world-championships-2023	Senior Men -54kg	R32	313	OTAJONOV Omonjon	UZB	DADASHOV Sayyad	AZE	PTF	2:0
baku-world-championships-2023	Senior Men -54kg	R32	314	MELO Paulo	BRA	ADEMI Bleron	SWE	PTF	2:1
baku-world-championships-2023	Senior Men -54kg	R32	412	DIMITROPOULOS Konstantinos	GRE	MANSOUR Youssef	EGY	PTF	2:0
baku-world-championships-2023	Senior Men -54kg	R32	413	HAMDI Riad	KSA	HOEFLING Nicholas	CAN	PTF	2:0
baku-world-championships-2023	Senior Men -54kg	R32	414	ARILLO VAZQUEZ Hugo	ESP	HAJIMOUSAEI Mahdi	IRI	PTF	2:1
baku-world-championships-2023	Senior Men -54kg	R32	512	PASHCOVSKY Tom	ISR	DIALLO Ibrahima joel	CIV	PTF	2:0
baku-world-championships-2023	Senior Men -54kg	R32	513	SAMIDINOV Nurkhan	KGZ	WANG Deshuang	CHN	PTF	2:0
baku-world-championships-2023	Senior Men -54kg	R32	514	BERROUHOU Hatim	MAR	ALVAREZ Melvy	USA	PTF	2:1
baku-world-championships-2023	Senior Men -54kg	R16	117	DIMITROPOULOS Konstantinos	GRE	KAZLOU Yahor	AIN	PTF	2:0
baku-world-championships-2023	Senior Men -54kg	R16	118	ARILLO VAZQUEZ Hugo	ESP	MELO Paulo	BRA	PTF	2:1
baku-world-championships-2023	Senior Men -54kg	R16	217	MAHAMAD Sirawit	THA	PASHCOVSKY Tom	ISR	PTF	2:1
baku-world-championships-2023	Senior Men -54kg	R16	218	DEL VECCHIO Teodoro	ITA	BERROUHOU Hatim	MAR	PTF	2:0
baku-world-championships-2023	Senior Men -54kg	R16	317	OTAJONOV Omonjon	UZB	ABDEL HALIM Khaled	GER	PTF	2:0
baku-world-championships-2023	Senior Men -54kg	R16	417	HAMDI Riad	KSA	SAMIDINOV Nurkhan	KGZ	RSC	
baku-world-championships-2023	Senior Men -54kg	R16	516	PARK Tae-joon	KOR	BAGOV Idar	AIN	PTF	2:0
baku-world-championships-2023	Senior Men -54kg	R16	517	POLAT Gorkem	TUR	RODRIGUEZ Cesar	MEX	PTF	2:1
baku-world-championships-2023	Senior Men -54kg	QF	219	PARK Tae-joon	KOR	DIMITROPOULOS Konstantinos	GRE	PTF	2:0
baku-world-championships-2023	Senior Men -54kg	QF	319	OTAJONOV Omonjon	UZB	MAHAMAD Sirawit	THA	PTF	2:0
baku-world-championships-2023	Senior Men -54kg	QF	419	POLAT Gorkem	TUR	HAMDI Riad	KSA	WDR	
baku-world-championships-2023	Senior Men -54kg	QF	519	ARILLO VAZQUEZ Hugo	ESP	DEL VECCHIO Teodoro	ITA	PTF	2:0
baku-world-championships-2023	Senior Men -54kg	SF	322	PARK Tae-joon	KOR	OTAJONOV Omonjon	UZB	PTF	2:1
baku-world-championships-2023	Senior Men -54kg	SF	323	ARILLO VAZQUEZ Hugo	ESP	POLAT Gorkem	TUR	PTF	2:0
baku-world-championships-2023	Senior Men -54kg	F	325	PARK Tae-joon	KOR	ARILLO VAZQUEZ Hugo	ESP	PTF	2:0
baku-world-championships-2023	Senior Men -58kg	R128	101	KHAVARI Mahdi	RTA	GNOLO EWANE EKWELLE Jopiza blondel	CMR	PTF	2:0
baku-world-championships-2023	Senior Men -58kg	R128	102	LIYANGE Chalinda sampath liyange	SRI	CAZEAU Woobens	HAI	DSQ	
baku-world-championships-2023	Senior Men -58kg	R128	201	ALMERSHAD Ali	KUW	YOUSSOUF Moktar	DJI	PTF	2:1
baku-world-championships-2023	Senior Men -58kg	R128	202	ALTYBAEV Aidin	KGZ	SAARINEN Niko	FIN	PTF	2:1
baku-world-championships-2023	Senior Men -58kg	R128	301	CHENG Kai	CHN	BLLACA Denis	KOS	PTF	2:0
baku-world-championships-2023	Senior Men -58kg	R128	401	SAINBILEG Gan-erdene	MGL	MOHAMMED Muath	BRN	PTF	2:0
baku-world-championships-2023	Senior Men -58kg	R128	501	FLEGAR Jan	CRO	CAZEAU Woobens	HAI	DSQ	
baku-world-championships-2023	Senior Men -58kg	R64	106	DELL'AQUILA Vito	ITA	KHAVARI Mahdi	RTA	PTF	2:0
baku-world-championships-2023	Senior Men -58kg	R64	107	RAPSOMANIKIS Dionysios	GRE	MERDANAJ Ernest	ALB	PTF	2:1
baku-world-championships-2023	Senior Men -58kg	R64	108	MANSOUR Mostafa	EGY	BERO Tatenda justice	ZIM	PTF	2:0
baku-world-championships-2023	Senior Men -58kg	R64	109	HUANG Yu-xiang	TPE	NAGAEV Dmitriy	ISR	PTF	2:0
baku-world-championships-2023	Senior Men -58kg	R64	110	BETEL Casimir	CHA	BARTHOLO Matheus	BRA	PTF	2:0
baku-world-championships-2023	Senior Men -58kg	R64	111	BAE Jun-seo	KOR	BOVKUN Viacheslav	AIN	PTF	2:0
baku-world-championships-2023	Senior Men -58kg	R64	206	PARK Braven	CAN	OCHOA Jefferson	COL	PTF	2:0
baku-world-championships-2023	Senior Men -58kg	R64	207	RAVET Cyrian	FRA	ALMERSHAD Ali	KUW	PTF	2:0
baku-world-championships-2023	Senior Men -58kg	R64	208	KHAN Haroon	PAK	BELANOVIC Uros	SRB	PTF	2:0
baku-world-championships-2023	Senior Men -58kg	R64	209	NOUR Mohammed	GBR	MYRIE Isaac	SOL	PTF	2:0
baku-world-championships-2023	Senior Men -58kg	R64	210	VICENTE YUNTA Adrian	ESP	FLEGAR Jan	CRO	PTF	2:0
baku-world-championships-2023	Senior Men -58kg	R64	211	CUNNINGHAM William	USA	HIGASHIJIMA Seiya	JPN	PTF	2:0
baku-world-championships-2023	Senior Men -58kg	R64	306	DIAKITE Issa	CIV	CALIK Enis	GER	PTF	2:0
baku-world-championships-2023	Senior Men -58kg	R64	307	MORALES HANCE Edrick	PUR	FUENTES David	GUA	PTF	2:0
baku-world-championships-2023	Senior Men -58kg	R64	308	GURTSIEV Georgii	AIN	YASER ISMAIL Omar	PLE	PTF	2:0
baku-world-championships-2023	Senior Men -58kg	R64	309	DAYIOGLU Omer faruk	TUR	CHAUDHARI Niraj dilip	IND	PTF	2:1
baku-world-championships-2023	Senior Men -58kg	R64	310	PLAZA HERNANDEZ Brandon	MEX	LIYANGE Chalinda sampath liyange	SRI	PTF	2:0
baku-world-championships-2023	Senior Men -58kg	R64	311	ABABAKIROV Samirkhon	KAZ	MEDJAHED Saif eddine	ALG	PTF	2:0
baku-world-championships-2023	Senior Men -58kg	R64	405	HOSSEINPOUR Alireza	IRI	PIZARRO GALLARDO Vicente	CHI	PTF	2:0
baku-world-championships-2023	Senior Men -58kg	R64	406	REZAEE Mohsen	AFG	CHIOK Chun yin	HKG	PTF	2:0
baku-world-championships-2023	Senior Men -58kg	R64	407	BOGDANOV Hristo	BUL	ACHNINE Aymen	NED	PTF	2:0
baku-world-championships-2023	Senior Men -58kg	R64	408	CHENG Kai	CHN	MAGOMEDOV Gashim	AZE	PTF	2:0
baku-world-championships-2023	Senior Men -58kg	R64	409	LEWIS Bailey	AUS	ALAMI Josef	SWE	PTF	2:0
baku-world-championships-2023	Senior Men -58kg	R64	410	GUZMAN Lucas	ARG	KRECH WATENE Cole	NZL	PTF	2:0
baku-world-championships-2023	Senior Men -58kg	R64	411	KOUDSI Raphael	LBN	BRAGANCA Rui	POR	PTF	2:1
baku-world-championships-2023	Senior Men -58kg	R64	505	SALIM Omar gergely	HUN	MOUBELE IPOPA Aroune	GAB	PTF	2:0
baku-world-championships-2023	Senior Men -58kg	R64	506	ALTARYREH Mahmoud	JOR	SIMPARA Youssouf	MLI	PTF	2:0
baku-world-championships-2023	Senior Men -58kg	R64	507	ISSAKA GARBA Nouridine	NIG	CHAVEZ Dex ian	PHI	PTF	2:0
baku-world-championships-2023	Senior Men -58kg	R64	508	WOOLLEY Jack	IRL	SAINBILEG Gan-erdene	MGL	PTF	2:1
baku-world-championships-2023	Senior Men -58kg	R64	509	TURAEV Amirbek	UZB	USCOV Serghei	MDA	PTF	2:0
baku-world-championships-2023	Senior Men -58kg	R64	510	YODRAK Thanakrit	THA	ALSAMIH Fahad samih n	KSA	PTF	2:0
baku-world-championships-2023	Senior Men -58kg	R64	511	JENDOUBI Mohamed khalil	TUN	ALTYBAEV Aidin	KGZ	PTF	2:0
baku-world-championships-2023	Senior Men -58kg	R32	116	ALTARYREH Mahmoud	JOR	RAPSOMANIKIS Dionysios	GRE	PTF	2:0
baku-world-championships-2023	Senior Men -58kg	R32	117	WOOLLEY Jack	IRL	HUANG Yu-xiang	TPE	PTF	2:1
baku-world-championships-2023	Senior Men -58kg	R32	118	BAE Jun-seo	KOR	YODRAK Thanakrit	THA	PTF	2:0
baku-world-championships-2023	Senior Men -58kg	R32	216	RAVET Cyrian	FRA	MORALES HANCE Edrick	PUR	PTF	2:0
baku-world-championships-2023	Senior Men -58kg	R32	217	DAYIOGLU Omer faruk	TUR	NOUR Mohammed	GBR	PTF	2:1
baku-world-championships-2023	Senior Men -58kg	R32	218	ABABAKIROV Samirkhon	KAZ	CUNNINGHAM William	USA	PTF	2:0
baku-world-championships-2023	Senior Men -58kg	R32	315	DELL'AQUILA Vito	ITA	HOSSEINPOUR Alireza	IRI	PTF	2:0
baku-world-championships-2023	Senior Men -58kg	R32	316	ISSAKA GARBA Nouridine	NIG	BOGDANOV Hristo	BUL	PTF	2:0
baku-world-championships-2023	Senior Men -58kg	R32	317	LEWIS Bailey	AUS	TURAEV Amirbek	UZB	PTF	2:1
baku-world-championships-2023	Senior Men -58kg	R32	318	JENDOUBI Mohamed khalil	TUN	KOUDSI Raphael	LBN	PTF	2:0
baku-world-championships-2023	Senior Men -58kg	R32	415	SALIM Omar gergely	HUN	PARK Braven	CAN	PTF	2:0
baku-world-championships-2023	Senior Men -58kg	R32	416	KHAN Haroon	PAK	MANSOUR Mostafa	EGY	PTF	2:1
baku-world-championships-2023	Senior Men -58kg	R32	417	VICENTE YUNTA Adrian	ESP	BETEL Casimir	CHA	PTF	2:0
baku-world-championships-2023	Senior Men -58kg	R32	515	DIAKITE Issa	CIV	REZAEE Mohsen	AFG	PTF	2:0
baku-world-championships-2023	Senior Men -58kg	R32	516	GURTSIEV Georgii	AIN	CHENG Kai	CHN	PTF	2:0
baku-world-championships-2023	Senior Men -58kg	R32	517	GUZMAN Lucas	ARG	PLAZA HERNANDEZ Brandon	MEX	PTF	2:0
baku-world-championships-2023	Senior Men -58kg	R16	124	GURTSIEV Georgii	AIN	KHAN Haroon	PAK	PTF	2:0
baku-world-championships-2023	Senior Men -58kg	R16	224	DAYIOGLU Omer faruk	TUR	WOOLLEY Jack	IRL	PTF	2:0
baku-world-championships-2023	Senior Men -58kg	R16	323	DELL'AQUILA Vito	ITA	SALIM Omar gergely	HUN	PTF	2:0
baku-world-championships-2023	Senior Men -58kg	R16	324	VICENTE YUNTA Adrian	ESP	LEWIS Bailey	AUS	PTF	2:0
baku-world-championships-2023	Senior Men -58kg	R16	423	ALTARYREH Mahmoud	JOR	DIAKITE Issa	CIV	PTF	2:1
baku-world-championships-2023	Senior Men -58kg	R16	424	BAE Jun-seo	KOR	GUZMAN Lucas	ARG	PTF	2:0
baku-world-championships-2023	Senior Men -58kg	R16	523	ISSAKA GARBA Nouridine	NIG	RAVET Cyrian	FRA	PTF	2:1
baku-world-championships-2023	Senior Men -58kg	R16	524	JENDOUBI Mohamed khalil	TUN	ABABAKIROV Samirkhon	KAZ	PTF	2:0
baku-world-championships-2023	Senior Men -58kg	QF	128	BAE Jun-seo	KOR	JENDOUBI Mohamed khalil	TUN	PTF	2:1
baku-world-championships-2023	Senior Men -58kg	QF	327	ALTARYREH Mahmoud	JOR	DELL'AQUILA Vito	ITA	WDR	2:0
baku-world-championships-2023	Senior Men -58kg	QF	427	GURTSIEV Georgii	AIN	ISSAKA GARBA Nouridine	NIG	PTF	2:1
baku-world-championships-2023	Senior Men -58kg	QF	527	VICENTE YUNTA Adrian	ESP	DAYIOGLU Omer faruk	TUR	PTF	2:1
baku-world-championships-2023	Senior Men -58kg	SF	331	GURTSIEV Georgii	AIN	ALTARYREH Mahmoud	JOR	PTF	2:0
baku-world-championships-2023	Senior Men -58kg	SF	332	BAE Jun-seo	KOR	VICENTE YUNTA Adrian	ESP	PTF	2:0
baku-world-championships-2023	Senior Men -58kg	F	336	BAE Jun-seo	KOR	GURTSIEV Georgii	AIN	PTF	2:0
baku-world-championships-2023	Senior Men -63kg	R128	101	BOUASSA TANDIALA Jonathan	CGO	NIITMETS Keanu	EST	PTF	2:0
baku-world-championships-2023	Senior Men -63kg	R64	102	BUENAVIDES Kenneth	USA	KUMAR Ajay	IND	PTF	2:0
baku-world-championships-2023	Senior Men -63kg	R64	103	GRANADO Yohandri	VEN	TSIAOUSIS Marios	GRE	PTF	2:1
baku-world-championships-2023	Senior Men -63kg	R64	104	KARIMOV Khanoghlan	AZE	MARTINS Alfredo	POR	PTF	2:0
baku-world-championships-2023	Senior Men -63kg	R64	105	LIANG Yushuai	CHN	BOUASSA TANDIALA Jonathan	CGO	PTF	2:0
baku-world-championships-2023	Senior Men -63kg	R64	106	ALAPHILIPPE Souleyman	FRA	CHAN Kin fung	HKG	PTF	2:0
baku-world-championships-2023	Senior Men -63kg	R64	107	CANI Juirdo	ALB	SUMMERFIELD Matthew	AUS	PTF	2:1
baku-world-championships-2023	Senior Men -63kg	R64	201	GAZEZ Nurbek	KAZ	BARETTA Eduardo	BRA	PTF	2:0
baku-world-championships-2023	Senior Men -63kg	R64	202	HONEINE Ralph	LBN	MAEDA Toshitaka	JPN	PTF	2:1
baku-world-championships-2023	Senior Men -63kg	R64	203	NAVARRO Carlos	MEX	AL GHOTANI Yehya	RTA	PTF	2:0
baku-world-championships-2023	Senior Men -63kg	R64	204	JORQUERA CALA Joan	ESP	TARINI Samuel	SMR	PTF	2:0
baku-world-championships-2023	Senior Men -63kg	R64	205	KIM Tae yong	KOR	BANDAREVICH Maksim	AIN	PTF	2:1
baku-world-championships-2023	Senior Men -63kg	R64	206	ARTAMONOV Mikhail	AIN	PILAVAKIS Ioannis	CYP	PTF	2:0
baku-world-championships-2023	Senior Men -63kg	R64	207	BRITTON Shane	CAN	CHUA Joseph	PHI	PTF	2:1
baku-world-championships-2023	Senior Men -63kg	R64	301	HSU Hao-yu	TPE	ALMESMARI Hassan	UAE	PTF	2:0
baku-world-championships-2023	Senior Men -63kg	R64	302	RECBER Hakan	TUR	AZIZI Alisina	RTA	DSQ	
baku-world-championships-2023	Senior Men -63kg	R64	303	HYTTEL Tobias	DEN	AGUSHI Arnis	KOS	PTF	2:0
baku-world-championships-2023	Senior Men -63kg	R64	304	DASHDAVAA Chinzorig	MGL	GARRIDO REYES Jhon deivi	COL	PTF	2:1
baku-world-championships-2023	Senior Men -63kg	R64	305	ROGOZHINE Egor	ISR	DJONKO Ibrahim	BIH	PTF	2:1
baku-world-championships-2023	Senior Men -63kg	R64	306	KONATE Ben younouss	CIV	NIETO Jose	ECU	PTF	2:0
baku-world-championships-2023	Senior Men -63kg	R64	307	ALHALAWANI Zaid	JOR	MOORES-DUFFIELD Tyrone kendall	SOM	PTF	2:0
baku-world-championships-2023	Senior Men -63kg	R64	401	STANIC Novak	SRB	RYSKULOV Baiastan	KGZ	PTF	2:0
baku-world-championships-2023	Senior Men -63kg	R64	402	WASFI Abdelbasset	MAR	TIRANVALIPOUR Hadi	RTA	PTF	2:0
baku-world-championships-2023	Senior Men -63kg	R64	403	DIMITROV Denis	BUL	ALE Gobinda bahadur	NEP	PTF	2:0
baku-world-championships-2023	Senior Men -63kg	R64	404	ISAEV Bekhruzbek	UZB	BOUJEMAI Fares	TUN	PTF	2:1
baku-world-championships-2023	Senior Men -63kg	R64	405	ARBAZ KHAN Muhammad	PAK	NDONG OBAME Severin	GAB	PTF	2:0
baku-world-championships-2023	Senior Men -63kg	R64	406	SALIM Sharif gergely	HUN	KONSTANTINIDIS Iordanis	GER	PTF	2:0
baku-world-championships-2023	Senior Men -63kg	R64	501	BARETTA Dennis	ITA	BELEN Ian manuel	PUR	PTF	2:0
baku-world-championships-2023	Senior Men -63kg	R64	502	CHIPKAOU KOCHE Maman mansour	NIG	VESTERLUND Linus	SWE	PTF	2:1
baku-world-championships-2023	Senior Men -63kg	R64	503	GHALI Zakariya mohammad	KSA	DIOP Bocar	SEN	PTF	2:0
baku-world-championships-2023	Senior Men -63kg	R64	504	OLIVERO TORO Cristian	CHI	SADR ZADA Bizhan	AFG	PTF	2:0
baku-world-championships-2023	Senior Men -63kg	R64	505	BRECIC Lovre	CRO	KONE Bakary	MLI	PTF	2:0
baku-world-championships-2023	Senior Men -63kg	R64	506	TUBTIMDANG Banlung	THA	ASHOURZADEH FALLAH Farzan	IRI	PTF	2:0
baku-world-championships-2023	Senior Men -63kg	R32	111	BARETTA Dennis	ITA	BUENAVIDES Kenneth	USA	PTF	2:0
baku-world-championships-2023	Senior Men -63kg	R32	112	KARIMOV Khanoghlan	AZE	GHALI Zakariya mohammad	KSA	PTF	2:1
baku-world-championships-2023	Senior Men -63kg	R32	113	ALAPHILIPPE Souleyman	FRA	ARTAMONOV Mikhail	AIN	PTF	2:0
baku-world-championships-2023	Senior Men -63kg	R32	211	RECBER Hakan	TUR	HONEINE Ralph	LBN	PTF	2:0
baku-world-championships-2023	Senior Men -63kg	R32	212	JORQUERA CALA Joan	ESP	DASHDAVAA Chinzorig	MGL	PTF	2:1
baku-world-championships-2023	Senior Men -63kg	R32	213	KONATE Ben younouss	CIV	SALIM Sharif gergely	HUN	PTF	2:0
baku-world-championships-2023	Senior Men -63kg	R32	311	CHIPKAOU KOCHE Maman mansour	NIG	WASFI Abdelbasset	MAR	PTF	2:1
baku-world-championships-2023	Senior Men -63kg	R32	312	OLIVERO TORO Cristian	CHI	ISAEV Bekhruzbek	UZB	PTF	2:1
baku-world-championships-2023	Senior Men -63kg	R32	313	TUBTIMDANG Banlung	THA	CANI Juirdo	ALB	PTF	2:0
baku-world-championships-2023	Senior Men -63kg	R32	410	LIANG Yushuai	CHN	GAZEZ Nurbek	KAZ	PTF	2:0
baku-world-championships-2023	Senior Men -63kg	R32	411	NAVARRO Carlos	MEX	GRANADO Yohandri	VEN	PTF	2:0
baku-world-championships-2023	Senior Men -63kg	R32	412	KIM Tae yong	KOR	ROGOZHINE Egor	ISR	PTF	2:0
baku-world-championships-2023	Senior Men -63kg	R32	413	ALHALAWANI Zaid	JOR	BRITTON Shane	CAN	PTF	2:0
baku-world-championships-2023	Senior Men -63kg	R32	510	HSU Hao-yu	TPE	STANIC Novak	SRB	PTF	2:0
baku-world-championships-2023	Senior Men -63kg	R32	511	HYTTEL Tobias	DEN	DIMITROV Denis	BUL	PTF	2:0
baku-world-championships-2023	Senior Men -63kg	R32	512	BRECIC Lovre	CRO	ARBAZ KHAN Muhammad	PAK	PTF	2:0
baku-world-championships-2023	Senior Men -63kg	R16	116	HYTTEL Tobias	DEN	KARIMOV Khanoghlan	AZE	PTF	2:0
baku-world-championships-2023	Senior Men -63kg	R16	216	JORQUERA CALA Joan	ESP	OLIVERO TORO Cristian	CHI	PTF	2:1
baku-world-championships-2023	Senior Men -63kg	R16	315	LIANG Yushuai	CHN	HSU Hao-yu	TPE	PTF	2:1
baku-world-championships-2023	Senior Men -63kg	R16	316	BRECIC Lovre	CRO	KIM Tae yong	KOR	PTF	2:1
baku-world-championships-2023	Senior Men -63kg	R16	415	RECBER Hakan	TUR	BARETTA Dennis	ITA	PTF	2:0
baku-world-championships-2023	Senior Men -63kg	R16	416	ALAPHILIPPE Souleyman	FRA	KONATE Ben younouss	CIV	PTF	2:1
baku-world-championships-2023	Senior Men -63kg	R16	515	NAVARRO Carlos	MEX	CHIPKAOU KOCHE Maman mansour	NIG	PTF	2:0
baku-world-championships-2023	Senior Men -63kg	R16	516	TUBTIMDANG Banlung	THA	ALHALAWANI Zaid	JOR	PTF	2:1
baku-world-championships-2023	Senior Men -63kg	QF	118	NAVARRO Carlos	MEX	HYTTEL Tobias	DEN	PTF	2:1
baku-world-championships-2023	Senior Men -63kg	QF	218	JORQUERA CALA Joan	ESP	BRECIC Lovre	CRO	PTF	2:0
baku-world-championships-2023	Senior Men -63kg	QF	318	TUBTIMDANG Banlung	THA	ALAPHILIPPE Souleyman	FRA	PTF	2:1
baku-world-championships-2023	Senior Men -63kg	QF	517	RECBER Hakan	TUR	LIANG Yushuai	CHN	PTF	2:1
baku-world-championships-2023	Senior Men -63kg	SF	321	RECBER Hakan	TUR	NAVARRO Carlos	MEX	PTF	2:0
baku-world-championships-2023	Senior Men -63kg	SF	322	TUBTIMDANG Banlung	THA	JORQUERA CALA Joan	ESP	PTF	2:0
baku-world-championships-2023	Senior Men -63kg	F	324	RECBER Hakan	TUR	TUBTIMDANG Banlung	THA	PTF	2:1
baku-world-championships-2023	Senior Men -68kg	R128	101	DANILOV Ilia	AIN	LO Wai fung	HKG	PTF	2:0
baku-world-championships-2023	Senior Men -68kg	R128	102	PHIRI Joseph junior	MAW	MEKONTCHOU Wilfried	CMR	PTF	2:0
baku-world-championships-2023	Senior Men -68kg	R128	201	SAMAHA Habib	LBN	ABBASI Ali reza	AFG	WDR	
baku-world-championships-2023	Senior Men -68kg	R128	202	AKEL Romet	EST	KHAFAJI Hasanein	IRQ	PTF	2:0
baku-world-championships-2023	Senior Men -68kg	R128	301	PARK Tae ku	CAN	NAMAI Tetaake	KIR	PTF	2:0
baku-world-championships-2023	Senior Men -68kg	R128	302	DJONKO Muhamed	BIH	LARGAESPADA SALAZAR Oliver rene	NCA	PTF	2:0
baku-world-championships-2023	Senior Men -68kg	R128	401	ACUNA Jose luis	ARG	SHALAN Mohammad	QAT	PTF	2:0
baku-world-championships-2023	Senior Men -68kg	R128	402	EL ATTARI Mohamed	MAR	KATOH Takato	JPN	PTF	2:0
baku-world-championships-2023	Senior Men -68kg	R128	501	KURMANALIEV Eldar	KGZ	TEFERA Solomon	ETH	PTF	2:1
baku-world-championships-2023	Senior Men -68kg	R64	107	CREP Matija	CRO	KOBENAN Aaron francois	CIV	PTF	2:0
baku-world-championships-2023	Senior Men -68kg	R64	108	PEREZ POLO Javier	ESP	ACUNA Jose luis	ARG	PTF	2:0
baku-world-championships-2023	Senior Men -68kg	R64	109	PAZ ROCHA David felipe	COL	AZEMI Arber	KOS	PTF	2:0
baku-world-championships-2023	Senior Men -68kg	R64	110	KAVURAT Ferhat can	TUR	CECCARONI Michele	SMR	PTF	2:0
baku-world-championships-2023	Senior Men -68kg	R64	111	PIE Bernardo	DOM	AKEL Romet	EST	PTF	2:0
baku-world-championships-2023	Senior Men -68kg	R64	112	HARRIS Khalfani	USA	DAVASON Hogni	FRO	PTF	2:0
baku-world-championships-2023	Senior Men -68kg	R64	207	ALIAN Ali	SWE	SAMAHA Habib	LBN	WDR	2:1
baku-world-championships-2023	Senior Men -68kg	R64	208	BIRIMBAY Eldar	KAZ	MOUSSA Amar cisse	GAB	PTF	2:0
baku-world-championships-2023	Senior Men -68kg	R64	209	XIAO Chenming	CHN	CHIU Yi-jui	TPE	PTF	2:1
baku-world-championships-2023	Senior Men -68kg	R64	210	JORGENSEN Otto	DEN	RADWAN Ali	AIN	PTF	2:1
baku-world-championships-2023	Senior Men -68kg	R64	211	JIN Ho-jun	KOR	DJONKO Muhamed	BIH	PTF	2:0
baku-world-championships-2023	Senior Men -68kg	R64	212	CHO Chaichon	THA	SZCZESNOWSKI Mateusz	POL	PTF	2:1
baku-world-championships-2023	Senior Men -68kg	R64	306	SINDEN Bradly	GBR	DANILOV Ilia	AIN	PTF	2:1
baku-world-championships-2023	Senior Men -68kg	R64	307	MAIGA Ibrahim	BUR	GALLAND Warrick	SUI	PTF	2:0
baku-world-championships-2023	Senior Men -68kg	R64	308	REZAEI Matin	IRI	CHOUHAN Prithvi raj	IND	PTF	2:1
baku-world-championships-2023	Senior Men -68kg	R64	309	AGHAYEV Javad	AZE	KURMANALIEV Eldar	KGZ	RSC	2:0
baku-world-championships-2023	Senior Men -68kg	R64	310	CHAMALIDIS Konstantinos	GRE	FRGOLEC Miroslav	SVK	PTF	2:0
baku-world-championships-2023	Senior Men -68kg	R64	311	AFONCZENKO Thomas	AUS	RYDER Alex	NZL	PTF	2:0
baku-world-championships-2023	Senior Men -68kg	R64	312	LO Mouhamadou mansour	SEN	BENITEZ Adrian	PUR	PTF	2:1
baku-world-championships-2023	Senior Men -68kg	R64	406	ALCANTARA Arven	PHI	ALIU Egers	ALB	PTF	2:1
baku-world-championships-2023	Senior Men -68kg	R64	407	BARAKAT Eyad	EGY	OZKAYA Imran	GER	PTF	2:1
baku-world-championships-2023	Senior Men -68kg	R64	408	SOUZA DINIZ Joao victor	BRA	HOLLAND Edward	SLE	PTF	2:0
baku-world-championships-2023	Senior Men -68kg	R64	409	RASHITOV Ulugbek	UZB	PHIRI Joseph junior	MAW	PTF	2:0
baku-world-championships-2023	Senior Men -68kg	R64	410	DZHORDZHEV Mitko	BUL	F. A. ABDELRAZEQ Fahid	PLE	PTF	2:1
baku-world-championships-2023	Senior Men -68kg	R64	411	CASAS GARCIA Iker	MEX	MAHARA Bir bahadur	NEP	PTF	2:0
baku-world-championships-2023	Senior Men -68kg	R64	412	KAREEM Zaid	JOR	EL ATTARI Mohamed	MAR	PTF	2:0
baku-world-championships-2023	Senior Men -68kg	R64	506	LUCIEN Theo	FRA	MONTUFAR Diego	GUA	PTF	2:0
baku-world-championships-2023	Senior Men -68kg	R64	507	MORALES Ignacio	CHI	PARK Tae ku	CAN	PTF	2:0
baku-world-championships-2023	Senior Men -68kg	R64	508	JOZSA Levente	HUN	PEREIRA Renato	POR	PTF	2:0
baku-world-championships-2023	Senior Men -68kg	R64	509	AOUINI Jasser	TUN	KAVTARADZE Beka	GEO	PTF	2:0
baku-world-championships-2023	Senior Men -68kg	R64	510	BEQAJ Zinedin	MNE	FOFANA Mohamed	MLI	PTF	2:0
baku-world-championships-2023	Senior Men -68kg	R64	511	KRIVISHKIY Nimrod	ISR	TSAGAANTSOOJ Bayanbat	MGL	PTF	2:0
baku-world-championships-2023	Senior Men -68kg	R32	116	SINDEN Bradly	GBR	ALCANTARA Arven	PHI	PTF	2:0
baku-world-championships-2023	Senior Men -68kg	R32	117	REZAEI Matin	IRI	SOUZA DINIZ Joao victor	BRA	PTF	2:0
baku-world-championships-2023	Senior Men -68kg	R32	118	CHAMALIDIS Konstantinos	GRE	DZHORDZHEV Mitko	BUL	PTF	2:0
baku-world-championships-2023	Senior Men -68kg	R32	119	KAREEM Zaid	JOR	LO Mouhamadou mansour	SEN	PTF	2:1
baku-world-championships-2023	Senior Men -68kg	R32	216	LUCIEN Theo	FRA	CREP Matija	CRO	PTF	2:0
baku-world-championships-2023	Senior Men -68kg	R32	217	JOZSA Levente	HUN	PAZ ROCHA David felipe	COL	PTF	2:0
baku-world-championships-2023	Senior Men -68kg	R32	218	PIE Bernardo	DOM	BEQAJ Zinedin	MNE	PTF	2:0
baku-world-championships-2023	Senior Men -68kg	R32	316	ALIAN Ali	SWE	MAIGA Ibrahim	BUR	PTF	2:0
baku-world-championships-2023	Senior Men -68kg	R32	317	XIAO Chenming	CHN	AGHAYEV Javad	AZE	PTF	2:1
baku-world-championships-2023	Senior Men -68kg	R32	318	JIN Ho-jun	KOR	AFONCZENKO Thomas	AUS	PTF	2:0
baku-world-championships-2023	Senior Men -68kg	R32	416	BARAKAT Eyad	EGY	MORALES Ignacio	CHI	PTF	2:0
baku-world-championships-2023	Senior Men -68kg	R32	417	RASHITOV Ulugbek	UZB	AOUINI Jasser	TUN	PTF	2:0
baku-world-championships-2023	Senior Men -68kg	R32	418	CASAS GARCIA Iker	MEX	KRIVISHKIY Nimrod	ISR	PTF	2:1
baku-world-championships-2023	Senior Men -68kg	R32	516	PEREZ POLO Javier	ESP	BIRIMBAY Eldar	KAZ	PTF	2:0
baku-world-championships-2023	Senior Men -68kg	R32	517	KAVURAT Ferhat can	TUR	JORGENSEN Otto	DEN	PTF	2:0
baku-world-championships-2023	Senior Men -68kg	R32	518	HARRIS Khalfani	USA	CHO Chaichon	THA	PTF	2:0
baku-world-championships-2023	Senior Men -68kg	R16	121	BARAKAT Eyad	EGY	ALIAN Ali	SWE	PTF	2:0
baku-world-championships-2023	Senior Men -68kg	R16	122	JIN Ho-jun	KOR	CASAS GARCIA Iker	MEX	PTF	2:0
baku-world-championships-2023	Senior Men -68kg	R16	221	REZAEI Matin	IRI	PEREZ POLO Javier	ESP	PTF	2:1
baku-world-championships-2023	Senior Men -68kg	R16	222	KAREEM Zaid	JOR	HARRIS Khalfani	USA	PTF	2:0
baku-world-championships-2023	Senior Men -68kg	R16	321	XIAO Chenming	CHN	JOZSA Levente	HUN	PTF	2:1
baku-world-championships-2023	Senior Men -68kg	R16	421	RASHITOV Ulugbek	UZB	KAVURAT Ferhat can	TUR	PTF	2:0
baku-world-championships-2023	Senior Men -68kg	R16	520	SINDEN Bradly	GBR	LUCIEN Theo	FRA	PTF	2:0
baku-world-championships-2023	Senior Men -68kg	R16	521	CHAMALIDIS Konstantinos	GRE	PIE Bernardo	DOM	PTF	2:1
baku-world-championships-2023	Senior Men -68kg	QF	223	SINDEN Bradly	GBR	BARAKAT Eyad	EGY	PTF	2:0
baku-world-championships-2023	Senior Men -68kg	QF	323	REZAEI Matin	IRI	XIAO Chenming	CHN	PTF	2:1
baku-world-championships-2023	Senior Men -68kg	QF	423	RASHITOV Ulugbek	UZB	CHAMALIDIS Konstantinos	GRE	PTF	2:0
baku-world-championships-2023	Senior Men -68kg	QF	523	JIN Ho-jun	KOR	KAREEM Zaid	JOR	PTF	2:1
baku-world-championships-2023	Senior Men -68kg	SF	326	SINDEN Bradly	GBR	REZAEI Matin	IRI	PTF	2:0
baku-world-championships-2023	Senior Men -68kg	SF	327	JIN Ho-jun	KOR	RASHITOV Ulugbek	UZB	PTF	2:1
baku-world-championships-2023	Senior Men -68kg	F	329	SINDEN Bradly	GBR	JIN Ho-jun	KOR	PTF	2:0
baku-world-championships-2023	Senior Men -74kg	R64	106	ASSIS MATOS Vinicius	BRA	SAMA Amed	GHA	PTF	2:0
baku-world-championships-2023	Senior Men -74kg	R64	107	SITTEK Tomas	CZE	SEALY. Brandon	JAM	PTF	2:0
baku-world-championships-2023	Senior Men -74kg	R64	108	BOOTH Cameron	GBR	IORSS Rahiti	FPO	PTF	2:1
baku-world-championships-2023	Senior Men -74kg	R64	109	BUENAVENTURA Lorenzo ezekiel	USA	CRESCENTINI Stefano	SMR	PTF	2:0
baku-world-championships-2023	Senior Men -74kg	R64	110	PAN Kuei en	TPE	BAHLOOOL Ahmad	PLE	PTF	2:1
baku-world-championships-2023	Senior Men -74kg	R64	206	KANG Jaegwon	KOR	KOZHAKHMET Nurkanat	KAZ	PTF	2:0
baku-world-championships-2023	Senior Men -74kg	R64	207	NSILU DILANDU Leroy	IRL	COSTA Diogo rafael alves da	POR	PTF	2:0
baku-world-championships-2023	Senior Men -74kg	R64	208	LALOAN Sean jaylen	HAI	BINEV Kaloyan	BUL	PTF	2:1
baku-world-championships-2023	Senior Men -74kg	R64	209	ACHAB Badr	BEL	BURA Mihai cristian	ROU	PTF	2:0
baku-world-championships-2023	Senior Men -74kg	R64	210	KOVACIC Lin	SLO	KASIDIARIS Grigoriospanagiotis	GRE	PTF	2:0
baku-world-championships-2023	Senior Men -74kg	R64	305	KILIC Yigithan	TUR	DAWOUD Omer	DEN	PTF	2:1
baku-world-championships-2023	Senior Men -74kg	R64	306	CEA Dave	PHI	RUDERMAN Ilia	ISR	PTF	2:1
baku-world-championships-2023	Senior Men -74kg	R64	307	THUNE Sebastian	NOR	YOUSIF Yazan bassam	JOR	PTF	2:0
baku-world-championships-2023	Senior Men -74kg	R64	308	HOSSEINI Mirhashem	IRI	MAKAROV Ruslan	KGZ	PTF	2:0
baku-world-championships-2023	Senior Men -74kg	R64	309	CELIN Lyve-stone	FRA	SASTRE Juan carlos	PUR	PTF	2:0
baku-world-championships-2023	Senior Men -74kg	R64	310	DAUROV Kadyrbech	AIN	HAMADA Yasuhiro	JPN	PTF	2:0
baku-world-championships-2023	Senior Men -74kg	R64	405	SAHAK Omid	AFG	VALENCIA Juan sebastian	COL	PTF	2:1
baku-world-championships-2023	Senior Men -74kg	R64	406	JAYSUNOV Jasurbek	UZB	SULEAC Dmitrii	MDA	PTF	2:0
baku-world-championships-2023	Senior Men -74kg	R64	407	CHEHADE Mohamad	SWE	TYAGI Shivam	IND	PTF	2:0
baku-world-championships-2023	Senior Men -74kg	R64	408	EISSA Rami	EGY	MAGGIORE Stefano	ITA	PTF	2:1
baku-world-championships-2023	Senior Men -74kg	R64	409	CUI Yang	CHN	CHARALAMBOUS Evangelos	CYP	PTF	2:0
baku-world-championships-2023	Senior Men -74kg	R64	505	SEJRANOVIC Leon	AUS	CUDNOCH Lukasz	POL	PTF	2:1
baku-world-championships-2023	Senior Men -74kg	R64	506	NAVA Ruben	MEX	GONZALEZ GOMEZ Federico	URU	PTF	2:0
baku-world-championships-2023	Senior Men -74kg	R64	507	PERUNICIC Vasilije	MNE	MERCIER Charlelie	CAN	PTF	2:1
baku-world-championships-2023	Senior Men -74kg	R64	508	MANGUE GAYA Boubacar	NIG	BAJRA Arbnor	KOS	PTF	2:0
baku-world-championships-2023	Senior Men -74kg	R64	509	KINTSURASHVILI Zurab	GEO	GANTULGA Enkhbayar	MGL	PTF	2:0
baku-world-championships-2023	Senior Men -74kg	R32	114	SEJRANOVIC Leon	AUS	SAHAK Omid	AFG	PTF	2:0
baku-world-championships-2023	Senior Men -74kg	R32	115	THUNE Sebastian	NOR	CHEHADE Mohamad	SWE	PTF	2:0
baku-world-championships-2023	Senior Men -74kg	R32	116	HUSIC Nedzad	BIH	BUENAVENTURA Lorenzo ezekiel	USA	PTF	2:0
baku-world-championships-2023	Senior Men -74kg	R32	214	KANG Jaegwon	KOR	ASSIS MATOS Vinicius	BRA	PTF	2:1
baku-world-championships-2023	Senior Men -74kg	R32	215	GAFAROV Eltaj	AZE	PERUNICIC Vasilije	MNE	PTF	2:0
baku-world-championships-2023	Senior Men -74kg	R32	216	CELIN Lyve-stone	FRA	ACHAB Badr	BEL	PTF	2:0
baku-world-championships-2023	Senior Men -74kg	R32	314	JAYSUNOV Jasurbek	UZB	CEA Dave	PHI	PTF	2:0
baku-world-championships-2023	Senior Men -74kg	R32	315	TAKOV Stefan	SRB	BOOTH Cameron	GBR	PTF	2:0
baku-world-championships-2023	Senior Men -74kg	R32	316	CUI Yang	CHN	KINTSURASHVILI Zurab	GEO	PTF	2:1
baku-world-championships-2023	Senior Men -74kg	R32	414	GOLUBIC Marko	CRO	NAVA Ruben	MEX	PTF	2:0
baku-world-championships-2023	Senior Men -74kg	R32	415	HOSSEINI Mirhashem	IRI	LALOAN Sean jaylen	HAI	PTF	2:0
baku-world-championships-2023	Senior Men -74kg	R32	416	KOVACIC Lin	SLO	PAN Kuei en	TPE	PTF	2:0
baku-world-championships-2023	Senior Men -74kg	R32	513	QUESADA BARRERA Daniel	ESP	KILIC Yigithan	TUR	PTF	2:0
baku-world-championships-2023	Senior Men -74kg	R32	514	SITTEK Tomas	CZE	NSILU DILANDU Leroy	IRL	PTF	2:1
baku-world-championships-2023	Senior Men -74kg	R32	515	MANGUE GAYA Boubacar	NIG	EISSA Rami	EGY	PTF	2:0
baku-world-championships-2023	Senior Men -74kg	R32	516	DAUROV Kadyrbech	AIN	KATOUSI Firas	TUN	PTF	2:0
baku-world-championships-2023	Senior Men -74kg	R16	119	GOLUBIC Marko	CRO	SITTEK Tomas	CZE	PTF	2:0
baku-world-championships-2023	Senior Men -74kg	R16	120	DAUROV Kadyrbech	AIN	KOVACIC Lin	SLO	PTF	2:0
baku-world-championships-2023	Senior Men -74kg	R16	219	GAFAROV Eltaj	AZE	THUNE Sebastian	NOR	PTF	2:0
baku-world-championships-2023	Senior Men -74kg	R16	319	TAKOV Stefan	SRB	HOSSEINI Mirhashem	IRI	PTF	2:1
baku-world-championships-2023	Senior Men -74kg	R16	418	SEJRANOVIC Leon	AUS	QUESADA BARRERA Daniel	ESP	PTF	2:1
baku-world-championships-2023	Senior Men -74kg	R16	419	HUSIC Nedzad	BIH	MANGUE GAYA Boubacar	NIG	PTF	2:0
baku-world-championships-2023	Senior Men -74kg	R16	518	JAYSUNOV Jasurbek	UZB	KANG Jaegwon	KOR	PTF	2:1
baku-world-championships-2023	Senior Men -74kg	R16	519	CELIN Lyve-stone	FRA	CUI Yang	CHN	PTF	2:0
baku-world-championships-2023	Senior Men -74kg	QF	121	SEJRANOVIC Leon	AUS	JAYSUNOV Jasurbek	UZB	PTF	2:0
baku-world-championships-2023	Senior Men -74kg	QF	221	GOLUBIC Marko	CRO	GAFAROV Eltaj	AZE	PTF	2:1
baku-world-championships-2023	Senior Men -74kg	QF	321	TAKOV Stefan	SRB	HUSIC Nedzad	BIH	PTF	2:0
baku-world-championships-2023	Senior Men -74kg	QF	421	DAUROV Kadyrbech	AIN	CELIN Lyve-stone	FRA	PTF	2:0
baku-world-championships-2023	Senior Men -74kg	SF	324	GOLUBIC Marko	CRO	SEJRANOVIC Leon	AUS	PTF	2:0
baku-world-championships-2023	Senior Men -74kg	SF	325	TAKOV Stefan	SRB	DAUROV Kadyrbech	AIN	PTF	2:0
baku-world-championships-2023	Senior Men -74kg	F	327	GOLUBIC Marko	CRO	TAKOV Stefan	SRB	PTF	2:1
baku-world-championships-2023	Senior Men -80kg	R64	101	TANG Hao	CHN	ALMABROUK Ali mabrouk s	KSA	PTF	2:0
baku-world-championships-2023	Senior Men -80kg	R64	102	PASTOR Jose	MEX	. Rishabh	IND	PTF	2:1
baku-world-championships-2023	Senior Men -80kg	R64	103	CRISTESCU Mihai adrian	ROU	OLMEDO Dylan leonel	ARG	PTF	2:1
baku-world-championships-2023	Senior Men -80kg	R64	104	SWEENEY Liam	AUS	NDZOULI Cedric	CAN	PTF	2:1
baku-world-championships-2023	Senior Men -80kg	R64	201	MYRZABAYEV Nurlan	KAZ	DOYLE Ryan	IRL	PTF	2:0
baku-world-championships-2023	Senior Men -80kg	R64	202	CHURCHILL MARTINEZ Joaquin	CHI	PHAM Minh bao kha	VIE	PTF	2:0
baku-world-championships-2023	Senior Men -80kg	R64	203	BOUZID SOUIHILI Ismael	FRA	ALENEZI Bandar	KUW	PTF	2:0
baku-world-championships-2023	Senior Men -80kg	R64	204	BOATRIS Youssef	MAR	ZUBER Muhammad syafiq	MAS	PTF	2:0
baku-world-championships-2023	Senior Men -80kg	R64	301	NIKOLIC Matej	CRO	AHMED Foysal	BAN	PTF	2:0
baku-world-championships-2023	Senior Men -80kg	R64	302	TREJOS SALAS Miguel	COL	HUNG Jiun-yi	TPE	PTF	2:0
baku-world-championships-2023	Senior Men -80kg	R64	303	RADOJKOVIC Aleksandar	AUT	AMARBAYASGALAN Bilguun	MGL	PTF	2:0
baku-world-championships-2023	Senior Men -80kg	R64	304	ROBLETO David	NCA	LOPES Tiago	POR	PTF	2:0
baku-world-championships-2023	Senior Men -80kg	R64	401	BARKHORDARI Mehran	IRI	BROWNE Jerome	TTO	DSQ	
baku-world-championships-2023	Senior Men -80kg	R64	402	OSTAPIV Lucas	BRA	MOHAMMADI Mahdi	RTA	PTF	2:0
baku-world-championships-2023	Senior Men -80kg	R64	403	HRNIC Edi	DEN	JOCHMAN Adam	CZE	PTF	2:0
baku-world-championships-2023	Senior Men -80kg	R64	404	COULIBALY Ismael	MLI	KARTAL Huseyin	TUR	PTF	2:1
baku-world-championships-2023	Senior Men -80kg	R64	501	PIATKOWSKI Szymon	POL	MBAIGUINAM Kalvin	CMR	PTF	2:0
baku-world-championships-2023	Senior Men -80kg	R64	502	SOUMARE Ababacar sadikh	SEN	LESSAKOLO OPOYA Teddy ixaver	GAB	PTF	2:0
baku-world-championships-2023	Senior Men -80kg	R64	503	MEHDIPOURNEJAD Kasra	RTA	PAULOUSKI Ivan	AIN	PTF	2:0
baku-world-championships-2023	Senior Men -80kg	R64	504	MANSOURI Farzad	RTA	GONZALEZ Alejandro	PUR	PTF	2:0
baku-world-championships-2023	Senior Men -80kg	R32	112	ALESSIO Simone	ITA	TANG Hao	CHN	PTF	2:0
baku-world-championships-2023	Senior Men -80kg	R32	113	CHURCHILL MARTINEZ Joaquin	CHI	CINTADO ARTECHE Jon	ESP	PTF	2:0
baku-world-championships-2023	Senior Men -80kg	R32	114	HRNIC Edi	DEN	HERNANDEZ Moises	DOM	PTF	2:0
baku-world-championships-2023	Senior Men -80kg	R32	115	EISSA Seif	EGY	MANSOURI Farzad	RTA	PTF	2:0
baku-world-championships-2023	Senior Men -80kg	R32	212	NIKOLIC Matej	CRO	MYRZABAYEV Nurlan	KAZ	PTF	2:1
baku-world-championships-2023	Senior Men -80kg	R32	213	TREJOS SALAS Miguel	COL	OSTAPIV Lucas	BRA	PTF	2:1
baku-world-championships-2023	Senior Men -80kg	R32	214	ORDEMANN Richard andre	NOR	MEHDIPOURNEJAD Kasra	RTA	PTF	2:0
baku-world-championships-2023	Senior Men -80kg	R32	312	SALAEV Shukhrat	UZB	BARKHORDARI Mehran	IRI	PTF	2:0
baku-world-championships-2023	Senior Men -80kg	R32	313	ALIYEV Aliaskar	AZE	SOUMARE Ababacar sadikh	SEN	PTF	2:0
baku-world-championships-2023	Senior Men -80kg	R32	314	SWEENEY Liam	AUS	TELIKOSTOGLOU Apostolos	GRE	PTF	2:0
baku-world-championships-2023	Senior Men -80kg	R32	412	PARK Woo hyeok	KOR	PIATKOWSKI Szymon	POL	PTF	2:0
baku-world-championships-2023	Senior Men -80kg	R32	413	NICKOLAS Carl alan	USA	CRISTESCU Mihai adrian	ROU	PTF	2:0
baku-world-championships-2023	Senior Men -80kg	R32	414	SAWADOGO Faysal	BUR	BOATRIS Youssef	MAR	PTF	2:1
baku-world-championships-2023	Senior Men -80kg	R32	512	ELSHARABATY Saleh	JOR	PASTOR Jose	MEX	PTF	2:0
baku-world-championships-2023	Senior Men -80kg	R32	513	BOUZID SOUIHILI Ismael	FRA	RADOJKOVIC Aleksandar	AUT	PTF	2:1
baku-world-championships-2023	Senior Men -80kg	R32	514	COULIBALY Ismael	MLI	ROBLETO David	NCA	PTF	2:1
baku-world-championships-2023	Senior Men -80kg	R16	122	ELSHARABATY Saleh	JOR	CHURCHILL MARTINEZ Joaquin	CHI	PTF	2:0
baku-world-championships-2023	Senior Men -80kg	R16	123	EISSA Seif	EGY	COULIBALY Ismael	MLI	PTF	2:0
baku-world-championships-2023	Senior Men -80kg	R16	222	TREJOS SALAS Miguel	COL	ALIYEV Aliaskar	AZE	PTF	2:1
baku-world-championships-2023	Senior Men -80kg	R16	322	NICKOLAS Carl alan	USA	BOUZID SOUIHILI Ismael	FRA	PTF	2:0
baku-world-championships-2023	Senior Men -80kg	R16	421	ALESSIO Simone	ITA	NIKOLIC Matej	CRO	PTF	2:0
baku-world-championships-2023	Senior Men -80kg	R16	422	ORDEMANN Richard andre	NOR	HRNIC Edi	DEN	PTF	2:1
baku-world-championships-2023	Senior Men -80kg	R16	521	PARK Woo hyeok	KOR	SALAEV Shukhrat	UZB	PTF	2:0
baku-world-championships-2023	Senior Men -80kg	R16	522	SAWADOGO Faysal	BUR	SWEENEY Liam	AUS	PTF	2:1
baku-world-championships-2023	Senior Men -80kg	QF	127	EISSA Seif	EGY	SAWADOGO Faysal	BUR	PTF	2:1
baku-world-championships-2023	Senior Men -80kg	QF	326	ALESSIO Simone	ITA	PARK Woo hyeok	KOR	PTF	2:0
baku-world-championships-2023	Senior Men -80kg	QF	426	TREJOS SALAS Miguel	COL	ELSHARABATY Saleh	JOR	PTF	2:0
baku-world-championships-2023	Senior Men -80kg	QF	526	NICKOLAS Carl alan	USA	ORDEMANN Richard andre	NOR	PTF	2:0
baku-world-championships-2023	Senior Men -80kg	SF	329	ALESSIO Simone	ITA	TREJOS SALAS Miguel	COL	PTF	2:0
baku-world-championships-2023	Senior Men -80kg	SF	330	NICKOLAS Carl alan	USA	EISSA Seif	EGY	PTF	2:0
baku-world-championships-2023	Senior Men -80kg	F	335	ALESSIO Simone	ITA	NICKOLAS Carl alan	USA	PTF	2:0
baku-world-championships-2023	Senior Men -87kg	R64	110	BRUNET Ethienne	CAN	PASHAEV Ozdjan	GEO	PTF	2:0
baku-world-championships-2023	Senior Men -87kg	R64	111	THOLIOTIS Vasileios	GRE	MARTINHO Manuel	POR	PTF	2:0
baku-world-championships-2023	Senior Men -87kg	R64	210	HUANG Yu-jen	TPE	SOTO BAUTISTA Luis german	COL	PTF	2:0
baku-world-championships-2023	Senior Men -87kg	R64	211	PLONIS Artsiom	AIN	GOMIS Paivou johnouario	GBS	PTF	2:0
baku-world-championships-2023	Senior Men -87kg	R64	310	GBANE Seydou	CIV	ALMUWALLAD Ahmad	KSA	PTF	2:0
baku-world-championships-2023	Senior Men -87kg	R64	311	ROBAK Karol wladyslaw	POL	ESTRADA Jahn luis	PUR	PTF	2:0
baku-world-championships-2023	Senior Men -87kg	R64	410	POLLET Manuel	BEL	SNACOV Laurentiu	ROU	PTF	2:1
baku-world-championships-2023	Senior Men -87kg	R64	411	IFAOUI Motaz	TUN	OTGONJARGAL Azkhuu	MGL	PTF	2:0
baku-world-championships-2023	Senior Men -87kg	R64	509	SHARMA. Gulshan	IND	DEUBA Niraj	NEP	PTF	2:0
baku-world-championships-2023	Senior Men -87kg	R64	510	AMER ALI Hassan	DEN	GWALI Fred junior	SOL	PTF	2:0
baku-world-championships-2023	Senior Men -87kg	R64	511	THEOCHAROUS Andreas	CYP	SHUKRAN Mohammad ashraf	AFG	PTF	2:1
baku-world-championships-2023	Senior Men -87kg	R32	119	RAWY Ahmad	EGY	HUANG Yu-jen	TPE	PTF	2:1
baku-world-championships-2023	Senior Men -87kg	R32	120	KHODABAKHSHI Mahdi	SRB	AMER ALI Hassan	DEN	PTF	2:0
baku-world-championships-2023	Senior Men -87kg	R32	121	SBEIHI Fahed	JOR	IFAOUI Motaz	TUN	PTF	2:1
baku-world-championships-2023	Senior Men -87kg	R32	219	SALAZAR Bryan	MEX	GBANE Seydou	CIV	PTF	2:1
baku-world-championships-2023	Senior Men -87kg	R32	220	BOTTA Roberto	ITA	KAMALOV Rafael	AIN	DSQ	1:1
baku-world-championships-2023	Senior Men -87kg	R32	221	BICER Enbiya taha	TUR	SEGEDIN Dinko	BIH	PTF	2:0
baku-world-championships-2023	Senior Men -87kg	R32	318	MARTINS SOARES Icaro miguel	BRA	SHARMA. Gulshan	IND	PTF	2:0
baku-world-championships-2023	Senior Men -87kg	R32	319	SALIMI Arian	IRI	MARTINEZ GARCIA Raul	ESP	PTF	2:1
baku-world-championships-2023	Senior Men -87kg	R32	320	DUISEBAY Smaiyl	KAZ	THOLIOTIS Vasileios	GRE	PTF	2:0
baku-world-championships-2023	Senior Men -87kg	R32	321	SAPINA Ivan	CRO	THEOCHAROUS Andreas	CYP	PTF	2:0
baku-world-championships-2023	Senior Men -87kg	R32	418	KANG Sanghyun	KOR	ELASBI Soufiane	MAR	PTF	2:1
baku-world-championships-2023	Senior Men -87kg	R32	419	RODRIGUEZ Michael c.	USA	MOZHDEH JOUYBARI Arash	AUS	PTF	2:0
baku-world-championships-2023	Senior Men -87kg	R32	420	PLONIS Artsiom	AIN	MENG Mingkuan	CHN	PTF	2:0
baku-world-championships-2023	Senior Men -87kg	R32	518	BRUNET Ethienne	CAN	DIVKOVIC Patrik	SLO	PTF	2:0
baku-world-championships-2023	Senior Men -87kg	R32	519	SULEYMANOV Taleh	AZE	POLLET Manuel	BEL	PTF	2:0
baku-world-championships-2023	Senior Men -87kg	R32	520	RAFALOVICH Nikita	UZB	ROBAK Karol wladyslaw	POL	PTF	2:0
baku-world-championships-2023	Senior Men -87kg	R16	125	RAWY Ahmad	EGY	BRUNET Ethienne	CAN	PTF	2:1
baku-world-championships-2023	Senior Men -87kg	R16	126	RAFALOVICH Nikita	UZB	SBEIHI Fahed	JOR	PTF	2:0
baku-world-championships-2023	Senior Men -87kg	R16	225	SALIMI Arian	IRI	SALAZAR Bryan	MEX	PTF	2:0
baku-world-championships-2023	Senior Men -87kg	R16	226	SAPINA Ivan	CRO	BICER Enbiya taha	TUR	PTF	2:1
baku-world-championships-2023	Senior Men -87kg	R16	325	RODRIGUEZ Michael c.	USA	SULEYMANOV Taleh	AZE	PTF	2:0
baku-world-championships-2023	Senior Men -87kg	R16	425	KHODABAKHSHI Mahdi	SRB	BOTTA Roberto	ITA	WDR	
baku-world-championships-2023	Senior Men -87kg	R16	524	KANG Sanghyun	KOR	MARTINS SOARES Icaro miguel	BRA	PTF	2:0
baku-world-championships-2023	Senior Men -87kg	R16	525	PLONIS Artsiom	AIN	DUISEBAY Smaiyl	KAZ	PTF	2:0
baku-world-championships-2023	Senior Men -87kg	QF	128	KANG Sanghyun	KOR	RAWY Ahmad	EGY	PTF	2:1
baku-world-championships-2023	Senior Men -87kg	QF	228	SALIMI Arian	IRI	RODRIGUEZ Michael c.	USA	PTF	2:0
baku-world-championships-2023	Senior Men -87kg	QF	328	PLONIS Artsiom	AIN	KHODABAKHSHI Mahdi	SRB	PTF	2:0
baku-world-championships-2023	Senior Men -87kg	QF	428	SAPINA Ivan	CRO	RAFALOVICH Nikita	UZB	PTF	2:1
baku-world-championships-2023	Senior Men -87kg	SF	333	KANG Sanghyun	KOR	SALIMI Arian	IRI	PTF	2:1
baku-world-championships-2023	Senior Men -87kg	SF	334	SAPINA Ivan	CRO	PLONIS Artsiom	AIN	PTF	2:1
baku-world-championships-2023	Senior Men -87kg	F	337	KANG Sanghyun	KOR	SAPINA Ivan	CRO	PTF	2:0
baku-world-championships-2023	Senior Men +87kg	R64	105	SADEK Anas	JOR	DIMITRAKOPOULOS Filippos	GRE	PTF	2:0
baku-world-championships-2023	Senior Men +87kg	R64	106	MAVLONOV Marat	UZB	LENKEWITZ Marc	GER	PTF	2:1
baku-world-championships-2023	Senior Men +87kg	R64	107	ALVES Agustin	ARG	SALDARRIAGA Walter	COL	PTF	2:0
baku-world-championships-2023	Senior Men +87kg	R64	205	SZAFERSKI Mikolaj	POL	NIANG Malick	SEN	PTF	2:0
baku-world-championships-2023	Senior Men +87kg	R64	206	RAHY Ray	LBN	HOLDER Chioke	BAR	PTF	2:0
baku-world-championships-2023	Senior Men +87kg	R64	305	SAEED Hamzah omar	PAK	ANDREOU Petros	CYP	PTF	2:1
baku-world-championships-2023	Senior Men +87kg	R64	306	AMIRI Ali akbar	AFG	FILIPPOV Aleksandr	ISR	PTF	2:0
baku-world-championships-2023	Senior Men +87kg	R64	404	LEE Meng-en	TPE	LAURENT Jonathan	MRN	PTF	2:1
baku-world-championships-2023	Senior Men +87kg	R64	405	ISSOUFOU Abdoul	NIG	MEYERS Adam	AUS	PTF	2:0
baku-world-championships-2023	Senior Men +87kg	R64	406	BAE Yoon min	KOR	TRNCIC Ermin	SWE	PTF	2:0
baku-world-championships-2023	Senior Men +87kg	R64	504	ALVAREZ Luis	VEN	R. Preetham	IND	PTF	2:0
baku-world-championships-2023	Senior Men +87kg	R64	505	DIAWARA Nouhoum	MLI	NAZARENO Cesar	ECU	PTF	2:1
baku-world-championships-2023	Senior Men +87kg	R64	506	MARINESCU Dragos	MDA	ZONDEROP Bryan	NED	PTF	2:0
baku-world-championships-2023	Senior Men +87kg	R32	111	SADEK Anas	JOR	HEALY Jonathan	USA	PTF	2:0
baku-world-championships-2023	Senior Men +87kg	R32	112	CISSE Cheick sallah	CIV	MAVLONOV Marat	UZB	PTF	2:0
baku-world-championships-2023	Senior Men +87kg	R32	113	BOZIC Pasko	CRO	MARINESCU Dragos	MDA	PTF	2:0
baku-world-championships-2023	Senior Men +87kg	R32	211	ATESLI Emre kutalmis	TUR	SZAFERSKI Mikolaj	POL	PTF	2:0
baku-world-championships-2023	Senior Men +87kg	R32	212	OBAME Anthony mylann	GAB	TRAJKOVIC Ivan konrad	SLO	PTF	2:1
baku-world-championships-2023	Senior Men +87kg	R32	213	CUNNINGHAM Caden	GBR	NADALIAN JOUYBARI Alireza	IRI	PTF	2:0
baku-world-championships-2023	Senior Men +87kg	R32	310	SANSORES Carlos	MEX	LEE Meng-en	TPE	PTF	2:0
baku-world-championships-2023	Senior Men +87kg	R32	311	ZHAPAROV Ruslan	KAZ	SAEED Hamzah omar	PAK	PTF	2:0
baku-world-championships-2023	Senior Men +87kg	R32	312	BASSEL Ayoub	MAR	RAHY Ray	LBN	PTF	2:0
baku-world-championships-2023	Senior Men +87kg	R32	313	SIQUEIRA Maicon	BRA	ALVES Agustin	ARG	PTF	2:0
baku-world-championships-2023	Senior Men +87kg	R32	410	ANN Alasan	GAM	BERGERON Marc andre	CAN	PTF	2:1
baku-world-championships-2023	Senior Men +87kg	R32	411	EL YAZIDI Omar	FRA	ISSOUFOU Abdoul	NIG	PTF	2:1
baku-world-championships-2023	Senior Men +87kg	R32	412	AMIRI Ali akbar	AFG	GEORGIEVSKI Dejan	MKD	PTF	2:0
baku-world-championships-2023	Senior Men +87kg	R32	510	SONG Zhaoxiang	CHN	ALVAREZ Luis	VEN	PTF	2:1
baku-world-championships-2023	Senior Men +87kg	R32	511	BADRIALIABADI Hamidreza	AZE	DIAWARA Nouhoum	MLI	PTF	2:1
baku-world-championships-2023	Senior Men +87kg	R32	512	BAE Yoon min	KOR	GARCIA MARTINEZ Ivan	ESP	PTF	2:0
baku-world-championships-2023	Senior Men +87kg	R16	116	CISSE Cheick sallah	CIV	OBAME Anthony mylann	GAB	PTF	2:1
baku-world-championships-2023	Senior Men +87kg	R16	215	SANSORES Carlos	MEX	ANN Alasan	GAM	PTF	2:0
baku-world-championships-2023	Senior Men +87kg	R16	216	BASSEL Ayoub	MAR	AMIRI Ali akbar	AFG	PTF	2:1
baku-world-championships-2023	Senior Men +87kg	R16	315	SADEK Anas	JOR	SONG Zhaoxiang	CHN	PTF	2:1
baku-world-championships-2023	Senior Men +87kg	R16	316	BOZIC Pasko	CRO	BAE Yoon min	KOR	PTF	2:0
baku-world-championships-2023	Senior Men +87kg	R16	415	ATESLI Emre kutalmis	TUR	ZHAPAROV Ruslan	KAZ	PTF	2:1
baku-world-championships-2023	Senior Men +87kg	R16	416	CUNNINGHAM Caden	GBR	SIQUEIRA Maicon	BRA	PTF	2:1
baku-world-championships-2023	Senior Men +87kg	R16	515	BADRIALIABADI Hamidreza	AZE	EL YAZIDI Omar	FRA	PTF	2:1
baku-world-championships-2023	Senior Men +87kg	QF	118	CISSE Cheick sallah	CIV	BASSEL Ayoub	MAR	PTF	2:0
baku-world-championships-2023	Senior Men +87kg	QF	218	BOZIC Pasko	CRO	CUNNINGHAM Caden	GBR	PTF	2:0
baku-world-championships-2023	Senior Men +87kg	QF	417	SANSORES Carlos	MEX	SADEK Anas	JOR	PTF	2:1
baku-world-championships-2023	Senior Men +87kg	QF	517	ATESLI Emre kutalmis	TUR	BADRIALIABADI Hamidreza	AZE	PTF	2:1
baku-world-championships-2023	Senior Men +87kg	SF	320	SANSORES Carlos	MEX	ATESLI Emre kutalmis	TUR	PTF	2:0
baku-world-championships-2023	Senior Men +87kg	SF	321	CISSE Cheick sallah	CIV	BOZIC Pasko	CRO	PTF	2:0
baku-world-championships-2023	Senior Men +87kg	F	323	CISSE Cheick sallah	CIV	SANSORES Carlos	MEX	PTF	2:0
baku-world-championships-2023	Senior Women -46kg	R64	101	KAKADIYA Twisha	IND	LLAUCA MENDOZA Camila	PER	PTF	2:0
baku-world-championships-2023	Senior Women -46kg	R64	102	TOJIMATOVA Zukhrakhon	UZB	ELAASAL Nezha	MAR	PTF	2:0
baku-world-championships-2023	Senior Women -46kg	R64	103	SEEKEN Kamonchanok	THA	NASIRI DAROUNKOLA Saeideh	IRI	PTF	2:1
baku-world-championships-2023	Senior Women -46kg	R64	104	GUIMARAES Dangela	BRA	MAMEDTOKHTIEVA Kamila	KGZ	PTF	2:0
baku-world-championships-2023	Senior Women -46kg	R64	201	ZAMPETTI Sofia	ITA	CSAKI Hanna	HUN	PTF	2:0
baku-world-championships-2023	Senior Women -46kg	R64	202	HENI Ni kadek	INA	INGRID GABRIELA Busuioc	ROU	PTF	2:0
baku-world-championships-2023	Senior Women -46kg	R64	203	KOUTTOUKI Kyriaki	CYP	MOHAMED Noor	BRN	PTF	2:0
baku-world-championships-2023	Senior Women -46kg	R64	204	WANG Xiaolu	CHN	TSAMPALA Stamatia	GRE	PTF	2:0
baku-world-championships-2023	Senior Women -46kg	R64	301	YILDIRIM Rukiye	TUR	MUNKHTUGS Suvd-erdene	MGL	PTF	2:0
baku-world-championships-2023	Senior Women -46kg	R64	302	DELLAN Virginia	VEN	RAI Yunisha	NEP	PTF	2:1
baku-world-championships-2023	Senior Women -46kg	R64	303	COSTA RICA Brenda	MEX	AHMED Habiba	EGY	PTF	2:0
baku-world-championships-2023	Senior Women -46kg	R64	401	LAHOOD Juliet	AUS	KAMINSKA Anita	POL	PTF	2:0
baku-world-championships-2023	Senior Women -46kg	R64	402	OKAMOTO Ruka	JPN	SANCHEZ Sarai	PUR	PTF	2:0
baku-world-championships-2023	Senior Women -46kg	R64	403	GARCES Veronica	PHI	SIBY Aissata mohamed	MLI	PTF	2:0
baku-world-championships-2023	Senior Women -46kg	R64	501	CORTEGOSO LIMA Sara	ESP	QABAHA Maiar	PLE	PTF	2:0
baku-world-championships-2023	Senior Women -46kg	R64	502	ABDOU BILANE Zaraou	NIG	CHOI Ashley	USA	PTF	2:1
baku-world-championships-2023	Senior Women -46kg	R64	503	ANGELOVA Alisa	AIN	TAMMILA Ida-elina	FIN	PTF	2:0
baku-world-championships-2023	Senior Women -46kg	R32	109	YILDIRIM Rukiye	TUR	ZAMPETTI Sofia	ITA	PTF	2:0
baku-world-championships-2023	Senior Women -46kg	R32	110	DELLAN Virginia	VEN	CASTILLO Karoline	PAN	PTF	2:0
baku-world-championships-2023	Senior Women -46kg	R32	111	COSTA RICA Brenda	MEX	POURYOUNES LANGEROUDI Dina	RTA	PTF	2:0
baku-world-championships-2023	Senior Women -46kg	R32	209	LAHOOD Juliet	AUS	SANCHO Laura	CRC	PTF	2:0
baku-world-championships-2023	Senior Women -46kg	R32	210	OKAMOTO Ruka	JPN	AKBAROVA Minaya	AZE	PTF	2:0
baku-world-championships-2023	Senior Women -46kg	R32	211	GARCES Veronica	PHI	REHANI Dalya	FRA	PTF	2:1
baku-world-championships-2023	Senior Women -46kg	R32	309	BAKISHEVA Rita	KAZ	CORTEGOSO LIMA Sara	ESP	PTF	2:0
baku-world-championships-2023	Senior Women -46kg	R32	310	BAYECH Rivka	ISR	ABDOU BILANE Zaraou	NIG	PTF	2:0
baku-world-championships-2023	Senior Women -46kg	R32	311	ANGELOVA Alisa	AIN	RAMIREZ VARGAS Andrea	COL	PTF	2:0
baku-world-championships-2023	Senior Women -46kg	R32	409	TOJIMATOVA Zukhrakhon	UZB	TAU Michelle	LES	PTF	2:0
baku-world-championships-2023	Senior Women -46kg	R32	410	SEEKEN Kamonchanok	THA	HUANG Ying hsuan	TPE	PTF	2:0
baku-world-championships-2023	Senior Women -46kg	R32	411	OROZCO Angelique	CAN	GUIMARAES Dangela	BRA	PTF	2:0
baku-world-championships-2023	Senior Women -46kg	R32	508	STOJKOVIC Lena	CRO	KAKADIYA Twisha	IND	PTF	2:0
baku-world-championships-2023	Senior Women -46kg	R32	509	HENI Ni kadek	INA	GOODMAN Phoenix	GBR	PTF	2:0
baku-world-championships-2023	Senior Women -46kg	R32	510	CELIK Sueheda	GER	KOUTTOUKI Kyriaki	CYP	PTF	2:1
baku-world-championships-2023	Senior Women -46kg	R32	511	WANG Xiaolu	CHN	KANG Mi-reu	KOR	PTF	2:0
baku-world-championships-2023	Senior Women -46kg	R16	116	SEEKEN Kamonchanok	THA	BAYECH Rivka	ISR	PTF	2:1
baku-world-championships-2023	Senior Women -46kg	R16	215	STOJKOVIC Lena	CRO	YILDIRIM Rukiye	TUR	PTF	2:0
baku-world-championships-2023	Senior Women -46kg	R16	216	CELIK Sueheda	GER	COSTA RICA Brenda	MEX	PTF	2:0
baku-world-championships-2023	Senior Women -46kg	R16	315	BAKISHEVA Rita	KAZ	LAHOOD Juliet	AUS	PTF	2:0
baku-world-championships-2023	Senior Women -46kg	R16	316	ANGELOVA Alisa	AIN	GARCES Veronica	PHI	PTF	2:0
baku-world-championships-2023	Senior Women -46kg	R16	415	HENI Ni kadek	INA	TOJIMATOVA Zukhrakhon	UZB	PTF	2:0
baku-world-championships-2023	Senior Women -46kg	R16	416	WANG Xiaolu	CHN	OROZCO Angelique	CAN	PTF	2:0
baku-world-championships-2023	Senior Women -46kg	R16	515	OKAMOTO Ruka	JPN	DELLAN Virginia	VEN	PTF	2:0
baku-world-championships-2023	Senior Women -46kg	QF	119	WANG Xiaolu	CHN	ANGELOVA Alisa	AIN	PTF	2:0
baku-world-championships-2023	Senior Women -46kg	QF	318	STOJKOVIC Lena	CRO	BAKISHEVA Rita	KAZ	PTF	2:1
baku-world-championships-2023	Senior Women -46kg	QF	418	OKAMOTO Ruka	JPN	HENI Ni kadek	INA	PTF	2:1
baku-world-championships-2023	Senior Women -46kg	QF	518	SEEKEN Kamonchanok	THA	CELIK Sueheda	GER	PTF	2:0
baku-world-championships-2023	Senior Women -46kg	SF	320	STOJKOVIC Lena	CRO	OKAMOTO Ruka	JPN	PTF	2:0
baku-world-championships-2023	Senior Women -46kg	SF	321	SEEKEN Kamonchanok	THA	WANG Xiaolu	CHN	PTF	2:0
baku-world-championships-2023	Senior Women -46kg	F	324	STOJKOVIC Lena	CRO	SEEKEN Kamonchanok	THA	PTF	2:1
baku-world-championships-2023	Senior Women -49kg	R64	105	LAM Siu wai	HKG	ARMAH Henrietta	GHA	PTF	2:1
baku-world-championships-2023	Senior Women -49kg	R64	106	GRIPPOLI GAGLIARDO Maria sara	URU	WAKOLI Sharon	KEN	PTF	2:0
baku-world-championships-2023	Senior Women -49kg	R64	107	KAPANOVA Botakoz	KAZ	BAJAN Mihaela nicoleta claudia	ROU	PTF	2:0
baku-world-championships-2023	Senior Women -49kg	R64	108	MOORE Maddison	GBR	SARGANTANI Charikleia	GRE	PTF	2:0
baku-world-championships-2023	Senior Women -49kg	R64	109	BEZERRA Camila	BRA	GALLO MARTINEZ Luna catalina	COL	PTF	2:0
baku-world-championships-2023	Senior Women -49kg	R64	205	MANNOPOVA Madinabonu	UZB	MEI?TININKAIT? Gerda	LTU	RSC	1:0
baku-world-championships-2023	Senior Women -49kg	R64	206	RYADNINSKAYA Elizaveta	AIN	STAMBAUGH Victoria	PUR	PTF	2:0
baku-world-championships-2023	Senior Women -49kg	R64	207	MURAKAMI China	JPN	YLONEN Jenna	FIN	PTF	2:0
baku-world-championships-2023	Senior Women -49kg	R64	208	STANKOVIC Vanja	SRB	KRAJEWSKA Nikola	POL	PTF	2:0
baku-world-championships-2023	Senior Women -49kg	R64	209	TAMBYRAJAH Saffron	AUS	SHRESTHA Kajal	NEP	PTF	2:0
baku-world-championships-2023	Senior Women -49kg	R64	305	DHAHRI Ikram	TUN	LARKIN Shannon	IRL	PTF	2:1
baku-world-championships-2023	Senior Women -49kg	R64	306	ABUTALEB Dunya ali m	KSA	GALLARDO ARRANO Francisca	CHI	PTF	2:0
baku-world-championships-2023	Senior Women -49kg	R64	307	GEORGIEVA Aleksandra	BUL	LINAN Naiara	AND	PTF	2:1
baku-world-championships-2023	Senior Women -49kg	R64	308	CASTILLO Jade theresa	DEN	HADJICOSTI Antriana	CYP	PTF	2:0
baku-world-championships-2023	Senior Women -49kg	R64	309	CORELLI Martina	ITA	PETERSON Ceili	GUY	PTF	2:0
baku-world-championships-2023	Senior Women -49kg	R64	405	GUO Qing	CHN	ALRAWAJFEH Dalia	BRN	RSC	1:0
baku-world-championships-2023	Senior Women -49kg	R64	406	AYDIN Ela	GER	AVDAGIC Ada	BIH	PTF	2:0
baku-world-championships-2023	Senior Women -49kg	R64	407	JHUANG Tien yu	TPE	LEWIS Kylie	USA	PTF	2:0
baku-world-championships-2023	Senior Women -49kg	R64	408	KHATAB Janna	EGY	SOLTANI Ghazal	IRI	PTF	2:1
baku-world-championships-2023	Senior Women -49kg	R64	409	HADDAD Anna	LBN	FERREIRA Matilde	POR	RSC	1:1
baku-world-championships-2023	Senior Women -49kg	R64	505	BODEN Indra	SWE	MAHADULA Irangani pushpa kumari	SRI	PTF	2:0
baku-world-championships-2023	Senior Women -49kg	R64	506	TRANQUILLE Viviane	CAN	SAROKINA Uladzislava	AIN	PTF	2:0
baku-world-championships-2023	Senior Women -49kg	R64	507	TRUONG Thi kim tuyen	VIE	OMAR Nadia	SOM	PTF	2:0
baku-world-championships-2023	Senior Women -49kg	R64	508	SHARMA Deeksha	IND	MAKANJUOLA Catherine	NGR	PTF	2:1
baku-world-championships-2023	Senior Women -49kg	R32	116	DINCEL Merve	TUR	RYADNINSKAYA Elizaveta	AIN	PTF	2:0
baku-world-championships-2023	Senior Women -49kg	R32	117	TRUONG Thi kim tuyen	VIE	JHUANG Tien yu	TPE	PTF	2:0
baku-world-championships-2023	Senior Women -49kg	R32	118	TAMBYRAJAH Saffron	AUS	CORELLI Martina	ITA	PTF	2:0
baku-world-championships-2023	Senior Women -49kg	R32	215	CEREZO IGLESIAS Adriana	ESP	LAM Siu wai	HKG	PTF	2:0
baku-world-championships-2023	Senior Women -49kg	R32	216	ABUTALEB Dunya ali m	KSA	AYDIN Ela	GER	PTF	2:1
baku-world-championships-2023	Senior Women -49kg	R32	217	STANKOVIC Vanja	SRB	MOORE Maddison	GBR	PTF	2:0
baku-world-championships-2023	Senior Women -49kg	R32	218	WONGPATTANAKIT Panipak	THA	HADDAD Anna	LBN	PTF	2:0
baku-world-championships-2023	Senior Women -49kg	R32	315	MANNOPOVA Madinabonu	UZB	DHAHRI Ikram	TUN	PTF	2:0
baku-world-championships-2023	Senior Women -49kg	R32	316	KAPANOVA Botakoz	KAZ	TRANQUILLE Viviane	CAN	PTF	2:0
baku-world-championships-2023	Senior Women -49kg	R32	317	DUVANCIC Bruna	CRO	CASTILLO Jade theresa	DEN	PTF	2:0
baku-world-championships-2023	Senior Women -49kg	R32	415	GUO Qing	CHN	BODEN Indra	SWE	PTF	2:0
baku-world-championships-2023	Senior Women -49kg	R32	416	ABAKAROVA Patimat	AZE	MURAKAMI China	JPN	PTF	2:1
baku-world-championships-2023	Senior Women -49kg	R32	417	KHATAB Janna	EGY	SEMBERG Abishag	ISR	PTF	2:1
baku-world-championships-2023	Senior Women -49kg	R32	515	KANG Bora	KOR	GRIPPOLI GAGLIARDO Maria sara	URU	PTF	2:0
baku-world-championships-2023	Senior Women -49kg	R32	516	SOUZA Daniela paola	MEX	GEORGIEVA Aleksandra	BUL	PTF	2:1
baku-world-championships-2023	Senior Women -49kg	R32	517	BEZERRA Camila	BRA	SHARMA Deeksha	IND	PTF	2:0
baku-world-championships-2023	Senior Women -49kg	R16	124	TRUONG Thi kim tuyen	VIE	SOUZA Daniela paola	MEX	PTF	2:0
baku-world-championships-2023	Senior Women -49kg	R16	223	CEREZO IGLESIAS Adriana	ESP	MANNOPOVA Madinabonu	UZB	PTF	2:0
baku-world-championships-2023	Senior Women -49kg	R16	224	DUVANCIC Bruna	CRO	STANKOVIC Vanja	SRB	PTF	2:0
baku-world-championships-2023	Senior Women -49kg	R16	323	GUO Qing	CHN	KANG Bora	KOR	PTF	2:0
baku-world-championships-2023	Senior Women -49kg	R16	324	KHATAB Janna	EGY	BEZERRA Camila	BRA	PTF	2:1
baku-world-championships-2023	Senior Women -49kg	R16	423	DINCEL Merve	TUR	ABUTALEB Dunya ali m	KSA	PTF	2:0
baku-world-championships-2023	Senior Women -49kg	R16	424	WONGPATTANAKIT Panipak	THA	TAMBYRAJAH Saffron	AUS	PTF	2:0
baku-world-championships-2023	Senior Women -49kg	R16	523	KAPANOVA Botakoz	KAZ	ABAKAROVA Patimat	AZE	PTF	2:0
baku-world-championships-2023	Senior Women -49kg	QF	227	CEREZO IGLESIAS Adriana	ESP	GUO Qing	CHN	PTF	2:1
baku-world-championships-2023	Senior Women -49kg	QF	327	DINCEL Merve	TUR	KAPANOVA Botakoz	KAZ	PTF	2:0
baku-world-championships-2023	Senior Women -49kg	QF	427	DUVANCIC Bruna	CRO	TRUONG Thi kim tuyen	VIE	PTF	2:0
baku-world-championships-2023	Senior Women -49kg	QF	527	WONGPATTANAKIT Panipak	THA	KHATAB Janna	EGY	PTF	2:0
baku-world-championships-2023	Senior Women -49kg	SF	331	DINCEL Merve	TUR	CEREZO IGLESIAS Adriana	ESP	PTF	2:0
baku-world-championships-2023	Senior Women -49kg	SF	332	WONGPATTANAKIT Panipak	THA	DUVANCIC Bruna	CRO	PTF	2:1
baku-world-championships-2023	Senior Women -49kg	F	336	DINCEL Merve	TUR	WONGPATTANAKIT Panipak	THA	PTF	2:1
baku-world-championships-2023	Senior Women -53kg	R64	101	ERGASHOVA Sitora	UZB	BREWSTER Megan	CAN	PTF	2:0
baku-world-championships-2023	Senior Women -53kg	R64	102	ABDIWAHID Munirah warsame	SOM	LAMA Ayasha	NEP	PTF	2:0
baku-world-championships-2023	Senior Women -53kg	R64	103	BRISKAROVA Gabriela	SVK	TZELI Maria	GRE	PTF	2:1
baku-world-championships-2023	Senior Women -53kg	R64	104	KARABATIC Nika	CRO	PARK Molly	AUS	PTF	2:0
baku-world-championships-2023	Senior Women -53kg	R64	201	NISHIDA Mao	JPN	GONCALVES Lara	POR	PTF	2:0
baku-world-championships-2023	Senior Women -53kg	R64	202	SAMY ELHOSSEINY Shahd	EGY	SO Yuen ting	HKG	PTF	2:0
baku-world-championships-2023	Senior Women -53kg	R64	203	CANABAL Baby jessica	PHI	VALERIO Ashley	USA	PTF	2:0
baku-world-championships-2023	Senior Women -53kg	R64	204	TOUMI Chaima	TUN	KISSKALT Supharada	GER	PTF	2:0
baku-world-championships-2023	Senior Women -53kg	R64	301	TASKIN Zeynep	TUR	HARNSUJIN Phannapa	THA	PTF	2:0
baku-world-championships-2023	Senior Women -53kg	R64	302	LYNGBAEK Louise	DEN	MELIKISHVILI Mariami	GEO	PTF	2:0
baku-world-championships-2023	Senior Women -53kg	R64	303	MAM Julie	CAM	GUNDUZ Selen	BUL	PTF	2:1
baku-world-championships-2023	Senior Women -53kg	R64	304	MAHESWARI Megawati	INA	KRAISNIK Katarina	BIH	PTF	2:0
baku-world-championships-2023	Senior Women -53kg	R64	401	MATONTI Ilenia elisabetta	ITA	GEORGIANA Mihai	ROU	PTF	2:0
baku-world-championships-2023	Senior Women -53kg	R64	402	BOU HABIB Mariella	LBN	MENDOZA BUITRAGO Lesly vanesa	COL	PTF	2:1
baku-world-championships-2023	Senior Women -53kg	R64	403	IN Suwan	KOR	NDIAYE Mama	SEN	PTF	2:0
baku-world-championships-2023	Senior Women -53kg	R64	501	KARAJANOVA Aziza	KAZ	KAOURTISHI Nagia	CYP	PTF	2:0
baku-world-championships-2023	Senior Women -53kg	R64	502	BHANDARI Latika	IND	BIDZONO Francine	CMR	PTF	2:1
baku-world-championships-2023	Senior Women -53kg	R64	503	GODOY Carla	ARG	MURRAY Kayla	IRL	PTF	2:0
baku-world-championships-2023	Senior Women -53kg	R32	108	PEREZ PARRADO Alma maria	ESP	ABDIWAHID Munirah warsame	SOM	PTF	2:0
baku-world-championships-2023	Senior Women -53kg	R32	109	LAGER Biana	ISR	BRISKAROVA Gabriela	SVK	PTF	2:0
baku-world-championships-2023	Senior Women -53kg	R32	110	KARABATIC Nika	CRO	TOUMI Chaima	TUN	PTF	2:1
baku-world-championships-2023	Senior Women -53kg	R32	207	ZUO JU	CHN	ERGASHOVA Sitora	UZB	PTF	2:0
baku-world-championships-2023	Senior Women -53kg	R32	208	SAMY ELHOSSEINY Shahd	EGY	HRONOVA Dominika	CZE	PTF	2:0
baku-world-championships-2023	Senior Women -53kg	R32	209	MININA Tatiana	AIN	CANABAL Baby jessica	PHI	PTF	2:0
baku-world-championships-2023	Senior Women -53kg	R32	210	VILLEGAS MACHORRO Fabiola guadalupe	MEX	MAHESWARI Megawati	INA	PTF	2:0
baku-world-championships-2023	Senior Women -53kg	R32	307	TASKIN Zeynep	TUR	NISHIDA Mao	JPN	PTF	2:0
baku-world-championships-2023	Senior Women -53kg	R32	308	SANTIAGO Keishlie	PUR	LYNGBAEK Louise	DEN	PTF	2:0
baku-world-championships-2023	Senior Women -53kg	R32	309	MAM Julie	CAM	BOGDANOVIC Tijana	SRB	PTF	2:1
baku-world-championships-2023	Senior Women -53kg	R32	407	SU Po-ya	TPE	MATONTI Ilenia elisabetta	ITA	PTF	2:1
baku-world-championships-2023	Senior Women -53kg	R32	408	BOU HABIB Mariella	LBN	OSMANOVA Samarrukh	AZE	PTF	2:1
baku-world-championships-2023	Senior Women -53kg	R32	409	KIYANICHANDEH Nahid	IRI	IN Suwan	KOR	PTF	2:0
baku-world-championships-2023	Senior Women -53kg	R32	507	KARAJANOVA Aziza	KAZ	ROSSI SANTOS Larissa nascimento	BRA	PTF	2:1
baku-world-championships-2023	Senior Women -53kg	R32	508	EL BOUCHTI Oumaima	MAR	BHANDARI Latika	IND	PTF	2:1
baku-world-championships-2023	Senior Women -53kg	R32	509	PATAKFALVY Luca	HUN	GODOY Carla	ARG	PTF	2:0
baku-world-championships-2023	Senior Women -53kg	R16	114	SAMY ELHOSSEINY Shahd	EGY	PEREZ PARRADO Alma maria	ESP	PTF	2:1
baku-world-championships-2023	Senior Women -53kg	R16	115	KARABATIC Nika	CRO	VILLEGAS MACHORRO Fabiola guadalupe	MEX	PTF	2:0
baku-world-championships-2023	Senior Women -53kg	R16	214	BOU HABIB Mariella	LBN	SANTIAGO Keishlie	PUR	PTF	2:0
baku-world-championships-2023	Senior Women -53kg	R16	314	EL BOUCHTI Oumaima	MAR	LAGER Biana	ISR	PTF	2:0
baku-world-championships-2023	Senior Women -53kg	R16	413	ZUO JU	CHN	TASKIN Zeynep	TUR	PTF	2:0
baku-world-championships-2023	Senior Women -53kg	R16	414	MININA Tatiana	AIN	MAM Julie	CAM	RSC	
baku-world-championships-2023	Senior Women -53kg	R16	513	SU Po-ya	TPE	KARAJANOVA Aziza	KAZ	PTF	2:0
baku-world-championships-2023	Senior Women -53kg	R16	514	KIYANICHANDEH Nahid	IRI	PATAKFALVY Luca	HUN	PTF	2:1
baku-world-championships-2023	Senior Women -53kg	QF	117	SAMY ELHOSSEINY Shahd	EGY	BOU HABIB Mariella	LBN	PTF	2:1
baku-world-championships-2023	Senior Women -53kg	QF	217	MININA Tatiana	AIN	EL BOUCHTI Oumaima	MAR	PTF	2:0
baku-world-championships-2023	Senior Women -53kg	QF	317	KIYANICHANDEH Nahid	IRI	KARABATIC Nika	CRO	PTF	2:0
baku-world-championships-2023	Senior Women -53kg	QF	516	ZUO JU	CHN	SU Po-ya	TPE	PTF	2:1
baku-world-championships-2023	Senior Women -53kg	SF	318	ZUO JU	CHN	SAMY ELHOSSEINY Shahd	EGY	PTF	2:0
baku-world-championships-2023	Senior Women -53kg	SF	319	KIYANICHANDEH Nahid	IRI	MININA Tatiana	AIN	PTF	2:1
baku-world-championships-2023	Senior Women -53kg	F	322	KIYANICHANDEH Nahid	IRI	ZUO JU	CHN	PTF	2:0
baku-world-championships-2023	Senior Women -57kg	R64	103	TVARONAVICIUTE Klaudija	LTU	KONATE Maimouna	MLI	PTF	2:0
baku-world-championships-2023	Senior Women -57kg	R64	104	TARVIDA Inese	LAT	MC CANN Nicole ann	PHI	PTF	2:0
baku-world-championships-2023	Senior Women -57kg	R64	105	ZDERO Petra	BIH	SELLAS Jathmarilys	PUR	PTF	2:0
baku-world-championships-2023	Senior Women -57kg	R64	106	ORTIZ BENITO Arlet	ESP	HAMIDI Marzieh	RTA	PTF	2:0
baku-world-championships-2023	Senior Women -57kg	R64	203	LEE Hanna	KOR	PATRATII Alesia	KGZ	PTF	2:0
baku-world-championships-2023	Senior Women -57kg	R64	204	SEVOSTYANOVA Mariya	KAZ	FLEGROVA Hana	CZE	PTF	2:0
baku-world-championships-2023	Senior Women -57kg	R64	205	MUNOZ DIAZ Daniela alejandra	COL	SITAPA Angel	TGA	WDR	1:0
baku-world-championships-2023	Senior Women -57kg	R64	206	MAHMOUD Nadine	EGY	HARKONEN Helmi	FIN	PTF	2:0
baku-world-championships-2023	Senior Women -57kg	R64	303	SMYCHKOVA Valeryia	AIN	MARIC Ela	SRB	PTF	2:0
baku-world-championships-2023	Senior Women -57kg	R64	304	RAWAL Sonam	IND	EGAGNE Marie	CMR	PTF	2:0
baku-world-championships-2023	Senior Women -57kg	R64	305	CUNHA Joana	POR	MURIU Mary	KEN	PTF	2:0
baku-world-championships-2023	Senior Women -57kg	R64	403	MARTON Luana	HUN	CAHILL Emma	IRL	PTF	2:0
baku-world-championships-2023	Senior Women -57kg	R64	404	COX Caitlyn	USA	JIMENEZ MENDEZ Regina	MEX	PTG	2:0
baku-world-championships-2023	Senior Women -57kg	R64	405	COMAN Gabriela bianca	ROU	CACERES GONZALES Camila	PER	PTG	2:0
baku-world-championships-2023	Senior Women -57kg	R64	502	TRAN Thi anh tuyet	VIE	BLIZNIAKOVA Margarita	AIN	PTF	2:1
baku-world-championships-2023	Senior Women -57kg	R64	503	MIRABZALOVA Madina	UZB	MODANLOU Tina	IRI	PTF	2:0
baku-world-championships-2023	Senior Women -57kg	R64	504	LINDO ALVAREZ Neshi lee	CRC	ENGSTROM Anna	SWE	PTF	2:1
baku-world-championships-2023	Senior Women -57kg	R64	505	HYMER Stacey	AUS	TITO Carla	ECU	PTF	2:0
baku-world-championships-2023	Senior Women -57kg	R32	113	LEE Hanna	KOR	TVARONAVICIUTE Klaudija	LTU	PTF	2:0
baku-world-championships-2023	Senior Women -57kg	R32	114	PACHECO Maria clara	BRA	SEVOSTYANOVA Mariya	KAZ	PTF	2:0
baku-world-championships-2023	Senior Women -57kg	R32	115	LO Chia-ling	TPE	MUNOZ DIAZ Daniela alejandra	COL	PTF	2:0
baku-world-championships-2023	Senior Women -57kg	R32	213	KALTEKI Faidra	GRE	SMYCHKOVA Valeryia	AIN	PTF	2:0
baku-world-championships-2023	Senior Women -57kg	R32	214	PARK Skylar	CAN	RAWAL Sonam	IND	PTF	2:0
baku-world-championships-2023	Senior Women -57kg	R32	215	ADAMKIEWICZ Patrycja	POL	CUNHA Joana	POR	PTF	2:0
baku-world-championships-2023	Senior Women -57kg	R32	313	MARTON Luana	HUN	ASEMANI Raheleh	BEL	PTF	2:1
baku-world-championships-2023	Senior Women -57kg	R32	314	JONES Jade	GBR	COX Caitlyn	USA	PTF	2:0
baku-world-championships-2023	Senior Women -57kg	R32	315	SCHOENMAKERS Bodine	NED	COMAN Gabriela bianca	ROU	PTF	2:0
baku-world-championships-2023	Senior Women -57kg	R32	413	MIRABZALOVA Madina	UZB	LAARAJ Nada	MAR	PTF	2:0
baku-world-championships-2023	Senior Women -57kg	R32	414	LINDO ALVAREZ Neshi lee	CRC	KINDL Melanie	AUT	PTF	2:0
baku-world-championships-2023	Senior Women -57kg	R32	415	ORTIZ BENITO Arlet	ESP	HYMER Stacey	AUS	PTF	2:0
baku-world-championships-2023	Senior Women -57kg	R32	512	LUO Zongshi	CHN	TRAN Thi anh tuyet	VIE	PTF	2:0
baku-world-championships-2023	Senior Women -57kg	R32	513	AL HALWANI Giada	ITA	TARVIDA Inese	LAT	PTF	2:0
baku-world-championships-2023	Senior Women -57kg	R32	514	AOUN Laetitia	LBN	ZDERO Petra	BIH	PTF	2:0
baku-world-championships-2023	Senior Women -57kg	R32	515	ILGUN Hatice kubra	TUR	MAHMOUD Nadine	EGY	PTF	2:0
baku-world-championships-2023	Senior Women -57kg	R16	120	JONES Jade	GBR	LINDO ALVAREZ Neshi lee	CRC	PTF	2:0
baku-world-championships-2023	Senior Women -57kg	R16	219	LEE Hanna	KOR	LUO Zongshi	CHN	WDR	1:0
baku-world-championships-2023	Senior Women -57kg	R16	220	LO Chia-ling	TPE	AOUN Laetitia	LBN	PTF	2:1
baku-world-championships-2023	Senior Women -57kg	R16	319	MARTON Luana	HUN	KALTEKI Faidra	GRE	PTF	2:0
baku-world-championships-2023	Senior Women -57kg	R16	320	ADAMKIEWICZ Patrycja	POL	SCHOENMAKERS Bodine	NED	PTF	2:0
baku-world-championships-2023	Senior Women -57kg	R16	419	MIRABZALOVA Madina	UZB	AL HALWANI Giada	ITA	PTF	2:1
baku-world-championships-2023	Senior Women -57kg	R16	420	ILGUN Hatice kubra	TUR	ORTIZ BENITO Arlet	ESP	PTF	2:1
baku-world-championships-2023	Senior Women -57kg	R16	519	PACHECO Maria clara	BRA	PARK Skylar	CAN	PTF	2:0
baku-world-championships-2023	Senior Women -57kg	QF	123	ILGUN Hatice kubra	TUR	ADAMKIEWICZ Patrycja	POL	PTF	2:1
baku-world-championships-2023	Senior Women -57kg	QF	322	MARTON Luana	HUN	LEE Hanna	KOR	PTF	2:1
baku-world-championships-2023	Senior Women -57kg	QF	422	PACHECO Maria clara	BRA	MIRABZALOVA Madina	UZB	PTF	2:0
baku-world-championships-2023	Senior Women -57kg	QF	522	LO Chia-ling	TPE	JONES Jade	GBR	PTF	2:0
baku-world-championships-2023	Senior Women -57kg	SF	324	MARTON Luana	HUN	PACHECO Maria clara	BRA	PTF	2:0
baku-world-championships-2023	Senior Women -57kg	SF	325	LO Chia-ling	TPE	ILGUN Hatice kubra	TUR	PTF	2:1
baku-world-championships-2023	Senior Women -57kg	F	328	MARTON Luana	HUN	LO Chia-ling	TPE	PTF	2:0
baku-world-championships-2023	Senior Women -62kg	R64	101	MAKHMUTOVA Nazym	KAZ	HIRABAYASHI Kasumi	JPN	PTF	2:0
baku-world-championships-2023	Senior Women -62kg	R64	102	IORSS Kawehi	FPO	HO Cathy minly	HKG	PTF	2:1
baku-world-championships-2023	Senior Women -62kg	R64	103	GASPA Cristina	ITA	BAC Thi khiem	VIE	PTF	2:1
baku-world-championships-2023	Senior Women -62kg	R64	104	DIAW Yacine	SEN	SOTO CASTILLO Isuangelis	PUR	PTF	2:0
baku-world-championships-2023	Senior Women -62kg	R64	105	TONGCHAN Sasikarn	THA	RAHMANI Ruqia	FIN	PTF	2:0
baku-world-championships-2023	Senior Women -62kg	R64	201	MERIEME Khoulal	MAR	RUIZ DIAZ Brenda anahi	ARG	PTF	2:0
baku-world-championships-2023	Senior Women -62kg	R64	202	ALIZADEH ZENOORIN Kimia	RTA	STAMOU Daphne	GRE	PTF	2:0
baku-world-championships-2023	Senior Women -62kg	R64	203	MARTON Viviana	HUN	HOGFELDT Nora	SWE	PTF	2:0
baku-world-championships-2023	Senior Women -62kg	R64	204	ATANASOVA Martina	BUL	GAIZAUSKAITE Gerda	LTU	PTF	2:0
baku-world-championships-2023	Senior Women -62kg	R64	205	ALVAREZ LOZANO Maria helena	COL	SARENAC Ivana	BIH	PTF	2:0
baku-world-championships-2023	Senior Women -62kg	R64	301	MIR NOOROLLAHI Seyedeh narges	IRI	MONTEIRO Maisa	POR	PTF	2:0
baku-world-championships-2023	Senior Women -62kg	R64	302	NAM Min-seo	KOR	JALLAB Sara	BRN	PTF	2:0
baku-world-championships-2023	Senior Women -62kg	R64	303	GJELSVIK Karoline	NOR	RAAGMETS Carmen	EST	PTF	2:0
baku-world-championships-2023	Senior Women -62kg	R64	304	LIN Wei-chun	TPE	KANOUTE Iman	MLI	PTF	2:0
baku-world-championships-2023	Senior Women -62kg	R64	401	KHUZINA Liliia	AIN	HESLOP Amber	AUS	PTF	2:0
baku-world-championships-2023	Senior Women -62kg	R64	402	VELAZQUEZ Itzel	MEX	OSTIN Marthe	HAI	WDR	
baku-world-championships-2023	Senior Women -62kg	R64	403	ARELIC Ivana	CRO	SULAIMANOVA Tamiris	KGZ	PTF	2:0
baku-world-championships-2023	Senior Women -62kg	R64	404	OZBEY Ozge	TUR	MINA Mell	ECU	PTF	2:1
baku-world-championships-2023	Senior Women -62kg	R64	501	DILLON Faith	USA	SZPAK Julia	POL	PTF	2:0
baku-world-championships-2023	Senior Women -62kg	R64	502	POWELL Aaliyah	GBR	JADAMBA Ichinkhorloo	MGL	PTF	2:0
baku-world-championships-2023	Senior Women -62kg	R64	503	TARVIDA Jolanta	LAT	EDWARDS-JULL Shauna	NZL	PTF	2:0
baku-world-championships-2023	Senior Women -62kg	R64	504	ZHOU Lijun	CHN	KHAN Sania	IND	PTF	2:0
baku-world-championships-2023	Senior Women -62kg	R32	111	KHUZINA Liliia	AIN	RELJIKJ Miljana	MKD	PTF	2:0
baku-world-championships-2023	Senior Women -62kg	R32	112	GASPA Cristina	ITA	MAJIDOVA Fatima	AZE	PTF	2:0
baku-world-championships-2023	Senior Women -62kg	R32	113	LIN Wei-chun	TPE	MAGDALENO ALBIZU Jone	ESP	PTF	2:1
baku-world-championships-2023	Senior Women -62kg	R32	211	FROEMMING Anna-lena	GER	DILLON Faith	USA	PTF	2:1
baku-world-championships-2023	Senior Women -62kg	R32	212	MARTON Viviana	HUN	KRAAYEVELD Ashley	CAN	PTF	2:1
baku-world-championships-2023	Senior Women -62kg	R32	213	OZBEY Ozge	TUR	SAVKOVIC Nadja	SRB	PTF	2:0
baku-world-championships-2023	Senior Women -62kg	R32	311	STOLBOVA Petra	CZE	IORSS Kawehi	FPO	PTF	2:1
baku-world-championships-2023	Senior Women -62kg	R32	312	ARELIC Ivana	CRO	GJELSVIK Karoline	NOR	PTF	2:0
baku-world-championships-2023	Senior Women -62kg	R32	313	TONGCHAN Sasikarn	THA	ZHOU Lijun	CHN	PTF	2:0
baku-world-championships-2023	Senior Women -62kg	R32	410	CHAARI Sarah	BEL	MAKHMUTOVA Nazym	KAZ	PTF	2:1
baku-world-championships-2023	Senior Women -62kg	R32	411	NAM Min-seo	KOR	ALIZADEH ZENOORIN Kimia	RTA	PTF	2:1
baku-world-championships-2023	Senior Women -62kg	R32	412	TARVIDA Jolanta	LAT	DIAW Yacine	SEN	PTF	2:0
baku-world-championships-2023	Senior Women -62kg	R32	413	SANTOS Caroline	BRA	ALVAREZ LOZANO Maria helena	COL	PTF	2:1
baku-world-championships-2023	Senior Women -62kg	R32	510	MIR NOOROLLAHI Seyedeh narges	IRI	MERIEME Khoulal	MAR	PTF	2:0
baku-world-championships-2023	Senior Women -62kg	R32	511	POWELL Aaliyah	GBR	VELAZQUEZ Itzel	MEX	PTF	2:0
baku-world-championships-2023	Senior Women -62kg	R32	512	SADIKOVA Feruza	UZB	ATANASOVA Martina	BUL	PTF	2:0
baku-world-championships-2023	Senior Women -62kg	R16	117	CHAARI Sarah	BEL	MIR NOOROLLAHI Seyedeh narges	IRI	PTF	2:0
baku-world-championships-2023	Senior Women -62kg	R16	118	SADIKOVA Feruza	UZB	TARVIDA Jolanta	LAT	PTF	2:0
baku-world-championships-2023	Senior Women -62kg	R16	217	KHUZINA Liliia	AIN	FROEMMING Anna-lena	GER	PTF	2:0
baku-world-championships-2023	Senior Women -62kg	R16	218	LIN Wei-chun	TPE	OZBEY Ozge	TUR	PTF	2:1
baku-world-championships-2023	Senior Women -62kg	R16	317	NAM Min-seo	KOR	STOLBOVA Petra	CZE	PTF	2:0
baku-world-championships-2023	Senior Women -62kg	R16	318	SANTOS Caroline	BRA	TONGCHAN Sasikarn	THA	PTF	2:0
baku-world-championships-2023	Senior Women -62kg	R16	417	POWELL Aaliyah	GBR	GASPA Cristina	ITA	PTF	2:0
baku-world-championships-2023	Senior Women -62kg	R16	517	MARTON Viviana	HUN	ARELIC Ivana	CRO	PTF	2:0
baku-world-championships-2023	Senior Women -62kg	QF	220	KHUZINA Liliia	AIN	CHAARI Sarah	BEL	PTF	2:0
baku-world-championships-2023	Senior Women -62kg	QF	320	POWELL Aaliyah	GBR	NAM Min-seo	KOR	PTF	2:0
baku-world-championships-2023	Senior Women -62kg	QF	420	SADIKOVA Feruza	UZB	MARTON Viviana	HUN	PTF	2:0
baku-world-championships-2023	Senior Women -62kg	QF	520	SANTOS Caroline	BRA	LIN Wei-chun	TPE	PTF	2:1
baku-world-championships-2023	Senior Women -62kg	SF	322	KHUZINA Liliia	AIN	POWELL Aaliyah	GBR	PTF	2:1
baku-world-championships-2023	Senior Women -62kg	SF	323	SANTOS Caroline	BRA	SADIKOVA Feruza	UZB	PTF	2:1
baku-world-championships-2023	Senior Women -62kg	F	326	KHUZINA Liliia	AIN	SANTOS Caroline	BRA	PTF	2:0
baku-world-championships-2023	Senior Women -67kg	R64	103	DELO Laila	PHI	LOLOHEA Pauline	TGA	PTF	2:1
baku-world-championships-2023	Senior Women -67kg	R64	104	FATNASSI Maram	QAT	BASNET Indira	NEP	PTF	2:0
baku-world-championships-2023	Senior Women -67kg	R64	105	ILIESCO Nathalie	CAN	CHUANG Hsin hsuan	TPE	PTF	2:1
baku-world-championships-2023	Senior Women -67kg	R64	203	SOBIRJONOVA Ozoda	UZB	ESMAEILI Zeinab	IRI	PTF	2:0
baku-world-championships-2023	Senior Women -67kg	R64	204	LAZUTA Vitaliya	AIN	RIVAS Victoria	ARG	PTF	2:0
baku-world-championships-2023	Senior Women -67kg	R64	205	KHUSSAINOVA Nuray	KAZ	COELHO Mafalda	POR	PTF	2:0
baku-world-championships-2023	Senior Women -67kg	R64	302	SALIH Safia	MAR	FABER Isabelle	LUX	PTF	2:0
baku-world-championships-2023	Senior Women -67kg	R64	303	D'ANGELO Natalia	ITA	MORETE Honestly	NZL	PTF	2:0
baku-world-championships-2023	Senior Women -67kg	R64	304	KAYIR Ikra	TUR	RAMIREZ VARGAS Laura	COL	PTF	2:0
baku-world-championships-2023	Senior Women -67kg	R64	305	SARVANAKI Theopoula	GRE	ANDERSEN Jasmin	DEN	PTF	2:0
baku-world-championships-2023	Senior Women -67kg	R64	402	MINK Amy	NED	FOLLECO MINA Dayana	ECU	PTF	2:1
baku-world-championships-2023	Senior Women -67kg	R64	403	TRAN NGUYEN Anh ngan	VIE	MURRAY Rebecca	AUS	PTF	2:0
baku-world-championships-2023	Senior Women -67kg	R64	404	ZAITSEVA Yulia	AIN	REGI Margerette maria	IND	PTF	2:0
baku-world-championships-2023	Senior Women -67kg	R64	502	ROMAN TORRES Naishka	PUR	TRAORE Fanta	MLI	PTF	2:0
baku-world-championships-2023	Senior Women -67kg	R64	503	TEACHOUT Kristina	USA	KOWALKOWSKA Justyna	POL	PTF	2:0
baku-world-championships-2023	Senior Women -67kg	R64	504	POLE Doris	CRO	SJOBERG Frida	SWE	PTF	2:1
baku-world-championships-2023	Senior Women -67kg	R32	113	TITONELI Milena	BRA	SOBIRJONOVA Ozoda	UZB	PTF	2:1
baku-world-championships-2023	Senior Women -67kg	R32	114	LAZUTA Vitaliya	AIN	ANYANACHO Elizabeth oluchi	NGR	PTF	2:0
baku-world-championships-2023	Senior Women -67kg	R32	115	KHUSSAINOVA Nuray	KAZ	JIRANKOVA Iveta	CZE	PTF	2:0
baku-world-championships-2023	Senior Women -67kg	R32	212	AL-SADEQ Julyana	JOR	SALIH Safia	MAR	PTF	2:0
baku-world-championships-2023	Senior Women -67kg	R32	213	D'ANGELO Natalia	ITA	SHEHATA Aya	EGY	PTF	2:1
baku-world-championships-2023	Senior Women -67kg	R32	214	HONG Hyo rim	KOR	KAYIR Ikra	TUR	PTF	2:1
baku-world-championships-2023	Senior Women -67kg	R32	215	WIET HENIN Magda	FRA	SARVANAKI Theopoula	GRE	PTF	2:0
baku-world-championships-2023	Senior Women -67kg	R32	312	GALLARDO Claudia	CHI	MINK Amy	NED	PTF	2:0
baku-world-championships-2023	Senior Women -67kg	R32	313	NILSEN Mari romundset	NOR	TRAN NGUYEN Anh ngan	VIE	PTF	2:0
baku-world-championships-2023	Senior Women -67kg	R32	314	PERISIC Aleksandra	SRB	ZAITSEVA Yulia	AIN	PTF	2:1
baku-world-championships-2023	Senior Women -67kg	R32	412	ZHANG Mengyu	CHN	ROMAN TORRES Naishka	PUR	PTF	2:0
baku-world-championships-2023	Senior Women -67kg	R32	413	TEACHOUT Kristina	USA	AZIZOVA Farida	AZE	PTF	2:0
baku-world-championships-2023	Senior Women -67kg	R32	414	POLE Doris	CRO	SOLTERO Leslie	MEX	PTF	2:0
baku-world-championships-2023	Senior Women -67kg	R32	512	CASTRO BURGOS Cecilia	ESP	DELO Laila	PHI	PTF	2:0
baku-world-championships-2023	Senior Women -67kg	R32	513	GBAGBI Ruth	CIV	FATNASSI Maram	QAT	PTF	2:0
baku-world-championships-2023	Senior Women -67kg	R32	514	WILLIAMS Lauren	GBR	ILIESCO Nathalie	CAN	PTF	2:0
baku-world-championships-2023	Senior Women -67kg	R16	122	ZHANG Mengyu	CHN	CASTRO BURGOS Cecilia	ESP	PTF	2:0
baku-world-championships-2023	Senior Women -67kg	R16	123	POLE Doris	CRO	WILLIAMS Lauren	GBR	PTF	2:0
baku-world-championships-2023	Senior Women -67kg	R16	222	D'ANGELO Natalia	ITA	TITONELI Milena	BRA	PTF	2:1
baku-world-championships-2023	Senior Women -67kg	R16	223	WIET HENIN Magda	FRA	KHUSSAINOVA Nuray	KAZ	PTF	2:0
baku-world-championships-2023	Senior Women -67kg	R16	322	NILSEN Mari romundset	NOR	TEACHOUT Kristina	USA	PTF	2:1
baku-world-championships-2023	Senior Women -67kg	R16	422	GBAGBI Ruth	CIV	LAZUTA Vitaliya	AIN	PTF	2:0
baku-world-championships-2023	Senior Women -67kg	R16	521	AL-SADEQ Julyana	JOR	GALLARDO Claudia	CHI	PTF	2:1
baku-world-championships-2023	Senior Women -67kg	R16	522	HONG Hyo rim	KOR	PERISIC Aleksandra	SRB	PTF	2:1
baku-world-championships-2023	Senior Women -67kg	QF	127	GBAGBI Ruth	CIV	HONG Hyo rim	KOR	PTF	2:1
baku-world-championships-2023	Senior Women -67kg	QF	227	WIET HENIN Magda	FRA	POLE Doris	CRO	PTF	2:0
baku-world-championships-2023	Senior Women -67kg	QF	426	AL-SADEQ Julyana	JOR	ZHANG Mengyu	CHN	PTF	2:0
baku-world-championships-2023	Senior Women -67kg	QF	526	NILSEN Mari romundset	NOR	D'ANGELO Natalia	ITA	PTF	2:1
baku-world-championships-2023	Senior Women -67kg	SF	329	AL-SADEQ Julyana	JOR	NILSEN Mari romundset	NOR	PTF	2:0
baku-world-championships-2023	Senior Women -67kg	SF	330	WIET HENIN Magda	FRA	GBAGBI Ruth	CIV	PTF	2:0
baku-world-championships-2023	Senior Women -67kg	F	335	WIET HENIN Magda	FRA	AL-SADEQ Julyana	JOR	PTF	2:1
baku-world-championships-2023	Senior Women -73kg	R64	112	NICHOLSON Sofie	CAN	DAS Etisha	IND	PTF	2:0
baku-world-championships-2023	Senior Women -73kg	R32	119	FAROUK Maisoun	EGY	LEE Ava soon	HAI	PTF	2:1
baku-world-championships-2023	Senior Women -73kg	R32	120	LEE Dabin	KOR	BERISAJ Andela	MNE	PTF	2:0
baku-world-championships-2023	Senior Women -73kg	R32	121	ABO-ALRUB Rama	JOR	DANGNIDE Abenan jessica anicette	CIV	PTF	2:0
baku-world-championships-2023	Senior Women -73kg	R32	219	GORMAN-SHORE Madelynn	USA	CAI Nian en	TPE	PTF	2:1
baku-world-championships-2023	Senior Women -73kg	R32	220	DENIZ Cansel	KAZ	DELIDIMITRI Anastasia christini	GRE	PTF	2:0
baku-world-championships-2023	Senior Women -73kg	R32	221	MOUEGA Urgence	GAB	DA SILVA BATISTA DE SOUZA Thaisa	BRA	PTF	2:0
baku-world-championships-2023	Senior Women -73kg	R32	319	MCGOWAN Rebecca	GBR	SONG Jie	CHN	PTF	2:0
baku-world-championships-2023	Senior Women -73kg	R32	320	MORAN ROMERO Belen	ESP	SELMAN Ward	LBN	PTF	2:0
baku-world-championships-2023	Senior Women -73kg	R32	321	OMAYMA Boumh	MAR	TAMEZ Victoria	MEX	PTF	2:1
baku-world-championships-2023	Senior Women -73kg	R32	418	BOZANIC Nadica	SRB	NICHOLSON Sofie	CAN	PTF	2:0
baku-world-championships-2023	Senior Women -73kg	R32	419	FUREDI Rebeka	HUN	WEEKES Crystal	PUR	PTF	2:0
baku-world-championships-2023	Senior Women -73kg	R32	420	KHAN Polina	AIN	STELLINO Emily	AUS	PTF	2:0
baku-world-championships-2023	Senior Women -73kg	R32	421	LAURIN Althea	FRA	VITAL Sara	POR	PTF	2:0
baku-world-championships-2023	Senior Women -73kg	R32	518	JELIC Matea	CRO	UZUNCAVDAR Sude yaren	TUR	PTF	2:1
baku-world-championships-2023	Senior Women -73kg	R32	519	SMIRAGLIA Maristella	ITA	POURESMAEILKARANI Zahra	IRI	PTF	2:1
baku-world-championships-2023	Senior Women -73kg	R32	520	SCHNEIDER Yanna	GER	ALIEVA Saodat	UZB	PTF	2:0
baku-world-championships-2023	Senior Women -73kg	R16	125	JELIC Matea	CRO	BOZANIC Nadica	SRB	PTF	2:0
baku-world-championships-2023	Senior Women -73kg	R16	126	KHAN Polina	AIN	SCHNEIDER Yanna	GER	PTF	2:1
baku-world-championships-2023	Senior Women -73kg	R16	225	FAROUK Maisoun	EGY	GORMAN-SHORE Madelynn	USA	PTF	2:1
baku-world-championships-2023	Senior Women -73kg	R16	226	ABO-ALRUB Rama	JOR	MOUEGA Urgence	GAB	PTF	2:1
baku-world-championships-2023	Senior Women -73kg	R16	325	MCGOWAN Rebecca	GBR	FUREDI Rebeka	HUN	PTF	2:0
baku-world-championships-2023	Senior Women -73kg	R16	326	LAURIN Althea	FRA	OMAYMA Boumh	MAR	PTF	2:1
baku-world-championships-2023	Senior Women -73kg	R16	425	SMIRAGLIA Maristella	ITA	LEE Dabin	KOR	PTF	2:0
baku-world-championships-2023	Senior Women -73kg	R16	525	DENIZ Cansel	KAZ	MORAN ROMERO Belen	ESP	PTF	2:0
baku-world-championships-2023	Senior Women -73kg	QF	228	JELIC Matea	CRO	FAROUK Maisoun	EGY	PTF	2:0
baku-world-championships-2023	Senior Women -73kg	QF	328	MCGOWAN Rebecca	GBR	SMIRAGLIA Maristella	ITA	PTF	2:0
baku-world-championships-2023	Senior Women -73kg	QF	428	KHAN Polina	AIN	DENIZ Cansel	KAZ	PTF	2:1
baku-world-championships-2023	Senior Women -73kg	QF	528	LAURIN Althea	FRA	ABO-ALRUB Rama	JOR	PTF	2:0
baku-world-championships-2023	Senior Women -73kg	SF	333	MCGOWAN Rebecca	GBR	JELIC Matea	CRO	PTF	2:0
baku-world-championships-2023	Senior Women -73kg	SF	334	LAURIN Althea	FRA	KHAN Polina	AIN	PTF	2:0
baku-world-championships-2023	Senior Women -73kg	F	337	LAURIN Althea	FRA	MCGOWAN Rebecca	GBR	PTF	2:0
baku-world-championships-2023	Senior Women +73kg	R32	108	ZHOU Zeqi	CHN	AZRAN Dana	ISR	PTF	2:0
baku-world-championships-2023	Senior Women +73kg	R32	109	KUS Nafia	TUR	NTEMOGIANNI Paraskevi	GRE	PTF	2:0
baku-world-championships-2023	Senior Women +73kg	R32	110	SONG Da bin	KOR	CASTINEIRA ETCHEVERRIA Tania	ESP	PTF	2:0
baku-world-championships-2023	Senior Women +73kg	R32	208	KOWALCZUK Aleksandra	POL	BIMYRZA Rakoni	KAZ	PTF	2:0
baku-world-championships-2023	Senior Women +73kg	R32	209	STEWART Reba	AUS	BARUA Rodali	IND	PTF	2:1
baku-world-championships-2023	Senior Women +73kg	R32	210	ADEBAIO Kristina	AIN	GARCIA Paloma	MEX	PTF	2:0
baku-world-championships-2023	Senior Women +73kg	R32	308	ABOUFARAS Fatima-ezzahra	MAR	BATHILY Astan katherine feghe	CIV	PTF	2:0
baku-world-championships-2023	Senior Women +73kg	R32	309	GLORIA Mosquera	COL	TEPAVAC Ana	SRB	PTF	2:0
baku-world-championships-2023	Senior Women +73kg	R32	310	KLEPAC Nika	CRO	BRANDL Lorena	GER	PTF	2:0
baku-world-championships-2023	Senior Women +73kg	R32	407	PAN Yun ci	TPE	FERNANDEZ Carolina	VEN	PTF	2:0
baku-world-championships-2023	Senior Women +73kg	R32	408	KECK Hannah	USA	FOUNTAIN Rachel	CAN	PTF	2:0
baku-world-championships-2023	Senior Women +73kg	R32	409	SHIPMAN Aliyah	HAI	SIQUEIRA Gabriele	BRA	PTF	2:1
baku-world-championships-2023	Senior Women +73kg	R32	507	AVOULETTE Solene	FRA	BOYADZHIEVA Kalina	BUL	PTF	2:0
baku-world-championships-2023	Senior Women +73kg	R32	508	OSIPOVA Svetlana	UZB	ILIC Alessandra	ITA	PTF	2:0
baku-world-championships-2023	Senior Women +73kg	R32	509	JAHL Marlene	AUT	MUNAVE Carlota	SWZ	PTF	2:0
baku-world-championships-2023	Senior Women +73kg	R16	114	AVOULETTE Solene	FRA	ZHOU Zeqi	CHN	PTF	2:1
baku-world-championships-2023	Senior Women +73kg	R16	115	JAHL Marlene	AUT	SONG Da bin	KOR	PTF	2:1
baku-world-championships-2023	Senior Women +73kg	R16	214	ABOUFARAS Fatima-ezzahra	MAR	KOWALCZUK Aleksandra	POL	PTF	2:0
baku-world-championships-2023	Senior Women +73kg	R16	215	ADEBAIO Kristina	AIN	KLEPAC Nika	CRO	PTF	2:0
baku-world-championships-2023	Senior Women +73kg	R16	314	OSIPOVA Svetlana	UZB	KECK Hannah	USA	WDR	
baku-world-championships-2023	Senior Women +73kg	R16	414	KUS Nafia	TUR	STEWART Reba	AUS	PTF	2:0
baku-world-championships-2023	Senior Women +73kg	R16	513	COOK Bianca	GBR	PAN Yun ci	TPE	PTF	2:0
baku-world-championships-2023	Senior Women +73kg	R16	514	GLORIA Mosquera	COL	SHIPMAN Aliyah	HAI	PTF	2:0
baku-world-championships-2023	Senior Women +73kg	QF	117	COOK Bianca	GBR	AVOULETTE Solene	FRA	PTF	2:0
baku-world-championships-2023	Senior Women +73kg	QF	217	OSIPOVA Svetlana	UZB	ABOUFARAS Fatima-ezzahra	MAR	PTF	2:1
baku-world-championships-2023	Senior Women +73kg	QF	317	KUS Nafia	TUR	GLORIA Mosquera	COL	PTF	2:1
baku-world-championships-2023	Senior Women +73kg	QF	417	ADEBAIO Kristina	AIN	JAHL Marlene	AUT	PTF	2:0
baku-world-championships-2023	Senior Women +73kg	SF	319	OSIPOVA Svetlana	UZB	COOK Bianca	GBR	PTF	2:0
baku-world-championships-2023	Senior Women +73kg	SF	320	KUS Nafia	TUR	ADEBAIO Kristina	AIN	PTF	2:1
baku-world-championships-2023	Senior Women +73kg	F	323	KUS Nafia	TUR	OSIPOVA Svetlana	UZB	PTF	2:1
