baku-world-championships-2023	Senior Men -54kg	PARK Tae-joon	KOR	1
baku-world-championships-2023	Senior Men -54kg	ARILLO VAZQUEZ Hugo	ESP	2
baku-world-championships-2023	Senior Men -54kg	OTAJONOV Omonjon	UZB	3
baku-world-championships-2023	Senior Men -54kg	POLAT Gorkem	TUR	3
baku-world-championships-2023	Senior Men -54kg	ABDEL HALIM Khaled	GER	
baku-world-championships-2023	Senior Men -54kg	ADEMI Bleron	SWE	
baku-world-championships-2023	Senior Men -54kg	AKHALADZE Data	GEO	
baku-world-championships-2023	Senior Men -54kg	AL-ALI Sultan	UAE	
baku-world-championships-2023	Senior Men -54kg	ALDABBA Anas	PLE	
baku-world-championships-2023	Senior Men -54kg	ALVAREZ Melvy	USA	
baku-world-championships-2023	Senior Men -54kg	AMADOU Mahamadou	NIG	
baku-world-championships-2023	Senior Men -54kg	AMINI Mohammad ramin	AFG	
baku-world-championships-2023	Senior Men -54kg	BAGOV Idar	AIN	
baku-world-championships-2023	Senior Men -54kg	BARBOSA Kurt bryan	PHI	
baku-world-championships-2023	Senior Men -54kg	BENITEZ DE JESUS Norberto	PUR	
baku-world-championships-2023	Senior Men -54kg	BERROUHOU Hatim	MAR	
baku-world-championships-2023	Senior Men -54kg	BIST Sumit	NEP	
baku-world-championships-2023	Senior Men -54kg	BUHAGIAR Jake	AUS	
baku-world-championships-2023	Senior Men -54kg	CHEN Po-yen	TPE	
baku-world-championships-2023	Senior Men -54kg	DADASHOV Sayyad	AZE	
baku-world-championships-2023	Senior Men -54kg	DEL VECCHIO Teodoro	ITA	
baku-world-championships-2023	Senior Men -54kg	DEMSE Solomon	ETH	
baku-world-championships-2023	Senior Men -54kg	DIALLO Ibrahima joel	CIV	
baku-world-championships-2023	Senior Men -54kg	DIMITROPOULOS Konstantinos	GRE	
baku-world-championships-2023	Senior Men -54kg	DUBE Mfanawekhaya	SWZ	
baku-world-championships-2023	Senior Men -54kg	FERREIRA Pedro nunes	POR	
baku-world-championships-2023	Senior Men -54kg	GARRIDO REYES Brayan	COL	
baku-world-championships-2023	Senior Men -54kg	GEORGIEV Hristiyan	BUL	
baku-world-championships-2023	Senior Men -54kg	GUY CALEB Benumugisha	BDI	
baku-world-championships-2023	Senior Men -54kg	HAJIMOUSAEI Mahdi	IRI	
baku-world-championships-2023	Senior Men -54kg	HAMDI Riad	KSA	
baku-world-championships-2023	Senior Men -54kg	HOEFLING Nicholas	CAN	
baku-world-championships-2023	Senior Men -54kg	IHMEDAN Loiy	JOR	
baku-world-championships-2023	Senior Men -54kg	ISLAMOV Zhavokhirkhon	KAZ	
baku-world-championships-2023	Senior Men -54kg	JEAN-BAPTISTE Gregory	HAI	
baku-world-championships-2023	Senior Men -54kg	KAZLOU Yahor	AIN	
baku-world-championships-2023	Senior Men -54kg	KHAN Shahzaib	PAK	
baku-world-championships-2023	Senior Men -54kg	KUMAR Aman	IND	
baku-world-championships-2023	Senior Men -54kg	MAHAMAD Sirawit	THA	
baku-world-championships-2023	Senior Men -54kg	MANSON Maxwell	SLE	
baku-world-championships-2023	Senior Men -54kg	MANSOUR Youssef	EGY	
baku-world-championships-2023	Senior Men -54kg	MELO Paulo	BRA	
baku-world-championships-2023	Senior Men -54kg	MENACHO VARGAS Yosthin beniamin	BOL	
baku-world-championships-2023	Senior Men -54kg	MIRANDA Adrian	ECU	
baku-world-championships-2023	Senior Men -54kg	MOLJ Domen	SLO	
baku-world-championships-2023	Senior Men -54kg	MOLLE Milan	NED	
baku-world-championships-2023	Senior Men -54kg	MORIKAWA Wataru	JPN	
baku-world-championships-2023	Senior Men -54kg	PASHCOVSKY Tom	ISR	
baku-world-championships-2023	Senior Men -54kg	RODRIGUEZ Cesar	MEX	
baku-world-championships-2023	Senior Men -54kg	SAMIDINOV Nurkhan	KGZ	
baku-world-championships-2023	Senior Men -54kg	TAN Sebastian	MAS	
baku-world-championships-2023	Senior Men -54kg	TESKERA Josip	CRO	
baku-world-championships-2023	Senior Men -54kg	VIZDIKLAR Suleyman	KOS	
baku-world-championships-2023	Senior Men -54kg	WANG Deshuang	CHN	
baku-world-championships-2023	Senior Men -58kg	BAE Jun-seo	KOR	1
baku-world-championships-2023	Senior Men -58kg	GURTSIEV Georgii	AIN	2
baku-world-championships-2023	Senior Men -58kg	ALTARYREH Mahmoud	JOR	3
baku-world-championships-2023	Senior Men -58kg	VICENTE YUNTA Adrian	ESP	3
baku-world-championships-2023	Senior Men -58kg	ABABAKIROV Samirkhon	KAZ	
baku-world-championships-2023	Senior Men -58kg	ACHNINE Aymen	NED	
baku-world-championships-2023	Senior Men -58kg	ALAMI Josef	SWE	
baku-world-championships-2023	Senior Men -58kg	ALMERSHAD Ali	KUW	
baku-world-championships-2023	Senior Men -58kg	ALSAMIH Fahad samih n	KSA	
baku-world-championships-2023	Senior Men -58kg	ALTYBAEV Aidin	KGZ	
baku-world-championships-2023	Senior Men -58kg	BARTHOLO Matheus	BRA	
baku-world-championships-2023	Senior Men -58kg	BELANOVIC Uros	SRB	
baku-world-championships-2023	Senior Men -58kg	BERO Tatenda justice	ZIM	
baku-world-championships-2023	Senior Men -58kg	BETEL Casimir	CHA	
baku-world-championships-2023	Senior Men -58kg	BLLACA Denis	KOS	
baku-world-championships-2023	Senior Men -58kg	BOGDANOV Hristo	BUL	
baku-world-championships-2023	Senior Men -58kg	BOVKUN Viacheslav	AIN	
baku-world-championships-2023	Senior Men -58kg	BRAGANCA Rui	POR	
baku-world-championships-2023	Senior Men -58kg	CALIK Enis	GER	
baku-world-championships-2023	Senior Men -58kg	CAZEAU Woobens	HAI	
baku-world-championships-2023	Senior Men -58kg	CAZEAU Woobens	HAI	
baku-world-championships-2023	Senior Men -58kg	CHAUDHARI Niraj dilip	IND	
baku-world-championships-2023	Senior Men -58kg	CHAVEZ Dex ian	PHI	
baku-world-championships-2023	Senior Men -58kg	CHENG Kai	CHN	
baku-world-championships-2023	Senior Men -58kg	CHIOK Chun yin	HKG	
baku-world-championships-2023	Senior Men -58kg	CUNNINGHAM William	USA	
baku-world-championships-2023	Senior Men -58kg	DAYIOGLU Omer faruk	TUR	
baku-world-championships-2023	Senior Men -58kg	DELL'AQUILA Vito	ITA	
baku-world-championships-2023	Senior Men -58kg	DIAKITE Issa	CIV	
baku-world-championships-2023	Senior Men -58kg	FLEGAR Jan	CRO	
baku-world-championships-2023	Senior Men -58kg	FUENTES David	GUA	
baku-world-championships-2023	Senior Men -58kg	GNOLO EWANE EKWELLE Jopiza blondel	CMR	
baku-world-championships-2023	Senior Men -58kg	GUZMAN Lucas	ARG	
baku-world-championships-2023	Senior Men -58kg	HIGASHIJIMA Seiya	JPN	
baku-world-championships-2023	Senior Men -58kg	HOSSEINPOUR Alireza	IRI	
baku-world-championships-2023	Senior Men -58kg	HUANG Yu-xiang	TPE	
baku-world-championships-2023	Senior Men -58kg	ISSAKA GARBA Nouridine	NIG	
baku-world-championships-2023	Senior Men -58kg	JENDOUBI Mohamed khalil	TUN	
baku-world-championships-2023	Senior Men -58kg	KHAN Haroon	PAK	
baku-world-championships-2023	Senior Men -58kg	KHAVARI Mahdi	RTA	
baku-world-championships-2023	Senior Men -58kg	KOUDSI Raphael	LBN	
baku-world-championships-2023	Senior Men -58kg	KRECH WATENE Cole	NZL	
baku-world-championships-2023	Senior Men -58kg	LEWIS Bailey	AUS	
baku-world-championships-2023	Senior Men -58kg	LIYANGE Chalinda sampath liyange	SRI	
baku-world-championships-2023	Senior Men -58kg	MAGOMEDOV Gashim	AZE	
baku-world-championships-2023	Senior Men -58kg	MANSOUR Mostafa	EGY	
baku-world-championships-2023	Senior Men -58kg	MEDJAHED Saif eddine	ALG	
baku-world-championships-2023	Senior Men -58kg	MERDANAJ Ernest	ALB	
baku-world-championships-2023	Senior Men -58kg	MOHAMMED Muath	BRN	
baku-world-championships-2023	Senior Men -58kg	MORALES HANCE Edrick	PUR	
baku-world-championships-2023	Senior Men -58kg	MOUBELE IPOPA Aroune	GAB	
baku-world-championships-2023	Senior Men -58kg	MYRIE Isaac	SOL	
baku-world-championships-2023	Senior Men -58kg	NAGAEV Dmitriy	ISR	
baku-world-championships-2023	Senior Men -58kg	NOUR Mohammed	GBR	
baku-world-championships-2023	Senior Men -58kg	OCHOA Jefferson	COL	
baku-world-championships-2023	Senior Men -58kg	PARK Braven	CAN	
baku-world-championships-2023	Senior Men -58kg	PIZARRO GALLARDO Vicente	CHI	
baku-world-championships-2023	Senior Men -58kg	PLAZA HERNANDEZ Brandon	MEX	
baku-world-championships-2023	Senior Men -58kg	RAPSOMANIKIS Dionysios	GRE	
baku-world-championships-2023	Senior Men -58kg	RAVET Cyrian	FRA	
baku-world-championships-2023	Senior Men -58kg	REZAEE Mohsen	AFG	
baku-world-championships-2023	Senior Men -58kg	SAARINEN Niko	FIN	
baku-world-championships-2023	Senior Men -58kg	SAINBILEG Gan-erdene	MGL	
baku-world-championships-2023	Senior Men -58kg	SALIM Omar gergely	HUN	
baku-world-championships-2023	Senior Men -58kg	SIMPARA Youssouf	MLI	
baku-world-championships-2023	Senior Men -58kg	TURAEV Amirbek	UZB	
baku-world-championships-2023	Senior Men -58kg	USCOV Serghei	MDA	
baku-world-championships-2023	Senior Men -58kg	WOOLLEY Jack	IRL	
baku-world-championships-2023	Senior Men -58kg	YASER ISMAIL Omar	PLE	
baku-world-championships-2023	Senior Men -58kg	YODRAK Thanakrit	THA	
baku-world-championships-2023	Senior Men -58kg	YOUSSOUF Moktar	DJI	
baku-world-championships-2023	Senior Men -63kg	RECBER Hakan	TUR	1
baku-world-championships-2023	Senior Men -63kg	TUBTIMDANG Banlung	THA	2
baku-world-championships-2023	Senior Men -63kg	JORQUERA CALA Joan	ESP	3
baku-world-championships-2023	Senior Men -63kg	NAVARRO Carlos	MEX	3
baku-world-championships-2023	Senior Men -63kg	AGUSHI Arnis	KOS	
baku-world-championships-2023	Senior Men -63kg	AL GHOTANI Yehya	RTA	
baku-world-championships-2023	Senior Men -63kg	ALAPHILIPPE Souleyman	FRA	
baku-world-championships-2023	Senior Men -63kg	ALE Gobinda bahadur	NEP	
baku-world-championships-2023	Senior Men -63kg	ALHALAWANI Zaid	JOR	
baku-world-championships-2023	Senior Men -63kg	ALMESMARI Hassan	UAE	
baku-world-championships-2023	Senior Men -63kg	ARBAZ KHAN Muhammad	PAK	
baku-world-championships-2023	Senior Men -63kg	ARTAMONOV Mikhail	AIN	
baku-world-championships-2023	Senior Men -63kg	ASHOURZADEH FALLAH Farzan	IRI	
baku-world-championships-2023	Senior Men -63kg	AZIZI Alisina	RTA	
baku-world-championships-2023	Senior Men -63kg	BANDAREVICH Maksim	AIN	
baku-world-championships-2023	Senior Men -63kg	BARETTA Dennis	ITA	
baku-world-championships-2023	Senior Men -63kg	BARETTA Eduardo	BRA	
baku-world-championships-2023	Senior Men -63kg	BELEN Ian manuel	PUR	
baku-world-championships-2023	Senior Men -63kg	BOUASSA TANDIALA Jonathan	CGO	
baku-world-championships-2023	Senior Men -63kg	BOUJEMAI Fares	TUN	
baku-world-championships-2023	Senior Men -63kg	BRECIC Lovre	CRO	
baku-world-championships-2023	Senior Men -63kg	BRITTON Shane	CAN	
baku-world-championships-2023	Senior Men -63kg	BUENAVIDES Kenneth	USA	
baku-world-championships-2023	Senior Men -63kg	CANI Juirdo	ALB	
baku-world-championships-2023	Senior Men -63kg	CHAN Kin fung	HKG	
baku-world-championships-2023	Senior Men -63kg	CHIPKAOU KOCHE Maman mansour	NIG	
baku-world-championships-2023	Senior Men -63kg	CHUA Joseph	PHI	
baku-world-championships-2023	Senior Men -63kg	DASHDAVAA Chinzorig	MGL	
baku-world-championships-2023	Senior Men -63kg	DIMITROV Denis	BUL	
baku-world-championships-2023	Senior Men -63kg	DIOP Bocar	SEN	
baku-world-championships-2023	Senior Men -63kg	DJONKO Ibrahim	BIH	
baku-world-championships-2023	Senior Men -63kg	GARRIDO REYES Jhon deivi	COL	
baku-world-championships-2023	Senior Men -63kg	GAZEZ Nurbek	KAZ	
baku-world-championships-2023	Senior Men -63kg	GHALI Zakariya mohammad	KSA	
baku-world-championships-2023	Senior Men -63kg	GRANADO Yohandri	VEN	
baku-world-championships-2023	Senior Men -63kg	HONEINE Ralph	LBN	
baku-world-championships-2023	Senior Men -63kg	HSU Hao-yu	TPE	
baku-world-championships-2023	Senior Men -63kg	HYTTEL Tobias	DEN	
baku-world-championships-2023	Senior Men -63kg	ISAEV Bekhruzbek	UZB	
baku-world-championships-2023	Senior Men -63kg	KARIMOV Khanoghlan	AZE	
baku-world-championships-2023	Senior Men -63kg	KIM Tae yong	KOR	
baku-world-championships-2023	Senior Men -63kg	KONATE Ben younouss	CIV	
baku-world-championships-2023	Senior Men -63kg	KONE Bakary	MLI	
baku-world-championships-2023	Senior Men -63kg	KONSTANTINIDIS Iordanis	GER	
baku-world-championships-2023	Senior Men -63kg	KUMAR Ajay	IND	
baku-world-championships-2023	Senior Men -63kg	LIANG Yushuai	CHN	
baku-world-championships-2023	Senior Men -63kg	MAEDA Toshitaka	JPN	
baku-world-championships-2023	Senior Men -63kg	MARTINS Alfredo	POR	
baku-world-championships-2023	Senior Men -63kg	MOORES-DUFFIELD Tyrone kendall	SOM	
baku-world-championships-2023	Senior Men -63kg	NDONG OBAME Severin	GAB	
baku-world-championships-2023	Senior Men -63kg	NIETO Jose	ECU	
baku-world-championships-2023	Senior Men -63kg	NIITMETS Keanu	EST	
baku-world-championships-2023	Senior Men -63kg	OLIVERO TORO Cristian	CHI	
baku-world-championships-2023	Senior Men -63kg	PILAVAKIS Ioannis	CYP	
baku-world-championships-2023	Senior Men -63kg	ROGOZHINE Egor	ISR	
baku-world-championships-2023	Senior Men -63kg	RYSKULOV Baiastan	KGZ	
baku-world-championships-2023	Senior Men -63kg	SADR ZADA Bizhan	AFG	
baku-world-championships-2023	Senior Men -63kg	SALIM Sharif gergely	HUN	
baku-world-championships-2023	Senior Men -63kg	STANIC Novak	SRB	
baku-world-championships-2023	Senior Men -63kg	SUMMERFIELD Matthew	AUS	
baku-world-championships-2023	Senior Men -63kg	TARINI Samuel	SMR	
baku-world-championships-2023	Senior Men -63kg	TIRANVALIPOUR Hadi	RTA	
baku-world-championships-2023	Senior Men -63kg	TSIAOUSIS Marios	GRE	
baku-world-championships-2023	Senior Men -63kg	VESTERLUND Linus	SWE	
baku-world-championships-2023	Senior Men -63kg	WASFI Abdelbasset	MAR	
baku-world-championships-2023	Senior Men -68kg	SINDEN Bradly	GBR	1
baku-world-championships-2023	Senior Men -68kg	JIN Ho-jun	KOR	2
baku-world-championships-2023	Senior Men -68kg	RASHITOV Ulugbek	UZB	3
baku-world-championships-2023	Senior Men -68kg	REZAEI Matin	IRI	3
baku-world-championships-2023	Senior Men -68kg	ABBASI Ali reza	AFG	
baku-world-championships-2023	Senior Men -68kg	ACUNA Jose luis	ARG	
baku-world-championships-2023	Senior Men -68kg	AFONCZENKO Thomas	AUS	
baku-world-championships-2023	Senior Men -68kg	AGHAYEV Javad	AZE	
baku-world-championships-2023	Senior Men -68kg	AKEL Romet	EST	
baku-world-championships-2023	Senior Men -68kg	ALCANTARA Arven	PHI	
baku-world-championships-2023	Senior Men -68kg	ALIAN Ali	SWE	
baku-world-championships-2023	Senior Men -68kg	ALIU Egers	ALB	
baku-world-championships-2023	Senior Men -68kg	AOUINI Jasser	TUN	
baku-world-championships-2023	Senior Men -68kg	AZEMI Arber	KOS	
baku-world-championships-2023	Senior Men -68kg	BARAKAT Eyad	EGY	
baku-world-championships-2023	Senior Men -68kg	BENITEZ Adrian	PUR	
baku-world-championships-2023	Senior Men -68kg	BEQAJ Zinedin	MNE	
baku-world-championships-2023	Senior Men -68kg	BIRIMBAY Eldar	KAZ	
baku-world-championships-2023	Senior Men -68kg	CASAS GARCIA Iker	MEX	
baku-world-championships-2023	Senior Men -68kg	CECCARONI Michele	SMR	
baku-world-championships-2023	Senior Men -68kg	CHAMALIDIS Konstantinos	GRE	
baku-world-championships-2023	Senior Men -68kg	CHIU Yi-jui	TPE	
baku-world-championships-2023	Senior Men -68kg	CHO Chaichon	THA	
baku-world-championships-2023	Senior Men -68kg	CHOUHAN Prithvi raj	IND	
baku-world-championships-2023	Senior Men -68kg	CREP Matija	CRO	
baku-world-championships-2023	Senior Men -68kg	DANILOV Ilia	AIN	
baku-world-championships-2023	Senior Men -68kg	DAVASON Hogni	FRO	
baku-world-championships-2023	Senior Men -68kg	DJONKO Muhamed	BIH	
baku-world-championships-2023	Senior Men -68kg	DZHORDZHEV Mitko	BUL	
baku-world-championships-2023	Senior Men -68kg	EL ATTARI Mohamed	MAR	
baku-world-championships-2023	Senior Men -68kg	F. A. ABDELRAZEQ Fahid	PLE	
baku-world-championships-2023	Senior Men -68kg	FOFANA Mohamed	MLI	
baku-world-championships-2023	Senior Men -68kg	FRGOLEC Miroslav	SVK	
baku-world-championships-2023	Senior Men -68kg	GALLAND Warrick	SUI	
baku-world-championships-2023	Senior Men -68kg	HARRIS Khalfani	USA	
baku-world-championships-2023	Senior Men -68kg	HOLLAND Edward	SLE	
baku-world-championships-2023	Senior Men -68kg	JORGENSEN Otto	DEN	
baku-world-championships-2023	Senior Men -68kg	JOZSA Levente	HUN	
baku-world-championships-2023	Senior Men -68kg	KAREEM Zaid	JOR	
baku-world-championships-2023	Senior Men -68kg	KATOH Takato	JPN	
baku-world-championships-2023	Senior Men -68kg	KAVTARADZE Beka	GEO	
baku-world-championships-2023	Senior Men -68kg	KAVURAT Ferhat can	TUR	
baku-world-championships-2023	Senior Men -68kg	KHAFAJI Hasanein	IRQ	
baku-world-championships-2023	Senior Men -68kg	KOBENAN Aaron francois	CIV	
baku-world-championships-2023	Senior Men -68kg	KRIVISHKIY Nimrod	ISR	
baku-world-championships-2023	Senior Men -68kg	KURMANALIEV Eldar	KGZ	
baku-world-championships-2023	Senior Men -68kg	LARGAESPADA SALAZAR Oliver rene	NCA	
baku-world-championships-2023	Senior Men -68kg	LO Mouhamadou mansour	SEN	
baku-world-championships-2023	Senior Men -68kg	LO Wai fung	HKG	
baku-world-championships-2023	Senior Men -68kg	LUCIEN Theo	FRA	
baku-world-championships-2023	Senior Men -68kg	MAHARA Bir bahadur	NEP	
baku-world-championships-2023	Senior Men -68kg	MAIGA Ibrahim	BUR	
baku-world-championships-2023	Senior Men -68kg	MEKONTCHOU Wilfried	CMR	
baku-world-championships-2023	Senior Men -68kg	MONTUFAR Diego	GUA	
baku-world-championships-2023	Senior Men -68kg	MORALES Ignacio	CHI	
baku-world-championships-2023	Senior Men -68kg	MOUSSA Amar cisse	GAB	
baku-world-championships-2023	Senior Men -68kg	NAMAI Tetaake	KIR	
baku-world-championships-2023	Senior Men -68kg	OZKAYA Imran	GER	
baku-world-championships-2023	Senior Men -68kg	PARK Tae ku	CAN	
baku-world-championships-2023	Senior Men -68kg	PAZ ROCHA David felipe	COL	
baku-world-championships-2023	Senior Men -68kg	PEREIRA Renato	POR	
baku-world-championships-2023	Senior Men -68kg	PEREZ POLO Javier	ESP	
baku-world-championships-2023	Senior Men -68kg	PHIRI Joseph junior	MAW	
baku-world-championships-2023	Senior Men -68kg	PIE Bernardo	DOM	
baku-world-championships-2023	Senior Men -68kg	RADWAN Ali	AIN	
baku-world-championships-2023	Senior Men -68kg	RYDER Alex	NZL	
baku-world-championships-2023	Senior Men -68kg	SAMAHA Habib	LBN	
baku-world-championships-2023	Senior Men -68kg	SHALAN Mohammad	QAT	
baku-world-championships-2023	Senior Men -68kg	SOUZA DINIZ Joao victor	BRA	
baku-world-championships-2023	Senior Men -68kg	SZCZESNOWSKI Mateusz	POL	
baku-world-championships-2023	Senior Men -68kg	TEFERA Solomon	ETH	
baku-world-championships-2023	Senior Men -68kg	TSAGAANTSOOJ Bayanbat	MGL	
baku-world-championships-2023	Senior Men -68kg	XIAO Chenming	CHN	
baku-world-championships-2023	Senior Men -74kg	GOLUBIC Marko	CRO	1
baku-world-championships-2023	Senior Men -74kg	TAKOV Stefan	SRB	2
baku-world-championships-2023	Senior Men -74kg	DAUROV Kadyrbech	AIN	3
baku-world-championships-2023	Senior Men -74kg	SEJRANOVIC Leon	AUS	3
baku-world-championships-2023	Senior Men -74kg	ACHAB Badr	BEL	
baku-world-championships-2023	Senior Men -74kg	ASSIS MATOS Vinicius	BRA	
baku-world-championships-2023	Senior Men -74kg	BAHLOOOL Ahmad	PLE	
baku-world-championships-2023	Senior Men -74kg	BAJRA Arbnor	KOS	
baku-world-championships-2023	Senior Men -74kg	BINEV Kaloyan	BUL	
baku-world-championships-2023	Senior Men -74kg	BOOTH Cameron	GBR	
baku-world-championships-2023	Senior Men -74kg	BUENAVENTURA Lorenzo ezekiel	USA	
baku-world-championships-2023	Senior Men -74kg	BURA Mihai cristian	ROU	
baku-world-championships-2023	Senior Men -74kg	CEA Dave	PHI	
baku-world-championships-2023	Senior Men -74kg	CELIN Lyve-stone	FRA	
baku-world-championships-2023	Senior Men -74kg	CHARALAMBOUS Evangelos	CYP	
baku-world-championships-2023	Senior Men -74kg	CHEHADE Mohamad	SWE	
baku-world-championships-2023	Senior Men -74kg	COSTA Diogo rafael alves da	POR	
baku-world-championships-2023	Senior Men -74kg	CRESCENTINI Stefano	SMR	
baku-world-championships-2023	Senior Men -74kg	CUDNOCH Lukasz	POL	
baku-world-championships-2023	Senior Men -74kg	CUI Yang	CHN	
baku-world-championships-2023	Senior Men -74kg	DAWOUD Omer	DEN	
baku-world-championships-2023	Senior Men -74kg	EISSA Rami	EGY	
baku-world-championships-2023	Senior Men -74kg	GAFAROV Eltaj	AZE	
baku-world-championships-2023	Senior Men -74kg	GANTULGA Enkhbayar	MGL	
baku-world-championships-2023	Senior Men -74kg	GONZALEZ GOMEZ Federico	URU	
baku-world-championships-2023	Senior Men -74kg	HAMADA Yasuhiro	JPN	
baku-world-championships-2023	Senior Men -74kg	HOSSEINI Mirhashem	IRI	
baku-world-championships-2023	Senior Men -74kg	HUSIC Nedzad	BIH	
baku-world-championships-2023	Senior Men -74kg	IORSS Rahiti	FPO	
baku-world-championships-2023	Senior Men -74kg	JAYSUNOV Jasurbek	UZB	
baku-world-championships-2023	Senior Men -74kg	KANG Jaegwon	KOR	
baku-world-championships-2023	Senior Men -74kg	KASIDIARIS Grigoriospanagiotis	GRE	
baku-world-championships-2023	Senior Men -74kg	KATOUSI Firas	TUN	
baku-world-championships-2023	Senior Men -74kg	KILIC Yigithan	TUR	
baku-world-championships-2023	Senior Men -74kg	KINTSURASHVILI Zurab	GEO	
baku-world-championships-2023	Senior Men -74kg	KOVACIC Lin	SLO	
baku-world-championships-2023	Senior Men -74kg	KOZHAKHMET Nurkanat	KAZ	
baku-world-championships-2023	Senior Men -74kg	LALOAN Sean jaylen	HAI	
baku-world-championships-2023	Senior Men -74kg	MAGGIORE Stefano	ITA	
baku-world-championships-2023	Senior Men -74kg	MAKAROV Ruslan	KGZ	
baku-world-championships-2023	Senior Men -74kg	MANGUE GAYA Boubacar	NIG	
baku-world-championships-2023	Senior Men -74kg	MERCIER Charlelie	CAN	
baku-world-championships-2023	Senior Men -74kg	NAVA Ruben	MEX	
baku-world-championships-2023	Senior Men -74kg	NSILU DILANDU Leroy	IRL	
baku-world-championships-2023	Senior Men -74kg	PAN Kuei en	TPE	
baku-world-championships-2023	Senior Men -74kg	PERUNICIC Vasilije	MNE	
baku-world-championships-2023	Senior Men -74kg	QUESADA BARRERA Daniel	ESP	
baku-world-championships-2023	Senior Men -74kg	RUDERMAN Ilia	ISR	
baku-world-championships-2023	Senior Men -74kg	SAHAK Omid	AFG	
baku-world-championships-2023	Senior Men -74kg	SAMA Amed	GHA	
baku-world-championships-2023	Senior Men -74kg	SASTRE Juan carlos	PUR	
baku-world-championships-2023	Senior Men -74kg	SEALY. Brandon	JAM	
baku-world-championships-2023	Senior Men -74kg	SITTEK Tomas	CZE	
baku-world-championships-2023	Senior Men -74kg	SULEAC Dmitrii	MDA	
baku-world-championships-2023	Senior Men -74kg	THUNE Sebastian	NOR	
baku-world-championships-2023	Senior Men -74kg	TYAGI Shivam	IND	
baku-world-championships-2023	Senior Men -74kg	VALENCIA Juan sebastian	COL	
baku-world-championships-2023	Senior Men -74kg	YOUSIF Yazan bassam	JOR	
baku-world-championships-2023	Senior Men -80kg	ALESSIO Simone	ITA	1
baku-world-championships-2023	Senior Men -80kg	NICKOLAS Carl alan	USA	2
baku-world-championships-2023	Senior Men -80kg	EISSA Seif	EGY	3
baku-world-championships-2023	Senior Men -80kg	TREJOS SALAS Miguel	COL	3
baku-world-championships-2023	Senior Men -80kg	. Rishabh	IND	
baku-world-championships-2023	Senior Men -80kg	AHMED Foysal	BAN	
baku-world-championships-2023	Senior Men -80kg	ALENEZI Bandar	KUW	
baku-world-championships-2023	Senior Men -80kg	ALIYEV Aliaskar	AZE	
baku-world-championships-2023	Senior Men -80kg	ALMABROUK Ali mabrouk s	KSA	
baku-world-championships-2023	Senior Men -80kg	AMARBAYASGALAN Bilguun	MGL	
baku-world-championships-2023	Senior Men -80kg	BARKHORDARI Mehran	IRI	
baku-world-championships-2023	Senior Men -80kg	BOATRIS Youssef	MAR	
baku-world-championships-2023	Senior Men -80kg	BOUZID SOUIHILI Ismael	FRA	
baku-world-championships-2023	Senior Men -80kg	BROWNE Jerome	TTO	
baku-world-championships-2023	Senior Men -80kg	CHURCHILL MARTINEZ Joaquin	CHI	
baku-world-championships-2023	Senior Men -80kg	CINTADO ARTECHE Jon	ESP	
baku-world-championships-2023	Senior Men -80kg	COULIBALY Ismael	MLI	
baku-world-championships-2023	Senior Men -80kg	CRISTESCU Mihai adrian	ROU	
baku-world-championships-2023	Senior Men -80kg	DOYLE Ryan	IRL	
baku-world-championships-2023	Senior Men -80kg	ELSHARABATY Saleh	JOR	
baku-world-championships-2023	Senior Men -80kg	GONZALEZ Alejandro	PUR	
baku-world-championships-2023	Senior Men -80kg	HERNANDEZ Moises	DOM	
baku-world-championships-2023	Senior Men -80kg	HRNIC Edi	DEN	
baku-world-championships-2023	Senior Men -80kg	HUNG Jiun-yi	TPE	
baku-world-championships-2023	Senior Men -80kg	JOCHMAN Adam	CZE	
baku-world-championships-2023	Senior Men -80kg	KARTAL Huseyin	TUR	
baku-world-championships-2023	Senior Men -80kg	LESSAKOLO OPOYA Teddy ixaver	GAB	
baku-world-championships-2023	Senior Men -80kg	LOPES Tiago	POR	
baku-world-championships-2023	Senior Men -80kg	MANSOURI Farzad	RTA	
baku-world-championships-2023	Senior Men -80kg	MBAIGUINAM Kalvin	CMR	
baku-world-championships-2023	Senior Men -80kg	MEHDIPOURNEJAD Kasra	RTA	
baku-world-championships-2023	Senior Men -80kg	MOHAMMADI Mahdi	RTA	
baku-world-championships-2023	Senior Men -80kg	MYRZABAYEV Nurlan	KAZ	
baku-world-championships-2023	Senior Men -80kg	NDZOULI Cedric	CAN	
baku-world-championships-2023	Senior Men -80kg	NIKOLIC Matej	CRO	
baku-world-championships-2023	Senior Men -80kg	OLMEDO Dylan leonel	ARG	
baku-world-championships-2023	Senior Men -80kg	ORDEMANN Richard andre	NOR	
baku-world-championships-2023	Senior Men -80kg	OSTAPIV Lucas	BRA	
baku-world-championships-2023	Senior Men -80kg	PARK Woo hyeok	KOR	
baku-world-championships-2023	Senior Men -80kg	PASTOR Jose	MEX	
baku-world-championships-2023	Senior Men -80kg	PAULOUSKI Ivan	AIN	
baku-world-championships-2023	Senior Men -80kg	PHAM Minh bao kha	VIE	
baku-world-championships-2023	Senior Men -80kg	PIATKOWSKI Szymon	POL	
baku-world-championships-2023	Senior Men -80kg	RADOJKOVIC Aleksandar	AUT	
baku-world-championships-2023	Senior Men -80kg	ROBLETO David	NCA	
baku-world-championships-2023	Senior Men -80kg	SALAEV Shukhrat	UZB	
baku-world-championships-2023	Senior Men -80kg	SAWADOGO Faysal	BUR	
baku-world-championships-2023	Senior Men -80kg	SOUMARE Ababacar sadikh	SEN	
baku-world-championships-2023	Senior Men -80kg	SWEENEY Liam	AUS	
baku-world-championships-2023	Senior Men -80kg	TANG Hao	CHN	
baku-world-championships-2023	Senior Men -80kg	TELIKOSTOGLOU Apostolos	GRE	
baku-world-championships-2023	Senior Men -80kg	ZUBER Muhammad syafiq	MAS	
baku-world-championships-2023	Senior Men -87kg	KANG Sanghyun	KOR	1
baku-world-championships-2023	Senior Men -87kg	SAPINA Ivan	CRO	2
baku-world-championships-2023	Senior Men -87kg	PLONIS Artsiom	AIN	3
baku-world-championships-2023	Senior Men -87kg	SALIMI Arian	IRI	3
baku-world-championships-2023	Senior Men -87kg	ALMUWALLAD Ahmad	KSA	
baku-world-championships-2023	Senior Men -87kg	AMER ALI Hassan	DEN	
baku-world-championships-2023	Senior Men -87kg	BICER Enbiya taha	TUR	
baku-world-championships-2023	Senior Men -87kg	BOTTA Roberto	ITA	
baku-world-championships-2023	Senior Men -87kg	BRUNET Ethienne	CAN	
baku-world-championships-2023	Senior Men -87kg	DEUBA Niraj	NEP	
baku-world-championships-2023	Senior Men -87kg	DIVKOVIC Patrik	SLO	
baku-world-championships-2023	Senior Men -87kg	DUISEBAY Smaiyl	KAZ	
baku-world-championships-2023	Senior Men -87kg	ELASBI Soufiane	MAR	
baku-world-championships-2023	Senior Men -87kg	ESTRADA Jahn luis	PUR	
baku-world-championships-2023	Senior Men -87kg	GBANE Seydou	CIV	
baku-world-championships-2023	Senior Men -87kg	GOMIS Paivou johnouario	GBS	
baku-world-championships-2023	Senior Men -87kg	GWALI Fred junior	SOL	
baku-world-championships-2023	Senior Men -87kg	HUANG Yu-jen	TPE	
baku-world-championships-2023	Senior Men -87kg	IFAOUI Motaz	TUN	
baku-world-championships-2023	Senior Men -87kg	KAMALOV Rafael	AIN	
baku-world-championships-2023	Senior Men -87kg	KHODABAKHSHI Mahdi	SRB	
baku-world-championships-2023	Senior Men -87kg	MARTINEZ GARCIA Raul	ESP	
baku-world-championships-2023	Senior Men -87kg	MARTINHO Manuel	POR	
baku-world-championships-2023	Senior Men -87kg	MARTINS SOARES Icaro miguel	BRA	
baku-world-championships-2023	Senior Men -87kg	MENG Mingkuan	CHN	
baku-world-championships-2023	Senior Men -87kg	MOZHDEH JOUYBARI Arash	AUS	
baku-world-championships-2023	Senior Men -87kg	OTGONJARGAL Azkhuu	MGL	
baku-world-championships-2023	Senior Men -87kg	PASHAEV Ozdjan	GEO	
baku-world-championships-2023	Senior Men -87kg	POLLET Manuel	BEL	
baku-world-championships-2023	Senior Men -87kg	RAFALOVICH Nikita	UZB	
baku-world-championships-2023	Senior Men -87kg	RAWY Ahmad	EGY	
baku-world-championships-2023	Senior Men -87kg	ROBAK Karol wladyslaw	POL	
baku-world-championships-2023	Senior Men -87kg	RODRIGUEZ Michael c.	USA	
baku-world-championships-2023	Senior Men -87kg	SALAZAR Bryan	MEX	
baku-world-championships-2023	Senior Men -87kg	SBEIHI Fahed	JOR	
baku-world-championships-2023	Senior Men -87kg	SEGEDIN Dinko	BIH	
baku-world-championships-2023	Senior Men -87kg	SHARMA. Gulshan	IND	
baku-world-championships-2023	Senior Men -87kg	SHUKRAN Mohammad ashraf	AFG	
baku-world-championships-2023	Senior Men -87kg	SNACOV Laurentiu	ROU	
baku-world-championships-2023	Senior Men -87kg	SOTO BAUTISTA Luis german	COL	
baku-world-championships-2023	Senior Men -87kg	SULEYMANOV Taleh	AZE	
baku-world-championships-2023	Senior Men -87kg	THEOCHAROUS Andreas	CYP	
baku-world-championships-2023	Senior Men -87kg	THOLIOTIS Vasileios	GRE	
baku-world-championships-2023	Senior Men +87kg	CISSE Cheick sallah	CIV	1
baku-world-championships-2023	Senior Men +87kg	SANSORES Carlos	MEX	2
baku-world-championships-2023	Senior Men +87kg	ATESLI Emre kutalmis	TUR	3
baku-world-championships-2023	Senior Men +87kg	BOZIC Pasko	CRO	3
baku-world-championships-2023	Senior Men +87kg	ALVAREZ Luis	VEN	
baku-world-championships-2023	Senior Men +87kg	ALVES Agustin	ARG	
baku-world-championships-2023	Senior Men +87kg	AMIRI Ali akbar	AFG	
baku-world-championships-2023	Senior Men +87kg	ANDREOU Petros	CYP	
baku-world-championships-2023	Senior Men +87kg	ANN Alasan	GAM	
baku-world-championships-2023	Senior Men +87kg	BADRIALIABADI Hamidreza	AZE	
baku-world-championships-2023	Senior Men +87kg	BAE Yoon min	KOR	
baku-world-championships-2023	Senior Men +87kg	BASSEL Ayoub	MAR	
baku-world-championships-2023	Senior Men +87kg	BERGERON Marc andre	CAN	
baku-world-championships-2023	Senior Men +87kg	CUNNINGHAM Caden	GBR	
baku-world-championships-2023	Senior Men +87kg	DIAWARA Nouhoum	MLI	
baku-world-championships-2023	Senior Men +87kg	DIMITRAKOPOULOS Filippos	GRE	
baku-world-championships-2023	Senior Men +87kg	EL YAZIDI Omar	FRA	
baku-world-championships-2023	Senior Men +87kg	FILIPPOV Aleksandr	ISR	
baku-world-championships-2023	Senior Men +87kg	GARCIA MARTINEZ Ivan	ESP	
baku-world-championships-2023	Senior Men +87kg	GEORGIEVSKI Dejan	MKD	
baku-world-championships-2023	Senior Men +87kg	HEALY Jonathan	USA	
baku-world-championships-2023	Senior Men +87kg	HOLDER Chioke	BAR	
baku-world-championships-2023	Senior Men +87kg	ISSOUFOU Abdoul	NIG	
baku-world-championships-2023	Senior Men +87kg	LAURENT Jonathan	MRN	
baku-world-championships-2023	Senior Men +87kg	LEE Meng-en	TPE	
baku-world-championships-2023	Senior Men +87kg	LENKEWITZ Marc	GER	
baku-world-championships-2023	Senior Men +87kg	MARINESCU Dragos	MDA	
baku-world-championships-2023	Senior Men +87kg	MAVLONOV Marat	UZB	
baku-world-championships-2023	Senior Men +87kg	MEYERS Adam	AUS	
baku-world-championships-2023	Senior Men +87kg	NADALIAN JOUYBARI Alireza	IRI	
baku-world-championships-2023	Senior Men +87kg	NAZARENO Cesar	ECU	
baku-world-championships-2023	Senior Men +87kg	NIANG Malick	SEN	
baku-world-championships-2023	Senior Men +87kg	OBAME Anthony mylann	GAB	
baku-world-championships-2023	Senior Men +87kg	R. Preetham	IND	
baku-world-championships-2023	Senior Men +87kg	RAHY Ray	LBN	
baku-world-championships-2023	Senior Men +87kg	SADEK Anas	JOR	
baku-world-championships-2023	Senior Men +87kg	SAEED Hamzah omar	PAK	
baku-world-championships-2023	Senior Men +87kg	SALDARRIAGA Walter	COL	
baku-world-championships-2023	Senior Men +87kg	SIQUEIRA Maicon	BRA	
baku-world-championships-2023	Senior Men +87kg	SONG Zhaoxiang	CHN	
baku-world-championships-2023	Senior Men +87kg	SZAFERSKI Mikolaj	POL	
baku-world-championships-2023	Senior Men +87kg	TRAJKOVIC Ivan konrad	SLO	
baku-world-championships-2023	Senior Men +87kg	TRNCIC Ermin	SWE	
baku-world-championships-2023	Senior Men +87kg	ZHAPAROV Ruslan	KAZ	
baku-world-championships-2023	Senior Men +87kg	ZONDEROP Bryan	NED	
baku-world-championships-2023	Senior Women -46kg	STOJKOVIC Lena	CRO	1
baku-world-championships-2023	Senior Women -46kg	SEEKEN Kamonchanok	THA	2
baku-world-championships-2023	Senior Women -46kg	OKAMOTO Ruka	JPN	3
baku-world-championships-2023	Senior Women -46kg	WANG Xiaolu	CHN	3
baku-world-championships-2023	Senior Women -46kg	ABDOU BILANE Zaraou	NIG	
baku-world-championships-2023	Senior Women -46kg	AHMED Habiba	EGY	
baku-world-championships-2023	Senior Women -46kg	AKBAROVA Minaya	AZE	
baku-world-championships-2023	Senior Women -46kg	ANGELOVA Alisa	AIN	
baku-world-championships-2023	Senior Women -46kg	BAKISHEVA Rita	KAZ	
baku-world-championships-2023	Senior Women -46kg	BAYECH Rivka	ISR	
baku-world-championships-2023	Senior Women -46kg	CASTILLO Karoline	PAN	
baku-world-championships-2023	Senior Women -46kg	CELIK Sueheda	GER	
baku-world-championships-2023	Senior Women -46kg	CHOI Ashley	USA	
baku-world-championships-2023	Senior Women -46kg	CORTEGOSO LIMA Sara	ESP	
baku-world-championships-2023	Senior Women -46kg	COSTA RICA Brenda	MEX	
baku-world-championships-2023	Senior Women -46kg	CSAKI Hanna	HUN	
baku-world-championships-2023	Senior Women -46kg	DELLAN Virginia	VEN	
baku-world-championships-2023	Senior Women -46kg	ELAASAL Nezha	MAR	
baku-world-championships-2023	Senior Women -46kg	GARCES Veronica	PHI	
baku-world-championships-2023	Senior Women -46kg	GOODMAN Phoenix	GBR	
baku-world-championships-2023	Senior Women -46kg	GUIMARAES Dangela	BRA	
baku-world-championships-2023	Senior Women -46kg	HENI Ni kadek	INA	
baku-world-championships-2023	Senior Women -46kg	HUANG Ying hsuan	TPE	
baku-world-championships-2023	Senior Women -46kg	INGRID GABRIELA Busuioc	ROU	
baku-world-championships-2023	Senior Women -46kg	KAKADIYA Twisha	IND	
baku-world-championships-2023	Senior Women -46kg	KAMINSKA Anita	POL	
baku-world-championships-2023	Senior Women -46kg	KANG Mi-reu	KOR	
baku-world-championships-2023	Senior Women -46kg	KOUTTOUKI Kyriaki	CYP	
baku-world-championships-2023	Senior Women -46kg	LAHOOD Juliet	AUS	
baku-world-championships-2023	Senior Women -46kg	LLAUCA MENDOZA Camila	PER	
baku-world-championships-2023	Senior Women -46kg	MAMEDTOKHTIEVA Kamila	KGZ	
baku-world-championships-2023	Senior Women -46kg	MOHAMED Noor	BRN	
baku-world-championships-2023	Senior Women -46kg	MUNKHTUGS Suvd-erdene	MGL	
baku-world-championships-2023	Senior Women -46kg	NASIRI DAROUNKOLA Saeideh	IRI	
baku-world-championships-2023	Senior Women -46kg	OROZCO Angelique	CAN	
baku-world-championships-2023	Senior Women -46kg	POURYOUNES LANGEROUDI Dina	RTA	
baku-world-championships-2023	Senior Women -46kg	QABAHA Maiar	PLE	
baku-world-championships-2023	Senior Women -46kg	RAI Yunisha	NEP	
baku-world-championships-2023	Senior Women -46kg	RAMIREZ VARGAS Andrea	COL	
baku-world-championships-2023	Senior Women -46kg	REHANI Dalya	FRA	
baku-world-championships-2023	Senior Women -46kg	SANCHEZ Sarai	PUR	
baku-world-championships-2023	Senior Women -46kg	SANCHO Laura	CRC	
baku-world-championships-2023	Senior Women -46kg	SIBY Aissata mohamed	MLI	
baku-world-championships-2023	Senior Women -46kg	TAMMILA Ida-elina	FIN	
baku-world-championships-2023	Senior Women -46kg	TAU Michelle	LES	
baku-world-championships-2023	Senior Women -46kg	TOJIMATOVA Zukhrakhon	UZB	
baku-world-championships-2023	Senior Women -46kg	TSAMPALA Stamatia	GRE	
baku-world-championships-2023	Senior Women -46kg	YILDIRIM Rukiye	TUR	
baku-world-championships-2023	Senior Women -46kg	ZAMPETTI Sofia	ITA	
baku-world-championships-2023	Senior Women -49kg	DINCEL Merve	TUR	1
baku-world-championships-2023	Senior Women -49kg	WONGPATTANAKIT Panipak	THA	2
baku-world-championships-2023	Senior Women -49kg	CEREZO IGLESIAS Adriana	ESP	3
baku-world-championships-2023	Senior Women -49kg	DUVANCIC Bruna	CRO	3
baku-world-championships-2023	Senior Women -49kg	ABAKAROVA Patimat	AZE	
baku-world-championships-2023	Senior Women -49kg	ABUTALEB Dunya ali m	KSA	
baku-world-championships-2023	Senior Women -49kg	ALRAWAJFEH Dalia	BRN	
baku-world-championships-2023	Senior Women -49kg	ARMAH Henrietta	GHA	
baku-world-championships-2023	Senior Women -49kg	AVDAGIC Ada	BIH	
baku-world-championships-2023	Senior Women -49kg	AYDIN Ela	GER	
baku-world-championships-2023	Senior Women -49kg	BAJAN Mihaela nicoleta claudia	ROU	
baku-world-championships-2023	Senior Women -49kg	BEZERRA Camila	BRA	
baku-world-championships-2023	Senior Women -49kg	BODEN Indra	SWE	
baku-world-championships-2023	Senior Women -49kg	CASTILLO Jade theresa	DEN	
baku-world-championships-2023	Senior Women -49kg	CORELLI Martina	ITA	
baku-world-championships-2023	Senior Women -49kg	DHAHRI Ikram	TUN	
baku-world-championships-2023	Senior Women -49kg	FERREIRA Matilde	POR	
baku-world-championships-2023	Senior Women -49kg	GALLARDO ARRANO Francisca	CHI	
baku-world-championships-2023	Senior Women -49kg	GALLO MARTINEZ Luna catalina	COL	
baku-world-championships-2023	Senior Women -49kg	GEORGIEVA Aleksandra	BUL	
baku-world-championships-2023	Senior Women -49kg	GRIPPOLI GAGLIARDO Maria sara	URU	
baku-world-championships-2023	Senior Women -49kg	GUO Qing	CHN	
baku-world-championships-2023	Senior Women -49kg	HADDAD Anna	LBN	
baku-world-championships-2023	Senior Women -49kg	HADJICOSTI Antriana	CYP	
baku-world-championships-2023	Senior Women -49kg	JHUANG Tien yu	TPE	
baku-world-championships-2023	Senior Women -49kg	KANG Bora	KOR	
baku-world-championships-2023	Senior Women -49kg	KAPANOVA Botakoz	KAZ	
baku-world-championships-2023	Senior Women -49kg	KHATAB Janna	EGY	
baku-world-championships-2023	Senior Women -49kg	KRAJEWSKA Nikola	POL	
baku-world-championships-2023	Senior Women -49kg	LAM Siu wai	HKG	
baku-world-championships-2023	Senior Women -49kg	LARKIN Shannon	IRL	
baku-world-championships-2023	Senior Women -49kg	LEWIS Kylie	USA	
baku-world-championships-2023	Senior Women -49kg	LINAN Naiara	AND	
baku-world-championships-2023	Senior Women -49kg	MAHADULA Irangani pushpa kumari	SRI	
baku-world-championships-2023	Senior Women -49kg	MAKANJUOLA Catherine	NGR	
baku-world-championships-2023	Senior Women -49kg	MANNOPOVA Madinabonu	UZB	
baku-world-championships-2023	Senior Women -49kg	MEI?TININKAIT? Gerda	LTU	
baku-world-championships-2023	Senior Women -49kg	MOORE Maddison	GBR	
baku-world-championships-2023	Senior Women -49kg	MURAKAMI China	JPN	
baku-world-championships-2023	Senior Women -49kg	OMAR Nadia	SOM	
baku-world-championships-2023	Senior Women -49kg	PETERSON Ceili	GUY	
baku-world-championships-2023	Senior Women -49kg	RYADNINSKAYA Elizaveta	AIN	
baku-world-championships-2023	Senior Women -49kg	SARGANTANI Charikleia	GRE	
baku-world-championships-2023	Senior Women -49kg	SAROKINA Uladzislava	AIN	
baku-world-championships-2023	Senior Women -49kg	SEMBERG Abishag	ISR	
baku-world-championships-2023	Senior Women -49kg	SHARMA Deeksha	IND	
baku-world-championships-2023	Senior Women -49kg	SHRESTHA Kajal	NEP	
baku-world-championships-2023	Senior Women -49kg	SOLTANI Ghazal	IRI	
baku-world-championships-2023	Senior Women -49kg	SOUZA Daniela paola	MEX	
baku-world-championships-2023	Senior Women -49kg	STAMBAUGH Victoria	PUR	
baku-world-championships-2023	Senior Women -49kg	STANKOVIC Vanja	SRB	
baku-world-championships-2023	Senior Women -49kg	TAMBYRAJAH Saffron	AUS	
baku-world-championships-2023	Senior Women -49kg	TRANQUILLE Viviane	CAN	
baku-world-championships-2023	Senior Women -49kg	TRUONG Thi kim tuyen	VIE	
baku-world-championships-2023	Senior Women -49kg	WAKOLI Sharon	KEN	
baku-world-championships-2023	Senior Women -49kg	YLONEN Jenna	FIN	
baku-world-championships-2023	Senior Women -53kg	KIYANICHANDEH Nahid	IRI	1
baku-world-championships-2023	Senior Women -53kg	ZUO JU	CHN	2
baku-world-championships-2023	Senior Women -53kg	MININA Tatiana	AIN	3
baku-world-championships-2023	Senior Women -53kg	SAMY ELHOSSEINY Shahd	EGY	3
baku-world-championships-2023	Senior Women -53kg	ABDIWAHID Munirah warsame	SOM	
baku-world-championships-2023	Senior Women -53kg	BHANDARI Latika	IND	
baku-world-championships-2023	Senior Women -53kg	BIDZONO Francine	CMR	
baku-world-championships-2023	Senior Women -53kg	BOGDANOVIC Tijana	SRB	
baku-world-championships-2023	Senior Women -53kg	BOU HABIB Mariella	LBN	
baku-world-championships-2023	Senior Women -53kg	BREWSTER Megan	CAN	
baku-world-championships-2023	Senior Women -53kg	BRISKAROVA Gabriela	SVK	
baku-world-championships-2023	Senior Women -53kg	CANABAL Baby jessica	PHI	
baku-world-championships-2023	Senior Women -53kg	EL BOUCHTI Oumaima	MAR	
baku-world-championships-2023	Senior Women -53kg	ERGASHOVA Sitora	UZB	
baku-world-championships-2023	Senior Women -53kg	GEORGIANA Mihai	ROU	
baku-world-championships-2023	Senior Women -53kg	GODOY Carla	ARG	
baku-world-championships-2023	Senior Women -53kg	GONCALVES Lara	POR	
baku-world-championships-2023	Senior Women -53kg	GUNDUZ Selen	BUL	
baku-world-championships-2023	Senior Women -53kg	HARNSUJIN Phannapa	THA	
baku-world-championships-2023	Senior Women -53kg	HRONOVA Dominika	CZE	
baku-world-championships-2023	Senior Women -53kg	IN Suwan	KOR	
baku-world-championships-2023	Senior Women -53kg	KAOURTISHI Nagia	CYP	
baku-world-championships-2023	Senior Women -53kg	KARABATIC Nika	CRO	
baku-world-championships-2023	Senior Women -53kg	KARAJANOVA Aziza	KAZ	
baku-world-championships-2023	Senior Women -53kg	KISSKALT Supharada	GER	
baku-world-championships-2023	Senior Women -53kg	KRAISNIK Katarina	BIH	
baku-world-championships-2023	Senior Women -53kg	LAGER Biana	ISR	
baku-world-championships-2023	Senior Women -53kg	LAMA Ayasha	NEP	
baku-world-championships-2023	Senior Women -53kg	LYNGBAEK Louise	DEN	
baku-world-championships-2023	Senior Women -53kg	MAHESWARI Megawati	INA	
baku-world-championships-2023	Senior Women -53kg	MAM Julie	CAM	
baku-world-championships-2023	Senior Women -53kg	MATONTI Ilenia elisabetta	ITA	
baku-world-championships-2023	Senior Women -53kg	MELIKISHVILI Mariami	GEO	
baku-world-championships-2023	Senior Women -53kg	MENDOZA BUITRAGO Lesly vanesa	COL	
baku-world-championships-2023	Senior Women -53kg	MURRAY Kayla	IRL	
baku-world-championships-2023	Senior Women -53kg	NDIAYE Mama	SEN	
baku-world-championships-2023	Senior Women -53kg	NISHIDA Mao	JPN	
baku-world-championships-2023	Senior Women -53kg	OSMANOVA Samarrukh	AZE	
baku-world-championships-2023	Senior Women -53kg	PARK Molly	AUS	
baku-world-championships-2023	Senior Women -53kg	PATAKFALVY Luca	HUN	
baku-world-championships-2023	Senior Women -53kg	PEREZ PARRADO Alma maria	ESP	
baku-world-championships-2023	Senior Women -53kg	ROSSI SANTOS Larissa nascimento	BRA	
baku-world-championships-2023	Senior Women -53kg	SANTIAGO Keishlie	PUR	
baku-world-championships-2023	Senior Women -53kg	SO Yuen ting	HKG	
baku-world-championships-2023	Senior Women -53kg	SU Po-ya	TPE	
baku-world-championships-2023	Senior Women -53kg	TASKIN Zeynep	TUR	
baku-world-championships-2023	Senior Women -53kg	TOUMI Chaima	TUN	
baku-world-championships-2023	Senior Women -53kg	TZELI Maria	GRE	
baku-world-championships-2023	Senior Women -53kg	VALERIO Ashley	USA	
baku-world-championships-2023	Senior Women -53kg	VILLEGAS MACHORRO Fabiola guadalupe	MEX	
baku-world-championships-2023	Senior Women -57kg	MARTON Luana	HUN	1
baku-world-championships-2023	Senior Women -57kg	LO Chia-ling	TPE	2
baku-world-championships-2023	Senior Women -57kg	ILGUN Hatice kubra	TUR	3
baku-world-championships-2023	Senior Women -57kg	PACHECO Maria clara	BRA	3
baku-world-championships-2023	Senior Women -57kg	ADAMKIEWICZ Patrycja	POL	
baku-world-championships-2023	Senior Women -57kg	AL HALWANI Giada	ITA	
baku-world-championships-2023	Senior Women -57kg	AOUN Laetitia	LBN	
baku-world-championships-2023	Senior Women -57kg	ASEMANI Raheleh	BEL	
baku-world-championships-2023	Senior Women -57kg	BLIZNIAKOVA Margarita	AIN	
baku-world-championships-2023	Senior Women -57kg	CACERES GONZALES Camila	PER	
baku-world-championships-2023	Senior Women -57kg	CAHILL Emma	IRL	
baku-world-championships-2023	Senior Women -57kg	COMAN Gabriela bianca	ROU	
baku-world-championships-2023	Senior Women -57kg	COX Caitlyn	USA	
baku-world-championships-2023	Senior Women -57kg	CUNHA Joana	POR	
baku-world-championships-2023	Senior Women -57kg	EGAGNE Marie	CMR	
baku-world-championships-2023	Senior Women -57kg	ENGSTROM Anna	SWE	
baku-world-championships-2023	Senior Women -57kg	FLEGROVA Hana	CZE	
baku-world-championships-2023	Senior Women -57kg	HAMIDI Marzieh	RTA	
baku-world-championships-2023	Senior Women -57kg	HARKONEN Helmi	FIN	
baku-world-championships-2023	Senior Women -57kg	HYMER Stacey	AUS	
baku-world-championships-2023	Senior Women -57kg	JIMENEZ MENDEZ Regina	MEX	
baku-world-championships-2023	Senior Women -57kg	JONES Jade	GBR	
baku-world-championships-2023	Senior Women -57kg	KALTEKI Faidra	GRE	
baku-world-championships-2023	Senior Women -57kg	KINDL Melanie	AUT	
baku-world-championships-2023	Senior Women -57kg	KONATE Maimouna	MLI	
baku-world-championships-2023	Senior Women -57kg	LAARAJ Nada	MAR	
baku-world-championships-2023	Senior Women -57kg	LEE Hanna	KOR	
baku-world-championships-2023	Senior Women -57kg	LINDO ALVAREZ Neshi lee	CRC	
baku-world-championships-2023	Senior Women -57kg	LUO Zongshi	CHN	
baku-world-championships-2023	Senior Women -57kg	MAHMOUD Nadine	EGY	
baku-world-championships-2023	Senior Women -57kg	MARIC Ela	SRB	
baku-world-championships-2023	Senior Women -57kg	MC CANN Nicole ann	PHI	
baku-world-championships-2023	Senior Women -57kg	MIRABZALOVA Madina	UZB	
baku-world-championships-2023	Senior Women -57kg	MODANLOU Tina	IRI	
baku-world-championships-2023	Senior Women -57kg	MUNOZ DIAZ Daniela alejandra	COL	
baku-world-championships-2023	Senior Women -57kg	MURIU Mary	KEN	
baku-world-championships-2023	Senior Women -57kg	ORTIZ BENITO Arlet	ESP	
baku-world-championships-2023	Senior Women -57kg	PARK Skylar	CAN	
baku-world-championships-2023	Senior Women -57kg	PATRATII Alesia	KGZ	
baku-world-championships-2023	Senior Women -57kg	RAWAL Sonam	IND	
baku-world-championships-2023	Senior Women -57kg	SCHOENMAKERS Bodine	NED	
baku-world-championships-2023	Senior Women -57kg	SELLAS Jathmarilys	PUR	
baku-world-championships-2023	Senior Women -57kg	SEVOSTYANOVA Mariya	KAZ	
baku-world-championships-2023	Senior Women -57kg	SITAPA Angel	TGA	
baku-world-championships-2023	Senior Women -57kg	SMYCHKOVA Valeryia	AIN	
baku-world-championships-2023	Senior Women -57kg	TARVIDA Inese	LAT	
baku-world-championships-2023	Senior Women -57kg	TITO Carla	ECU	
baku-world-championships-2023	Senior Women -57kg	TRAN Thi anh tuyet	VIE	
baku-world-championships-2023	Senior Women -57kg	TVARONAVICIUTE Klaudija	LTU	
baku-world-championships-2023	Senior Women -57kg	ZDERO Petra	BIH	
baku-world-championships-2023	Senior Women -62kg	KHUZINA Liliia	AIN	1
baku-world-championships-2023	Senior Women -62kg	SANTOS Caroline	BRA	2
baku-world-championships-2023	Senior Women -62kg	POWELL Aaliyah	GBR	3
baku-world-championships-2023	Senior Women -62kg	SADIKOVA Feruza	UZB	3
baku-world-championships-2023	Senior Women -62kg	ALIZADEH ZENOORIN Kimia	RTA	
baku-world-championships-2023	Senior Women -62kg	ALVAREZ LOZANO Maria helena	COL	
baku-world-championships-2023	Senior Women -62kg	ARELIC Ivana	CRO	
baku-world-championships-2023	Senior Women -62kg	ATANASOVA Martina	BUL	
baku-world-championships-2023	Senior Women -62kg	BAC Thi khiem	VIE	
baku-world-championships-2023	Senior Women -62kg	CHAARI Sarah	BEL	
baku-world-championships-2023	Senior Women -62kg	DIAW Yacine	SEN	
baku-world-championships-2023	Senior Women -62kg	DILLON Faith	USA	
baku-world-championships-2023	Senior Women -62kg	EDWARDS-JULL Shauna	NZL	
baku-world-championships-2023	Senior Women -62kg	FROEMMING Anna-lena	GER	
baku-world-championships-2023	Senior Women -62kg	GAIZAUSKAITE Gerda	LTU	
baku-world-championships-2023	Senior Women -62kg	GASPA Cristina	ITA	
baku-world-championships-2023	Senior Women -62kg	GJELSVIK Karoline	NOR	
baku-world-championships-2023	Senior Women -62kg	HESLOP Amber	AUS	
baku-world-championships-2023	Senior Women -62kg	HIRABAYASHI Kasumi	JPN	
baku-world-championships-2023	Senior Women -62kg	HO Cathy minly	HKG	
baku-world-championships-2023	Senior Women -62kg	HOGFELDT Nora	SWE	
baku-world-championships-2023	Senior Women -62kg	IORSS Kawehi	FPO	
baku-world-championships-2023	Senior Women -62kg	JADAMBA Ichinkhorloo	MGL	
baku-world-championships-2023	Senior Women -62kg	JALLAB Sara	BRN	
baku-world-championships-2023	Senior Women -62kg	KANOUTE Iman	MLI	
baku-world-championships-2023	Senior Women -62kg	KHAN Sania	IND	
baku-world-championships-2023	Senior Women -62kg	KRAAYEVELD Ashley	CAN	
baku-world-championships-2023	Senior Women -62kg	LIN Wei-chun	TPE	
baku-world-championships-2023	Senior Women -62kg	MAGDALENO ALBIZU Jone	ESP	
baku-world-championships-2023	Senior Women -62kg	MAJIDOVA Fatima	AZE	
baku-world-championships-2023	Senior Women -62kg	MAKHMUTOVA Nazym	KAZ	
baku-world-championships-2023	Senior Women -62kg	MARTON Viviana	HUN	
baku-world-championships-2023	Senior Women -62kg	MERIEME Khoulal	MAR	
baku-world-championships-2023	Senior Women -62kg	MINA Mell	ECU	
baku-world-championships-2023	Senior Women -62kg	MIR NOOROLLAHI Seyedeh narges	IRI	
baku-world-championships-2023	Senior Women -62kg	MONTEIRO Maisa	POR	
baku-world-championships-2023	Senior Women -62kg	NAM Min-seo	KOR	
baku-world-championships-2023	Senior Women -62kg	OSTIN Marthe	HAI	
baku-world-championships-2023	Senior Women -62kg	OZBEY Ozge	TUR	
baku-world-championships-2023	Senior Women -62kg	RAAGMETS Carmen	EST	
baku-world-championships-2023	Senior Women -62kg	RAHMANI Ruqia	FIN	
baku-world-championships-2023	Senior Women -62kg	RELJIKJ Miljana	MKD	
baku-world-championships-2023	Senior Women -62kg	RUIZ DIAZ Brenda anahi	ARG	
baku-world-championships-2023	Senior Women -62kg	SARENAC Ivana	BIH	
baku-world-championships-2023	Senior Women -62kg	SAVKOVIC Nadja	SRB	
baku-world-championships-2023	Senior Women -62kg	SOTO CASTILLO Isuangelis	PUR	
baku-world-championships-2023	Senior Women -62kg	STAMOU Daphne	GRE	
baku-world-championships-2023	Senior Women -62kg	STOLBOVA Petra	CZE	
baku-world-championships-2023	Senior Women -62kg	SULAIMANOVA Tamiris	KGZ	
baku-world-championships-2023	Senior Women -62kg	SZPAK Julia	POL	
baku-world-championships-2023	Senior Women -62kg	TARVIDA Jolanta	LAT	
baku-world-championships-2023	Senior Women -62kg	TONGCHAN Sasikarn	THA	
baku-world-championships-2023	Senior Women -62kg	VELAZQUEZ Itzel	MEX	
baku-world-championships-2023	Senior Women -62kg	ZHOU Lijun	CHN	
baku-world-championships-2023	Senior Women -67kg	WIET HENIN Magda	FRA	1
baku-world-championships-2023	Senior Women -67kg	AL-SADEQ Julyana	JOR	2
baku-world-championships-2023	Senior Women -67kg	GBAGBI Ruth	CIV	3
baku-world-championships-2023	Senior Women -67kg	NILSEN Mari romundset	NOR	3
baku-world-championships-2023	Senior Women -67kg	ANDERSEN Jasmin	DEN	
baku-world-championships-2023	Senior Women -67kg	ANYANACHO Elizabeth oluchi	NGR	
baku-world-championships-2023	Senior Women -67kg	AZIZOVA Farida	AZE	
baku-world-championships-2023	Senior Women -67kg	BASNET Indira	NEP	
baku-world-championships-2023	Senior Women -67kg	CASTRO BURGOS Cecilia	ESP	
baku-world-championships-2023	Senior Women -67kg	CHUANG Hsin hsuan	TPE	
baku-world-championships-2023	Senior Women -67kg	COELHO Mafalda	POR	
baku-world-championships-2023	Senior Women -67kg	D'ANGELO Natalia	ITA	
baku-world-championships-2023	Senior Women -67kg	DELO Laila	PHI	
baku-world-championships-2023	Senior Women -67kg	ESMAEILI Zeinab	IRI	
baku-world-championships-2023	Senior Women -67kg	FABER Isabelle	LUX	
baku-world-championships-2023	Senior Women -67kg	FATNASSI Maram	QAT	
baku-world-championships-2023	Senior Women -67kg	FOLLECO MINA Dayana	ECU	
baku-world-championships-2023	Senior Women -67kg	GALLARDO Claudia	CHI	
baku-world-championships-2023	Senior Women -67kg	HONG Hyo rim	KOR	
baku-world-championships-2023	Senior Women -67kg	ILIESCO Nathalie	CAN	
baku-world-championships-2023	Senior Women -67kg	JIRANKOVA Iveta	CZE	
baku-world-championships-2023	Senior Women -67kg	KAYIR Ikra	TUR	
baku-world-championships-2023	Senior Women -67kg	KHUSSAINOVA Nuray	KAZ	
baku-world-championships-2023	Senior Women -67kg	KOWALKOWSKA Justyna	POL	
baku-world-championships-2023	Senior Women -67kg	LAZUTA Vitaliya	AIN	
baku-world-championships-2023	Senior Women -67kg	LOLOHEA Pauline	TGA	
baku-world-championships-2023	Senior Women -67kg	MINK Amy	NED	
baku-world-championships-2023	Senior Women -67kg	MORETE Honestly	NZL	
baku-world-championships-2023	Senior Women -67kg	MURRAY Rebecca	AUS	
baku-world-championships-2023	Senior Women -67kg	PERISIC Aleksandra	SRB	
baku-world-championships-2023	Senior Women -67kg	POLE Doris	CRO	
baku-world-championships-2023	Senior Women -67kg	RAMIREZ VARGAS Laura	COL	
baku-world-championships-2023	Senior Women -67kg	REGI Margerette maria	IND	
baku-world-championships-2023	Senior Women -67kg	RIVAS Victoria	ARG	
baku-world-championships-2023	Senior Women -67kg	ROMAN TORRES Naishka	PUR	
baku-world-championships-2023	Senior Women -67kg	SALIH Safia	MAR	
baku-world-championships-2023	Senior Women -67kg	SARVANAKI Theopoula	GRE	
baku-world-championships-2023	Senior Women -67kg	SHEHATA Aya	EGY	
baku-world-championships-2023	Senior Women -67kg	SJOBERG Frida	SWE	
baku-world-championships-2023	Senior Women -67kg	SOBIRJONOVA Ozoda	UZB	
baku-world-championships-2023	Senior Women -67kg	SOLTERO Leslie	MEX	
baku-world-championships-2023	Senior Women -67kg	TEACHOUT Kristina	USA	
baku-world-championships-2023	Senior Women -67kg	TITONELI Milena	BRA	
baku-world-championships-2023	Senior Women -67kg	TRAN NGUYEN Anh ngan	VIE	
baku-world-championships-2023	Senior Women -67kg	TRAORE Fanta	MLI	
baku-world-championships-2023	Senior Women -67kg	WILLIAMS Lauren	GBR	
baku-world-championships-2023	Senior Women -67kg	ZAITSEVA Yulia	AIN	
baku-world-championships-2023	Senior Women -67kg	ZHANG Mengyu	CHN	
baku-world-championships-2023	Senior Women -73kg	LAURIN Althea	FRA	1
baku-world-championships-2023	Senior Women -73kg	MCGOWAN Rebecca	GBR	2
baku-world-championships-2023	Senior Women -73kg	JELIC Matea	CRO	3
baku-world-championships-2023	Senior Women -73kg	KHAN Polina	AIN	3
baku-world-championships-2023	Senior Women -73kg	ABO-ALRUB Rama	JOR	
baku-world-championships-2023	Senior Women -73kg	ALIEVA Saodat	UZB	
baku-world-championships-2023	Senior Women -73kg	BERISAJ Andela	MNE	
baku-world-championships-2023	Senior Women -73kg	BOZANIC Nadica	SRB	
baku-world-championships-2023	Senior Women -73kg	CAI Nian en	TPE	
baku-world-championships-2023	Senior Women -73kg	DA SILVA BATISTA DE SOUZA Thaisa	BRA	
baku-world-championships-2023	Senior Women -73kg	DANGNIDE Abenan jessica anicette	CIV	
baku-world-championships-2023	Senior Women -73kg	DAS Etisha	IND	
baku-world-championships-2023	Senior Women -73kg	DELIDIMITRI Anastasia christini	GRE	
baku-world-championships-2023	Senior Women -73kg	DENIZ Cansel	KAZ	
baku-world-championships-2023	Senior Women -73kg	FAROUK Maisoun	EGY	
baku-world-championships-2023	Senior Women -73kg	FUREDI Rebeka	HUN	
baku-world-championships-2023	Senior Women -73kg	GORMAN-SHORE Madelynn	USA	
baku-world-championships-2023	Senior Women -73kg	LEE Ava soon	HAI	
baku-world-championships-2023	Senior Women -73kg	LEE Dabin	KOR	
baku-world-championships-2023	Senior Women -73kg	MORAN ROMERO Belen	ESP	
baku-world-championships-2023	Senior Women -73kg	MOUEGA Urgence	GAB	
baku-world-championships-2023	Senior Women -73kg	NICHOLSON Sofie	CAN	
baku-world-championships-2023	Senior Women -73kg	OMAYMA Boumh	MAR	
baku-world-championships-2023	Senior Women -73kg	POURESMAEILKARANI Zahra	IRI	
baku-world-championships-2023	Senior Women -73kg	SCHNEIDER Yanna	GER	
baku-world-championships-2023	Senior Women -73kg	SELMAN Ward	LBN	
baku-world-championships-2023	Senior Women -73kg	SMIRAGLIA Maristella	ITA	
baku-world-championships-2023	Senior Women -73kg	SONG Jie	CHN	
baku-world-championships-2023	Senior Women -73kg	STELLINO Emily	AUS	
baku-world-championships-2023	Senior Women -73kg	TAMEZ Victoria	MEX	
baku-world-championships-2023	Senior Women -73kg	UZUNCAVDAR Sude yaren	TUR	
baku-world-championships-2023	Senior Women -73kg	VITAL Sara	POR	
baku-world-championships-2023	Senior Women -73kg	WEEKES Crystal	PUR	
baku-world-championships-2023	Senior Women +73kg	KUS Nafia	TUR	1
baku-world-championships-2023	Senior Women +73kg	OSIPOVA Svetlana	UZB	2
baku-world-championships-2023	Senior Women +73kg	ADEBAIO Kristina	AIN	3
baku-world-championships-2023	Senior Women +73kg	COOK Bianca	GBR	3
baku-world-championships-2023	Senior Women +73kg	ABOUFARAS Fatima-ezzahra	MAR	
baku-world-championships-2023	Senior Women +73kg	AVOULETTE Solene	FRA	
baku-world-championships-2023	Senior Women +73kg	AZRAN Dana	ISR	
baku-world-championships-2023	Senior Women +73kg	BARUA Rodali	IND	
baku-world-championships-2023	Senior Women +73kg	BATHILY Astan katherine feghe	CIV	
baku-world-championships-2023	Senior Women +73kg	BIMYRZA Rakoni	KAZ	
baku-world-championships-2023	Senior Women +73kg	BOYADZHIEVA Kalina	BUL	
baku-world-championships-2023	Senior Women +73kg	BRANDL Lorena	GER	
baku-world-championships-2023	Senior Women +73kg	CASTINEIRA ETCHEVERRIA Tania	ESP	
baku-world-championships-2023	Senior Women +73kg	FERNANDEZ Carolina	VEN	
baku-world-championships-2023	Senior Women +73kg	FOUNTAIN Rachel	CAN	
baku-world-championships-2023	Senior Women +73kg	GARCIA Paloma	MEX	
baku-world-championships-2023	Senior Women +73kg	GLORIA Mosquera	COL	
baku-world-championships-2023	Senior Women +73kg	ILIC Alessandra	ITA	
baku-world-championships-2023	Senior Women +73kg	JAHL Marlene	AUT	
baku-world-championships-2023	Senior Women +73kg	KECK Hannah	USA	
baku-world-championships-2023	Senior Women +73kg	KLEPAC Nika	CRO	
baku-world-championships-2023	Senior Women +73kg	KOWALCZUK Aleksandra	POL	
baku-world-championships-2023	Senior Women +73kg	MUNAVE Carlota	SWZ	
baku-world-championships-2023	Senior Women +73kg	NTEMOGIANNI Paraskevi	GRE	
baku-world-championships-2023	Senior Women +73kg	PAN Yun ci	TPE	
baku-world-championships-2023	Senior Women +73kg	SHIPMAN Aliyah	HAI	
baku-world-championships-2023	Senior Women +73kg	SIQUEIRA Gabriele	BRA	
baku-world-championships-2023	Senior Women +73kg	SONG Da bin	KOR	
baku-world-championships-2023	Senior Women +73kg	STEWART Reba	AUS	
baku-world-championships-2023	Senior Women +73kg	TEPAVAC Ana	SRB	
baku-world-championships-2023	Senior Women +73kg	ZHOU Zeqi	CHN	
