fujairah-open-2025	Senior Men -54kg	R64		ABDELFATTAH AHMED MOHAMED ABDELFATTAH Momen	EGY	SULTANGALY Temirlan	KAZ	PTF	2:1
fujairah-open-2025	Senior Men -54kg	R64		ALSHAHRANI Abdulrahman abdullah m	KSA	SINGH Sahil sourav	IND	PTF	2:0
fujairah-open-2025	Senior Men -54kg	R64		BEN SALEM Anas	TUN	HADI Mehzea	KUW	WDR	
fujairah-open-2025	Senior Men -54kg	R64		DIA Mohamed	MTN	LEHTINEN Valtteri	FIN	PTF	2:0
fujairah-open-2025	Senior Men -54kg	R64		DOLGIYEV Amin	KAZ	ALOTAIBI Mamdouh	KSA	PTF	2:0
fujairah-open-2025	Senior Men -54kg	R64		HASSAN M BUHARI Muteb	KSA	ALENEZI Yahya esmail	KUW	PTF	2:1
fujairah-open-2025	Senior Men -54kg	R64		HMIMES Saber	MAR	ALAJMI Salman abdulaziz	KUW	DSQ	
fujairah-open-2025	Senior Men -54kg	R64		JAR Yousef	KSA	IJAAJAANE Salim	MAR	PTF	2:0
fujairah-open-2025	Senior Men -54kg	R64		JOUAD Majd	MAR	QALA Abdulmajeed mohammed t	KSA	PTF	2:0
fujairah-open-2025	Senior Men -54kg	R64		KLUCHEV Asadbek	KAZ	ALMUTAIRI Mohammad z	KUW	WDR	
fujairah-open-2025	Senior Men -54kg	R64		TILANI Mohammad parsa	IRI	ADILET Kazbayev	KAZ	PTF	2:0
fujairah-open-2025	Senior Men -54kg	R64		TRABELSI Amen allah	TUN	SHABIN Taha ali	YEM	PTF	2:0
fujairah-open-2025	Senior Men -54kg	R64		ZUBAIDI Hussein watheq	IRQ	SINGH CHOTIYA Dharmendra	IND	WDR	
fujairah-open-2025	Senior Men -54kg	R32		ALDAOUD Ja'afar	JOR	ZUBAIDI Hussein watheq	IRQ	PTF	2:0
fujairah-open-2025	Senior Men -54kg	R32		ALHUSAMI Anas	JOR	ALKARMATI Abdulrahman khaled	UAE	DSQ	
fujairah-open-2025	Senior Men -54kg	R32		ALKHALDI Musaad ali j	KSA	EZZAHERY Mohammed	MAR	PTF	2:0
fujairah-open-2025	Senior Men -54kg	R32		ALMUSHRAF Abdullah essa a	KSA	DIA Mohamed	MTN	PTF	2:0
fujairah-open-2025	Senior Men -54kg	R32		ALSHAHRANI Abdulrahman abdullah m	KSA	ALDHANHANI Ahmed	UAE	PTF	2:0
fujairah-open-2025	Senior Men -54kg	R32		ASEM ATA ABU SREE' Moataz bellah	EGY	HASSAN M BUHARI Muteb	KSA	PTF	2:1
fujairah-open-2025	Senior Men -54kg	R32		GARCIA Noah	FRA	DOLGIYEV Amin	KAZ	PTF	2:1
fujairah-open-2025	Senior Men -54kg	R32		HAMDI Riad nasser a	KSA	TRABELSI Amen allah	TUN	RSC	2:0
fujairah-open-2025	Senior Men -54kg	R32		KAZLOU Aliaksandr	AIN	HMIMES Saber	MAR	RSC	2:0
fujairah-open-2025	Senior Men -54kg	R32		KHAN Shahzaib	PAK	ABDELFATTAH AHMED MOHAMED ABDELFATTAH Momen	EGY	PTF	2:0
fujairah-open-2025	Senior Men -54kg	R32		KLUCHEV Asadbek	KAZ	ALSHAHRANI Hani abdullah	KSA	PTF	2:0
fujairah-open-2025	Senior Men -54kg	R32		SEO Eunsu	KOR	JOUAD Majd	MAR	PTF	2:0
fujairah-open-2025	Senior Men -54kg	R32		SERIK Artur	KAZ	JAR Yousef	KSA	PTF	2:0
fujairah-open-2025	Senior Men -54kg	R32		TILANI Mohammad parsa	IRI	MARA Jibryl	FRA	PTF	2:1
fujairah-open-2025	Senior Men -54kg	R32		VALIZADEH AFROOZI Yasin	IRI	BEN SALEM Anas	TUN	WDR	
fujairah-open-2025	Senior Men -54kg	R32		ZIYAEE KANI Saman	IRI	AL-LOUZI Radad	JOR	PTF	2:0
fujairah-open-2025	Senior Men -54kg	R16		ALDAOUD Ja'afar	JOR	GARCIA Noah	FRA	PTF	2:0
fujairah-open-2025	Senior Men -54kg	R16		ASEM ATA ABU SREE' Moataz bellah	EGY	ALHUSAMI Anas	JOR	PTF	2:0
fujairah-open-2025	Senior Men -54kg	R16		KAZLOU Aliaksandr	AIN	KLUCHEV Asadbek	KAZ	PTF	2:1
fujairah-open-2025	Senior Men -54kg	R16		KHAN Shahzaib	PAK	ALSHAHRANI Abdulrahman abdullah m	KSA	PTF	2:1
fujairah-open-2025	Senior Men -54kg	R16		SEO Eunsu	KOR	ALMUSHRAF Abdullah essa a	KSA	PTF	2:0
fujairah-open-2025	Senior Men -54kg	R16		TILANI Mohammad parsa	IRI	ALKHALDI Musaad ali j	KSA	PTF	2:0
fujairah-open-2025	Senior Men -54kg	R16		VALIZADEH AFROOZI Yasin	IRI	SERIK Artur	KAZ	PTF	2:1
fujairah-open-2025	Senior Men -54kg	R16		ZIYAEE KANI Saman	IRI	HAMDI Riad nasser a	KSA	PTF	2:0
fujairah-open-2025	Senior Men -54kg	QF		ALDAOUD Ja'afar	JOR	TILANI Mohammad parsa	IRI	PTF	2:1
fujairah-open-2025	Senior Men -54kg	QF		SEO Eunsu	KOR	KHAN Shahzaib	PAK	PTF	2:0
fujairah-open-2025	Senior Men -54kg	QF		VALIZADEH AFROOZI Yasin	IRI	ASEM ATA ABU SREE' Moataz bellah	EGY	PTF	2:0
fujairah-open-2025	Senior Men -54kg	QF		ZIYAEE KANI Saman	IRI	KAZLOU Aliaksandr	AIN	PTF	2:0
fujairah-open-2025	Senior Men -54kg	SF		ALDAOUD Ja'afar	JOR	VALIZADEH AFROOZI Yasin	IRI	PTF	2:1
fujairah-open-2025	Senior Men -54kg	SF		SEO Eunsu	KOR	ZIYAEE KANI Saman	IRI	PTF	2:1
fujairah-open-2025	Senior Men -54kg	F		SEO Eunsu	KOR	ALDAOUD Ja'afar	JOR	PTF	1:0
fujairah-open-2025	Senior Men -58kg	R64		ALI Siyamand hashim ali	IRQ	BEHERA Jagannath	IND	PTF	2:0
fujairah-open-2025	Senior Men -58kg	R64		ALQALLAF Yousef yaqoub	KUW	ALMUTAIRI Muath	KSA	PTF	2:0
fujairah-open-2025	Senior Men -58kg	R64		BINMOGHAISEEB ABDULMAJEED	KSA	ALENEZI Abdulaziz s a	KUW	PTF	2:1
fujairah-open-2025	Senior Men -58kg	R64		BUREHMA Ali	KUW	SAED KHAMES Khames	UAE	RSC	
fujairah-open-2025	Senior Men -58kg	R64		CONTI Andrea	ITA	MAHMOUD Ribal	UAE	PTF	2:0
fujairah-open-2025	Senior Men -58kg	R64		DIARRASSOUBA Adam junior	CIV	KHAZMALYAN Vahe	ARM	PTF	2:0
fujairah-open-2025	Senior Men -58kg	R64		ERSHAD Anas	AFG	KHASANOV Temur	UZB	PTF	2:0
fujairah-open-2025	Senior Men -58kg	R64		KHAJAVI Rastin	IRI	AKBI Alisher	KAZ	PTF	2:1
fujairah-open-2025	Senior Men -58kg	R64		MAJRASHI Essa	KSA	ALDHAFIRI Moahmmed	KUW	PTF	2:0
fujairah-open-2025	Senior Men -58kg	R64		OSAMA HUSSEIEN Mohamed	EGY	ALFAHMAWI Khaled	JOR	PTF	2:0
fujairah-open-2025	Senior Men -58kg	R64		RUSTAMOV Kozimjon	UZB	MOHAMED Ali	UAE	PTF	2:0
fujairah-open-2025	Senior Men -58kg	R64		TRIKI Noureddine	TUN	MOHAMED SEIF EL DIN MOHAMED Seif el din	EGY	PTF	2:1
fujairah-open-2025	Senior Men -58kg	R64		TUKENOV Amir	KAZ	MURAD Moayed	UAE	DSQ	
fujairah-open-2025	Senior Men -58kg	R64		ZANDI Abolfazl	IRI	ALSAMIH Fahad samih n	KSA	PTF	2:0
fujairah-open-2025	Senior Men -58kg	R32		ABILKASSYM Abdulla	KAZ	BINMOGHAISEEB ABDULMAJEED	KSA	RSC	
fujairah-open-2025	Senior Men -58kg	R32		CHEN Jiacheng	CHN	TRIKI Noureddine	TUN	PTF	2:0
fujairah-open-2025	Senior Men -58kg	R32		CONTI Andrea	ITA	KAZLOU Yahor	AIN	PTF	2:0
fujairah-open-2025	Senior Men -58kg	R32		DEL VECCHIO Teodoro	ITA	BUREHMA Ali	KUW	PTF	2:0
fujairah-open-2025	Senior Men -58kg	R32		DIARRASSOUBA Adam junior	CIV	FOTI Giuseppe	ITA	RSC	
fujairah-open-2025	Senior Men -58kg	R32		GURTSIEV Georgii	AIN	ERSHAD Anas	AFG	PTF	2:0
fujairah-open-2025	Senior Men -58kg	R32		HOIDZ Roman	AIN	SAFADI Hashem	JOR	PTF	2:0
fujairah-open-2025	Senior Men -58kg	R32		HOSSEINPOUR Alireza	IRI	TUKENOV Amir	KAZ	PTF	2:0
fujairah-open-2025	Senior Men -58kg	R32		KHAJAVI Rastin	IRI	KOUDSI Raphael	LBN	PTF	2:0
fujairah-open-2025	Senior Men -58kg	R32		KHAN Haroon	PAK	ALQALLAF Yousef yaqoub	KUW	PTF	2:1
fujairah-open-2025	Senior Men -58kg	R32		MANENKOV Maksym	UKR	MAJRASHI Essa	KSA	PTF	2:0
fujairah-open-2025	Senior Men -58kg	R32		OMRI Abdoullah	TUN	ELZHURKHAYEV Tamerlan	KAZ	PTF	2:0
fujairah-open-2025	Senior Men -58kg	R32		OSAMA HUSSEIEN Mohamed	EGY	MOLJ Domen	SLO	PTF	2:1
fujairah-open-2025	Senior Men -58kg	R32		SIDDIQUE Abubakar	PAK	ALI Siyamand hashim ali	IRQ	PTF	2:0
fujairah-open-2025	Senior Men -58kg	R32		YOUSIF Mahmoud bassam	JOR	RUSTAMOV Kozimjon	UZB	PTF	1:0
fujairah-open-2025	Senior Men -58kg	R32		ZANDI Abolfazl	IRI	DIMITROPOULOS Konstantinos	GRE	PTF	2:0
fujairah-open-2025	Senior Men -58kg	R16		GURTSIEV Georgii	AIN	OMRI Abdoullah	TUN	PTF	2:0
fujairah-open-2025	Senior Men -58kg	R16		HOSSEINPOUR Alireza	IRI	CHEN Jiacheng	CHN	PTF	2:0
fujairah-open-2025	Senior Men -58kg	R16		KHAJAVI Rastin	IRI	DIARRASSOUBA Adam junior	CIV	PTF	2:0
fujairah-open-2025	Senior Men -58kg	R16		KHAN Haroon	PAK	HOIDZ Roman	AIN	PTF	2:0
fujairah-open-2025	Senior Men -58kg	R16		MANENKOV Maksym	UKR	YOUSIF Mahmoud bassam	JOR	PTF	2:0
fujairah-open-2025	Senior Men -58kg	R16		OSAMA HUSSEIEN Mohamed	EGY	ABILKASSYM Abdulla	KAZ	PTF	2:1
fujairah-open-2025	Senior Men -58kg	R16		SIDDIQUE Abubakar	PAK	CONTI Andrea	ITA	RSC	
fujairah-open-2025	Senior Men -58kg	R16		ZANDI Abolfazl	IRI	DEL VECCHIO Teodoro	ITA	PTF	2:0
fujairah-open-2025	Senior Men -58kg	QF		HOSSEINPOUR Alireza	IRI	MANENKOV Maksym	UKR	PTF	2:0
fujairah-open-2025	Senior Men -58kg	QF		KHAN Haroon	PAK	KHAJAVI Rastin	IRI	PTF	2:0
fujairah-open-2025	Senior Men -58kg	QF		OSAMA HUSSEIEN Mohamed	EGY	SIDDIQUE Abubakar	PAK	PTF	2:0
fujairah-open-2025	Senior Men -58kg	QF		ZANDI Abolfazl	IRI	GURTSIEV Georgii	AIN	WDR	
fujairah-open-2025	Senior Men -58kg	SF		HOSSEINPOUR Alireza	IRI	KHAN Haroon	PAK	PTF	2:0
fujairah-open-2025	Senior Men -58kg	SF		ZANDI Abolfazl	IRI	OSAMA HUSSEIEN Mohamed	EGY	PTF	2:0
fujairah-open-2025	Senior Men -58kg	F		ZANDI Abolfazl	IRI	HOSSEINPOUR Alireza	IRI	PTF	2:0
fujairah-open-2025	Senior Men -63kg	R64		ABDIMALIK Dulat	KAZ	MOHAMED OMAR SAYED Omar	EGY	PTF	2:0
fujairah-open-2025	Senior Men -63kg	R64		ALIMORADIAN Ali asghar	IRI	ALMABROUK Hamad mabrouk s	KSA	PTF	2:0
fujairah-open-2025	Senior Men -63kg	R64		ERSHAD Abubaker	AFG	FARHAT Mohamed-mahdi s. jawad	CIV	RSC	2:0
fujairah-open-2025	Senior Men -63kg	R64		IURLARO Ludovico	ITA	ABUTALEB Abdulbasit ali m	KSA	PTF	2:0
fujairah-open-2025	Senior Men -63kg	R64		KONATE Ben younouss	CIV	AKHMETKALIYEV Bakhtiyar	KAZ	PTF	2:0
fujairah-open-2025	Senior Men -63kg	R64		MOHAMMED Muath	BRN	ALLOUCHE Yassine	TUN	PTF	2:0
fujairah-open-2025	Senior Men -63kg	R64		SIDIBE Mohamed kambory	CIV	MURADYAN Sargis	ARM	PTF	2:0
fujairah-open-2025	Senior Men -63kg	R64		TORKASHVAND Amirhossein	OMA	ABDULGADER Abdulmalik mohamed	LBA	PTF	2:1
fujairah-open-2025	Senior Men -63kg	R64		YELSHIBAY Yelzhan	KAZ	IRISBOEV Javohir	UZB	PTF	2:0
fujairah-open-2025	Senior Men -63kg	R64		ZAIRAT Bilal	MAR	TZAVARAS Panagiotis	GRE	PTF	2:0
fujairah-open-2025	Senior Men -63kg	R32		ABDIMALIK Dulat	KAZ	KHAN Noman	PAK	PTF	2:0
fujairah-open-2025	Senior Men -63kg	R32		ALIEV Saidali	ARM	TORKASHVAND Amirhossein	OMA	PTF	2:0
fujairah-open-2025	Senior Men -63kg	R32		ALIMORADIAN Ali asghar	IRI	BANDAREVICH Maksim	AIN	PTF	2:1
fujairah-open-2025	Senior Men -63kg	R32		ALMADAWI Mohammed ali a	KSA	AL-MUTAIRI Falah	KUW	PTF	2:0
fujairah-open-2025	Senior Men -63kg	R32		ALTARYREH Mahmoud	JOR	KONATE Ben younouss	CIV	PTF	2:0
fujairah-open-2025	Senior Men -63kg	R32		BARETTA Dennis	ITA	ERSHAD Abubaker	AFG	PTF	2:0
fujairah-open-2025	Senior Men -63kg	R32		BOULAZZE Abderrahmane	MAR	ELSERSY Omar	EGY	PTF	2:1
fujairah-open-2025	Senior Men -63kg	R32		DELEVAL Herwan	FRA	MOHAMMED Muath	BRN	RSC	2:0
fujairah-open-2025	Senior Men -63kg	R32		GHALI Zakaria mohammed	KSA	ZAIRAT Bilal	MAR	PTF	2:1
fujairah-open-2025	Senior Men -63kg	R32		HAJIMOUSAEI Mahdi	IRI	SHLOUL Tareq	JOR	PTF	2:0
fujairah-open-2025	Senior Men -63kg	R32		JUNG Jaebin	KOR	IURLARO Ludovico	ITA	PTF	2:0
fujairah-open-2025	Senior Men -63kg	R32		MAGDY ABDELMONEM Omar	EGY	AL-AMERI Mohamed jawad	YEM	PTF	2:1
fujairah-open-2025	Senior Men -63kg	R32		RAHNAMA Amirabbas	IRI	YELSHIBAY Yelzhan	KAZ	PTF	2:0
fujairah-open-2025	Senior Men -63kg	R32		REZAEI Matin	IRI	BIN QANN Salman mansour b	KSA	RSC	
fujairah-open-2025	Senior Men -63kg	R32		SANTINELLI Christian	ITA	HASSAN KAMAL Yahia	EGY	PTF	2:0
fujairah-open-2025	Senior Men -63kg	R32		YASER ISMAIL Omar	PLE	SIDIBE Mohamed kambory	CIV	PTF	2:0
fujairah-open-2025	Senior Men -63kg	R16		ALIMORADIAN Ali asghar	IRI	ABDIMALIK Dulat	KAZ	PTF	2:1
fujairah-open-2025	Senior Men -63kg	R16		BARETTA Dennis	ITA	MAGDY ABDELMONEM Omar	EGY	PTF	2:0
fujairah-open-2025	Senior Men -63kg	R16		HAJIMOUSAEI Mahdi	IRI	ALTARYREH Mahmoud	JOR	PTF	2:0
fujairah-open-2025	Senior Men -63kg	R16		JUNG Jaebin	KOR	BOULAZZE Abderrahmane	MAR	PTF	2:0
fujairah-open-2025	Senior Men -63kg	R16		RAHNAMA Amirabbas	IRI	ALIEV Saidali	ARM	PTF	2:0
fujairah-open-2025	Senior Men -63kg	R16		REZAEI Matin	IRI	GHALI Zakaria mohammed	KSA	PTF	2:0
fujairah-open-2025	Senior Men -63kg	R16		SANTINELLI Christian	ITA	DELEVAL Herwan	FRA	WDR	
fujairah-open-2025	Senior Men -63kg	R16		YASER ISMAIL Omar	PLE	ALMADAWI Mohammed ali a	KSA	PTF	2:0
fujairah-open-2025	Senior Men -63kg	QF		ALIMORADIAN Ali asghar	IRI	YASER ISMAIL Omar	PLE	PTF	2:0
fujairah-open-2025	Senior Men -63kg	QF		BARETTA Dennis	ITA	RAHNAMA Amirabbas	IRI	RSC	2:0
fujairah-open-2025	Senior Men -63kg	QF		HAJIMOUSAEI Mahdi	IRI	JUNG Jaebin	KOR	PTF	2:0
fujairah-open-2025	Senior Men -63kg	QF		REZAEI Matin	IRI	SANTINELLI Christian	ITA	PTF	2:0
fujairah-open-2025	Senior Men -63kg	SF		HAJIMOUSAEI Mahdi	IRI	BARETTA Dennis	ITA	PTF	2:0
fujairah-open-2025	Senior Men -63kg	SF		REZAEI Matin	IRI	ALIMORADIAN Ali asghar	IRI	PTF	2:0
fujairah-open-2025	Senior Men -63kg	F		REZAEI Matin	IRI	HAJIMOUSAEI Mahdi	IRI	PTF	2:1
fujairah-open-2025	Senior Men -68kg	R64		ABEDIAN Amir morteza	IRI	HAMOUDA Nafti	TUN	PTF	2:1
fujairah-open-2025	Senior Men -68kg	R64		ABUHATAB Nouredeen	PLE	ALKHAWAHR Mustafa abdulmanam a	KSA	PTF	2:0
fujairah-open-2025	Senior Men -68kg	R64		ALENEZI Saood	KUW	GIANNOU Efstratios	GRE	PTF	2:0
fujairah-open-2025	Senior Men -68kg	R64		DAHIRI Mohamed amine	MAR	FEKI Mahdi	TUN	PTF	2:0
fujairah-open-2025	Senior Men -68kg	R64		ISAEV Bekhruzbek	KSA	IBRAHIM SHAIKH Mohammad	PLE	PTF	2:0
fujairah-open-2025	Senior Men -68kg	R64		KOBENAN Aaron francois	CIV	ISSAOUI Iyed	TUN	PTF	2:0
fujairah-open-2025	Senior Men -68kg	R64		LUPO Davide	ITA	TURABOV Umidjon	UZB	PTF	2:0
fujairah-open-2025	Senior Men -68kg	R64		MOHAMED Amr	UAE	MALALLAH Mohammad	KUW	PTF	2:0
fujairah-open-2025	Senior Men -68kg	R64		MURATKAN Yelnur	KAZ	AL HARBI Mohammed	KSA	PTF	2:0
fujairah-open-2025	Senior Men -68kg	R64		OMRANI Ayoub	TUN	MYLLYNEN Niko	FIN	PTF	2:0
fujairah-open-2025	Senior Men -68kg	R64		QIN Xingyu	CHN	AL Hamzeh	JOR	PTF	2:1
fujairah-open-2025	Senior Men -68kg	R64		SAIDI Faical	MAR	ZIAD Diaa	PLE	PTF	2:0
fujairah-open-2025	Senior Men -68kg	R64		TCAKOEV Sarmat	AIN	MESAMEH Yusuf faisal	BRN	PTF	2:0
fujairah-open-2025	Senior Men -68kg	R64		YAGHOUBIJOUYBARI Abolfazl	IRI	ALRASHEDI Barrak	KUW	PTF	2:0
fujairah-open-2025	Senior Men -68kg	R64		ZEINALI Radin	IRI	MOHAMED HARHASH Youssuf	EGY	DSQ	
fujairah-open-2025	Senior Men -68kg	R32		ALHALAWANI Zaid	JOR	ABEDIAN Amir morteza	IRI	PTF	2:0
fujairah-open-2025	Senior Men -68kg	R32		ALKHAWAHIR Ahmed	KSA	MOHAMED Amr	UAE	PTF	2:1
fujairah-open-2025	Senior Men -68kg	R32		ASGHARI MAHIABADI Hamed	IRI	AL TAIFI Rayyan mohammed j	KSA	PTF	2:0
fujairah-open-2025	Senior Men -68kg	R32		CHEN Yufan	CHN	OMRANI Ayoub	TUN	WDR	
fujairah-open-2025	Senior Men -68kg	R32		CHRZANOWSKI Mateusz	POL	ABUHATAB Nouredeen	PLE	WDR	
fujairah-open-2025	Senior Men -68kg	R32		EREMEEV Dmitrii	AIN	DAHIRI Mohamed amine	MAR	PTF	2:0
fujairah-open-2025	Senior Men -68kg	R32		KAZEMI Keivan	IRI	ZEINALI Radin	IRI	PTF	2:0
fujairah-open-2025	Senior Men -68kg	R32		LUPO Davide	ITA	ARBAZ KHAN Muhammad	PAK	PTF	2:0
fujairah-open-2025	Senior Men -68kg	R32		MUHAMMAD FATHY Omar	EGY	TCAKOEV Sarmat	AIN	PTF	2:1
fujairah-open-2025	Senior Men -68kg	R32		MUN Jinho	KOR	ISAEV Bekhruzbek	KSA	PTF	2:1
fujairah-open-2025	Senior Men -68kg	R32		NIU Guansen	CHN	ALENEZI Saood	KUW	PTF	2:0
fujairah-open-2025	Senior Men -68kg	R32		PALANGAFKAN Mohammad hasan	IRI	MURATKAN Yelnur	KAZ	PTF	2:0
fujairah-open-2025	Senior Men -68kg	R32		QIN Xingyu	CHN	KASSANOV Izyat	KAZ	PTF	2:0
fujairah-open-2025	Senior Men -68kg	R32		SAIDI Faical	MAR	MIATLITSKI Matsvei	AIN	PTF	2:0
fujairah-open-2025	Senior Men -68kg	R32		TUKHLIBOEV Diyorbek	UZB	KOBENAN Aaron francois	CIV	PTF	2:0
fujairah-open-2025	Senior Men -68kg	R32		YAGHOUBIJOUYBARI Abolfazl	IRI	AKHMIM Ayoub	MAR	PTF	2:0
fujairah-open-2025	Senior Men -68kg	R16		ALHALAWANI Zaid	JOR	ALKHAWAHIR Ahmed	KSA	PTF	2:0
fujairah-open-2025	Senior Men -68kg	R16		KAZEMI Keivan	IRI	QIN Xingyu	CHN	PTF	2:0
fujairah-open-2025	Senior Men -68kg	R16		MUN Jinho	KOR	EREMEEV Dmitrii	AIN	PTF	2:0
fujairah-open-2025	Senior Men -68kg	R16		NIU Guansen	CHN	ASGHARI MAHIABADI Hamed	IRI	PTF	2:0
fujairah-open-2025	Senior Men -68kg	R16		PALANGAFKAN Mohammad hasan	IRI	MUHAMMAD FATHY Omar	EGY	PTF	2:0
fujairah-open-2025	Senior Men -68kg	R16		SAIDI Faical	MAR	LUPO Davide	ITA	PTF	2:1
fujairah-open-2025	Senior Men -68kg	R16		TUKHLIBOEV Diyorbek	UZB	CHRZANOWSKI Mateusz	POL	PTF	2:0
fujairah-open-2025	Senior Men -68kg	R16		YAGHOUBIJOUYBARI Abolfazl	IRI	CHEN Yufan	CHN	PTF	2:0
fujairah-open-2025	Senior Men -68kg	QF		ALHALAWANI Zaid	JOR	SAIDI Faical	MAR	PTF	2:0
fujairah-open-2025	Senior Men -68kg	QF		MUN Jinho	KOR	KAZEMI Keivan	IRI	PTF	2:0
fujairah-open-2025	Senior Men -68kg	QF		NIU Guansen	CHN	TUKHLIBOEV Diyorbek	UZB	PTF	2:0
fujairah-open-2025	Senior Men -68kg	QF		PALANGAFKAN Mohammad hasan	IRI	YAGHOUBIJOUYBARI Abolfazl	IRI	PTF	2:0
fujairah-open-2025	Senior Men -68kg	SF		MUN Jinho	KOR	NIU Guansen	CHN	PTF	2:0
fujairah-open-2025	Senior Men -68kg	SF		PALANGAFKAN Mohammad hasan	IRI	ALHALAWANI Zaid	JOR	PTF	2:1
fujairah-open-2025	Senior Men -68kg	F		MUN Jinho	KOR	PALANGAFKAN Mohammad hasan	IRI	RSC	2:0
fujairah-open-2025	Senior Men -74kg	R64		ABDUSALAMOV Magomed	AIN	MOHAMED MAHMOUD Frass	EGY	PTF	2:0
fujairah-open-2025	Senior Men -74kg	R64		BAKHTIARI Amir sina	IRI	ALKHASHARFA Mohammad khalil	SYR	PTF	2:0
fujairah-open-2025	Senior Men -74kg	R64		BIN DOOKHY HASHAM	KSA	SADEGHIAN ABBASALI KESHI Amir reza	IRI	DSQ	
fujairah-open-2025	Senior Men -74kg	R64		EMADI Mohammad mahdi	IRI	GATIIATULLIN Timur	AIN	PTF	2:0
fujairah-open-2025	Senior Men -74kg	R64		HAMMOUDA Mostafa mahmoud saif	UAE	UMAR Hashir	PAK	DSQ	
fujairah-open-2025	Senior Men -74kg	R64		KOUAME Jean ezechiel	CIV	ALAGHA Rakan	KSA	RSC	
fujairah-open-2025	Senior Men -74kg	R64		TRIPATHI Krishna	IND	ABDULREHEEM Fawaz	KUW	DSQ	
fujairah-open-2025	Senior Men -74kg	R64		ZAHEDI Mohammad hossein	IRI	HASAN Ali	UAE	PTF	2:0
fujairah-open-2025	Senior Men -74kg	R32		ABDELLAOUI Aziz	TUN	HAMMOUDA Mostafa mahmoud saif	UAE	PTF	2:0
fujairah-open-2025	Senior Men -74kg	R32		ABDUSALAMOV Magomed	AIN	ORYNBASSAR Yerassyl	KAZ	PTF	2:0
fujairah-open-2025	Senior Men -74kg	R32		BABAKHIN Artsiom	AIN	ALENEZI Yousef salama	KUW	DSQ	
fujairah-open-2025	Senior Men -74kg	R32		BAHLOOOL Ahmad	PLE	KHASSEN Zhan	KAZ	PTF	2:0
fujairah-open-2025	Senior Men -74kg	R32		BAKHTIARI Amir sina	IRI	BOUJEMAI Fares	TUN	RSC	2:0
fujairah-open-2025	Senior Men -74kg	R32		BIN DOOKHY HASHAM	KSA	F. A. ABDELRAZEQ Fahid	PLE	PTF	2:1
fujairah-open-2025	Senior Men -74kg	R32		EL-ALAMI-SAIDI Rachid	MAR	ELALAOUI Mohtaram	UAE	PTF	2:0
fujairah-open-2025	Senior Men -74kg	R32		EMADI Mohammad mahdi	IRI	CUDNOCH Lukasz	POL	PTF	2:0
fujairah-open-2025	Senior Men -74kg	R32		KENZHEBEK Abyl	KAZ	ASHOUR Mahde	KUW	DSQ	
fujairah-open-2025	Senior Men -74kg	R32		KOSIMKHOJIEV Najmiddin	UZB	TRIPATHI Krishna	IND	PTF	2:0
fujairah-open-2025	Senior Men -74kg	R32		KOUAME Jean ezechiel	CIV	BADR EDDINE Saidi	MAR	PTF	2:0
fujairah-open-2025	Senior Men -74kg	R32		MOHAMED YASSINE Salim	MAR	BUTI Abdulwahab emad	KUW	PTF	2:0
fujairah-open-2025	Senior Men -74kg	R32		NECHIPAS Nikolai	AIN	MANGIONE Angelo	ITA	PTF	2:1
fujairah-open-2025	Senior Men -74kg	R32		NOURICHAFI Fadl-allah	MAR	ALAJMI Abdulaziz	KUW	PTF	2:1
fujairah-open-2025	Senior Men -74kg	R32		RAJABOV Islombek	UZB	ALOJAIMAN Ojaiman	KUW	WDR	
fujairah-open-2025	Senior Men -74kg	R32		ZAHEDI Mohammad hossein	IRI	JUMA Ahmed sherif mohamed saf	EGY	PTF	2:0
fujairah-open-2025	Senior Men -74kg	R16		ABDELLAOUI Aziz	TUN	BAHLOOOL Ahmad	PLE	PTF	2:0
fujairah-open-2025	Senior Men -74kg	R16		ABDUSALAMOV Magomed	AIN	RAJABOV Islombek	UZB	PTF	2:0
fujairah-open-2025	Senior Men -74kg	R16		BAKHTIARI Amir sina	IRI	KENZHEBEK Abyl	KAZ	PTF	2:0
fujairah-open-2025	Senior Men -74kg	R16		BIN DOOKHY HASHAM	KSA	NOURICHAFI Fadl-allah	MAR	WDR	
fujairah-open-2025	Senior Men -74kg	R16		EL-ALAMI-SAIDI Rachid	MAR	EMADI Mohammad mahdi	IRI	RSC	1:0
fujairah-open-2025	Senior Men -74kg	R16		KOSIMKHOJIEV Najmiddin	UZB	NECHIPAS Nikolai	AIN	PTF	2:0
fujairah-open-2025	Senior Men -74kg	R16		KOUAME Jean ezechiel	CIV	BABAKHIN Artsiom	AIN	PTF	2:0
fujairah-open-2025	Senior Men -74kg	R16		ZAHEDI Mohammad hossein	IRI	MOHAMED YASSINE Salim	MAR	PTF	2:0
fujairah-open-2025	Senior Men -74kg	QF		ABDUSALAMOV Magomed	AIN	BIN DOOKHY HASHAM	KSA	RSC	
fujairah-open-2025	Senior Men -74kg	QF		BAKHTIARI Amir sina	IRI	EL-ALAMI-SAIDI Rachid	MAR	PTF	2:0
fujairah-open-2025	Senior Men -74kg	QF		KOSIMKHOJIEV Najmiddin	UZB	ZAHEDI Mohammad hossein	IRI	PTF	2:0
fujairah-open-2025	Senior Men -74kg	QF		KOUAME Jean ezechiel	CIV	ABDELLAOUI Aziz	TUN	PTF	2:1
fujairah-open-2025	Senior Men -74kg	SF		ABDUSALAMOV Magomed	AIN	BAKHTIARI Amir sina	IRI	PTF	2:1
fujairah-open-2025	Senior Men -74kg	SF		KOSIMKHOJIEV Najmiddin	UZB	KOUAME Jean ezechiel	CIV	PTF	2:0
fujairah-open-2025	Senior Men -74kg	F		ABDUSALAMOV Magomed	AIN	KOSIMKHOJIEV Najmiddin	UZB	PTF	2:1
fujairah-open-2025	Senior Men -80kg	R32		ABU HDEEB Baha'	JOR	AL-MUTAIRI Meshal	KUW	PTF	2:0
fujairah-open-2025	Senior Men -80kg	R32		ALSOWAIQ Mohammed	KSA	IBRAHIM Mohammad	KUW	RSC	1:0
fujairah-open-2025	Senior Men -80kg	R32		AMIR HASSAN Armin	UAE	ALENEZI Omar	KUW	DSQ	
fujairah-open-2025	Senior Men -80kg	R32		AOUNI Jasser	KSA	BALCIUNAS Gabijus	LTU	RSC	
fujairah-open-2025	Senior Men -80kg	R32		EBRAHIMI Aliakbar	IRI	BENHASSINE Mohamed leith	TUN	PTF	2:0
fujairah-open-2025	Senior Men -80kg	R32		ELSHEIKH Adham	EGY	LI Yang	CHN	PTF	2:0
fujairah-open-2025	Senior Men -80kg	R32		GALIYEV Alisher	KAZ	ALI Abbas	IND	DSQ	
fujairah-open-2025	Senior Men -80kg	R32		GERRONE Antonio	ITA	ALENEZI Bandar	KUW	PTF	2:0
fujairah-open-2025	Senior Men -80kg	R32		HOSSAM ELDEIN Hazem	EGY	HAMEDI Tareg ali m	KSA	PTF	2:0
fujairah-open-2025	Senior Men -80kg	R32		KHOSHRAVESH Ali	IRI	GANIYEV Mergen	KAZ	PTF	2:0
fujairah-open-2025	Senior Men -80kg	R32		PAPADOPOULOS Ioannis	GRE	ALMUTAIRI Sulatan m kh	KUW	RSC	1:0
fujairah-open-2025	Senior Men -80kg	R32		TURAVINAU Raman	AIN	AHMADVAND Amin mohammad	IRI	PTF	2:0
fujairah-open-2025	Senior Men -80kg	R32		TUSMATOV Shakhboz	UZB	JI Jingxue	CHN	PTF	2:0
fujairah-open-2025	Senior Men -80kg	R32		ZARHOUTI Haitam	MAR	ABBAS Mazhar	PAK	PTF	2:0
fujairah-open-2025	Senior Men -80kg	R32		ZHAO Haolan	CHN	BIGASHEV Rauan	KAZ	PTF	2:0
fujairah-open-2025	Senior Men -80kg	R16		ABU HDEEB Baha'	JOR	ELSHEIKH Adham	EGY	PTF	2:1
fujairah-open-2025	Senior Men -80kg	R16		AOUNI Jasser	KSA	EBRAHIMI Aliakbar	IRI	PTF	2:1
fujairah-open-2025	Senior Men -80kg	R16		JAYSUNOV Jasurbek	UZB	AMIR HASSAN Armin	UAE	PTF	2:0
fujairah-open-2025	Senior Men -80kg	R16		KHOSHRAVESH Ali	IRI	GERRONE Antonio	ITA	RSC	2:0
fujairah-open-2025	Senior Men -80kg	R16		PAPADOPOULOS Ioannis	GRE	ALSOWAIQ Mohammed	KSA	PTF	2:0
fujairah-open-2025	Senior Men -80kg	R16		TURAVINAU Raman	AIN	HOSSAM ELDEIN Hazem	EGY	PTF	2:0
fujairah-open-2025	Senior Men -80kg	R16		TUSMATOV Shakhboz	UZB	GALIYEV Alisher	KAZ	PTF	2:0
fujairah-open-2025	Senior Men -80kg	R16		ZARHOUTI Haitam	MAR	ZHAO Haolan	CHN	PTF	2:0
fujairah-open-2025	Senior Men -80kg	QF		AOUNI Jasser	KSA	ABU HDEEB Baha'	JOR	PTF	2:0
fujairah-open-2025	Senior Men -80kg	QF		JAYSUNOV Jasurbek	UZB	KHOSHRAVESH Ali	IRI	PTF	2:0
fujairah-open-2025	Senior Men -80kg	QF		PAPADOPOULOS Ioannis	GRE	TUSMATOV Shakhboz	UZB	PTF	2:0
fujairah-open-2025	Senior Men -80kg	QF		ZARHOUTI Haitam	MAR	TURAVINAU Raman	AIN	PTF	2:0
fujairah-open-2025	Senior Men -80kg	SF		JAYSUNOV Jasurbek	UZB	ZARHOUTI Haitam	MAR	PTF	2:0
fujairah-open-2025	Senior Men -80kg	SF		PAPADOPOULOS Ioannis	GRE	AOUNI Jasser	KSA	PTF	2:1
fujairah-open-2025	Senior Men -80kg	F		JAYSUNOV Jasurbek	UZB	PAPADOPOULOS Ioannis	GRE	PTF	2:0
fujairah-open-2025	Senior Men -87kg	R32		AHMADI Ali	IRI	JAMAZI Mohamed	TUN	PTF	2:0
fujairah-open-2025	Senior Men -87kg	R32		ALASSALI Llies	UAE	HOSSEINI Mirhashem	IRI	DSQ	
fujairah-open-2025	Senior Men -87kg	R32		IFAOUI Motaz	TUN	ABDELRAHMAN Mohamed abousedira shaker	UAE	PTF	2:0
fujairah-open-2025	Senior Men -87kg	R32		RAWY Ahmad	EGY	LIUBINSKI Stsiapan	AIN	PTF	2:1
fujairah-open-2025	Senior Men -87kg	R32		YAZDANI Mohammad hossein	IRI	ELSHARABATY Saleh	JOR	WDR	
fujairah-open-2025	Senior Men -87kg	R32		YURKOU Daniil	AIN	ALKHAIBARI Ali mabruk s	KSA	PTF	2:0
fujairah-open-2025	Senior Men -87kg	R32		ŠIAULYS Emilis	LTU	ALHERAIS Bader l s l	KUW	RSC	2:0
fujairah-open-2025	Senior Men -87kg	R16		AHMADI Ali	IRI	OH Jihoon	KOR	PTF	2:1
fujairah-open-2025	Senior Men -87kg	R16		ALESSIO Simone	ITA	ALKANDARI Yahyah	KUW	RSC	
fujairah-open-2025	Senior Men -87kg	R16		BEKENOV Bekarys	KAZ	ALASSALI Llies	UAE	PTF	2:1
fujairah-open-2025	Senior Men -87kg	R16		PIATKOWSKI Szymon	POL	YURKOU Daniil	AIN	PTF	2:0
fujairah-open-2025	Senior Men -87kg	R16		RAWY Ahmad	EGY	OBERHOFER Alexander	ITA	PTF	2:0
fujairah-open-2025	Senior Men -87kg	R16		SALAEV Shukhrat	UZB	IFAOUI Motaz	TUN	PTF	2:0
fujairah-open-2025	Senior Men -87kg	R16		YAZDANI Mohammad hossein	IRI	UL HAQ Ikhtisham	PAK	PTF	2:0
fujairah-open-2025	Senior Men -87kg	R16		ZHURABOEV Yodgorbek	UZB	ŠIAULYS Emilis	LTU	PTF	2:0
fujairah-open-2025	Senior Men -87kg	QF		AHMADI Ali	IRI	RAWY Ahmad	EGY	PTF	2:0
fujairah-open-2025	Senior Men -87kg	QF		ALESSIO Simone	ITA	PIATKOWSKI Szymon	POL	PTF	2:1
fujairah-open-2025	Senior Men -87kg	QF		YAZDANI Mohammad hossein	IRI	SALAEV Shukhrat	UZB	PTF	2:1
fujairah-open-2025	Senior Men -87kg	QF		ZHURABOEV Yodgorbek	UZB	BEKENOV Bekarys	KAZ	PTF	2:0
fujairah-open-2025	Senior Men -87kg	SF		AHMADI Ali	IRI	ZHURABOEV Yodgorbek	UZB	PTF	2:0
fujairah-open-2025	Senior Men -87kg	SF		ALESSIO Simone	ITA	YAZDANI Mohammad hossein	IRI	PTF	2:0
fujairah-open-2025	Senior Men -87kg	F		ALESSIO Simone	ITA	AHMADI Ali	IRI	PTF	2:1
fujairah-open-2025	Senior Men +87kg	R32		ALY Mohamed	EGY	HASAN Ali hameed	KUW	PTF	2:0
fujairah-open-2025	Senior Men +87kg	R32		ESSAM MOHIUDDIN Abdullah	EGY	HARBI Anis	TUN	PTF	2:0
fujairah-open-2025	Senior Men +87kg	R32		MATSABERIDZE Ilia	GEO	SHAHBR Ahmad	KSA	WDR	1:0
fujairah-open-2025	Senior Men +87kg	R32		MOHAMED MAHMOUD Abdullah	UAE	ALATWAN Jaber	KUW	RSC	
fujairah-open-2025	Senior Men +87kg	R32		NADALIAN JOUYBARI Alireza	IRI	ALSALEM Majed mohammed b	KSA	PTF	2:0
fujairah-open-2025	Senior Men +87kg	R32		RAHMANIRAD Amirmohammad	IRI	TARCHYLA Aliaksei	AIN	PTF	2:0
fujairah-open-2025	Senior Men +87kg	R32		SBEIHI Fahed	JOR	ALSAAD Muslim	UAE	PTF	2:0
fujairah-open-2025	Senior Men +87kg	R32		WAHDAN Youssef mohamed ahmed ha	EGY	ZAKARIYA Abdulmohsen	KUW	PTF	2:1
fujairah-open-2025	Senior Men +87kg	R32		ZAKARIA Khouyyar	MAR	ALDOSERI Abdulaziz	BRN	PTF	2:0
fujairah-open-2025	Senior Men +87kg	R16		DE Matteo	ITA	WAHDAN Youssef mohamed ahmed ha	EGY	PTF	2:0
fujairah-open-2025	Senior Men +87kg	R16		ESSAM MOHIUDDIN Abdullah	EGY	MATSABERIDZE Ilia	GEO	PTF	2:0
fujairah-open-2025	Senior Men +87kg	R16		MICHOPOULOS Sotirios	GRE	NADALIAN JOUYBARI Alireza	IRI	PTF	2:0
fujairah-open-2025	Senior Men +87kg	R16		MOLIN Mattia	ITA	MOHAMED MAHMOUD Abdullah	UAE	PTF	2:1
fujairah-open-2025	Senior Men +87kg	R16		PLONIS Artsiom	AIN	ALY Mohamed	EGY	PTF	2:0
fujairah-open-2025	Senior Men +87kg	R16		RAHMANIRAD Amirmohammad	IRI	SAEED Hamzah omar	PAK	PTF	2:1
fujairah-open-2025	Senior Men +87kg	R16		SBEIHI Fahed	JOR	SALIMI Arian	IRI	RSC	
fujairah-open-2025	Senior Men +87kg	R16		ZAKARIA Khouyyar	MAR	LI Mingsi	CHN	PTF	2:0
fujairah-open-2025	Senior Men +87kg	QF		ESSAM MOHIUDDIN Abdullah	EGY	SBEIHI Fahed	JOR	RSC	0:1
fujairah-open-2025	Senior Men +87kg	QF		MOLIN Mattia	ITA	ZAKARIA Khouyyar	MAR	PTF	2:1
fujairah-open-2025	Senior Men +87kg	QF		PLONIS Artsiom	AIN	MICHOPOULOS Sotirios	GRE	PTF	2:1
fujairah-open-2025	Senior Men +87kg	QF		RAHMANIRAD Amirmohammad	IRI	DE Matteo	ITA	PTF	2:0
fujairah-open-2025	Senior Men +87kg	SF		PLONIS Artsiom	AIN	MOLIN Mattia	ITA	PTF	2:0
fujairah-open-2025	Senior Men +87kg	SF		RAHMANIRAD Amirmohammad	IRI	ESSAM MOHIUDDIN Abdullah	EGY	PTF	2:0
fujairah-open-2025	Senior Men +87kg	F		PLONIS Artsiom	AIN	RAHMANIRAD Amirmohammad	IRI	PTF	2:0
fujairah-open-2025	Senior Women -46kg	R64		ELZANATY Mariam	EGY	HRAIRAT Raneem	JOR	PTF	2:1
fujairah-open-2025	Senior Women -46kg	R64		GEORGIOU Melina	GRE	KHOSHIMJONOVA Zebiniso	UZB	PTF	2:1
fujairah-open-2025	Senior Women -46kg	R64		RAMY MOHAMED Salma	EGY	KOLI Darshana	IND	PTF	2:1
fujairah-open-2025	Senior Women -46kg	R32		ALDARDOOK Nour	JOR	RASHED Malak	UAE	PTF	2:0
fujairah-open-2025	Senior Women -46kg	R32		ALYAMANI Thimar mohammed a	KSA	HASSAN Shama	UAE	PTF	2:0
fujairah-open-2025	Senior Women -46kg	R32		BENSAID Fatima	MAR	MOHAMMAD Soher	SYR	PTF	2:0
fujairah-open-2025	Senior Women -46kg	R32		GALIERO Giulia	ITA	ELZANATY Mariam	EGY	PTF	2:0
fujairah-open-2025	Senior Women -46kg	R32		GEORGIOU Melina	GRE	HAMZEH Layan	JOR	PTF	2:0
fujairah-open-2025	Senior Women -46kg	R32		MERYEM Chabba	MAR	YUSSUPBAYEVA Diana	KAZ	PTF	2:0
fujairah-open-2025	Senior Women -46kg	R32		MOHAMED Noor	BRN	MAHJOUB Asma	TUN	PTF	2:0
fujairah-open-2025	Senior Women -46kg	R32		RAMY MOHAMED Salma	EGY	ALSHARIF Taiba khalid y	KSA	PTF	2:0
fujairah-open-2025	Senior Women -46kg	R32		SAAD MOHAMMED Shahd	KSA	BINTHANI Yara	BRN	PTF	2:0
fujairah-open-2025	Senior Women -46kg	R32		SAIGHI Lyamna	ALG	BADWAN Zaina	JOR	PTF	2:0
fujairah-open-2025	Senior Women -46kg	R32		SHIN Su-in	KOR	ALSHAMMARI Sahaf matar a	KSA	PTF	2:0
fujairah-open-2025	Senior Women -46kg	R32		SHIRI Sogand	IRI	YAHYAEI Sama	BRN	PTF	2:0
fujairah-open-2025	Senior Women -46kg	R32		SHONIYOZOVA Madina	UZB	NAGGASH Ilan shadi e	KSA	RSC	1:0
fujairah-open-2025	Senior Women -46kg	R32		TOJIMATOVA Zuhrakhon	UZB	ALMAIMANI Nuha gasem a	KSA	PTF	2:0
fujairah-open-2025	Senior Women -46kg	R32		TOUZANI Farah	MAR	AL WERAIKI Sali mansoor hussein	KSA	PTF	2:0
fujairah-open-2025	Senior Women -46kg	R32		VALINEZHAD Hasti	IRI	ALKHAWAHR Rahmah abdulmanam a	KSA	PTF	2:0
fujairah-open-2025	Senior Women -46kg	R16		MERYEM Chabba	MAR	RAMY MOHAMED Salma	EGY	PTF	2:0
fujairah-open-2025	Senior Women -46kg	R16		SAAD MOHAMMED Shahd	KSA	ALDARDOOK Nour	JOR	PTF	2:0
fujairah-open-2025	Senior Women -46kg	R16		SHIN Su-in	KOR	GEORGIOU Melina	GRE	PTF	2:1
fujairah-open-2025	Senior Women -46kg	R16		SHIRI Sogand	IRI	ALYAMANI Thimar mohammed a	KSA	RSC	2:0
fujairah-open-2025	Senior Women -46kg	R16		SHONIYOZOVA Madina	UZB	BENSAID Fatima	MAR	PTF	2:0
fujairah-open-2025	Senior Women -46kg	R16		TOJIMATOVA Zuhrakhon	UZB	SAIGHI Lyamna	ALG	PTF	2:0
fujairah-open-2025	Senior Women -46kg	R16		TOUZANI Farah	MAR	MOHAMED Noor	BRN	PTF	2:0
fujairah-open-2025	Senior Women -46kg	R16		VALINEZHAD Hasti	IRI	GALIERO Giulia	ITA	PTF	2:1
fujairah-open-2025	Senior Women -46kg	QF		SHIRI Sogand	IRI	SHIN Su-in	KOR	PTF	2:0
fujairah-open-2025	Senior Women -46kg	QF		SHONIYOZOVA Madina	UZB	SAAD MOHAMMED Shahd	KSA	PTF	2:0
fujairah-open-2025	Senior Women -46kg	QF		TOJIMATOVA Zuhrakhon	UZB	MERYEM Chabba	MAR	PTF	2:0
fujairah-open-2025	Senior Women -46kg	QF		VALINEZHAD Hasti	IRI	TOUZANI Farah	MAR	PTF	2:0
fujairah-open-2025	Senior Women -46kg	SF		SHIRI Sogand	IRI	TOJIMATOVA Zuhrakhon	UZB	PTF	2:1
fujairah-open-2025	Senior Women -46kg	SF		VALINEZHAD Hasti	IRI	SHONIYOZOVA Madina	UZB	PTF	2:0
fujairah-open-2025	Senior Women -46kg	F		SHIRI Sogand	IRI	VALINEZHAD Hasti	IRI	PTF	2:1
fujairah-open-2025	Senior Women -49kg	R32		ABI HEYLA Mandy	LBN	ALSHAMMARI Rahaf matar abdulhadi	KSA	PTF	2:1
fujairah-open-2025	Senior Women -49kg	R32		ELAASAL Nezha	MAR	TAIROVA Ramina	KAZ	PTF	2:0
fujairah-open-2025	Senior Women -49kg	R32		HOSSAM Malak	EGY	KAIRKENOVA Aliya	KAZ	PTF	2:0
fujairah-open-2025	Senior Women -49kg	R32		KALAWADH Fatema	BRN	ALI Hawraa abdullah	KUW	PTF	2:0
fujairah-open-2025	Senior Women -49kg	R32		KAUR Sarwar	IND	OBAID SALMEIN Mozah	UAE	PTF	2:0
fujairah-open-2025	Senior Women -49kg	R32		KHASANOVA Laylo	UZB	ZOGHBI Aicha	TUN	PTF	2:0
fujairah-open-2025	Senior Women -49kg	R32		MOMENZADEH Mahla	IRI	BEKKOUR Lamiae	MAR	PTF	2:0
fujairah-open-2025	Senior Women -49kg	R32		MOSTAFA ABDALLAH AMMAR Habiba	EGY	GEORGIADOU Gesthimani	GRE	PTF	2:0
fujairah-open-2025	Senior Women -49kg	R32		NASIRI DAROUNKOLA Saeideh	IRI	YODGOROVA Shahzoda	UZB	PTF	2:0
fujairah-open-2025	Senior Women -49kg	R32		SHIRI Sogol	IRI	YERZHAN Alina	KAZ	PTF	2:0
fujairah-open-2025	Senior Women -49kg	R32		TANGIROVA Dilnoza	UZB	A. SH. SALEH Abrar	PLE	PTF	2:0
fujairah-open-2025	Senior Women -49kg	R32		ZHANDILDINOVA Adel	KAZ	MARIEME Nia	MAR	RSC	
fujairah-open-2025	Senior Women -49kg	R16		BYRNE Ruby	IRL	KAUR Sarwar	IND	PTF	2:0
fujairah-open-2025	Senior Women -49kg	R16		HOSSAM Malak	EGY	BARROSO Kiara	POR	PTF	2:0
fujairah-open-2025	Senior Women -49kg	R16		KAPANOVA Botakoz	KAZ	ABI HEYLA Mandy	LBN	PTF	2:0
fujairah-open-2025	Senior Women -49kg	R16		KHASANOVA Laylo	UZB	KALAWADH Fatema	BRN	PTF	2:0
fujairah-open-2025	Senior Women -49kg	R16		MOMENZADEH Mahla	IRI	TANGIROVA Dilnoza	UZB	PTF	2:0
fujairah-open-2025	Senior Women -49kg	R16		MOSTAFA ABDALLAH AMMAR Habiba	EGY	ELAASAL Nezha	MAR	PTF	2:1
fujairah-open-2025	Senior Women -49kg	R16		NASIRI DAROUNKOLA Saeideh	IRI	ZHANDILDINOVA Adel	KAZ	PTF	2:0
fujairah-open-2025	Senior Women -49kg	R16		SHIRI Sogol	IRI	ALSAFADI Sham	JOR	PTF	2:0
fujairah-open-2025	Senior Women -49kg	QF		KHASANOVA Laylo	UZB	HOSSAM Malak	EGY	PTF	2:0
fujairah-open-2025	Senior Women -49kg	QF		MOMENZADEH Mahla	IRI	KAPANOVA Botakoz	KAZ	PTF	2:0
fujairah-open-2025	Senior Women -49kg	QF		NASIRI DAROUNKOLA Saeideh	IRI	BYRNE Ruby	IRL	PTF	2:0
fujairah-open-2025	Senior Women -49kg	QF		SHIRI Sogol	IRI	MOSTAFA ABDALLAH AMMAR Habiba	EGY	PTF	2:0
fujairah-open-2025	Senior Women -49kg	SF		MOMENZADEH Mahla	IRI	SHIRI Sogol	IRI	PTF	2:1
fujairah-open-2025	Senior Women -49kg	SF		NASIRI DAROUNKOLA Saeideh	IRI	KHASANOVA Laylo	UZB	PTF	2:0
fujairah-open-2025	Senior Women -49kg	F		MOMENZADEH Mahla	IRI	NASIRI DAROUNKOLA Saeideh	IRI	PTF	2:1
fujairah-open-2025	Senior Women -53kg	R32		ATIAH Lujain fahmi a	KSA	SABIR Aidana	KAZ	PTF	2:0
fujairah-open-2025	Senior Women -53kg	R32		DHAHRI Ikram	TUN	AWLMOHAMMED Rozhgar ali	IRQ	PTF	2:0
fujairah-open-2025	Senior Women -53kg	R32		ENNAMS Meryem	MAR	DEMIAN Carla	LBN	PTF	2:1
fujairah-open-2025	Senior Women -53kg	R32		FARAJ Yaqin	PLE	HADROOS Reem	RTA	PTF	2:0
fujairah-open-2025	Senior Women -53kg	R16		ABUTALEB Dunya ali m	KSA	FARAJ Yaqin	PLE	WDR	1:0
fujairah-open-2025	Senior Women -53kg	R16		AKBERGEN Shamshat	KAZ	AHMAD Shams	SYR	PTF	2:1
fujairah-open-2025	Senior Women -53kg	R16		AL HALWANI Elisa	ITA	ALMARZOOQI Asma ali	UAE	PTF	2:0
fujairah-open-2025	Senior Women -53kg	R16		BEN AOUN Ouhoud	TUN	IMINZHANOVA Malika	KAZ	PTF	2:0
fujairah-open-2025	Senior Women -53kg	R16		DHAHRI Ikram	TUN	KHATTAB Jana	EGY	RSC	1:0
fujairah-open-2025	Senior Women -53kg	R16		MATONTI Ilenia elisabetta	ITA	ATIAH Lujain fahmi a	KSA	PTF	2:0
fujairah-open-2025	Senior Women -53kg	R16		MEIŠTININKAITĖ Gerda	LTU	ENNAMS Meryem	MAR	PTF	2:1
fujairah-open-2025	Senior Women -53kg	R16		NEMATZADEH Mobina	IRI	KHAIRULLINA Adiya	KAZ	PTF	2:0
fujairah-open-2025	Senior Women -53kg	QF		ABUTALEB Dunya ali m	KSA	BEN AOUN Ouhoud	TUN	PTF	2:0
fujairah-open-2025	Senior Women -53kg	QF		AKBERGEN Shamshat	KAZ	MEIŠTININKAITĖ Gerda	LTU	WDR	
fujairah-open-2025	Senior Women -53kg	QF		MATONTI Ilenia elisabetta	ITA	AL HALWANI Elisa	ITA	PTF	2:0
fujairah-open-2025	Senior Women -53kg	QF		NEMATZADEH Mobina	IRI	DHAHRI Ikram	TUN	PTF	2:0
fujairah-open-2025	Senior Women -53kg	SF		ABUTALEB Dunya ali m	KSA	AKBERGEN Shamshat	KAZ	PTF	2:0
fujairah-open-2025	Senior Women -53kg	SF		NEMATZADEH Mobina	IRI	MATONTI Ilenia elisabetta	ITA	PTF	2:0
fujairah-open-2025	Senior Women -53kg	F		ABUTALEB Dunya ali m	KSA	NEMATZADEH Mobina	IRI	PTF	2:1
fujairah-open-2025	Senior Women -57kg	R32		ABDUVALIEVA Shabona	UZB	A. M. AMMAR Joweil	PLE	PTF	2:0
fujairah-open-2025	Senior Women -57kg	R32		KAZNABEK Nuray	KAZ	SPEHAR Lea	CRO	PTF	2:1
fujairah-open-2025	Senior Women -57kg	R32		KHIRFAN Fadia	JOR	TVARONAVICIUTE Klaudija	LTU	PTF	2:0
fujairah-open-2025	Senior Women -57kg	R32		MERIEME Khoulal	MAR	SAMY Shahd	EGY	PTF	2:1
fujairah-open-2025	Senior Women -57kg	R32		MODANLOU Tina	IRI	AHMED Basma	EGY	PTF	2:0
fujairah-open-2025	Senior Women -57kg	R32		PEZZOLLA Lucia	ITA	ZAYTOUN Leila	QAT	PTF	2:0
fujairah-open-2025	Senior Women -57kg	R16		ABDUVALIEVA Shabona	UZB	KRAJEWSKA Agnieszka	POL	RSC	
fujairah-open-2025	Senior Women -57kg	R16		AL HALWANI Giada	ITA	KHIRFAN Fadia	JOR	PTF	2:1
fujairah-open-2025	Senior Women -57kg	R16		BLIZNIAKOVA Margarita	AIN	PEZZOLLA Lucia	ITA	PTF	2:0
fujairah-open-2025	Senior Women -57kg	R16		MODANLOU Tina	IRI	VUKIC Margarita	CRO	PTF	2:0
fujairah-open-2025	Senior Women -57kg	R16		TEPINA Alina	AIN	MOHAMED Malak	EGY	PTF	2:1
fujairah-open-2025	Senior Women -57kg	R16		TOUMI Chaima	TUN	KAZNABEK Nuray	KAZ	PTF	2:0
fujairah-open-2025	Senior Women -57kg	R16		ZDOR Kseniia	AIN	MERIEME Khoulal	MAR	PTF	2:1
fujairah-open-2025	Senior Women -57kg	R16		ZHAMAUBAY Aknur	KAZ	ALSHAMMARI Mays matar abdulhadi	KSA	PTF	2:0
fujairah-open-2025	Senior Women -57kg	QF		ABDUVALIEVA Shabona	UZB	BLIZNIAKOVA Margarita	AIN	PTF	2:1
fujairah-open-2025	Senior Women -57kg	QF		MODANLOU Tina	IRI	ZHAMAUBAY Aknur	KAZ	WDR	1:0
fujairah-open-2025	Senior Women -57kg	QF		TOUMI Chaima	TUN	TEPINA Alina	AIN	PTF	2:0
fujairah-open-2025	Senior Women -57kg	QF		ZDOR Kseniia	AIN	AL HALWANI Giada	ITA	PTF	2:0
fujairah-open-2025	Senior Women -57kg	SF		TOUMI Chaima	TUN	ABDUVALIEVA Shabona	UZB	PTF	2:1
fujairah-open-2025	Senior Women -57kg	SF		ZDOR Kseniia	AIN	MODANLOU Tina	IRI	PTF	2:1
fujairah-open-2025	Senior Women -57kg	F		TOUMI Chaima	TUN	ZDOR Kseniia	AIN	PTF	2:0
fujairah-open-2025	Senior Women -62kg	R32		IDRISSI Assia	MAR	ASHRAF MOHAMED AHMED HAMDAN Lougina	EGY	RSC	2:0
fujairah-open-2025	Senior Women -62kg	R32		ISMATULLAEVA Marjona	UZB	PROKOPCHUK Veronika	KAZ	PTF	2:1
fujairah-open-2025	Senior Women -62kg	R32		VALIZADEH Nastaran	IRI	HYDER Afreen	IND	PTF	2:0
fujairah-open-2025	Senior Women -62kg	R16		ARELIC Ivana	CRO	IDRISSI Assia	MAR	PTF	2:0
fujairah-open-2025	Senior Women -62kg	R16		ASASEH Kosar	IRI	MSADDEK Yasmin	QAT	PTF	2:0
fujairah-open-2025	Senior Women -62kg	R16		CHOI Subin	KOR	ALAMERI Shahad a	KUW	PTF	2:0
fujairah-open-2025	Senior Women -62kg	R16		IBO Koumba nanah-helene	CIV	LEE Eunmi	KOR	PTF	2:0
fujairah-open-2025	Senior Women -62kg	R16		KAZHIMOVA Aigerim	KAZ	GHULAM Tanver khanum	UAE	WDR	1:0
fujairah-open-2025	Senior Women -62kg	R16		MARTON Viviana	HUN	ISMATULLAEVA Marjona	UZB	WDR	1:0
fujairah-open-2025	Senior Women -62kg	R16		VALIZADEH Nastaran	IRI	SMYCHKOVA Valeryia	AIN	PTF	2:0
fujairah-open-2025	Senior Women -62kg	R16		WAFA Masghouni	TUN	ASKAROVA Zhanel	KAZ	PTF	2:0
fujairah-open-2025	Senior Women -62kg	QF		ARELIC Ivana	CRO	IBO Koumba nanah-helene	CIV	PTF	2:0
fujairah-open-2025	Senior Women -62kg	QF		MARTON Viviana	HUN	CHOI Subin	KOR	PTF	2:0
fujairah-open-2025	Senior Women -62kg	QF		VALIZADEH Nastaran	IRI	KAZHIMOVA Aigerim	KAZ	PTF	2:0
fujairah-open-2025	Senior Women -62kg	QF		WAFA Masghouni	TUN	ASASEH Kosar	IRI	PTF	2:1
fujairah-open-2025	Senior Women -62kg	SF		MARTON Viviana	HUN	WAFA Masghouni	TUN	PTF	2:1
fujairah-open-2025	Senior Women -62kg	SF		VALIZADEH Nastaran	IRI	ARELIC Ivana	CRO	PTF	2:0
fujairah-open-2025	Senior Women -62kg	F		VALIZADEH Nastaran	IRI	MARTON Viviana	HUN	PTF	2:1
fujairah-open-2025	Senior Women -67kg	R32		CHEN Kexin	CHN	KENGESBEK Nurly	KAZ	PTF	2:0
fujairah-open-2025	Senior Women -67kg	R32		FATNASSI Maram	QAT	EL ATRI Wafae	MAR	WDR	1:1
fujairah-open-2025	Senior Women -67kg	R32		JALLAB Sara	BRN	ALKETBI Asayel	UAE	PTF	2:0
fujairah-open-2025	Senior Women -67kg	R32		KHALED HUSSEIN MAHMOUD Shahd	EGY	TARIK A BANGASH Lamar	KSA	PTF	2:0
fujairah-open-2025	Senior Women -67kg	R32		KOLBAYEVA Bexulu	KAZ	ALHOSANI Eiman salem	UAE	WDR	
fujairah-open-2025	Senior Women -67kg	R16		ALRAWASHDEH Razan mohammed	JOR	MARTON Luana	HUN	PTF	2:0
fujairah-open-2025	Senior Women -67kg	R16		D'ANGELO Natalia	ITA	ZHU Yingyue	CHN	PTF	2:0
fujairah-open-2025	Senior Women -67kg	R16		HADDAD Khalida	FRA	FATNASSI Maram	QAT	PTF	2:0
fujairah-open-2025	Senior Women -67kg	R16		MARENTAKI Styliani	GRE	CHEN Kexin	CHN	PTF	2:0
fujairah-open-2025	Senior Women -67kg	R16		MORADI SHEIKHLAR Saghar	IRI	KHALED HUSSEIN MAHMOUD Shahd	EGY	PTF	2:0
fujairah-open-2025	Senior Women -67kg	R16		SHEHATA Aya	EGY	JALLAB Sara	BRN	PTF	2:0
fujairah-open-2025	Senior Women -67kg	R16		SOBIRJONOVA Ozoda	UZB	KOLBAYEVA Bexulu	KAZ	PTF	2:0
fujairah-open-2025	Senior Women -67kg	R16		VALINEJAD Yalda	IRI	NINA Urganaeva	ARM	PTF	2:1
fujairah-open-2025	Senior Women -67kg	QF		MARENTAKI Styliani	GRE	ALRAWASHDEH Razan mohammed	JOR	PTF	2:0
fujairah-open-2025	Senior Women -67kg	QF		MORADI SHEIKHLAR Saghar	IRI	HADDAD Khalida	FRA	PTF	2:0
fujairah-open-2025	Senior Women -67kg	QF		SHEHATA Aya	EGY	VALINEJAD Yalda	IRI	PTF	2:0
fujairah-open-2025	Senior Women -67kg	QF		SOBIRJONOVA Ozoda	UZB	D'ANGELO Natalia	ITA	PTF	2:0
fujairah-open-2025	Senior Women -67kg	SF		MARENTAKI Styliani	GRE	SHEHATA Aya	EGY	PTF	2:1
fujairah-open-2025	Senior Women -67kg	SF		MORADI SHEIKHLAR Saghar	IRI	SOBIRJONOVA Ozoda	UZB	PTF	2:1
fujairah-open-2025	Senior Women -67kg	F		MARENTAKI Styliani	GRE	MORADI SHEIKHLAR Saghar	IRI	PTF	2:0
fujairah-open-2025	Senior Women -73kg	QF		ABO-ALRUB Rama	JOR	SABER Dunya bushuaib a	KSA	PTF	2:0
fujairah-open-2025	Senior Women -73kg	QF		MIRHOSSEINI VAKILI Melika	IRI	ALRABADI Joud	JOR	DSQ	
fujairah-open-2025	Senior Women -73kg	SF		ABO-ALRUB Rama	JOR	NAMGUNG Seoyeon	KOR	PTF	2:1
fujairah-open-2025	Senior Women -73kg	SF		MIRHOSSEINI VAKILI Melika	IRI	SARVANAKI Theopoula	GRE	PTF	2:0
fujairah-open-2025	Senior Women -73kg	F		MIRHOSSEINI VAKILI Melika	IRI	ABO-ALRUB Rama	JOR	PTF	2:0
fujairah-open-2025	Senior Women +73kg	R16		FARAH El Majidi	MAR	ALKETBI Salma	UAE	PTF	2:0
fujairah-open-2025	Senior Women +73kg	R16		GWAILY Janna	EGY	LAMDARDAR Khadija	MAR	PTF	2:1
fujairah-open-2025	Senior Women +73kg	QF		KITSIOU Agoritsa artemia	GRE	GWAILY Janna	EGY	PTF	2:0
fujairah-open-2025	Senior Women +73kg	QF		MOHAMMED Noor nazar	QAT	TKEBAEVA Meruert	KAZ	PTF	2:1
fujairah-open-2025	Senior Women +73kg	QF		OSIPOVA Svetlana	UZB	FARAH El Majidi	MAR	RSC	1:0
fujairah-open-2025	Senior Women +73kg	QF		POURESMAEILKARANI Zahra	IRI	SAMER ELSAYED Nour	EGY	PTF	2:0
fujairah-open-2025	Senior Women +73kg	SF		KITSIOU Agoritsa artemia	GRE	MOHAMMED Noor nazar	QAT	PTF	2:0
fujairah-open-2025	Senior Women +73kg	SF		OSIPOVA Svetlana	UZB	POURESMAEILKARANI Zahra	IRI	RSC	1:0
fujairah-open-2025	Senior Women +73kg	F		OSIPOVA Svetlana	UZB	KITSIOU Agoritsa artemia	GRE	PTF	2:0
