presidents-cup-america-2025	Senior Men -87kg	STEWART Jordan	CAN	
presidents-cup-america-2025	Senior Men -87kg	RAMOS Juan Luis	CHI	
presidents-cup-america-2025	Senior Men -87kg	CHAN Jack	BRA	
presidents-cup-america-2025	Senior Men -87kg	ALEJANDRO-VARGAS Diego	PUR	3
presidents-cup-america-2025	Senior Men -87kg	SOUZA Allif	BRA	
presidents-cup-america-2025	Senior Men -87kg	OSORIO Yesid F.	PUR	
presidents-cup-america-2025	Senior Men -87kg	CORRO Thiago Joaqu	ARG	
presidents-cup-america-2025	Senior Men -87kg	MARTINS Icaro Miguel	BRA	1
presidents-cup-america-2025	Senior Men -87kg	NAVARRO Oscar	MEX	
presidents-cup-america-2025	Senior Men -87kg	GONZALEZ Gabriel	WT	
presidents-cup-america-2025	Senior Men -87kg	CHAVEZ Josue	PER	
presidents-cup-america-2025	Senior Men -87kg	GONCALVES Luiz Eduardo	BRA	2
presidents-cup-america-2025	Senior Men -87kg	HENRY Jonathan	USA	
presidents-cup-america-2025	Senior Men -87kg	RAMIREZ Victor Arm	MEX	
presidents-cup-america-2025	Senior Men -87kg	SOUZA Leandro	BRA	3
presidents-cup-america-2025	Senior Men -87kg	RODRIGUEZ Michael c.	USA	
presidents-cup-america-2025	Senior Men -80kg	CHURCHILL Joaquin	CHI	2
presidents-cup-america-2025	Senior Men -80kg	BOURIEL Ayoub	CAN	
presidents-cup-america-2025	Senior Men -80kg	RIBEIRO Nickollas	BRA	
presidents-cup-america-2025	Senior Men -80kg	ANDRADE Hassani	PER	
presidents-cup-america-2025	Senior Men -80kg	LARA Francisco	ESA	
presidents-cup-america-2025	Senior Men -80kg	SEALY. Brandon	JAM	
presidents-cup-america-2025	Senior Men -80kg	CASAS Iker	MEX	
presidents-cup-america-2025	Senior Men -80kg	GOMEZTAGLE Uriel	MEX	
presidents-cup-america-2025	Senior Men -80kg	FLORES Alejandro	WT	
presidents-cup-america-2025	Senior Men -80kg	DI Mateo	ARG	
presidents-cup-america-2025	Senior Men -80kg	POTVIN Maxime	CAN	
presidents-cup-america-2025	Senior Men -80kg	TREJOS Miguel	COL	3
presidents-cup-america-2025	Senior Men -80kg	GONZALEZ Alejandro	PUR	
presidents-cup-america-2025	Senior Men -80kg	PARK Tae Ku	CAN	
presidents-cup-america-2025	Senior Men -80kg	MEIRELLES Arthur	BRA	
presidents-cup-america-2025	Senior Men -80kg	MERCIER Charlelie	CAN	
presidents-cup-america-2025	Senior Men -80kg	CORONADO Axel Javi	MEX	
presidents-cup-america-2025	Senior Men -80kg	YOUNG Isaiah	USA	3
presidents-cup-america-2025	Senior Men -80kg	RODRIGUES Diego	BRA	
presidents-cup-america-2025	Senior Men -80kg	HURTADO Jose Migue	MEX	
presidents-cup-america-2025	Senior Men -80kg	HILAL Yassine	CAN	
presidents-cup-america-2025	Senior Men -80kg	NDE Aurele Tcheh	CAN	
presidents-cup-america-2025	Senior Men -80kg	CANALES Ian Pablo	MEX	
presidents-cup-america-2025	Senior Men -80kg	RODRIGUES Henrique Marques	BRA	1
presidents-cup-america-2025	Senior Men -74kg	RODRIGUES Victor	USA	2
presidents-cup-america-2025	Senior Men -74kg	POLICELI Santino	ARG	
presidents-cup-america-2025	Senior Men -74kg	MCCRAY Josiah	USA	
presidents-cup-america-2025	Senior Men -74kg	BENAOUDA Zakaria	CAN	
presidents-cup-america-2025	Senior Men -74kg	SILVA Henrique	BRA	
presidents-cup-america-2025	Senior Men -74kg	BECERRA Mario	CHI	
presidents-cup-america-2025	Senior Men -74kg	ROMMEL Luis Ricard	PER	
presidents-cup-america-2025	Senior Men -74kg	BENITEZ Adrian	PUR	
presidents-cup-america-2025	Senior Men -74kg	WILCOX Sheldon	USA	3
presidents-cup-america-2025	Senior Men -74kg	DOS Daniel Rogerio	BRA	
presidents-cup-america-2025	Senior Men -74kg	GONZALEZ Federico	URU	
presidents-cup-america-2025	Senior Men -74kg	NAVA Ruben	MEX	
presidents-cup-america-2025	Senior Men -74kg	PINAS Samaki	SUR	
presidents-cup-america-2025	Senior Men -74kg	SAENZ Martin Javie	ECU	
presidents-cup-america-2025	Senior Men -74kg	DE Nicolas	BRA	
presidents-cup-america-2025	Senior Men -74kg	CHUMPITAZ Juan Jes	PER	
presidents-cup-america-2025	Senior Men -74kg	PEREIRA Gabriel	BRA	3
presidents-cup-america-2025	Senior Men -74kg	GARCIA Juan Andres	COL	
presidents-cup-america-2025	Senior Men -74kg	DA Fabio Junior	BRA	
presidents-cup-america-2025	Senior Men -74kg	GOMEZ Jaime Andres	PUR	
presidents-cup-america-2025	Senior Men -74kg	SOTO Juan Jose	WT	
presidents-cup-america-2025	Senior Men -74kg	PONTES Edival	BRA	1
presidents-cup-america-2025	Senior Men -68kg	SOUZA Joao Victor	BRA	1
presidents-cup-america-2025	Senior Men -68kg	ROBLES Jose Eduard	MEX	
presidents-cup-america-2025	Senior Men -68kg	MENDOZA Misael	PER	
presidents-cup-america-2025	Senior Men -68kg	DOS Guilherme	BRA	
presidents-cup-america-2025	Senior Men -68kg	LOPEZ Matias	URU	
presidents-cup-america-2025	Senior Men -68kg	FORTIN Jacob	CAN	
presidents-cup-america-2025	Senior Men -68kg	CRUZ Alejandro	MEX	
presidents-cup-america-2025	Senior Men -68kg	PARK Braven	CAN	
presidents-cup-america-2025	Senior Men -68kg	DE Marcos Toledo	BRA	
presidents-cup-america-2025	Senior Men -68kg	ZIDI Khaled	CAN	
presidents-cup-america-2025	Senior Men -68kg	AVILA Daniel Aleja	MEX	
presidents-cup-america-2025	Senior Men -68kg	ALMEIDA Fillipe	BRA	
presidents-cup-america-2025	Senior Men -68kg	LEON Erick Daniel	ECU	
presidents-cup-america-2025	Senior Men -68kg	MOTTA Miguel Eduar	PER	
presidents-cup-america-2025	Senior Men -68kg	COBOS Alejandro	MEX	
presidents-cup-america-2025	Senior Men -68kg	DE Luis	PUR	
presidents-cup-america-2025	Senior Men -68kg	HILAL Ali	CAN	
presidents-cup-america-2025	Senior Men -68kg	DOS Vytor	BRA	
presidents-cup-america-2025	Senior Men -68kg	MAZZANTI Santino	ARG	
presidents-cup-america-2025	Senior Men -68kg	DOEBE Samero	SUR	
presidents-cup-america-2025	Senior Men -68kg	OLIVERO Cristian	CHI	3
presidents-cup-america-2025	Senior Men -68kg	ACUNA Jose Luis	ARG	
presidents-cup-america-2025	Senior Men -68kg	LA Anriger	VEN	
presidents-cup-america-2025	Senior Men -68kg	DA William	BRA	
presidents-cup-america-2025	Senior Men -68kg	STANG Thiago Valen	ARG	
presidents-cup-america-2025	Senior Men -68kg	DE Pedro Henrique	BRA	
presidents-cup-america-2025	Senior Men -68kg	ROMERO Ian	PAN	
presidents-cup-america-2025	Senior Men -68kg	MISIEDJAN Bendjino	SUR	
presidents-cup-america-2025	Senior Men -68kg	ARGUELLO Josue Gab	ECU	
presidents-cup-america-2025	Senior Men -68kg	CORDERO Sebastian	PER	
presidents-cup-america-2025	Senior Men -68kg	GARRIDO Jhon Deivi	COL	3
presidents-cup-america-2025	Senior Men -68kg	HARRIS Khalfani	USA	
presidents-cup-america-2025	Senior Men -68kg	GARCIA Gustavo And	PUR	
presidents-cup-america-2025	Senior Men -68kg	RUVALCABA Adrian	MEX	
presidents-cup-america-2025	Senior Men -68kg	MENDES Alisson	BRA	
presidents-cup-america-2025	Senior Men -68kg	FRANCO Andree Dani	PER	
presidents-cup-america-2025	Senior Men -68kg	DE Nicolas Emmanue	DOM	
presidents-cup-america-2025	Senior Men -68kg	FABI Enzo	CAN	
presidents-cup-america-2025	Senior Men -68kg	MIRANDA Martin	GUA	
presidents-cup-america-2025	Senior Men -68kg	AVROYA Noah	CAN	
presidents-cup-america-2025	Senior Men -68kg	HUAMANI Leandro	PER	
presidents-cup-america-2025	Senior Men -68kg	RODRIGUEZ Maikol	USA	2
presidents-cup-america-2025	Senior Men -63kg	RAMOS Gabriel	BRA	3
presidents-cup-america-2025	Senior Men -63kg	AQUINO Duvan	PUR	
presidents-cup-america-2025	Senior Men -63kg	RACHAEL Paulo Henr	BRA	
presidents-cup-america-2025	Senior Men -63kg	LESYK Kaden	CAN	
presidents-cup-america-2025	Senior Men -63kg	SALVATIERRA Carlos	GUA	
presidents-cup-america-2025	Senior Men -63kg	SALEH James	CAN	
presidents-cup-america-2025	Senior Men -63kg	CASTILLO Alejandro	PER	
presidents-cup-america-2025	Senior Men -63kg	COSTA Arthur	BRA	
presidents-cup-america-2025	Senior Men -63kg	YOON Christopher	USA	
presidents-cup-america-2025	Senior Men -63kg	VERA Jorge	CHI	
presidents-cup-america-2025	Senior Men -63kg	GOMEZ Daniel Felip	COL	
presidents-cup-america-2025	Senior Men -63kg	BARETTA Eduardo	BRA	1
presidents-cup-america-2025	Senior Men -63kg	CARRASQUILLO Gael	PUR	
presidents-cup-america-2025	Senior Men -63kg	BENNIE Sidney Mich	TTO	
presidents-cup-america-2025	Senior Men -63kg	RODRIGUEZ Joaquin	PER	
presidents-cup-america-2025	Senior Men -63kg	PULIDO Juan Lucas	COL	
presidents-cup-america-2025	Senior Men -63kg	NAVEA Sebastian	CHI	
presidents-cup-america-2025	Senior Men -63kg	FERREIRA Kauan	BRA	
presidents-cup-america-2025	Senior Men -63kg	GODOLPHIN Lito	USA	
presidents-cup-america-2025	Senior Men -63kg	KLABER Jourde	ARU	
presidents-cup-america-2025	Senior Men -63kg	MUNOZ Ari	CHI	
presidents-cup-america-2025	Senior Men -63kg	SALAS Olman	WT	
presidents-cup-america-2025	Senior Men -63kg	SANTIAGO Jose Dani	PUR	
presidents-cup-america-2025	Senior Men -63kg	MILLAN David	MEX	
presidents-cup-america-2025	Senior Men -63kg	CUBERO Leyner Fabr	WT	
presidents-cup-america-2025	Senior Men -63kg	FLORES Diego	CHI	
presidents-cup-america-2025	Senior Men -63kg	ALBA Juan-sebastia	CAN	
presidents-cup-america-2025	Senior Men -63kg	RAYAS Alejandro	USA	
presidents-cup-america-2025	Senior Men -63kg	CONTRERAS Aaron	CHI	
presidents-cup-america-2025	Senior Men -63kg	KIM Seung Ju	CAN	
presidents-cup-america-2025	Senior Men -63kg	PENALBA Adrian	PAN	
presidents-cup-america-2025	Senior Men -63kg	FLORES Arian	PER	
presidents-cup-america-2025	Senior Men -63kg	VALDES David	MEX	3
presidents-cup-america-2025	Senior Men -63kg	HEFFELFINGER-GARCI	PUR	
presidents-cup-america-2025	Senior Men -63kg	CHANG Yohan	CAN	
presidents-cup-america-2025	Senior Men -63kg	GUIZAR Alejandro	MEX	
presidents-cup-america-2025	Senior Men -63kg	BRITTON Shane	CAN	
presidents-cup-america-2025	Senior Men -63kg	RAMIREZ Mauricio	ECU	
presidents-cup-america-2025	Senior Men -63kg	ALLEN Chris	USA	
presidents-cup-america-2025	Senior Men -63kg	LABRIOLA Francisco	ARG	
presidents-cup-america-2025	Senior Men -63kg	YUPANQUI Fabian	PER	
presidents-cup-america-2025	Senior Men -63kg	PELAEZ Fernando	MEX	
presidents-cup-america-2025	Senior Men -63kg	RODRIGUEZ Alejandr	PER	
presidents-cup-america-2025	Senior Men -63kg	NAZARIO Edgardo	PUR	
presidents-cup-america-2025	Senior Men -63kg	MATTHAUS Carlos	BRA	
presidents-cup-america-2025	Senior Men -63kg	LEW Michah	SUR	
presidents-cup-america-2025	Senior Men -63kg	BAGOV Idar	AIN	2
presidents-cup-america-2025	Senior Men -58kg	HOEFLING Nicholas	CAN	1
presidents-cup-america-2025	Senior Men -58kg	CORRALES Mauricio	WT	
presidents-cup-america-2025	Senior Men -58kg	NAVARRETE Fabricio antonio	PER	
presidents-cup-america-2025	Senior Men -58kg	MIRANDA Adrian	ECU	
presidents-cup-america-2025	Senior Men -58kg	PUMA Jose	PER	
presidents-cup-america-2025	Senior Men -58kg	PASHNIN Mark	CAN	
presidents-cup-america-2025	Senior Men -58kg	PEREIRA Daniel	BRA	
presidents-cup-america-2025	Senior Men -58kg	DE Moises Eduardo	DOM	
presidents-cup-america-2025	Senior Men -58kg	ROJAS Iker Josue	ECU	
presidents-cup-america-2025	Senior Men -58kg	CORTES Carlos	MEX	3
presidents-cup-america-2025	Senior Men -58kg	ALVAREZ Melvy	USA	
presidents-cup-america-2025	Senior Men -58kg	SALAS Victor Andre	PER	
presidents-cup-america-2025	Senior Men -58kg	HERNANDEZ Arturo	MEX	
presidents-cup-america-2025	Senior Men -58kg	RAMOS Jorge	CHI	
presidents-cup-america-2025	Senior Men -58kg	TOLEDO Bruno Yuji	BRA	
presidents-cup-america-2025	Senior Men -58kg	FUENTES David	GUA	
presidents-cup-america-2025	Senior Men -58kg	NUNES Lucas	BRA	
presidents-cup-america-2025	Senior Men -58kg	MORALES Edrick	PUR	
presidents-cup-america-2025	Senior Men -58kg	CUNNINGHAM William	USA	
presidents-cup-america-2025	Senior Men -58kg	SILVA Alisson Caua	BRA	3
presidents-cup-america-2025	Senior Men -58kg	NORETTO Cole	USA	
presidents-cup-america-2025	Senior Men -58kg	VIVEROS Pedro Raul	MEX	
presidents-cup-america-2025	Senior Men -58kg	CAEZ Jose G	PUR	
presidents-cup-america-2025	Senior Men -58kg	RAMOS. Brandon	PUR	
presidents-cup-america-2025	Senior Men -58kg	NUNEZ Lautaro	ARG	
presidents-cup-america-2025	Senior Men -58kg	MOTA Joao Victor	BRA	
presidents-cup-america-2025	Senior Men -58kg	OCHOA Jefferson	COL	
presidents-cup-america-2025	Senior Men -58kg	ESPINOLA Ignacio	ARG	
presidents-cup-america-2025	Senior Men -58kg	RIOS Agustin	CHI	
presidents-cup-america-2025	Senior Men -58kg	GONZALEZ Joiner	VEN	
presidents-cup-america-2025	Senior Men -58kg	VASCONCELOS Yago	BRA	
presidents-cup-america-2025	Senior Men -58kg	WEEKES Jeremi	PUR	
presidents-cup-america-2025	Senior Men -58kg	JEAN-BAPTISTE Gregory	HAI	
presidents-cup-america-2025	Senior Men -58kg	SGHIR Anas	CAN	
presidents-cup-america-2025	Senior Men -58kg	BARRETO Raymiguel	PER	
presidents-cup-america-2025	Senior Men -58kg	RIOS Ivan	PAN	
presidents-cup-america-2025	Senior Men -58kg	MELO Paulo	BRA	2
presidents-cup-america-2025	Senior Men -54kg	GUN Youngsuk Ethan	USA	3
presidents-cup-america-2025	Senior Men -54kg	PASTOR Edgardo	PAN	
presidents-cup-america-2025	Senior Men -54kg	CAMPANA Carlos	MEX	
presidents-cup-america-2025	Senior Men -54kg	ARIAS Alejandro Jo	WT	
presidents-cup-america-2025	Senior Men -54kg	BERUBE Maxime	CAN	
presidents-cup-america-2025	Senior Men -54kg	ALVES Leonardo Emi	BRA	
presidents-cup-america-2025	Senior Men -54kg	VASQUEZ Gaston	CHI	
presidents-cup-america-2025	Senior Men -54kg	GARCIA Angelberto	MEX	2
presidents-cup-america-2025	Senior Men -54kg	NGUYEN Alexis	CAN	
presidents-cup-america-2025	Senior Men -54kg	CRUZ Kariel	PUR	
presidents-cup-america-2025	Senior Men -54kg	MORENO Franco Javi	PER	
presidents-cup-america-2025	Senior Men -54kg	LAFRATTI Maximo	ARG	
presidents-cup-america-2025	Senior Men -54kg	CANETE Arian nathan	USA	
presidents-cup-america-2025	Senior Men -54kg	GILLIARD Matheus	BRA	
presidents-cup-america-2025	Senior Men -54kg	CHAVEZ Zaid Gabrie	MEX	
presidents-cup-america-2025	Senior Men -54kg	QUISPILLOCLLA Fabr	PER	
presidents-cup-america-2025	Senior Men -54kg	ECHAVARRI Sebastian	MEX	
presidents-cup-america-2025	Senior Men -54kg	BONET Sebastian	ARG	
presidents-cup-america-2025	Senior Men -54kg	HERNANDEZ Edgar Emmanuel	MEX	3
presidents-cup-america-2025	Senior Men -54kg	BERUBE Zachary	CAN	
presidents-cup-america-2025	Senior Men -54kg	NATIVIDADE Cesar A	BRA	
presidents-cup-america-2025	Senior Men -54kg	BANKS Robert	USA	
presidents-cup-america-2025	Senior Men -54kg	ABARCA Gerardo Joe	PER	
presidents-cup-america-2025	Senior Men -54kg	AZEVEDO Klebenilso	BRA	
presidents-cup-america-2025	Senior Men -54kg	GUIZAR Manuel	MEX	
presidents-cup-america-2025	Senior Men -54kg	RODRIGUEZ Juan	PER	
presidents-cup-america-2025	Senior Men -54kg	DE Giovanni Aubin	BRA	1
presidents-cup-america-2025	Senior Men +87kg	HEALY Jonathan	USA	2
presidents-cup-america-2025	Senior Men +87kg	MUNOZ Franco	CHI	
presidents-cup-america-2025	Senior Men +87kg	NIEVES Victor Manu	PUR	
presidents-cup-america-2025	Senior Men +87kg	PEREIRA Patrik	BRA	3
presidents-cup-america-2025	Senior Men +87kg	CASTILLO Joshua Da	PER	
presidents-cup-america-2025	Senior Men +87kg	JORDAN Bravo Ceden	ECU	
presidents-cup-america-2025	Senior Men +87kg	ALVES Pedro Arthur	BRA	
presidents-cup-america-2025	Senior Men +87kg	LARIN Vladislav	AIN	1
presidents-cup-america-2025	Senior Men +87kg	THIAM Mamadou bassirou	CAN	
presidents-cup-america-2025	Senior Men +87kg	WEBB Julian	WT	
presidents-cup-america-2025	Senior Men +87kg	HOLDER Chioke	BAR	
presidents-cup-america-2025	Senior Men +87kg	BATISTA Erick Vini	BRA	
presidents-cup-america-2025	Senior Men +87kg	SANSORES Carlos	MEX	3
presidents-cup-america-2025	Senior Women -73kg	LEE Ava Soon	HAI	3
presidents-cup-america-2025	Senior Women -73kg	TAMEZ Victoria	MEX	
presidents-cup-america-2025	Senior Women -73kg	ROJAS Kayla	WT	
presidents-cup-america-2025	Senior Women -73kg	WEEKES Crystal	PUR	
presidents-cup-america-2025	Senior Women -73kg	BENAVIDES Ludy Jan	ECU	
presidents-cup-america-2025	Senior Women -73kg	ALARCON Camila	CHI	
presidents-cup-america-2025	Senior Women -73kg	KOSMYCHEVA Anastasiia	AIN	1
presidents-cup-america-2025	Senior Women -73kg	RIVAS Victoria	ARG	3
presidents-cup-america-2025	Senior Women -73kg	VELAZQUEZ Itzel	MEX	
presidents-cup-america-2025	Senior Women -73kg	VASQUEZ Eliana	PER	
presidents-cup-america-2025	Senior Women -73kg	DA Thaisa	BRA	
presidents-cup-america-2025	Senior Women -73kg	GARZA Beatriz Gali	MEX	
presidents-cup-america-2025	Senior Women -73kg	HAZOURY Betsabe	DOM	
presidents-cup-america-2025	Senior Women -73kg	SOLIS Natalie Stef	PER	
presidents-cup-america-2025	Senior Women -73kg	OLIVEIRA Mikaela	BRA	2
presidents-cup-america-2025	Senior Women -67kg	TEACHOUT Kristina	USA	2
presidents-cup-america-2025	Senior Women -67kg	CANO Maria	PER	
presidents-cup-america-2025	Senior Women -67kg	AGUIRRE Ana Maria	COL	
presidents-cup-america-2025	Senior Women -67kg	GALLARDO Claudia	CHI	3
presidents-cup-america-2025	Senior Women -67kg	MARTINIC Priscila	ARG	
presidents-cup-america-2025	Senior Women -67kg	DIAZ Isabella	PUR	
presidents-cup-america-2025	Senior Women -67kg	LUKIC Maya	CAN	
presidents-cup-america-2025	Senior Women -67kg	BEAULIEU Gabrielle	CAN	
presidents-cup-america-2025	Senior Women -67kg	LOVAGLIO Isabella	MEX	
presidents-cup-america-2025	Senior Women -67kg	MACEDO Sandy	BRA	3
presidents-cup-america-2025	Senior Women -67kg	SOLTERO Leslie	MEX	
presidents-cup-america-2025	Senior Women -67kg	REBELO Beatriz	BRA	
presidents-cup-america-2025	Senior Women -67kg	TITONELI Milena	BRA	1
presidents-cup-america-2025	Senior Women -62kg	MINA Mell	ECU	3
presidents-cup-america-2025	Senior Women -62kg	REYNAUD Nicole	PER	
presidents-cup-america-2025	Senior Women -62kg	CARDENAS Lya	MEX	
presidents-cup-america-2025	Senior Women -62kg	GNIEDZIEJKO Jessica	USA	
presidents-cup-america-2025	Senior Women -62kg	ORTEGA Dailin Nair	COL	
presidents-cup-america-2025	Senior Women -62kg	CARNEIRO Celydiene	BRA	
presidents-cup-america-2025	Senior Women -62kg	ANDRIC Leonarda	CAN	2
presidents-cup-america-2025	Senior Women -62kg	BUSTOS Marianela	CHI	
presidents-cup-america-2025	Senior Women -62kg	DE Isadora	BRA	
presidents-cup-america-2025	Senior Women -62kg	VILLEGAS Fabiola guadalupe	MEX	
presidents-cup-america-2025	Senior Women -62kg	JOGLAR Nichole	PUR	
presidents-cup-america-2025	Senior Women -62kg	SANTERRE Frederiqu	CAN	
presidents-cup-america-2025	Senior Women -62kg	RUIZ Brenda Anahi	ARG	
presidents-cup-america-2025	Senior Women -62kg	DA Driele	BRA	
presidents-cup-america-2025	Senior Women -62kg	CHARRON Alexandra	CAN	3
presidents-cup-america-2025	Senior Women -62kg	HAYLETT Sahai	USA	
presidents-cup-america-2025	Senior Women -62kg	MEDINA Juliana	PUR	
presidents-cup-america-2025	Senior Women -62kg	DEATON Danica	USA	
presidents-cup-america-2025	Senior Women -62kg	SOTO Isuangelis	PUR	
presidents-cup-america-2025	Senior Women -62kg	BONGSOMENGGOLO Yade	SUR	
presidents-cup-america-2025	Senior Women -62kg	MONTANO Alisson	ESA	
presidents-cup-america-2025	Senior Women -62kg	CERVANTES Luz Nohe	MEX	
presidents-cup-america-2025	Senior Women -62kg	MORALES Maria Cele	PAN	
presidents-cup-america-2025	Senior Women -62kg	BREWSTER Ella	CAN	1
presidents-cup-america-2025	Senior Women -57kg	PACHECO Maria Clara	BRA	1
presidents-cup-america-2025	Senior Women -57kg	SEPULVEDA Maria Ju	ARG	
presidents-cup-america-2025	Senior Women -57kg	DOS Maria Eduarda	BRA	
presidents-cup-america-2025	Senior Women -57kg	SELLAS Jathmarilys	PUR	
presidents-cup-america-2025	Senior Women -57kg	ROCHA Liz	BRA	
presidents-cup-america-2025	Senior Women -57kg	VAZQUEZ Amanda	PUR	
presidents-cup-america-2025	Senior Women -57kg	URETA Rocio	CHI	
presidents-cup-america-2025	Senior Women -57kg	DELGADO Andrea	PUR	
presidents-cup-america-2025	Senior Women -57kg	JIMENEZ Regina	MEX	
presidents-cup-america-2025	Senior Women -57kg	ST-PIERRE Alycia	CAN	
presidents-cup-america-2025	Senior Women -57kg	MALAGON Laura Nata	COL	
presidents-cup-america-2025	Senior Women -57kg	CACERES Camila	PER	
presidents-cup-america-2025	Senior Women -57kg	LINDO Neshi Lee	WT	3
presidents-cup-america-2025	Senior Women -57kg	VAN Serena	SUR	
presidents-cup-america-2025	Senior Women -57kg	POIRE Aurelie	CAN	
presidents-cup-america-2025	Senior Women -57kg	LIMA Vitoria	BRA	
presidents-cup-america-2025	Senior Women -57kg	DILLON Faith	USA	2
presidents-cup-america-2025	Senior Women -57kg	BAEZ Sofia	PUR	
presidents-cup-america-2025	Senior Women -57kg	LEITE Ana Carolina	BRA	
presidents-cup-america-2025	Senior Women -57kg	FLORES Hermaliz	PUR	
presidents-cup-america-2025	Senior Women -57kg	BOMMERSBACH Luci	USA	
presidents-cup-america-2025	Senior Women -57kg	LIMATE Jesica Paol	COL	
presidents-cup-america-2025	Senior Women -57kg	CHAVEZ Jazmin	MEX	
presidents-cup-america-2025	Senior Women -57kg	MILLER Montana	USA	
presidents-cup-america-2025	Senior Women -57kg	SALGADO Zaira Paul	MEX	
presidents-cup-america-2025	Senior Women -57kg	GARRIDO Mia Suyai	ARG	
presidents-cup-america-2025	Senior Women -57kg	RIBEIRO Maria Edua	BRA	
presidents-cup-america-2025	Senior Women -57kg	ERICE Constanza	CHI	
presidents-cup-america-2025	Senior Women -57kg	MARTINEZ Adriana C	BOL	
presidents-cup-america-2025	Senior Women -57kg	ARENAS Camila	PER	
presidents-cup-america-2025	Senior Women -57kg	PORTIGLIOTTI Fabia	BRA	
presidents-cup-america-2025	Senior Women -57kg	PARK Skylar	CAN	3
presidents-cup-america-2025	Senior Women -53kg	DANIEL Melina	USA	
presidents-cup-america-2025	Senior Women -53kg	MARTINEZ Ninoshka	PUR	
presidents-cup-america-2025	Senior Women -53kg	PEDROZO Beatriz	BRA	
presidents-cup-america-2025	Senior Women -53kg	ALMEIDA Ana Clara	BRA	
presidents-cup-america-2025	Senior Women -53kg	NUNEZ Jordana	CAN	3
presidents-cup-america-2025	Senior Women -53kg	VILLA Soraya	USA	
presidents-cup-america-2025	Senior Women -53kg	BETANCOURTH Natali	COL	
presidents-cup-america-2025	Senior Women -53kg	GALLO Lucero Sheccid	MEX	2
presidents-cup-america-2025	Senior Women -53kg	YAN Allison	USA	
presidents-cup-america-2025	Senior Women -53kg	CARPENTIER Vicky	CAN	
presidents-cup-america-2025	Senior Women -53kg	PENA Jackeline	MEX	
presidents-cup-america-2025	Senior Women -53kg	CABRERA Beira	PUR	
presidents-cup-america-2025	Senior Women -53kg	BEZERRA Camila	BRA	
presidents-cup-america-2025	Senior Women -53kg	KHAN Laila	CAN	1
presidents-cup-america-2025	Senior Women -53kg	MICHELENA Arianna	PUR	
presidents-cup-america-2025	Senior Women -53kg	MONTANEZ Sofia	MEX	
presidents-cup-america-2025	Senior Women -53kg	FERLA Ana Clara	BRA	
presidents-cup-america-2025	Senior Women -53kg	CHIRINOS Jaimar Sa	ARU	
presidents-cup-america-2025	Senior Women -53kg	GALLARDO Francisca	CHI	
presidents-cup-america-2025	Senior Women -53kg	DUMAS Mathilde	CAN	
presidents-cup-america-2025	Senior Women -53kg	SANCHO Laura	WT	
presidents-cup-america-2025	Senior Women -53kg	OTTO Riley	USA	
presidents-cup-america-2025	Senior Women -53kg	PEREZ Daniela	GUA	
presidents-cup-america-2025	Senior Women -53kg	PEREIRA Maria Gabr	BRA	
presidents-cup-america-2025	Senior Women -53kg	GARZON Marjorie Da	ECU	
presidents-cup-america-2025	Senior Women -53kg	MUNIZ Kaylee N	PUR	
presidents-cup-america-2025	Senior Women -53kg	BARROS Nivea	BRA	3
presidents-cup-america-2025	Senior Women -49kg	PETERSON Ceili	GUY	
presidents-cup-america-2025	Senior Women -49kg	GOMEZ Isidora	CHI	
presidents-cup-america-2025	Senior Women -49kg	PICOS Ximena	MEX	
presidents-cup-america-2025	Senior Women -49kg	QUESADA Jordan	USA	
presidents-cup-america-2025	Senior Women -49kg	CHAVEZ Shlomit	PER	
presidents-cup-america-2025	Senior Women -49kg	ALVAREZ Cynthia A.	PUR	
presidents-cup-america-2025	Senior Women -49kg	GRIPPOLI Maria Sara	URU	3
presidents-cup-america-2025	Senior Women -49kg	KAFADAR Josipa	CAN	2
presidents-cup-america-2025	Senior Women -49kg	GONZALEZ Kalenna	MEX	
presidents-cup-america-2025	Senior Women -49kg	NOHELIA Moreira Ve	ECU	
presidents-cup-america-2025	Senior Women -49kg	SILVA Lis Danielle	BRA	
presidents-cup-america-2025	Senior Women -49kg	WAY Nicolle	GUA	
presidents-cup-america-2025	Senior Women -49kg	CELORIO Vania Judi	MEX	
presidents-cup-america-2025	Senior Women -49kg	CRISOSTOMO Ana	PER	
presidents-cup-america-2025	Senior Women -49kg	MATA Maya	USA	
presidents-cup-america-2025	Senior Women -49kg	SOUZA Daniela Paola	MEX	1
presidents-cup-america-2025	Senior Women -49kg	PORTERO Jeniffer J	ECU	
presidents-cup-america-2025	Senior Women -49kg	GUIMARAES Dangela	BRA	
presidents-cup-america-2025	Senior Women -49kg	TOSI Emily	CAN	
presidents-cup-america-2025	Senior Women -49kg	AVROYA Amber	CAN	
presidents-cup-america-2025	Senior Women -49kg	CONCEPCION Zaymar	PUR	
presidents-cup-america-2025	Senior Women -49kg	RODRIGUEZ Priscila	ARG	
presidents-cup-america-2025	Senior Women -49kg	ZAMBRANO Andrea mariana	MEX	
presidents-cup-america-2025	Senior Women -49kg	GOSCH Camilly	BRA	3
presidents-cup-america-2025	Senior Women -49kg	ASTAPENKA Alisa	CHI	
presidents-cup-america-2025	Senior Women -49kg	SANCHEZ Sarai	PUR	
presidents-cup-america-2025	Senior Women -49kg	SUAREZ Alessandra	PER	
presidents-cup-america-2025	Senior Women -49kg	CALDERON Katherine	PER	
presidents-cup-america-2025	Senior Women -49kg	MONELL Alondra	PUR	
presidents-cup-america-2025	Senior Women -49kg	KRAMM Thiara	ARG	
presidents-cup-america-2025	Senior Women -49kg	OCEGUERA Sophia	USA	
presidents-cup-america-2025	Senior Women -46kg	BASSETT Jaycee	WT	1
presidents-cup-america-2025	Senior Women -46kg	BERMUDEZ Alanis	PUR	
presidents-cup-america-2025	Senior Women -46kg	OLIVEIRA Alice Car	BRA	
presidents-cup-america-2025	Senior Women -46kg	GONCALVES Anna	BRA	
presidents-cup-america-2025	Senior Women -46kg	CARPENTIER Justine	CAN	
presidents-cup-america-2025	Senior Women -46kg	BRINDAMOHAN Sarangi	CAN	
presidents-cup-america-2025	Senior Women -46kg	ALPIZAR Camila Zur	MEX	
presidents-cup-america-2025	Senior Women -46kg	GAUDREAULT Leanne	CAN	
presidents-cup-america-2025	Senior Women -46kg	GONZALEZ Samantha	MEX	3
presidents-cup-america-2025	Senior Women -46kg	ALERS Alannis Mich	PUR	
presidents-cup-america-2025	Senior Women -46kg	OROZCO Angelique	CAN	
presidents-cup-america-2025	Senior Women -46kg	LLAUCA Camila	PER	
presidents-cup-america-2025	Senior Women -46kg	ARELLANO Joana	MEX	
presidents-cup-america-2025	Senior Women -46kg	QUINTANA Valentina	GUA	
presidents-cup-america-2025	Senior Women -46kg	DEBLASIO Alyssa	USA	
presidents-cup-america-2025	Senior Women -46kg	TORRES Lineishka	PUR	
presidents-cup-america-2025	Senior Women -46kg	FONSECA Caliana	USA	3
presidents-cup-america-2025	Senior Women -46kg	RAMIREZ Ana Natali	MEX	
presidents-cup-america-2025	Senior Women -46kg	ABARCA Cinthya A.	PER	
presidents-cup-america-2025	Senior Women -46kg	AHO Sophia	USA	
presidents-cup-america-2025	Senior Women -46kg	SILVA Zelzin Virid	MEX	
presidents-cup-america-2025	Senior Women -46kg	AQUINO Myah	PUR	
presidents-cup-america-2025	Senior Women -46kg	SILVA Julia	BRA	2
presidents-cup-america-2025	Senior Women +73kg	ALADE Naomi	USA	2
presidents-cup-america-2025	Senior Women +73kg	BARRIOS Karina	MEX	
presidents-cup-america-2025	Senior Women +73kg	CORA Luz Quimey	ARG	
presidents-cup-america-2025	Senior Women +73kg	ROMAN Naishka	PUR	
presidents-cup-america-2025	Senior Women +73kg	VASCONCELOS Elis	BRA	3
presidents-cup-america-2025	Senior Women +73kg	VIANA Alena	USA	
presidents-cup-america-2025	Senior Women +73kg	GLORIA Mosquera	COL	
presidents-cup-america-2025	Senior Women +73kg	PEREIRA Raiany	BRA	1
presidents-cup-america-2025	Senior Women +73kg	FRADL Maelynn emilee	ARU	
presidents-cup-america-2025	Senior Women +73kg	RODRIGUEZ Camila	MEX	
presidents-cup-america-2025	Senior Women +73kg	GARCIA Paloma	MEX	3
