multi-european-games-2026	Senior Men -54kg	R32	501	DONE Cameron	GBR	VOUTAS Stefanos	GRE	PTF	2:0
multi-european-games-2026	Senior Men -54kg	R32	502	LAMPIS Filippo Maria	ITA	KIS Nikola	SRB	PTF	2:0
multi-european-games-2026	Senior Men -54kg	R32	503	GUARDIOLA Eliot	FRA	DZHIKAEV Khetag	RUS	PTF	2:1
multi-european-games-2026	Senior Men -54kg	R32	504	USLU Mert Efe	TUR	FONTINHA Andre	POR	PTF	2:0
multi-european-games-2026	Senior Men -54kg	R32	505	BURDIN Artem	RUS	KIRAZ Olcan	TUR	PTF	2:0
multi-european-games-2026	Senior Men -54kg	R32	506	NADAL MIR Bernat	ESP	VAKULENKO Egor	RUS	PTF	2:0
multi-european-games-2026	Senior Men -54kg	R32	507	CIMEN Eyupcan	TUR	ERMAKOV Artem	RUS	WDR	2:1
multi-european-games-2026	Senior Men -54kg	R32	508	ROSCA Artiom	MDA	BARANOV Kirill	RUS	PTF	2:0
multi-european-games-2026	Senior Men -54kg	R32	509	TITOV Ilia	RUS	GODEK Abdulsamed	TUR	PTF	2:0
multi-european-games-2026	Senior Men -54kg	R32	510	GELADZE Vitali	GEO	BALKI Muhammed Barbaros	TUR	PTF	2:0
multi-european-games-2026	Senior Men -54kg	R32	511	GOKTAS Efe Emre	TUR	HRISTOV Hristian	BUL	WDR	2:1
multi-european-games-2026	Senior Men -54kg	R32	512	TUFAN Egemen	TUR	RADISIC Pavle	SRB	PTF	2:0
multi-european-games-2026	Senior Men -54kg	R32	513	BALAKHNEEV Dmitriy	RUS	PINA SIMONET Francisco	ESP	PTF	2:0
multi-european-games-2026	Senior Men -54kg	R32	514	MIKLAVCIC Aljaz	SLO	SOUPAS Georgios	GRE	PTF	2:0
multi-european-games-2026	Senior Men -54kg	R32	515	OWEN Haddad	FRA	BOZ Omer Faruk	TUR	PTF	2:0
multi-european-games-2026	Senior Men -54kg	R16	518	YELALDI Kaan	TUR	DONE Cameron	GBR	PTF	2:0
multi-european-games-2026	Senior Men -54kg	R16	519	GUARDIOLA Eliot	FRA	LAMPIS Filippo Maria	ITA	PTF	2:0
multi-european-games-2026	Senior Men -54kg	R16	520	USLU Mert Efe	TUR	BURDIN Artem	RUS	PTF	2:1
multi-european-games-2026	Senior Men -54kg	R16	521	NADAL MIR Bernat	ESP	CIMEN Eyupcan	TUR	PTF	2:0
multi-european-games-2026	Senior Men -54kg	R16	522	ROSCA Artiom	MDA	TITOV Ilia	RUS	PTF	2:0
multi-european-games-2026	Senior Men -54kg	R16	523	GELADZE Vitali	GEO	GOKTAS Efe Emre	TUR	PTF	2:0
multi-european-games-2026	Senior Men -54kg	R16	524	BALAKHNEEV Dmitriy	RUS	TUFAN Egemen	TUR	PTF	2:1
multi-european-games-2026	Senior Men -54kg	R16	525	OWEN Haddad	FRA	MIKLAVCIC Aljaz	SLO	PTF	2:0
multi-european-games-2026	Senior Men -54kg	QF	538	YELALDI Kaan	TUR	GUARDIOLA Eliot	FRA	PTF	2:1
multi-european-games-2026	Senior Men -54kg	QF	539	NADAL MIR Bernat	ESP	USLU Mert Efe	TUR	PTF	2:1
multi-european-games-2026	Senior Men -54kg	QF	540	GELADZE Vitali	GEO	ROSCA Artiom	MDA	PTF	2:1
multi-european-games-2026	Senior Men -54kg	QF	541	BALAKHNEEV Dmitriy	RUS	OWEN Haddad	FRA	PTF	2:0
multi-european-games-2026	Senior Men -54kg	SF	544	YELALDI Kaan	TUR	NADAL MIR Bernat	ESP	PTF	2:0
multi-european-games-2026	Senior Men -54kg	SF	545	BALAKHNEEV Dmitriy	RUS	GELADZE Vitali	GEO	PTF	2:0
multi-european-games-2026	Senior Men -54kg	F	548	YELALDI Kaan	TUR	BALAKHNEEV Dmitriy	RUS	PTF	2:0
multi-european-games-2026	Senior Men -58kg	QF	548.1	SOKOLOWSKI Antoni	POL	ELIA Luigi Antonio	ITA	PTF	2:0
multi-european-games-2026	Senior Men -58kg	SF	550	MOLJ Domen	SLO	KURU Alihan	TUR	PTF	2:0
multi-european-games-2026	Senior Men -58kg	SF	551	BADEM Yusuf	TUR	SOKOLOWSKI Antoni	POL	PTF	2:0
multi-european-games-2026	Senior Men -58kg	F	552	BADEM Yusuf	TUR	MOLJ Domen	SLO	PTF	2:0
multi-european-games-2026	Senior Men -58kg	R32	1001	PRESNIAKOV Gleb	RUS	MELETIOU Thomas	GRE	PTF	2:0
multi-european-games-2026	Senior Men -58kg	R32	1002	KURU Alihan	TUR	HAMI Muhammed	TRT	PTF	2:0
multi-european-games-2026	Senior Men -58kg	R32	1003	CORDOBA VILLARTE Alvaro	ESP	HRISTOV Teodor	BUL	PTF	2:0
multi-european-games-2026	Senior Men -58kg	R32	1004	MOLJ Domen	SLO	KAYA Kaan Nusret	TUR	PTF	2:0
multi-european-games-2026	Senior Men -58kg	R32	1005	MAGOMEDOV Shamil	RUS	OZKAN Furkan	TUR	PTF	2:0
multi-european-games-2026	Senior Men -58kg	R32	1006	OZMEN Ismail Duha	TUR	ZIVKOVIC Dragan	SRB	PTF	2:0
multi-european-games-2026	Senior Men -58kg	R32	1007	VASILIC Todor	SRB	CARATOZZOLO Antonio Mattia	ITA	PTF	2:0
multi-european-games-2026	Senior Men -58kg	R32	1008	REALE Marco	ITA	PAPACHARALAMPOUS Nikolaos	GRE	PTF	2:0
multi-european-games-2026	Senior Men -58kg	R32	1009	BEZUMOV Nikita	RUS	ELITA Alexandru	MDA	PTF	2:1
multi-european-games-2026	Senior Men -58kg	R32	1010	MAJCZYNA Karol	POL	AYAZ Hasan	TUR	PTF	2:1
multi-european-games-2026	Senior Men -58kg	R32	1011	ELIA Luigi Antonio	ITA	SARBU Andrei	ROU	PTF	2:0
multi-european-games-2026	Senior Men -58kg	R32	1012	CELIK Ahmet Abit	TUR	PETROV Aleksandar	BUL	PTF	2:0
multi-european-games-2026	Senior Men -58kg	R32	1013	POURNATZIS Konstantinos	GRE	GOKALP Cuneyt	TUR	PTF	2:0
multi-european-games-2026	Senior Men -58kg	R16	1015	KAPLAN Enes	TUR	PRESNIAKOV Gleb	RUS	PTF	2:0
multi-european-games-2026	Senior Men -58kg	R16	1016	KURU Alihan	TUR	CORDOBA VILLARTE Alvaro	ESP	PTF	2:0
multi-european-games-2026	Senior Men -58kg	R16	1017	MOLJ Domen	SLO	MAGOMEDOV Shamil	RUS	PTF	2:1
multi-european-games-2026	Senior Men -58kg	R16	1018	VASILIC Todor	SRB	OZMEN Ismail Duha	TUR	PTF	2:0
multi-european-games-2026	Senior Men -58kg	R16	1019	BADEM Yusuf	TUR	REALE Marco	ITA	PTF	2:0
multi-european-games-2026	Senior Men -58kg	R16	1020	BEZUMOV Nikita	RUS	MAJCZYNA Karol	POL	PTF	2:1
multi-european-games-2026	Senior Men -58kg	R16	1021	ELIA Luigi Antonio	ITA	CELIK Ahmet Abit	TUR	PTF	2:0
multi-european-games-2026	Senior Men -58kg	R16	1022	SOKOLOWSKI Antoni	POL	POURNATZIS Konstantinos	GRE	PTF	2:0
multi-european-games-2026	Senior Men -58kg	QF	1035	KURU Alihan	TUR	KAPLAN Enes	TUR	WDR	
multi-european-games-2026	Senior Men -58kg	QF	1036	MOLJ Domen	SLO	VASILIC Todor	SRB	PTF	2:0
multi-european-games-2026	Senior Men -58kg	QF	1037	BADEM Yusuf	TUR	BEZUMOV Nikita	RUS	PTF	2:0
multi-european-games-2026	Senior Men -63kg	R64	101	SANTINELLI Christian	ITA	AKSOY Selimhan	TUR	PTF	2:0
multi-european-games-2026	Senior Men -63kg	R64	102	OZDOGAN Kazim	TUR	CURKOVIC Marin	CRO	PTF	2:0
multi-european-games-2026	Senior Men -63kg	R64	103	GUSEINOV Damir	RUS	DELEN Zafer Erdem	TUR	PTF	2:0
multi-european-games-2026	Senior Men -63kg	R64	104	TSALIEV Tamerlan	RUS	STANIC Novak	SRB	PTF	2:0
multi-european-games-2026	Senior Men -63kg	R64	105	LO PINTO Daniel	ITA	CANBOLAT Tughan Halil	TUR	PTF	2:0
multi-european-games-2026	Senior Men -63kg	R64	106	GAZIEV Gamzat	RUS	DEVERNAY Maroje	CRO	PTF	2:0
multi-european-games-2026	Senior Men -63kg	R64	107	MAGOMEDOV Magomedgadzhi	RUS	SERBETCI Nuri	TUR	PTF	2:0
multi-european-games-2026	Senior Men -63kg	R64	108	LAANTRI Hamza	ITA	SOLTYSIAK Jakub	POL	PTF	2:0
multi-european-games-2026	Senior Men -63kg	R64	109	BIRCAN Muhammed Utku	TUR	ALEXANDRU DORIN Boloage	ROU	PTF	2:0
multi-european-games-2026	Senior Men -63kg	R64	110	BALJAK Matej	CRO	FOURKIOTIS Asterios	GRE	PTF	2:0
multi-european-games-2026	Senior Men -63kg	R64	111	TZOURAS Georgios	GRE	MONTOYA ZANCUDO Alvaro	ESP	PTF	2:0
multi-european-games-2026	Senior Men -63kg	R32	113	SANTINELLI Christian	ITA	BITSUEV Kantemir	RUS	PTF	2:0
multi-european-games-2026	Senior Men -63kg	R32	114	OZDOGAN Kazim	TUR	GUSEINOV Damir	RUS	PTF	2:1
multi-european-games-2026	Senior Men -63kg	R32	115	NACHEV Luboslav	BUL	TSALIEV Tamerlan	RUS	PTF	2:1
multi-european-games-2026	Senior Men -63kg	R32	116	VIVES SAEZ Isaac	ESP	LO PINTO Daniel	ITA	PTF	2:0
multi-european-games-2026	Senior Men -63kg	R32	117	KLJAJIC Nikola	SRB	GAZIEV Gamzat	RUS	PTF	2:0
multi-european-games-2026	Senior Men -63kg	R32	118	MAGOMEDOV Magomedgadzhi	RUS	LAANTRI Hamza	ITA	PTF	2:1
multi-european-games-2026	Senior Men -63kg	R32	119	BIRCAN Muhammed Utku	TUR	BALJAK Matej	CRO	PTF	2:0
multi-european-games-2026	Senior Men -63kg	R32	120	MIHAJLOVIC Vuk	SRB	TZOURAS Georgios	GRE	PTF	2:0
multi-european-games-2026	Senior Men -63kg	R16	129	SANTINELLI Christian	ITA	OZDOGAN Kazim	TUR	PTF	2:0
multi-european-games-2026	Senior Men -63kg	R16	130	VIVES SAEZ Isaac	ESP	NACHEV Luboslav	BUL	PTF	2:0
multi-european-games-2026	Senior Men -63kg	R16	131	MAGOMEDOV Magomedgadzhi	RUS	KLJAJIC Nikola	SRB	PTF	2:0
multi-european-games-2026	Senior Men -63kg	R16	132	MIHAJLOVIC Vuk	SRB	BIRCAN Muhammed Utku	TUR	PTF	2:0
multi-european-games-2026	Senior Men -63kg	QF	137	VIVES SAEZ Isaac	ESP	SANTINELLI Christian	ITA	PTF	2:0
multi-european-games-2026	Senior Men -63kg	QF	138	MAGOMEDOV Magomedgadzhi	RUS	MIHAJLOVIC Vuk	SRB	PTF	2:0
multi-european-games-2026	Senior Men -63kg	SF	141	MAGOMEDOV Magomedgadzhi	RUS	VIVES SAEZ Isaac	ESP	PTF	2:0
multi-european-games-2026	Senior Men -63kg	SF	142	AYDOGAN Hamza Osman	TUR	OSIN Maksim	RUS	PTF	2:1
multi-european-games-2026	Senior Men -63kg	F	145	MAGOMEDOV Magomedgadzhi	RUS	AYDOGAN Hamza Osman	TUR	PTF	2:1
multi-european-games-2026	Senior Men -63kg	R64	201	CONOS Mihail	MDA	SANTELLA Alessio	ITA	PTF	2:0
multi-european-games-2026	Senior Men -63kg	R64	202	KORNEEV Lev	SRB	FUNKENDORF Vladyslav	UKR	PTF	2:1
multi-european-games-2026	Senior Men -63kg	R64	203	MAIORKO Lev	RUS	VUKOTIC Danilo	SRB	PTF	2:0
multi-european-games-2026	Senior Men -63kg	R64	204	KARAMAN Taha Utkan	TUR	DIMOU Paulos	GRE	PTF	2:0
multi-european-games-2026	Senior Men -63kg	R64	205	BESAEV Azat	RUS	SAFARYN Piotr	POL	PTF	2:0
multi-european-games-2026	Senior Men -63kg	R64	206	FERRARO Davide	ITA	GULSEVER Mert	TUR	PTF	2:0
multi-european-games-2026	Senior Men -63kg	R64	207	PTITSYN Rostislav	RUS	DEMIR Berk Karan	TUR	PTF	2:0
multi-european-games-2026	Senior Men -63kg	R64	208	IVANOVIC Sergej	SRB	PAZOS SIERRA Marcos	ESP	PTF	2:0
multi-european-games-2026	Senior Men -63kg	R64	209	BATRADZ Khubaev	RUS	ILHAN Serdar	TUR	PTF	2:0
multi-european-games-2026	Senior Men -63kg	R64	210	VYKOV Umar	RUS	ROSEMOND Nolhan	FRA	PTF	2:1
multi-european-games-2026	Senior Men -63kg	R64	211	MOLJ Ozbolt	SLO	RADOI George	ROU	PTF	2:0
multi-european-games-2026	Senior Men -63kg	R64	212	VISINSKI Patrik	CRO	KURUTAS Eren	TUR	PTF	2:0
multi-european-games-2026	Senior Men -63kg	R32	214	AYDOGAN Hamza Osman	TUR	CONOS Mihail	MDA	PTF	2:0
multi-european-games-2026	Senior Men -63kg	R32	215	KORNEEV Lev	SRB	MAIORKO Lev	RUS	PTF	2:1
multi-european-games-2026	Senior Men -63kg	R32	216	BESAEV Azat	RUS	KARAMAN Taha Utkan	TUR	PTF	2:1
multi-european-games-2026	Senior Men -63kg	R32	217	FERRARO Davide	ITA	FERNANDEZ AYARZA Nicolas	ESP	PTF	2:1
multi-european-games-2026	Senior Men -63kg	R32	218	PTITSYN Rostislav	RUS	PASTORE Riccardo	ITA	PTF	2:0
multi-european-games-2026	Senior Men -63kg	R32	219	BATRADZ Khubaev	RUS	IVANOVIC Sergej	SRB	PTF	2:1
multi-european-games-2026	Senior Men -63kg	R32	220	MOLJ Ozbolt	SLO	VYKOV Umar	RUS	PTF	2:0
multi-european-games-2026	Senior Men -63kg	R32	221	OSIN Maksim	RUS	VISINSKI Patrik	CRO	PTF	2:0
multi-european-games-2026	Senior Men -63kg	R16	230	AYDOGAN Hamza Osman	TUR	KORNEEV Lev	SRB	PTF	2:0
multi-european-games-2026	Senior Men -63kg	R16	231	BESAEV Azat	RUS	FERRARO Davide	ITA	PTF	2:0
multi-european-games-2026	Senior Men -63kg	R16	232	PTITSYN Rostislav	RUS	BATRADZ Khubaev	RUS	PTF	2:1
multi-european-games-2026	Senior Men -63kg	R16	233	OSIN Maksim	RUS	MOLJ Ozbolt	SLO	PTF	2:0
multi-european-games-2026	Senior Men -63kg	QF	239	OSIN Maksim	RUS	PTITSYN Rostislav	RUS	PTF	2:1
multi-european-games-2026	Senior Men -63kg	QF	942	AYDOGAN Hamza Osman	TUR	BESAEV Azat	RUS	PTF	2:0
multi-european-games-2026	Senior Men -68kg	R32	701	MOHAJERSHOJAEI Pedram	GBR	KALOGRIS Georgios	GRE	PTF	2:0
multi-european-games-2026	Senior Men -68kg	R32	702	GIORDANO Riccardo	ITA	THEODOSIOU Ilias	GRE	PTF	2:1
multi-european-games-2026	Senior Men -68kg	R32	703	PERCIN Emir	TUR	CEKOV David	MKD	PTF	2:0
multi-european-games-2026	Senior Men -68kg	R32	704	SUSILUOTO Otto	FIN	EROGLU Arda Samet	TUR	PTF	2:0
multi-european-games-2026	Senior Men -68kg	R32	705	DONMEZ Ege Arda	TUR	SIMONOVSKI Hristijan	MKD	PTF	2:1
multi-european-games-2026	Senior Men -68kg	R32	706	LUKICHEV Pavel	RUS	TURKULJ Uros	SRB	PTF	2:0
multi-european-games-2026	Senior Men -68kg	R32	707	KAVTARADZE Beka	GEO	CEYLAN Ahmet Bogachan	TUR	PTF	2:0
multi-european-games-2026	Senior Men -68kg	R32	708	RECBER Hakan	TUR	MIELE Luca	ITA	PTF	2:0
multi-european-games-2026	Senior Men -68kg	R32	709	LUZAN Nazar	RUS	DE FAZIO Antonios	GRE	PTF	2:0
multi-european-games-2026	Senior Men -68kg	R32	710	BOLAT Mehmet Bugra	TUR	GURBANOV Marat	RUS	PTF	2:0
multi-european-games-2026	Senior Men -68kg	R32	711	ABDULKADYROV Magomedrasul	RUS	HRISTOV Anton	BUL	PTF	2:0
multi-european-games-2026	Senior Men -68kg	R32	712	PILAVAKIS Ioannis	CYP	DEINICHENKO Aleksandr	RUS	PTF	2:0
multi-european-games-2026	Senior Men -68kg	R32	713	CAKIR Nusret Efe	TUR	CRLJEN Nikola	CRO	PTF	2:0
multi-european-games-2026	Senior Men -68kg	R32	714	ADILOVIC Muhammed Fatih	TUR	ANGELOV Luka	MKD	PTF	2:0
multi-european-games-2026	Senior Men -68kg	R32	715	MANDIC Milos	SRB	PAPADIMITRIOU Dimosthenis Rafail	GRE	PTF	2:0
multi-european-games-2026	Senior Men -68kg	R16	717	KRAJISNIK Zarko	SRB	MOHAJERSHOJAEI Pedram	GBR	PTF	2:0
multi-european-games-2026	Senior Men -68kg	R16	718	PERCIN Emir	TUR	GIORDANO Riccardo	ITA	PTF	2:0
multi-european-games-2026	Senior Men -68kg	R16	719	SUSILUOTO Otto	FIN	DONMEZ Ege Arda	TUR	PTF	2:0
multi-european-games-2026	Senior Men -68kg	R16	720	KAVTARADZE Beka	GEO	LUKICHEV Pavel	RUS	PTF	2:0
multi-european-games-2026	Senior Men -68kg	R16	721	RECBER Hakan	TUR	LUZAN Nazar	RUS	PTF	2:0
multi-european-games-2026	Senior Men -68kg	R16	722	ABDULKADYROV Magomedrasul	RUS	BOLAT Mehmet Bugra	TUR	WDR	1:0
multi-european-games-2026	Senior Men -68kg	R16	723	PILAVAKIS Ioannis	CYP	CAKIR Nusret Efe	TUR	PTF	2:0
multi-european-games-2026	Senior Men -68kg	R16	724	MANDIC Milos	SRB	ADILOVIC Muhammed Fatih	TUR	PTF	2:0
multi-european-games-2026	Senior Men -68kg	QF	737	KRAJISNIK Zarko	SRB	PERCIN Emir	TUR	PTF	2:0
multi-european-games-2026	Senior Men -68kg	QF	738	KAVTARADZE Beka	GEO	SUSILUOTO Otto	FIN	PTF	2:0
multi-european-games-2026	Senior Men -68kg	QF	739	RECBER Hakan	TUR	ABDULKADYROV Magomedrasul	RUS	PTF	2:1
multi-european-games-2026	Senior Men -68kg	QF	740	MANDIC Milos	SRB	PILAVAKIS Ioannis	CYP	PTF	2:0
multi-european-games-2026	Senior Men -68kg	SF	743	KAVTARADZE Beka	GEO	KRAJISNIK Zarko	SRB	PTF	2:0
multi-european-games-2026	Senior Men -68kg	SF	744	RECBER Hakan	TUR	MANDIC Milos	SRB	WDR	
multi-european-games-2026	Senior Men -68kg	F	747	KAVTARADZE Beka	GEO	RECBER Hakan	TUR	PTF	2:0
multi-european-games-2026	Senior Men -74kg	R64	801	GARCIA KLAIL Pedro	ESP	SANTAS Kadir	TUR	PTF	2:0
multi-european-games-2026	Senior Men -74kg	R32	805	GARCIA KLAIL Pedro	ESP	ABDUSALAMOV Magomed	RUS	PTF	2:0
multi-european-games-2026	Senior Men -74kg	R32	806	ANDREOLI Gabriele	ITA	TSAKAS CHRISTOU Nikolaos	GRE	PTF	2:0
multi-european-games-2026	Senior Men -74kg	R32	807	YUMAK Berk	TUR	NIKOLAOU Nikolas	CYP	PTF	2:0
multi-european-games-2026	Senior Men -74kg	R32	808	MAGOMEDOV Magomed	RUS	AVRAMOV Bozhidar	BUL	PTF	2:1
multi-european-games-2026	Senior Men -74kg	R32	809	BURUSIC Marko	SRB	TUFAN Yakuphan	TUR	PTF	2:0
multi-european-games-2026	Senior Men -74kg	R32	810	KARAMOV David	RUS	DAVIDOVIC Matija	SRB	PTF	2:1
multi-european-games-2026	Senior Men -74kg	R32	811	TURHAN Enes	TUR	PARLAPIANO Cristian	ITA	PTF	2:0
multi-european-games-2026	Senior Men -74kg	R32	812	STAMENOV Stefan	BUL	BARANOV Stepan	RUS	PTF	2:0
multi-european-games-2026	Senior Men -74kg	R32	813	VYKOV Amir	RUS	AYDIN Furkan	TUR	PTF	2:0
multi-european-games-2026	Senior Men -74kg	R32	814	NICOLAE Dogari	MDA	ASLAN Tolga Alp	TUR	PTF	2:0
multi-european-games-2026	Senior Men -74kg	R32	815	MITSOS Dimitrios	GRE	AKTAS Efe Yagiz	TUR	PTF	2:0
multi-european-games-2026	Senior Men -74kg	R32	816	KORPE Omer Furkan	TUR	ZHDANOV Daniil	RUS	PTF	2:1
multi-european-games-2026	Senior Men -74kg	R32	817	ALIEV Ali	RUS	KARATAS Ahmet	TUR	PTF	2:0
multi-european-games-2026	Senior Men -74kg	R32	818	SPICK Maximilian	GER	SUBOTIC Vojin	SRB	PTF	2:0
multi-european-games-2026	Senior Men -74kg	R32	819	PERRI Alessandro	ITA	DONMEZ Mehmet Ugur	TUR	PTF	2:0
multi-european-games-2026	Senior Men -74kg	R32	820	DUGAC Grga	CRO	EREMEEV Dmitrii	RUS	PTF	2:1
multi-european-games-2026	Senior Men -74kg	R16	821	GARCIA KLAIL Pedro	ESP	ANDREOLI Gabriele	ITA	PTF	2:1
multi-european-games-2026	Senior Men -74kg	R16	822	YUMAK Berk	TUR	MAGOMEDOV Magomed	RUS	PTF	2:1
multi-european-games-2026	Senior Men -74kg	R16	823	KARAMOV David	RUS	BURUSIC Marko	SRB	PTF	2:0
multi-european-games-2026	Senior Men -74kg	R16	824	STAMENOV Stefan	BUL	TURHAN Enes	TUR	PTF	2:0
multi-european-games-2026	Senior Men -74kg	R16	825	VYKOV Amir	RUS	NICOLAE Dogari	MDA	PTF	2:0
multi-european-games-2026	Senior Men -74kg	R16	826	MITSOS Dimitrios	GRE	KORPE Omer Furkan	TUR	PTF	2:1
multi-european-games-2026	Senior Men -74kg	R16	827	ALIEV Ali	RUS	SPICK Maximilian	GER	PTF	2:0
multi-european-games-2026	Senior Men -74kg	R16	828	DUGAC Grga	CRO	PERRI Alessandro	ITA	PTF	2:0
multi-european-games-2026	Senior Men -74kg	QF	833	GARCIA KLAIL Pedro	ESP	YUMAK Berk	TUR	PTF	2:0
multi-european-games-2026	Senior Men -74kg	QF	834	STAMENOV Stefan	BUL	KARAMOV David	RUS	PTF	2:0
multi-european-games-2026	Senior Men -74kg	QF	835	VYKOV Amir	RUS	MITSOS Dimitrios	GRE	PTF	2:0
multi-european-games-2026	Senior Men -74kg	QF	836	DUGAC Grga	CRO	ALIEV Ali	RUS	PTF	2:0
multi-european-games-2026	Senior Men -74kg	SF	839	STAMENOV Stefan	BUL	GARCIA KLAIL Pedro	ESP	PTF	2:0
multi-european-games-2026	Senior Men -74kg	SF	840	VYKOV Amir	RUS	DUGAC Grga	CRO	PTF	2:0
multi-european-games-2026	Senior Men -74kg	F	843	VYKOV Amir	RUS	STAMENOV Stefan	BUL	PTF	2:0
multi-european-games-2026	Senior Men -80kg	QF	441	MIRONOV Maksim	RUS	ODINAEV Rustam	SRB	PTF	2:0
multi-european-games-2026	Senior Men -80kg	R32	601	AYAZ Alperen	TUR	SZASZ Manyhert	ROU	PTF	2:0
multi-european-games-2026	Senior Men -80kg	R32	602	ZOUROS KARDATOS Konstantinos	GRE	JURKIC Miro	CRO	PTF	2:0
multi-european-games-2026	Senior Men -80kg	R32	603	AGERZHANOKOV Amal	RUS	SULEAC Dmitrii	MDA	PTF	2:0
multi-european-games-2026	Senior Men -80kg	R32	604	CHARALAMBOUS Evangelos	CYP	KILICASLAN Sedat Enes	TUR	PTF	2:1
multi-european-games-2026	Senior Men -80kg	R32	605	VITKOVIC Nikola	SRB	BENITEZ DONATE Alejandro	ESP	PTF	2:0
multi-european-games-2026	Senior Men -80kg	R32	606	AKHTAEV Muslim	RUS	ANTONIADIS Ioannis	GRE	PTF	2:1
multi-european-games-2026	Senior Men -80kg	R32	607	HUSIC Nedzad	BIH	NALCIOGLU Ahmet	TUR	PTF	2:0
multi-european-games-2026	Senior Men -80kg	R32	608	HRGOTA Leon	CRO	DAGDEVIREN Muzaffer	TUR	PTF	2:0
multi-european-games-2026	Senior Men -80kg	R32	609	CHEKALIN Aleksandr	RUS	BARRY Ayman	FRA	PTF	2:0
multi-european-games-2026	Senior Men -80kg	R32	610	HALASU Amir Dorin	ROU	MAGISTRO Alessandro Francesco	ITA	PTF	2:0
multi-european-games-2026	Senior Men -80kg	R32	611	HOSSEINI BIJI KOLA Seyed Omid	BUL	BLAZEVSKI Filip	MKD	PTF	2:0
multi-european-games-2026	Senior Men -80kg	R32	612	MIRONOV Maksim	RUS	TASKIN Azizcan	TUR	PTF	2:0
multi-european-games-2026	Senior Men -80kg	R32	613	TOSUN Hikmet Faruk	TUR	GOGOBERIDZE Nika	GEO	PTF	2:0
multi-european-games-2026	Senior Men -80kg	R32	614	ODINAEV Rustam	SRB	ĐODAN Ivan	CRO	PTF	2:0
multi-european-games-2026	Senior Men -80kg	R32	615	KINTSURASHVILI Zurab	GEO	VYSOTIN Nikita	RUS	PTF	2:0
multi-european-games-2026	Senior Men -80kg	R16	624	MYTAREV Artem	RUS	AYAZ Alperen	TUR	PTF	2:1
multi-european-games-2026	Senior Men -80kg	R16	625	ZOUROS KARDATOS Konstantinos	GRE	AGERZHANOKOV Amal	RUS	PTF	2:1
multi-european-games-2026	Senior Men -80kg	R16	626	CHARALAMBOUS Evangelos	CYP	VITKOVIC Nikola	SRB	PTF	2:0
multi-european-games-2026	Senior Men -80kg	R16	627	HUSIC Nedzad	BIH	AKHTAEV Muslim	RUS	PTF	2:0
multi-european-games-2026	Senior Men -80kg	R16	628	HRGOTA Leon	CRO	CHEKALIN Aleksandr	RUS	PTF	2:0
multi-european-games-2026	Senior Men -80kg	R16	629	HOSSEINI BIJI KOLA Seyed Omid	BUL	HALASU Amir Dorin	ROU	PTF	2:0
multi-european-games-2026	Senior Men -80kg	R16	630	MIRONOV Maksim	RUS	TOSUN Hikmet Faruk	TUR	PTF	2:0
multi-european-games-2026	Senior Men -80kg	R16	631	ODINAEV Rustam	SRB	KINTSURASHVILI Zurab	GEO	PTF	2:1
multi-european-games-2026	Senior Men -80kg	QF	636	MYTAREV Artem	RUS	ZOUROS KARDATOS Konstantinos	GRE	PTF	2:0
multi-european-games-2026	Senior Men -80kg	QF	637	CHARALAMBOUS Evangelos	CYP	HUSIC Nedzad	BIH	PTF	2:0
multi-european-games-2026	Senior Men -80kg	QF	638	HOSSEINI BIJI KOLA Seyed Omid	BUL	HRGOTA Leon	CRO	PTF	2:1
multi-european-games-2026	Senior Men -80kg	SF	642	MYTAREV Artem	RUS	CHARALAMBOUS Evangelos	CYP	PTF	2:0
multi-european-games-2026	Senior Men -80kg	SF	643	HOSSEINI BIJI KOLA Seyed Omid	BUL	MIRONOV Maksim	RUS	WDR	
multi-european-games-2026	Senior Men -80kg	F	646	HOSSEINI BIJI KOLA Seyed Omid	BUL	MYTAREV Artem	RUS	PTF	2:1
multi-european-games-2026	Senior Men -87kg	R32	112	MARTIN SANCHEZ Alejandro	ESP	KILICOGLU Baturalp	TUR	PTF	2:0
multi-european-games-2026	Senior Men -87kg	R16	121	BUDIN Vladislav	RUS	MARTIN SANCHEZ Alejandro	ESP	PTF	2:0
multi-european-games-2026	Senior Men -87kg	R16	122	ABDULGASHUMOV Radzhab	RUS	JELIC Tomislav	CRO	PTF	2:0
multi-european-games-2026	Senior Men -87kg	R16	123	BILIC PAVLINOVIC Josip	CRO	KONAK Ilhan	TUR	PTF	2:0
multi-european-games-2026	Senior Men -87kg	R16	124	AJDUKOVIC Dimitrije	SRB	SKUDRIT Ivan	RUS	PTF	2:1
multi-european-games-2026	Senior Men -87kg	R16	125	KRPAN Vito	CRO	KARAKOC Sadullah	TUR	PTF	2:0
multi-european-games-2026	Senior Men -87kg	R16	126	SENOL Yusuf	TUR	STOJANOVIC Stefan	SRB	PTF	2:1
multi-european-games-2026	Senior Men -87kg	R16	127	ZAGORULKO Andrei	RUS	VOROPAEV Dmitrii	RUS	PTF	2:0
multi-european-games-2026	Senior Men -87kg	R16	128	BICER Enbiya Taha	TUR	PRYAZHNIKOV Alexander	RUS	PTF	2:0
multi-european-games-2026	Senior Men -87kg	QF	133	BUDIN Vladislav	RUS	ABDULGASHUMOV Radzhab	RUS	PTF	2:0
multi-european-games-2026	Senior Men -87kg	QF	134	BILIC PAVLINOVIC Josip	CRO	AJDUKOVIC Dimitrije	SRB	PTF	2:0
multi-european-games-2026	Senior Men -87kg	QF	135	KRPAN Vito	CRO	SENOL Yusuf	TUR	PTF	2:0
multi-european-games-2026	Senior Men -87kg	QF	136	ZAGORULKO Andrei	RUS	BICER Enbiya Taha	TUR	PTF	2:1
multi-european-games-2026	Senior Men -87kg	SF	139	BILIC PAVLINOVIC Josip	CRO	BUDIN Vladislav	RUS	PTF	2:0
multi-european-games-2026	Senior Men -87kg	SF	140	KRPAN Vito	CRO	ZAGORULKO Andrei	RUS	PTF	2:0
multi-european-games-2026	Senior Men -87kg	F	143	BILIC PAVLINOVIC Josip	CRO	KRPAN Vito	CRO	PTF	2:0
multi-european-games-2026	Senior Men +87kg	R16	616	AIUKAEV Rafail	RUS	MARINESCU Dragos	MDA	PTF	2:0
multi-european-games-2026	Senior Men +87kg	R16	617	MEDIAVILLA LOPEZ Ivan	ESP	ANDREOU Petros	CYP	PTF	2:0
multi-european-games-2026	Senior Men +87kg	R16	618	SAPINA Ivan	CRO	SHEFATOV Egor	RUS	PTF	2:0
multi-european-games-2026	Senior Men +87kg	R16	619	DIVKOVIC Patrik	SLO	GRUJICIC Ognjen	SRB	PTF	2:0
multi-european-games-2026	Senior Men +87kg	R16	620	LYSENKO SERRANO Ivan	ESP	LISITSIN Kirill	RUS	PTF	2:1
multi-european-games-2026	Senior Men +87kg	R16	621	GOLUBOVIC Milos	SRB	BABIC Jaka	SLO	PTF	2:1
multi-european-games-2026	Senior Men +87kg	R16	622	GARCIA MARTINEZ Ivan	ESP	PUSHKIN Kirill	RUS	PTF	2:1
multi-european-games-2026	Senior Men +87kg	R16	623	LARIN Vladislav	RUS	CELIK Ertugrul	TUR	PTF	2:0
multi-european-games-2026	Senior Men +87kg	QF	632	AIUKAEV Rafail	RUS	MEDIAVILLA LOPEZ Ivan	ESP	PTF	2:0
multi-european-games-2026	Senior Men +87kg	QF	633	SAPINA Ivan	CRO	DIVKOVIC Patrik	SLO	PTF	2:0
multi-european-games-2026	Senior Men +87kg	QF	634	GOLUBOVIC Milos	SRB	LYSENKO SERRANO Ivan	ESP	PTF	2:1
multi-european-games-2026	Senior Men +87kg	QF	635	LARIN Vladislav	RUS	GARCIA MARTINEZ Ivan	ESP	PTF	2:0
multi-european-games-2026	Senior Men +87kg	SF	640	SAPINA Ivan	CRO	AIUKAEV Rafail	RUS	PTF	2:0
multi-european-games-2026	Senior Men +87kg	F	644	SAPINA Ivan	CRO	GOLUBOVIC Milos	SRB	WDR	2:0
multi-european-games-2026	Senior Men +87kg	SF	942.2	GOLUBOVIC Milos	SRB	LARIN Vladislav	RUS	PTF	2:0
multi-european-games-2026	Senior Women -46kg	R32	901	HARTI Sara	ITA	DASGIN Elif Eylul	TUR	PTF	2:0
multi-european-games-2026	Senior Women -46kg	R32	902	YILMAZ Damla Nur	TUR	BONDAREVA Kira	RUS	PTF	2:0
multi-european-games-2026	Senior Women -46kg	R32	903	TURAN Sila Zeynep	TUR	KESGIN Tuvanna Nazli	TUR	PTF	2:0
multi-european-games-2026	Senior Women -46kg	R32	904	BEDELCI Merve	TUR	POURNATZI Sofia	GRE	PTF	2:1
multi-european-games-2026	Senior Women -46kg	R32	905	SOZEN Cansu	TUR	ORHAN Ayse	TUR	PTF	2:1
multi-european-games-2026	Senior Women -46kg	R32	906	POLUEKTOVA Daria	RUS	DESYLLA Olga	GRE	PTF	2:0
multi-european-games-2026	Senior Women -46kg	R32	907	UYAR Emine Nur	TUR	VASILJEVIC Jovana	SRB	PTF	2:1
multi-european-games-2026	Senior Women -46kg	R32	908	KAMALUTDINOVA Aminat	RUS	CICEK Zeynep	TUR	PTF	2:0
multi-european-games-2026	Senior Women -46kg	R32	909	PAVLOVA Mariia	RUS	YONAK Tugba	TUR	PTF	2:1
multi-european-games-2026	Senior Women -46kg	R32	910	CRISCUOLO Anna	ITA	FAKCIOGLU Yaren	TUR	PTF	2:1
multi-european-games-2026	Senior Women -46kg	R32	911	KAYA Damla	TUR	CHISLEAC Elisa	MDA	PTF	2:0
multi-european-games-2026	Senior Women -46kg	R16	913	BEKULOVA Milana	RUS	HARTI Sara	ITA	PTF	2:0
multi-european-games-2026	Senior Women -46kg	R16	914	YILMAZ Damla Nur	TUR	TURAN Sila Zeynep	TUR	PTF	2:0
multi-european-games-2026	Senior Women -46kg	R16	915	PAVLOVA Ekaterina	RUS	BEDELCI Merve	TUR	PTF	2:0
multi-european-games-2026	Senior Women -46kg	R16	916	SOZEN Cansu	TUR	PEEVA Deya	BUL	PTF	2:0
multi-european-games-2026	Senior Women -46kg	R16	917	GURBUZ Zehra	TUR	POLUEKTOVA Daria	RUS	PTF	2:0
multi-european-games-2026	Senior Women -46kg	R16	918	KAMALUTDINOVA Aminat	RUS	UYAR Emine Nur	TUR	PTF	2:0
multi-european-games-2026	Senior Women -46kg	R16	919	PAVLOVA Mariia	RUS	CRISCUOLO Anna	ITA	PTF	2:0
multi-european-games-2026	Senior Women -46kg	R16	920	GEORGIOU Melina	GRE	KAYA Damla	TUR	PTF	2:0
multi-european-games-2026	Senior Women -46kg	QF	933	BEKULOVA Milana	RUS	YILMAZ Damla Nur	TUR	PTF	2:0
multi-european-games-2026	Senior Women -46kg	QF	934	PAVLOVA Ekaterina	RUS	SOZEN Cansu	TUR	PTF	2:0
multi-european-games-2026	Senior Women -46kg	QF	935	GURBUZ Zehra	TUR	KAMALUTDINOVA Aminat	RUS	PTF	2:0
multi-european-games-2026	Senior Women -46kg	QF	936	GEORGIOU Melina	GRE	PAVLOVA Mariia	RUS	PTF	2:0
multi-european-games-2026	Senior Women -46kg	SF	939	BEKULOVA Milana	RUS	PAVLOVA Ekaterina	RUS	PTF	2:0
multi-european-games-2026	Senior Women -46kg	SF	940	GEORGIOU Melina	GRE	GURBUZ Zehra	TUR	PTF	2:0
multi-european-games-2026	Senior Women -46kg	F	944	BEKULOVA Milana	RUS	GEORGIOU Melina	GRE	PTF	2:0
multi-european-games-2026	Senior Women -49kg	R64	213	BOUROGIANNI Konstantina Eleni	GRE	KRUMOVA Elina	BUL	PTF	2:0
multi-european-games-2026	Senior Women -49kg	R32	222	ANGELOVA Alisa	RUS	BOUROGIANNI Konstantina Eleni	GRE	PTF	2:0
multi-european-games-2026	Senior Women -49kg	R32	223	BRAJOVIC Iva	SRB	YONAK Sima	TUR	PTF	2:1
multi-european-games-2026	Senior Women -49kg	R32	224	LOGINOVA Anna	RUS	BAJER Wiktoria	POL	PTF	2:0
multi-european-games-2026	Senior Women -49kg	R32	225	MARTINEZ SEVILLA Julia	ESP	ASLAN Hira Nur	TUR	PTF	2:0
multi-european-games-2026	Senior Women -49kg	R32	226	MARINOVA Teodora	BUL	ABDRAKHMANOVA Dilia	RUS	PTF	2:0
multi-european-games-2026	Senior Women -49kg	R32	227	PAPADOPOULOU Vasiliki	GRE	ATLI Zenure	TUR	PTF	2:0
multi-european-games-2026	Senior Women -49kg	R32	228	VARGA V Iktoria	CRO	KONIUKHOVA Dana	RUS	PTF	2:0
multi-european-games-2026	Senior Women -49kg	R32	229	GEORGIEVA Aleksandra	BUL	BOZKURT Ecrin Yagmur	TUR	PTF	2:0
multi-european-games-2026	Senior Women -49kg	R16	234	ANGELOVA Alisa	RUS	BRAJOVIC Iva	SRB	PTF	2:0
multi-european-games-2026	Senior Women -49kg	R16	235	LOGINOVA Anna	RUS	MARTINEZ SEVILLA Julia	ESP	PTF	2:0
multi-european-games-2026	Senior Women -49kg	R16	236	PAPADOPOULOU Vasiliki	GRE	MARINOVA Teodora	BUL	PTF	2:1
multi-european-games-2026	Senior Women -49kg	R16	237	GEORGIEVA Aleksandra	BUL	VARGA V Iktoria	CRO	PTF	2:1
multi-european-games-2026	Senior Women -49kg	QF	240	ANGELOVA Alisa	RUS	LOGINOVA Anna	RUS	PTF	2:0
multi-european-games-2026	Senior Women -49kg	QF	241	GEORGIEVA Aleksandra	BUL	PAPADOPOULOU Vasiliki	GRE	PTF	2:0
multi-european-games-2026	Senior Women -49kg	SF	244	GEORGIEVA Aleksandra	BUL	ANGELOVA Alisa	RUS	PTF	2:0
multi-european-games-2026	Senior Women -49kg	SF	245	MEDVEDEVA Galina	RUS	SELIMOVA Shamala	RUS	PTF	2:1
multi-european-games-2026	Senior Women -49kg	F	248	MEDVEDEVA Galina	RUS	GEORGIEVA Aleksandra	BUL	PTF	2:0
multi-european-games-2026	Senior Women -49kg	QF	543	MEDVEDEVA Galina	RUS	HINIC Sofija	CRO	PTF	2:0
multi-european-games-2026	Senior Women -49kg	R64	716	ORUM Sila	TUR	GAVRILOV Lana	CRO	PTF	2:0
multi-european-games-2026	Senior Women -49kg	R32	725	HINIC Sofija	CRO	CRISTESCU Anamaria	ROU	PTF	2:0
multi-european-games-2026	Senior Women -49kg	R32	726	ALTYNOVA Leysan	RUS	GUNDUZ Canan	TUR	PTF	2:1
multi-european-games-2026	Senior Women -49kg	R32	727	UNAL Deniz	TUR	KLISOWSKA Zuzanna	POL	PTF	2:0
multi-european-games-2026	Senior Women -49kg	R32	728	MEDVEDEVA Galina	RUS	GEORGIEVA Ana Maria	BUL	PTF	2:0
multi-european-games-2026	Senior Women -49kg	R32	729	SELIMOVA Shamala	RUS	CURA Yezda	GER	PTF	2:0
multi-european-games-2026	Senior Women -49kg	R32	730	ULUSOY Mulkiye Ece	TUR	NIKOLOVA Victoria	BUL	PTF	2:0
multi-european-games-2026	Senior Women -49kg	R32	731	KUDRIASHOVA Karina	RUS	PANTOU Despoina	GRE	PTF	2:1
multi-european-games-2026	Senior Women -49kg	R32	732	TKHAMOKOVA Elina	RUS	ORUM Sila	TUR	PTF	2:0
multi-european-games-2026	Senior Women -49kg	R16	733	HINIC Sofija	CRO	ALTYNOVA Leysan	RUS	PTF	2:0
multi-european-games-2026	Senior Women -49kg	R16	734	MEDVEDEVA Galina	RUS	UNAL Deniz	TUR	PTF	2:0
multi-european-games-2026	Senior Women -49kg	R16	735	SELIMOVA Shamala	RUS	ULUSOY Mulkiye Ece	TUR	PTF	2:0
multi-european-games-2026	Senior Women -49kg	R16	736	TKHAMOKOVA Elina	RUS	KUDRIASHOVA Karina	RUS	PTF	2:0
multi-european-games-2026	Senior Women -49kg	QF	742	SELIMOVA Shamala	RUS	TKHAMOKOVA Elina	RUS	PTF	2:0
multi-european-games-2026	Senior Women -53kg	R32	301	GURBUZ Hayrunnisa	TUR	GEORGIADOU Gesthimani	GRE	PTF	2:0
multi-european-games-2026	Senior Women -53kg	R32	302	GULUEVA Milana	RUS	ILIADI Kyriaki Eirini	GRE	PTF	2:0
multi-european-games-2026	Senior Women -53kg	R32	303	SUBBOTINA Anastasia	RUS	SAVASCI Nida	TUR	PTF	2:0
multi-european-games-2026	Senior Women -53kg	R32	304	SPASOJEVIC Sara	CRO	DAIANA Stan	ROU	PTF	2:0
multi-european-games-2026	Senior Women -53kg	R32	305	LEVAKOVA Veronika	RUS	OZKIS Feride	TUR	PTF	2:0
multi-european-games-2026	Senior Women -53kg	R32	306	RADEK Dora	CRO	KIRAZ Naz	TUR	PTF	2:1
multi-european-games-2026	Senior Women -53kg	R32	307	GAVRILOVIC Irina	SRB	DEMIR Irem Nur	TUR	PTF	2:0
multi-european-games-2026	Senior Women -53kg	R32	308	RADIC Ozana	CRO	KAVLAK Ayse	TUR	PTF	2:0
multi-european-games-2026	Senior Women -53kg	R32	309	SAROKINA Uladzislava	BLR	AYTAN Belinay	TUR	PTF	2:0
multi-european-games-2026	Senior Women -53kg	R32	310	ERDOGAN Irmak	TUR	SADRETDINOVA Samira	RUS	PTF	2:0
multi-european-games-2026	Senior Women -53kg	R32	311	SUSILUOTO Inari	FIN	CICEK Sumeyye Eylul	TUR	PTF	2:0
multi-european-games-2026	Senior Women -53kg	R32	312	BUTTARELLI Aurelie	FRA	CHARALAMPOGLOU Maria Anna	GRE	PTF	2:1
multi-european-games-2026	Senior Women -53kg	R32	313	BOKAN Andrea	SRB	PAPAIOANNOU Konstantina	GRE	PTF	2:0
multi-european-games-2026	Senior Women -53kg	R32	314	KRIM Sayine	FRA	PACACI Aysegul	TUR	PTF	2:0
multi-european-games-2026	Senior Women -53kg	R32	315	DULGER Elif Sudem	TUR	IEGIANI Jennifer	ITA	PTF	2:0
multi-european-games-2026	Senior Women -53kg	R32	316	KARABELEVA Erika	BUL	TEKEL Nira	TUR	PTF	2:0
multi-european-games-2026	Senior Women -53kg	R16	325	GURBUZ Hayrunnisa	TUR	GULUEVA Milana	RUS	PTF	2:0
multi-european-games-2026	Senior Women -53kg	R16	326	SUBBOTINA Anastasia	RUS	SPASOJEVIC Sara	CRO	PTF	2:0
multi-european-games-2026	Senior Women -53kg	R16	327	LEVAKOVA Veronika	RUS	RADEK Dora	CRO	PTF	2:0
multi-european-games-2026	Senior Women -53kg	R16	328	RADIC Ozana	CRO	GAVRILOVIC Irina	SRB	PTF	2:1
multi-european-games-2026	Senior Women -53kg	R16	329	SAROKINA Uladzislava	BLR	ERDOGAN Irmak	TUR	PTF	2:1
multi-european-games-2026	Senior Women -53kg	R16	330	BUTTARELLI Aurelie	FRA	SUSILUOTO Inari	FIN	PTF	2:0
multi-european-games-2026	Senior Women -53kg	R16	331	BOKAN Andrea	SRB	KRIM Sayine	FRA	PTF	2:0
multi-european-games-2026	Senior Women -53kg	R16	332	KARABELEVA Erika	BUL	DULGER Elif Sudem	TUR	PTF	2:0
multi-european-games-2026	Senior Women -53kg	QF	337	SUBBOTINA Anastasia	RUS	GURBUZ Hayrunnisa	TUR	PTF	2:0
multi-european-games-2026	Senior Women -53kg	QF	338	LEVAKOVA Veronika	RUS	RADIC Ozana	CRO	PTF	2:1
multi-european-games-2026	Senior Women -53kg	QF	339	BUTTARELLI Aurelie	FRA	SAROKINA Uladzislava	BLR	PTF	2:0
multi-european-games-2026	Senior Women -53kg	QF	340	KARABELEVA Erika	BUL	BOKAN Andrea	SRB	PTF	2:0
multi-european-games-2026	Senior Women -53kg	SF	343	SUBBOTINA Anastasia	RUS	LEVAKOVA Veronika	RUS	PTF	2:0
multi-european-games-2026	Senior Women -53kg	SF	344	KARABELEVA Erika	BUL	BUTTARELLI Aurelie	FRA	PTF	2:0
multi-european-games-2026	Senior Women -53kg	F	347	SUBBOTINA Anastasia	RUS	KARABELEVA Erika	BUL	PTF	2:0
multi-european-games-2026	Senior Women -57kg	R64	401	PAPATSENKO Mariia	UKR	POZNANOVIC Marija	SRB	PTF	2:1
multi-european-games-2026	Senior Women -57kg	R64	402	KNIAZEVA Polina	RUS	AL HALWANI Elisa	ITA	PTF	2:0
multi-european-games-2026	Senior Women -57kg	R64	403	POPOVSKA Sanja	MKD	PETRIDI Aimilia	CYP	PTF	2:1
multi-european-games-2026	Senior Women -57kg	R32	412	ZDOR Kseniia	RUS	PAPATSENKO Mariia	UKR	PTF	2:0
multi-european-games-2026	Senior Women -57kg	R32	413	KLAKALA Magdalini	GRE	HASAN Gizem	TUR	PTF	2:0
multi-european-games-2026	Senior Women -57kg	R32	414	VENIERI Dafni Vasiliki	GRE	KALIC Lucija	CRO	PTF	2:1
multi-european-games-2026	Senior Women -57kg	R32	415	SEREDA Julia	POL	GOZ Mumune Nur	TUR	PTF	2:1
multi-european-games-2026	Senior Women -57kg	R32	416	ZENOZI Kimia Alizadeh	BUL	KNIAZEVA Polina	RUS	PTF	2:0
multi-european-games-2026	Senior Women -57kg	R32	417	SEVO Milica	SRB	DALGALI Esmanur	TUR	PTF	2:0
multi-european-games-2026	Senior Women -57kg	R32	418	DE FAZIO Ioanna	GRE	SUBASI Irem	TUR	PTF	2:0
multi-european-games-2026	Senior Women -57kg	R32	419	KUKIC Iva	SRB	POPOVSKA Sanja	MKD	PTF	2:0
multi-european-games-2026	Senior Women -57kg	R16	428	ZDOR Kseniia	RUS	KLAKALA Magdalini	GRE	PTF	2:0
multi-european-games-2026	Senior Women -57kg	R16	429	SEREDA Julia	POL	VENIERI Dafni Vasiliki	GRE	PTF	2:0
multi-european-games-2026	Senior Women -57kg	R16	430	ZENOZI Kimia Alizadeh	BUL	SEVO Milica	SRB	PTF	2:0
multi-european-games-2026	Senior Women -57kg	R16	431	KUKIC Iva	SRB	DE FAZIO Ioanna	GRE	PTF	2:0
multi-european-games-2026	Senior Women -57kg	QF	436	ZDOR Kseniia	RUS	SEREDA Julia	POL	PTF	2:0
multi-european-games-2026	Senior Women -57kg	QF	437	ZENOZI Kimia Alizadeh	BUL	KUKIC Iva	SRB	PTF	2:0
multi-european-games-2026	Senior Women -57kg	SF	440	ZDOR Kseniia	RUS	ZENOZI Kimia Alizadeh	BUL	WDR	
multi-european-games-2026	Senior Women -57kg	QF	441.1	DILER Ruya	TUR	DUVANCIC Bruna	CRO	PTF	2:0
multi-european-games-2026	Senior Women -57kg	SF	446	KARABATIC Nika	CRO	DILER Ruya	TUR	PTF	2:1
multi-european-games-2026	Senior Women -57kg	F	449	KARABATIC Nika	CRO	ZDOR Kseniia	RUS	PTF	2:1
multi-european-games-2026	Senior Women -57kg	R64	516	KLARIC Tianna	SLO	CAUSSE Estelle	FRA	PTF	2:1
multi-european-games-2026	Senior Women -57kg	R64	517	SLAVOVA Tsvety	BUL	KATSIGIANNI Panagiota	GRE	PTF	2:0
multi-european-games-2026	Senior Women -57kg	R32	526	KARABATIC Nika	CRO	KLARIC Tianna	SLO	PTF	2:0
multi-european-games-2026	Senior Women -57kg	R32	527	PETRUK Anastasiia	RUS	SENGUN Ahsen	TUR	PTF	2:1
multi-european-games-2026	Senior Women -57kg	R32	528	OZLU Melisa	TUR	KOSTADINOVA Stanislava	BUL	PTF	2:0
multi-european-games-2026	Senior Women -57kg	R32	529	REPOULIA Athanasia	GRE	IZMIR Hayrunnisa	TUR	PTF	2:0
multi-european-games-2026	Senior Women -57kg	R32	530	DUVANCIC Bruna	CRO	KANBUR Sevval Melek	TUR	PTF	2:1
multi-european-games-2026	Senior Women -57kg	R32	531	RADAK Teodora	SRB	CHARALAMBOUS Ioanna	CYP	PTF	2:0
multi-european-games-2026	Senior Women -57kg	R32	532	VELIUTC Alina	RUS	JURLIN Nina	CRO	PTF	2:0
multi-european-games-2026	Senior Women -57kg	R32	533	DILER Ruya	TUR	SLAVOVA Tsvety	BUL	PTF	2:0
multi-european-games-2026	Senior Women -57kg	R16	534	KARABATIC Nika	CRO	PETRUK Anastasiia	RUS	PTF	2:0
multi-european-games-2026	Senior Women -57kg	R16	535	OZLU Melisa	TUR	REPOULIA Athanasia	GRE	PTF	2:1
multi-european-games-2026	Senior Women -57kg	R16	536	DUVANCIC Bruna	CRO	RADAK Teodora	SRB	PTF	2:0
multi-european-games-2026	Senior Women -57kg	R16	537	DILER Ruya	TUR	VELIUTC Alina	RUS	PTF	2:0
multi-european-games-2026	Senior Women -57kg	QF	542	KARABATIC Nika	CRO	OZLU Melisa	TUR	PTF	2:0
multi-european-games-2026	Senior Women -62kg	R16	137.1	SIRIN Dilara	TUR	SEVO Tamara	SRB	PTF	2:0
multi-european-games-2026	Senior Women -62kg	R64	912	BROMBERGER Lamprini	GRE	BALCI Edanur	GER	PTF	2:0
multi-european-games-2026	Senior Women -62kg	R32	921	MOTLOKH Sofiia	RUS	BROMBERGER Lamprini	GRE	PTF	2:0
multi-european-games-2026	Senior Women -62kg	R32	922	BAIKOVA Zhanna	RUS	AGRALI Melike	TUR	PTF	2:0
multi-european-games-2026	Senior Women -62kg	R32	923	SENYURT Aleyna	TUR	UGLESIC Marija	CRO	PTF	2:0
multi-european-games-2026	Senior Women -62kg	R32	924	KHARKHOTA Ekaterina	RUS	MILIC Nikolina	SRB	PTF	2:0
multi-european-games-2026	Senior Women -62kg	R32	925	BADMAEVA Dayana	RUS	MILOSEVIC Lara	SRB	PTF	2:0
multi-european-games-2026	Senior Women -62kg	R32	926	HERNANDEZ ROCAFULL Rocio Anahi	ESP	OZDEMIR Nisa Nur	TUR	PTF	2:0
multi-european-games-2026	Senior Women -62kg	R32	927	STEVIC Serdja	SRB	NAMAZ Derya	TUR	PTF	2:0
multi-european-games-2026	Senior Women -62kg	R32	928	SOSHNIKOVA Alisa	RUS	AKESSON STANDIG Sofie	SWE	PTF	2:0
multi-european-games-2026	Senior Women -62kg	R16	929	MOTLOKH Sofiia	RUS	BAIKOVA Zhanna	RUS	PTF	2:0
multi-european-games-2026	Senior Women -62kg	R16	930	SENYURT Aleyna	TUR	KHARKHOTA Ekaterina	RUS	PTF	2:1
multi-european-games-2026	Senior Women -62kg	R16	931	BADMAEVA Dayana	RUS	HERNANDEZ ROCAFULL Rocio Anahi	ESP	PTF	2:0
multi-european-games-2026	Senior Women -62kg	R16	932	SOSHNIKOVA Alisa	RUS	STEVIC Serdja	SRB	PTF	2:1
multi-european-games-2026	Senior Women -62kg	QF	937	MOTLOKH Sofiia	RUS	SENYURT Aleyna	TUR	PTF	2:0
multi-european-games-2026	Senior Women -62kg	QF	938	SOSHNIKOVA Alisa	RUS	BADMAEVA Dayana	RUS	PTF	2:0
multi-european-games-2026	Senior Women -62kg	SF	941	MOTLOKH Sofiia	RUS	SOSHNIKOVA Alisa	RUS	PTF	2:0
multi-european-games-2026	Senior Women -62kg	QF	942.1	SAVKOVIC Nadja	SRB	MARIC Ela	SRB	PTF	2:1
multi-european-games-2026	Senior Women -62kg	QF	942.3	YIGITALP Hatice Pinar	TUR	SIRIN Dilara	TUR	PTF	2:0
multi-european-games-2026	Senior Women -62kg	SF	943	YIGITALP Hatice Pinar	TUR	SAVKOVIC Nadja	SRB	PTF	2:0
multi-european-games-2026	Senior Women -62kg	F	946	MOTLOKH Sofiia	RUS	YIGITALP Hatice Pinar	TUR	PTF	2:0
multi-european-games-2026	Senior Women -62kg	R64	1014	PONOMAREVA Irina	RUS	PEIMANIDOU Maria Evangelia	GRE	PTF	2:0
multi-european-games-2026	Senior Women -62kg	R32	1023	YIGITALP Hatice Pinar	TUR	ZECIROVIC Nina	SRB	PTF	2:1
multi-european-games-2026	Senior Women -62kg	R32	1024	CHEPELEUTS Sofiia	RUS	KONAKCI Aysenur	TUR	PTF	2:0
multi-european-games-2026	Senior Women -62kg	R32	1025	SEVO Tamara	SRB	KLEPAC Nika	CRO	PTF	2:0
multi-european-games-2026	Senior Women -62kg	R32	1026	SIRIN Dilara	TUR	VASILIADOU Eleni	CYP	PTF	2:0
multi-european-games-2026	Senior Women -62kg	R32	1027	SAVKOVIC Nadja	SRB	YAZICI Zumra	GER	PTF	2:1
multi-european-games-2026	Senior Women -62kg	R32	1028	KARABULUT Beyza	TUR	AGROFENINA Margarita	RUS	PTF	2:1
multi-european-games-2026	Senior Women -62kg	R32	1029	TADIC Natali	CRO	MARASLI Zeynep Ebrar	TUR	PTF	2:1
multi-european-games-2026	Senior Women -62kg	R32	1030	MARIC Ela	SRB	PONOMAREVA Irina	RUS	PTF	2:0
multi-european-games-2026	Senior Women -62kg	R16	1031	YIGITALP Hatice Pinar	TUR	CHEPELEUTS Sofiia	RUS	PTF	2:0
multi-european-games-2026	Senior Women -62kg	R16	1033	SAVKOVIC Nadja	SRB	KARABULUT Beyza	TUR	PTF	2:0
multi-european-games-2026	Senior Women -62kg	R16	1034	MARIC Ela	SRB	TADIC Natali	CRO	PTF	2:0
multi-european-games-2026	Senior Women -67kg	R32	404	HABIJANCIC Dora	CRO	KARAKOC Ruken	TUR	PTF	2:1
multi-european-games-2026	Senior Women -67kg	R32	405	NALETOVA Anna	RUS	RUCINSKI Viktoria	GER	PTF	2:0
multi-european-games-2026	Senior Women -67kg	R32	406	BANNOVA Anastasiia	RUS	VUJIN Andjela	SRB	PTF	2:0
multi-european-games-2026	Senior Women -67kg	R32	407	TSOULOUFA Aikaterini	GRE	STAMENKOVIC Jelena	SRB	DSQ	
multi-european-games-2026	Senior Women -67kg	R32	408	KRIVOVA Daria	RUS	AGRALI Mihriban	TUR	PTF	2:0
multi-european-games-2026	Senior Women -67kg	R32	409	FOSSACECA Anna	ITA	SKACHKOVA Sofia	RUS	PTF	2:1
multi-european-games-2026	Senior Women -67kg	R32	410	ĐOKOVIĆ Ines	SRB	VELAGIĆ JEREB Žana	SLO	PTF	2:0
multi-european-games-2026	Senior Women -67kg	R32	411	VLASENKO Mariia	RUS	TOMAK Eslem Ruveyda	TUR	PTF	2:0
multi-european-games-2026	Senior Women -67kg	R16	420	PERISIC Aleksandra	SRB	HABIJANCIC Dora	CRO	PTF	2:0
multi-european-games-2026	Senior Women -67kg	R16	421	TOMCZAK Tatiana	POL	NALETOVA Anna	RUS	PTF	2:0
multi-european-games-2026	Senior Women -67kg	R16	422	MESTROVIC Dora	CRO	BANNOVA Anastasiia	RUS	PTF	2:0
multi-european-games-2026	Senior Women -67kg	R16	423	SZPAK Julia	POL	TSOULOUFA Aikaterini	GRE	PTF	2:0
multi-european-games-2026	Senior Women -67kg	R16	424	ARELIC Ivana	CRO	KRIVOVA Daria	RUS	PTF	2:0
multi-european-games-2026	Senior Women -67kg	R16	425	NOWAK Julia	POL	FOSSACECA Anna	ITA	PTF	2:0
multi-european-games-2026	Senior Women -67kg	R16	426	SKVORTSOVA Kira	RUS	ĐOKOVIĆ Ines	SRB	PTF	2:0
multi-european-games-2026	Senior Women -67kg	R16	427	POLE Doris	CRO	VLASENKO Mariia	RUS	PTF	2:0
multi-european-games-2026	Senior Women -67kg	QF	432	PERISIC Aleksandra	SRB	TOMCZAK Tatiana	POL	PTF	2:0
multi-european-games-2026	Senior Women -67kg	QF	433	MESTROVIC Dora	CRO	SZPAK Julia	POL	PTF	2:1
multi-european-games-2026	Senior Women -67kg	QF	434	ARELIC Ivana	CRO	NOWAK Julia	POL	PTF	2:1
multi-european-games-2026	Senior Women -67kg	QF	435	POLE Doris	CRO	SKVORTSOVA Kira	RUS	PTF	2:0
multi-european-games-2026	Senior Women -67kg	SF	438	PERISIC Aleksandra	SRB	MESTROVIC Dora	CRO	PTF	2:0
multi-european-games-2026	Senior Women -67kg	SF	439	ARELIC Ivana	CRO	POLE Doris	CRO	WDR	1:1
multi-european-games-2026	Senior Women -67kg	F	442	PERISIC Aleksandra	SRB	ARELIC Ivana	CRO	PTF	2:1
multi-european-games-2026	Senior Women -73kg	R16	317	BOZANIC Nadica	SRB	JELIC Matea	CRO	PTF	2:0
multi-european-games-2026	Senior Women -73kg	R16	318	KOSEOGLU Elifnaz	TUR	ERSIN Yusra	TUR	PTF	2:0
multi-european-games-2026	Senior Women -73kg	R16	319	SKAPROVSKA Valeriia	RUS	ALICI Evra	TUR	PTF	2:1
multi-european-games-2026	Senior Women -73kg	R16	320	SRHOJ Maja	CRO	ALEKSEEVA Anfisa	RUS	PTF	2:0
multi-european-games-2026	Senior Women -73kg	R16	321	DEMIR Kardelen	TUR	KOLOVRAT Matea	CRO	PTF	2:0
multi-european-games-2026	Senior Women -73kg	R16	322	MASTELIC Mila	CRO	ROJIN Kaya	TUR	PTF	2:0
multi-european-games-2026	Senior Women -73kg	R16	323	CETINEL Ceren	TUR	RUDOLF Nika	SLO	PTF	2:0
multi-european-games-2026	Senior Women -73kg	R16	324	NTE REKE MOURKOUSI Nefeli	GRE	PETROVIC Iva	SRB	PTF	2:1
multi-european-games-2026	Senior Women -73kg	QF	333	BOZANIC Nadica	SRB	KOSEOGLU Elifnaz	TUR	PTF	2:0
multi-european-games-2026	Senior Women -73kg	QF	334	SRHOJ Maja	CRO	SKAPROVSKA Valeriia	RUS	PTF	2:1
multi-european-games-2026	Senior Women -73kg	SF	341	BOZANIC Nadica	SRB	SRHOJ Maja	CRO	PTF	2:0
multi-european-games-2026	Senior Women -73kg	SF	342	MASTELIC Mila	CRO	CETINEL Ceren	TUR	PTF	2:1
multi-european-games-2026	Senior Women -73kg	F	345	BOZANIC Nadica	SRB	MASTELIC Mila	CRO	WDR	2:0
multi-european-games-2026	Senior Women -73kg	QF	437.1	MASTELIC Mila	CRO	DEMIR Kardelen	TUR	PTF	2:1
multi-european-games-2026	Senior Women -73kg	QF	437.2	CETINEL Ceren	TUR	NTE REKE MOURKOUSI Nefeli	GRE	PTF	2:0
multi-european-games-2026	Senior Women +73kg	R16	802	SHTUCHKINA Valeriia	RUS	ERTUGRUL Ayse	TUR	PTF	2:0
multi-european-games-2026	Senior Women +73kg	R16	803	BIRNI Nisa Nur	TUR	GLUSHKOVA Aleksandra	RUS	PTF	2:0
multi-european-games-2026	Senior Women +73kg	R16	804	ZOTOVA Viktoriia	RUS	SPYRIDOU Aliki Victoria	GRE	PTF	2:0
multi-european-games-2026	Senior Women +73kg	QF	829	SHVEDKOVA Polina	RUS	SHTUCHKINA Valeriia	RUS	PTF	2:0
multi-european-games-2026	Senior Women +73kg	QF	830	KAVUKCUOGLU Zehra Begum	TUR	MIKHAILOVA Iuliia	RUS	PTF	2:0
multi-european-games-2026	Senior Women +73kg	QF	831	MATIC Magdalena	CRO	BIRNI Nisa Nur	TUR	PTF	2:0
multi-european-games-2026	Senior Women +73kg	QF	832	ADEBAIO Kristina	RUS	ZOTOVA Viktoriia	RUS	PTF	2:0
multi-european-games-2026	Senior Women +73kg	SF	837	KAVUKCUOGLU Zehra Begum	TUR	SHVEDKOVA Polina	RUS	PTF	2:0
multi-european-games-2026	Senior Women +73kg	SF	838	MATIC Magdalena	CRO	ADEBAIO Kristina	RUS	PTF	2:0
multi-european-games-2026	Senior Women +73kg	F	841	MATIC Magdalena	CRO	KAVUKCUOGLU Zehra Begum	TUR	PTF	2:1
