multi-european-games-2026	Senior Men -54kg	YELALDI Kaan	TUR	1
multi-european-games-2026	Senior Men -54kg	DONE Cameron	GBR	
multi-european-games-2026	Senior Men -54kg	VOUTAS Stefanos	GRE	
multi-european-games-2026	Senior Men -54kg	LAMPIS Filippo Maria	ITA	
multi-european-games-2026	Senior Men -54kg	KIS Nikola	SRB	
multi-european-games-2026	Senior Men -54kg	GUARDIOLA Eliot	FRA	
multi-european-games-2026	Senior Men -54kg	DZHIKAEV Khetag	RUS	
multi-european-games-2026	Senior Men -54kg	FONTINHA Andre	POR	
multi-european-games-2026	Senior Men -54kg	USLU Mert Efe	TUR	
multi-european-games-2026	Senior Men -54kg	BURDIN Artem	RUS	
multi-european-games-2026	Senior Men -54kg	KIRAZ Olcan	TUR	
multi-european-games-2026	Senior Men -54kg	NADAL MIR Bernat	ESP	3
multi-european-games-2026	Senior Men -54kg	VAKULENKO Egor	RUS	
multi-european-games-2026	Senior Men -54kg	CIMEN Eyupcan	TUR	
multi-european-games-2026	Senior Men -54kg	ERMAKOV Artem	RUS	
multi-european-games-2026	Senior Men -54kg	ROSCA Artiom	MDA	
multi-european-games-2026	Senior Men -54kg	BARANOV Kirill	RUS	
multi-european-games-2026	Senior Men -54kg	TITOV Ilia	RUS	
multi-european-games-2026	Senior Men -54kg	GODEK Abdulsamed	TUR	
multi-european-games-2026	Senior Men -54kg	GELADZE Vitali	GEO	3
multi-european-games-2026	Senior Men -54kg	BALKI Muhammed Barbaros	TUR	
multi-european-games-2026	Senior Men -54kg	GOKTAS Efe Emre	TUR	
multi-european-games-2026	Senior Men -54kg	HRISTOV Hristian	BUL	
multi-european-games-2026	Senior Men -54kg	TUFAN Egemen	TUR	
multi-european-games-2026	Senior Men -54kg	RADISIC Pavle	SRB	
multi-european-games-2026	Senior Men -54kg	PINA SIMONET Francisco	ESP	
multi-european-games-2026	Senior Men -54kg	BALAKHNEEV Dmitriy	RUS	2
multi-european-games-2026	Senior Men -54kg	MIKLAVCIC Aljaz	SLO	
multi-european-games-2026	Senior Men -54kg	SOUPAS Georgios	GRE	
multi-european-games-2026	Senior Men -54kg	BOZ Omer Faruk	TUR	
multi-european-games-2026	Senior Men -54kg	OWEN Haddad	FRA	
multi-european-games-2026	Senior Men -58kg	KAPLAN Enes	TUR	
multi-european-games-2026	Senior Men -58kg	MELETIOU Thomas	GRE	
multi-european-games-2026	Senior Men -58kg	PRESNIAKOV Gleb	RUS	
multi-european-games-2026	Senior Men -58kg	KURU Alihan	TUR	3
multi-european-games-2026	Senior Men -58kg	HAMI Muhammed	TRT	
multi-european-games-2026	Senior Men -58kg	CORDOBA VILLARTE Alvaro	ESP	
multi-european-games-2026	Senior Men -58kg	HRISTOV Teodor	BUL	
multi-european-games-2026	Senior Men -58kg	MOLJ Domen	SLO	2
multi-european-games-2026	Senior Men -58kg	KAYA Kaan Nusret	TUR	
multi-european-games-2026	Senior Men -58kg	MAGOMEDOV Shamil	RUS	
multi-european-games-2026	Senior Men -58kg	OZKAN Furkan	TUR	
multi-european-games-2026	Senior Men -58kg	ZIVKOVIC Dragan	SRB	
multi-european-games-2026	Senior Men -58kg	OZMEN Ismail Duha	TUR	
multi-european-games-2026	Senior Men -58kg	CARATOZZOLO Antonio Mattia	ITA	
multi-european-games-2026	Senior Men -58kg	VASILIC Todor	SRB	
multi-european-games-2026	Senior Men -58kg	BADEM Yusuf	TUR	1
multi-european-games-2026	Senior Men -58kg	PAPACHARALAMPOUS Nikolaos	GRE	
multi-european-games-2026	Senior Men -58kg	REALE Marco	ITA	
multi-european-games-2026	Senior Men -58kg	ELITA Alexandru	MDA	
multi-european-games-2026	Senior Men -58kg	BEZUMOV Nikita	RUS	
multi-european-games-2026	Senior Men -58kg	AYAZ Hasan	TUR	
multi-european-games-2026	Senior Men -58kg	MAJCZYNA Karol	POL	
multi-european-games-2026	Senior Men -58kg	ELIA Luigi Antonio	ITA	
multi-european-games-2026	Senior Men -58kg	SARBU Andrei	ROU	
multi-european-games-2026	Senior Men -58kg	PETROV Aleksandar	BUL	
multi-european-games-2026	Senior Men -58kg	CELIK Ahmet Abit	TUR	
multi-european-games-2026	Senior Men -58kg	POURNATZIS Konstantinos	GRE	
multi-european-games-2026	Senior Men -58kg	GOKALP Cuneyt	TUR	
multi-european-games-2026	Senior Men -58kg	SOKOLOWSKI Antoni	POL	3
multi-european-games-2026	Senior Men -63kg	BITSUEV Kantemir	RUS	
multi-european-games-2026	Senior Men -63kg	SANTINELLI Christian	ITA	
multi-european-games-2026	Senior Men -63kg	AKSOY Selimhan	TUR	
multi-european-games-2026	Senior Men -63kg	CURKOVIC Marin	CRO	
multi-european-games-2026	Senior Men -63kg	OZDOGAN Kazim	TUR	
multi-european-games-2026	Senior Men -63kg	DELEN Zafer Erdem	TUR	
multi-european-games-2026	Senior Men -63kg	GUSEINOV Damir	RUS	
multi-european-games-2026	Senior Men -63kg	NACHEV Luboslav	BUL	
multi-european-games-2026	Senior Men -63kg	STANIC Novak	SRB	
multi-european-games-2026	Senior Men -63kg	TSALIEV Tamerlan	RUS	
multi-european-games-2026	Senior Men -63kg	LO PINTO Daniel	ITA	
multi-european-games-2026	Senior Men -63kg	CANBOLAT Tughan Halil	TUR	
multi-european-games-2026	Senior Men -63kg	VIVES SAEZ Isaac	ESP	3
multi-european-games-2026	Senior Men -63kg	KLJAJIC Nikola	SRB	
multi-european-games-2026	Senior Men -63kg	DEVERNAY Maroje	CRO	
multi-european-games-2026	Senior Men -63kg	GAZIEV Gamzat	RUS	
multi-european-games-2026	Senior Men -63kg	SERBETCI Nuri	TUR	
multi-european-games-2026	Senior Men -63kg	MAGOMEDOV Magomedgadzhi	RUS	1
multi-european-games-2026	Senior Men -63kg	LAANTRI Hamza	ITA	
multi-european-games-2026	Senior Men -63kg	SOLTYSIAK Jakub	POL	
multi-european-games-2026	Senior Men -63kg	BIRCAN Muhammed Utku	TUR	
multi-european-games-2026	Senior Men -63kg	ALEXANDRU DORIN Boloage	ROU	
multi-european-games-2026	Senior Men -63kg	FOURKIOTIS Asterios	GRE	
multi-european-games-2026	Senior Men -63kg	BALJAK Matej	CRO	
multi-european-games-2026	Senior Men -63kg	TZOURAS Georgios	GRE	
multi-european-games-2026	Senior Men -63kg	MONTOYA ZANCUDO Alvaro	ESP	
multi-european-games-2026	Senior Men -63kg	MIHAJLOVIC Vuk	SRB	
multi-european-games-2026	Senior Men -63kg	AYDOGAN Hamza Osman	TUR	2
multi-european-games-2026	Senior Men -63kg	CONOS Mihail	MDA	
multi-european-games-2026	Senior Men -63kg	SANTELLA Alessio	ITA	
multi-european-games-2026	Senior Men -63kg	KORNEEV Lev	SRB	
multi-european-games-2026	Senior Men -63kg	FUNKENDORF Vladyslav	UKR	
multi-european-games-2026	Senior Men -63kg	MAIORKO Lev	RUS	
multi-european-games-2026	Senior Men -63kg	VUKOTIC Danilo	SRB	
multi-european-games-2026	Senior Men -63kg	KARAMAN Taha Utkan	TUR	
multi-european-games-2026	Senior Men -63kg	DIMOU Paulos	GRE	
multi-european-games-2026	Senior Men -63kg	SAFARYN Piotr	POL	
multi-european-games-2026	Senior Men -63kg	BESAEV Azat	RUS	
multi-european-games-2026	Senior Men -63kg	FERRARO Davide	ITA	
multi-european-games-2026	Senior Men -63kg	GULSEVER Mert	TUR	
multi-european-games-2026	Senior Men -63kg	FERNANDEZ AYARZA Nicolas	ESP	
multi-european-games-2026	Senior Men -63kg	PASTORE Riccardo	ITA	
multi-european-games-2026	Senior Men -63kg	PTITSYN Rostislav	RUS	
multi-european-games-2026	Senior Men -63kg	DEMIR Berk Karan	TUR	
multi-european-games-2026	Senior Men -63kg	IVANOVIC Sergej	SRB	
multi-european-games-2026	Senior Men -63kg	PAZOS SIERRA Marcos	ESP	
multi-european-games-2026	Senior Men -63kg	BATRADZ Khubaev	RUS	
multi-european-games-2026	Senior Men -63kg	ILHAN Serdar	TUR	
multi-european-games-2026	Senior Men -63kg	VYKOV Umar	RUS	
multi-european-games-2026	Senior Men -63kg	ROSEMOND Nolhan	FRA	
multi-european-games-2026	Senior Men -63kg	MOLJ Ozbolt	SLO	
multi-european-games-2026	Senior Men -63kg	RADOI George	ROU	
multi-european-games-2026	Senior Men -63kg	VISINSKI Patrik	CRO	
multi-european-games-2026	Senior Men -63kg	KURUTAS Eren	TUR	
multi-european-games-2026	Senior Men -63kg	OSIN Maksim	RUS	3
multi-european-games-2026	Senior Men -68kg	KRAJISNIK Zarko	SRB	3
multi-european-games-2026	Senior Men -68kg	MOHAJERSHOJAEI Pedram	GBR	
multi-european-games-2026	Senior Men -68kg	KALOGRIS Georgios	GRE	
multi-european-games-2026	Senior Men -68kg	GIORDANO Riccardo	ITA	
multi-european-games-2026	Senior Men -68kg	THEODOSIOU Ilias	GRE	
multi-european-games-2026	Senior Men -68kg	CEKOV David	MKD	
multi-european-games-2026	Senior Men -68kg	PERCIN Emir	TUR	
multi-european-games-2026	Senior Men -68kg	SUSILUOTO Otto	FIN	
multi-european-games-2026	Senior Men -68kg	EROGLU Arda Samet	TUR	
multi-european-games-2026	Senior Men -68kg	DONMEZ Ege Arda	TUR	
multi-european-games-2026	Senior Men -68kg	SIMONOVSKI Hristijan	MKD	
multi-european-games-2026	Senior Men -68kg	TURKULJ Uros	SRB	
multi-european-games-2026	Senior Men -68kg	LUKICHEV Pavel	RUS	
multi-european-games-2026	Senior Men -68kg	CEYLAN Ahmet Bogachan	TUR	
multi-european-games-2026	Senior Men -68kg	KAVTARADZE Beka	GEO	1
multi-european-games-2026	Senior Men -68kg	RECBER Hakan	TUR	2
multi-european-games-2026	Senior Men -68kg	MIELE Luca	ITA	
multi-european-games-2026	Senior Men -68kg	DE FAZIO Antonios	GRE	
multi-european-games-2026	Senior Men -68kg	LUZAN Nazar	RUS	
multi-european-games-2026	Senior Men -68kg	GURBANOV Marat	RUS	
multi-european-games-2026	Senior Men -68kg	BOLAT Mehmet Bugra	TUR	
multi-european-games-2026	Senior Men -68kg	HRISTOV Anton	BUL	
multi-european-games-2026	Senior Men -68kg	ABDULKADYROV Magomedrasul	RUS	
multi-european-games-2026	Senior Men -68kg	DEINICHENKO Aleksandr	RUS	
multi-european-games-2026	Senior Men -68kg	PILAVAKIS Ioannis	CYP	
multi-european-games-2026	Senior Men -68kg	CRLJEN Nikola	CRO	
multi-european-games-2026	Senior Men -68kg	CAKIR Nusret Efe	TUR	
multi-european-games-2026	Senior Men -68kg	ANGELOV Luka	MKD	
multi-european-games-2026	Senior Men -68kg	ADILOVIC Muhammed Fatih	TUR	
multi-european-games-2026	Senior Men -68kg	PAPADIMITRIOU Dimosthenis Rafail	GRE	
multi-european-games-2026	Senior Men -68kg	MANDIC Milos	SRB	3
multi-european-games-2026	Senior Men -74kg	ABDUSALAMOV Magomed	RUS	
multi-european-games-2026	Senior Men -74kg	GARCIA KLAIL Pedro	ESP	3
multi-european-games-2026	Senior Men -74kg	SANTAS Kadir	TUR	
multi-european-games-2026	Senior Men -74kg	ANDREOLI Gabriele	ITA	
multi-european-games-2026	Senior Men -74kg	TSAKAS CHRISTOU Nikolaos	GRE	
multi-european-games-2026	Senior Men -74kg	NIKOLAOU Nikolas	CYP	
multi-european-games-2026	Senior Men -74kg	YUMAK Berk	TUR	
multi-european-games-2026	Senior Men -74kg	MAGOMEDOV Magomed	RUS	
multi-european-games-2026	Senior Men -74kg	AVRAMOV Bozhidar	BUL	
multi-european-games-2026	Senior Men -74kg	BURUSIC Marko	SRB	
multi-european-games-2026	Senior Men -74kg	TUFAN Yakuphan	TUR	
multi-european-games-2026	Senior Men -74kg	KARAMOV David	RUS	
multi-european-games-2026	Senior Men -74kg	DAVIDOVIC Matija	SRB	
multi-european-games-2026	Senior Men -74kg	PARLAPIANO Cristian	ITA	
multi-european-games-2026	Senior Men -74kg	TURHAN Enes	TUR	
multi-european-games-2026	Senior Men -74kg	BARANOV Stepan	RUS	
multi-european-games-2026	Senior Men -74kg	STAMENOV Stefan	BUL	2
multi-european-games-2026	Senior Men -74kg	VYKOV Amir	RUS	1
multi-european-games-2026	Senior Men -74kg	AYDIN Furkan	TUR	
multi-european-games-2026	Senior Men -74kg	ASLAN Tolga Alp	TUR	
multi-european-games-2026	Senior Men -74kg	NICOLAE Dogari	MDA	
multi-european-games-2026	Senior Men -74kg	AKTAS Efe Yagiz	TUR	
multi-european-games-2026	Senior Men -74kg	MITSOS Dimitrios	GRE	
multi-european-games-2026	Senior Men -74kg	ZHDANOV Daniil	RUS	
multi-european-games-2026	Senior Men -74kg	KORPE Omer Furkan	TUR	
multi-european-games-2026	Senior Men -74kg	ALIEV Ali	RUS	
multi-european-games-2026	Senior Men -74kg	KARATAS Ahmet	TUR	
multi-european-games-2026	Senior Men -74kg	SPICK Maximilian	GER	
multi-european-games-2026	Senior Men -74kg	SUBOTIC Vojin	SRB	
multi-european-games-2026	Senior Men -74kg	DONMEZ Mehmet Ugur	TUR	
multi-european-games-2026	Senior Men -74kg	PERRI Alessandro	ITA	
multi-european-games-2026	Senior Men -74kg	EREMEEV Dmitrii	RUS	
multi-european-games-2026	Senior Men -74kg	DUGAC Grga	CRO	3
multi-european-games-2026	Senior Men -80kg	MYTAREV Artem	RUS	2
multi-european-games-2026	Senior Men -80kg	SZASZ Manyhert	ROU	
multi-european-games-2026	Senior Men -80kg	AYAZ Alperen	TUR	
multi-european-games-2026	Senior Men -80kg	ZOUROS KARDATOS Konstantinos	GRE	
multi-european-games-2026	Senior Men -80kg	JURKIC Miro	CRO	
multi-european-games-2026	Senior Men -80kg	AGERZHANOKOV Amal	RUS	
multi-european-games-2026	Senior Men -80kg	SULEAC Dmitrii	MDA	
multi-european-games-2026	Senior Men -80kg	CHARALAMBOUS Evangelos	CYP	3
multi-european-games-2026	Senior Men -80kg	KILICASLAN Sedat Enes	TUR	
multi-european-games-2026	Senior Men -80kg	BENITEZ DONATE Alejandro	ESP	
multi-european-games-2026	Senior Men -80kg	VITKOVIC Nikola	SRB	
multi-european-games-2026	Senior Men -80kg	ANTONIADIS Ioannis	GRE	
multi-european-games-2026	Senior Men -80kg	AKHTAEV Muslim	RUS	
multi-european-games-2026	Senior Men -80kg	NALCIOGLU Ahmet	TUR	
multi-european-games-2026	Senior Men -80kg	HUSIC Nedzad	BIH	
multi-european-games-2026	Senior Men -80kg	HRGOTA Leon	CRO	
multi-european-games-2026	Senior Men -80kg	DAGDEVIREN Muzaffer	TUR	
multi-european-games-2026	Senior Men -80kg	BARRY Ayman	FRA	
multi-european-games-2026	Senior Men -80kg	CHEKALIN Aleksandr	RUS	
multi-european-games-2026	Senior Men -80kg	MAGISTRO Alessandro Francesco	ITA	
multi-european-games-2026	Senior Men -80kg	HALASU Amir Dorin	ROU	
multi-european-games-2026	Senior Men -80kg	BLAZEVSKI Filip	MKD	
multi-european-games-2026	Senior Men -80kg	HOSSEINI BIJI KOLA Seyed Omid	BUL	1
multi-european-games-2026	Senior Men -80kg	MIRONOV Maksim	RUS	3
multi-european-games-2026	Senior Men -80kg	TASKIN Azizcan	TUR	
multi-european-games-2026	Senior Men -80kg	TOSUN Hikmet Faruk	TUR	
multi-european-games-2026	Senior Men -80kg	GOGOBERIDZE Nika	GEO	
multi-european-games-2026	Senior Men -80kg	ODINAEV Rustam	SRB	
multi-european-games-2026	Senior Men -80kg	ĐODAN Ivan	CRO	
multi-european-games-2026	Senior Men -80kg	VYSOTIN Nikita	RUS	
multi-european-games-2026	Senior Men -80kg	KINTSURASHVILI Zurab	GEO	
multi-european-games-2026	Senior Men -87kg	BUDIN Vladislav	RUS	3
multi-european-games-2026	Senior Men -87kg	MARTIN SANCHEZ Alejandro	ESP	
multi-european-games-2026	Senior Men -87kg	KILICOGLU Baturalp	TUR	
multi-european-games-2026	Senior Men -87kg	ABDULGASHUMOV Radzhab	RUS	
multi-european-games-2026	Senior Men -87kg	JELIC Tomislav	CRO	
multi-european-games-2026	Senior Men -87kg	BILIC PAVLINOVIC Josip	CRO	1
multi-european-games-2026	Senior Men -87kg	KONAK Ilhan	TUR	
multi-european-games-2026	Senior Men -87kg	SKUDRIT Ivan	RUS	
multi-european-games-2026	Senior Men -87kg	AJDUKOVIC Dimitrije	SRB	
multi-european-games-2026	Senior Men -87kg	KRPAN Vito	CRO	2
multi-european-games-2026	Senior Men -87kg	KARAKOC Sadullah	TUR	
multi-european-games-2026	Senior Men -87kg	SENOL Yusuf	TUR	
multi-european-games-2026	Senior Men -87kg	STOJANOVIC Stefan	SRB	
multi-european-games-2026	Senior Men -87kg	ZAGORULKO Andrei	RUS	3
multi-european-games-2026	Senior Men -87kg	VOROPAEV Dmitrii	RUS	
multi-european-games-2026	Senior Men -87kg	PRYAZHNIKOV Alexander	RUS	
multi-european-games-2026	Senior Men -87kg	BICER Enbiya Taha	TUR	
multi-european-games-2026	Senior Men +87kg	AIUKAEV Rafail	RUS	3
multi-european-games-2026	Senior Men +87kg	MARINESCU Dragos	MDA	
multi-european-games-2026	Senior Men +87kg	MEDIAVILLA LOPEZ Ivan	ESP	
multi-european-games-2026	Senior Men +87kg	ANDREOU Petros	CYP	
multi-european-games-2026	Senior Men +87kg	SAPINA Ivan	CRO	1
multi-european-games-2026	Senior Men +87kg	SHEFATOV Egor	RUS	
multi-european-games-2026	Senior Men +87kg	GRUJICIC Ognjen	SRB	
multi-european-games-2026	Senior Men +87kg	DIVKOVIC Patrik	SLO	
multi-european-games-2026	Senior Men +87kg	LYSENKO SERRANO Ivan	ESP	
multi-european-games-2026	Senior Men +87kg	LISITSIN Kirill	RUS	
multi-european-games-2026	Senior Men +87kg	BABIC Jaka	SLO	
multi-european-games-2026	Senior Men +87kg	GOLUBOVIC Milos	SRB	2
multi-european-games-2026	Senior Men +87kg	GARCIA MARTINEZ Ivan	ESP	
multi-european-games-2026	Senior Men +87kg	PUSHKIN Kirill	RUS	
multi-european-games-2026	Senior Men +87kg	CELIK Ertugrul	TUR	
multi-european-games-2026	Senior Men +87kg	LARIN Vladislav	RUS	3
multi-european-games-2026	Senior Women -46kg	BEKULOVA Milana	RUS	1
multi-european-games-2026	Senior Women -46kg	HARTI Sara	ITA	
multi-european-games-2026	Senior Women -46kg	DASGIN Elif Eylul	TUR	
multi-european-games-2026	Senior Women -46kg	YILMAZ Damla Nur	TUR	
multi-european-games-2026	Senior Women -46kg	BONDAREVA Kira	RUS	
multi-european-games-2026	Senior Women -46kg	TURAN Sila Zeynep	TUR	
multi-european-games-2026	Senior Women -46kg	KESGIN Tuvanna Nazli	TUR	
multi-european-games-2026	Senior Women -46kg	PAVLOVA Ekaterina	RUS	3
multi-european-games-2026	Senior Women -46kg	POURNATZI Sofia	GRE	
multi-european-games-2026	Senior Women -46kg	BEDELCI Merve	TUR	
multi-european-games-2026	Senior Women -46kg	SOZEN Cansu	TUR	
multi-european-games-2026	Senior Women -46kg	ORHAN Ayse	TUR	
multi-european-games-2026	Senior Women -46kg	PEEVA Deya	BUL	
multi-european-games-2026	Senior Women -46kg	GURBUZ Zehra	TUR	3
multi-european-games-2026	Senior Women -46kg	DESYLLA Olga	GRE	
multi-european-games-2026	Senior Women -46kg	POLUEKTOVA Daria	RUS	
multi-european-games-2026	Senior Women -46kg	VASILJEVIC Jovana	SRB	
multi-european-games-2026	Senior Women -46kg	UYAR Emine Nur	TUR	
multi-european-games-2026	Senior Women -46kg	CICEK Zeynep	TUR	
multi-european-games-2026	Senior Women -46kg	KAMALUTDINOVA Aminat	RUS	
multi-european-games-2026	Senior Women -46kg	PAVLOVA Mariia	RUS	
multi-european-games-2026	Senior Women -46kg	YONAK Tugba	TUR	
multi-european-games-2026	Senior Women -46kg	FAKCIOGLU Yaren	TUR	
multi-european-games-2026	Senior Women -46kg	CRISCUOLO Anna	ITA	
multi-european-games-2026	Senior Women -46kg	CHISLEAC Elisa	MDA	
multi-european-games-2026	Senior Women -46kg	KAYA Damla	TUR	
multi-european-games-2026	Senior Women -46kg	GEORGIOU Melina	GRE	2
multi-european-games-2026	Senior Women -49kg	ANGELOVA Alisa	RUS	3
multi-european-games-2026	Senior Women -49kg	BOUROGIANNI Konstantina Eleni	GRE	
multi-european-games-2026	Senior Women -49kg	KRUMOVA Elina	BUL	
multi-european-games-2026	Senior Women -49kg	BRAJOVIC Iva	SRB	
multi-european-games-2026	Senior Women -49kg	YONAK Sima	TUR	
multi-european-games-2026	Senior Women -49kg	BAJER Wiktoria	POL	
multi-european-games-2026	Senior Women -49kg	LOGINOVA Anna	RUS	
multi-european-games-2026	Senior Women -49kg	ASLAN Hira Nur	TUR	
multi-european-games-2026	Senior Women -49kg	MARTINEZ SEVILLA Julia	ESP	
multi-european-games-2026	Senior Women -49kg	MARINOVA Teodora	BUL	
multi-european-games-2026	Senior Women -49kg	ABDRAKHMANOVA Dilia	RUS	
multi-european-games-2026	Senior Women -49kg	ATLI Zenure	TUR	
multi-european-games-2026	Senior Women -49kg	PAPADOPOULOU Vasiliki	GRE	
multi-european-games-2026	Senior Women -49kg	KONIUKHOVA Dana	RUS	
multi-european-games-2026	Senior Women -49kg	VARGA V Iktoria	CRO	
multi-european-games-2026	Senior Women -49kg	BOZKURT Ecrin Yagmur	TUR	
multi-european-games-2026	Senior Women -49kg	GEORGIEVA Aleksandra	BUL	2
multi-european-games-2026	Senior Women -49kg	HINIC Sofija	CRO	
multi-european-games-2026	Senior Women -49kg	CRISTESCU Anamaria	ROU	
multi-european-games-2026	Senior Women -49kg	ALTYNOVA Leysan	RUS	
multi-european-games-2026	Senior Women -49kg	GUNDUZ Canan	TUR	
multi-european-games-2026	Senior Women -49kg	KLISOWSKA Zuzanna	POL	
multi-european-games-2026	Senior Women -49kg	UNAL Deniz	TUR	
multi-european-games-2026	Senior Women -49kg	GEORGIEVA Ana Maria	BUL	
multi-european-games-2026	Senior Women -49kg	MEDVEDEVA Galina	RUS	1
multi-european-games-2026	Senior Women -49kg	SELIMOVA Shamala	RUS	3
multi-european-games-2026	Senior Women -49kg	CURA Yezda	GER	
multi-european-games-2026	Senior Women -49kg	NIKOLOVA Victoria	BUL	
multi-european-games-2026	Senior Women -49kg	ULUSOY Mulkiye Ece	TUR	
multi-european-games-2026	Senior Women -49kg	KUDRIASHOVA Karina	RUS	
multi-european-games-2026	Senior Women -49kg	PANTOU Despoina	GRE	
multi-european-games-2026	Senior Women -49kg	GAVRILOV Lana	CRO	
multi-european-games-2026	Senior Women -49kg	ORUM Sila	TUR	
multi-european-games-2026	Senior Women -49kg	TKHAMOKOVA Elina	RUS	
multi-european-games-2026	Senior Women -53kg	GURBUZ Hayrunnisa	TUR	
multi-european-games-2026	Senior Women -53kg	GEORGIADOU Gesthimani	GRE	
multi-european-games-2026	Senior Women -53kg	ILIADI Kyriaki Eirini	GRE	
multi-european-games-2026	Senior Women -53kg	GULUEVA Milana	RUS	
multi-european-games-2026	Senior Women -53kg	SUBBOTINA Anastasia	RUS	1
multi-european-games-2026	Senior Women -53kg	SAVASCI Nida	TUR	
multi-european-games-2026	Senior Women -53kg	DAIANA Stan	ROU	
multi-european-games-2026	Senior Women -53kg	SPASOJEVIC Sara	CRO	
multi-european-games-2026	Senior Women -53kg	LEVAKOVA Veronika	RUS	3
multi-european-games-2026	Senior Women -53kg	OZKIS Feride	TUR	
multi-european-games-2026	Senior Women -53kg	KIRAZ Naz	TUR	
multi-european-games-2026	Senior Women -53kg	RADEK Dora	CRO	
multi-european-games-2026	Senior Women -53kg	GAVRILOVIC Irina	SRB	
multi-european-games-2026	Senior Women -53kg	DEMIR Irem Nur	TUR	
multi-european-games-2026	Senior Women -53kg	KAVLAK Ayse	TUR	
multi-european-games-2026	Senior Women -53kg	RADIC Ozana	CRO	
multi-european-games-2026	Senior Women -53kg	SAROKINA Uladzislava	BLR	
multi-european-games-2026	Senior Women -53kg	AYTAN Belinay	TUR	
multi-european-games-2026	Senior Women -53kg	ERDOGAN Irmak	TUR	
multi-european-games-2026	Senior Women -53kg	SADRETDINOVA Samira	RUS	
multi-european-games-2026	Senior Women -53kg	SUSILUOTO Inari	FIN	
multi-european-games-2026	Senior Women -53kg	CICEK Sumeyye Eylul	TUR	
multi-european-games-2026	Senior Women -53kg	CHARALAMPOGLOU Maria Anna	GRE	
multi-european-games-2026	Senior Women -53kg	BUTTARELLI Aurelie	FRA	3
multi-european-games-2026	Senior Women -53kg	BOKAN Andrea	SRB	
multi-european-games-2026	Senior Women -53kg	PAPAIOANNOU Konstantina	GRE	
multi-european-games-2026	Senior Women -53kg	PACACI Aysegul	TUR	
multi-european-games-2026	Senior Women -53kg	KRIM Sayine	FRA	
multi-european-games-2026	Senior Women -53kg	IEGIANI Jennifer	ITA	
multi-european-games-2026	Senior Women -53kg	DULGER Elif Sudem	TUR	
multi-european-games-2026	Senior Women -53kg	TEKEL Nira	TUR	
multi-european-games-2026	Senior Women -53kg	KARABELEVA Erika	BUL	2
multi-european-games-2026	Senior Women -57kg	ZDOR Kseniia	RUS	2
multi-european-games-2026	Senior Women -57kg	PAPATSENKO Mariia	UKR	
multi-european-games-2026	Senior Women -57kg	POZNANOVIC Marija	SRB	
multi-european-games-2026	Senior Women -57kg	HASAN Gizem	TUR	
multi-european-games-2026	Senior Women -57kg	KLAKALA Magdalini	GRE	
multi-european-games-2026	Senior Women -57kg	VENIERI Dafni Vasiliki	GRE	
multi-european-games-2026	Senior Women -57kg	KALIC Lucija	CRO	
multi-european-games-2026	Senior Women -57kg	GOZ Mumune Nur	TUR	
multi-european-games-2026	Senior Women -57kg	SEREDA Julia	POL	
multi-european-games-2026	Senior Women -57kg	ZENOZI Kimia Alizadeh	BUL	3
multi-european-games-2026	Senior Women -57kg	AL HALWANI Elisa	ITA	
multi-european-games-2026	Senior Women -57kg	KNIAZEVA Polina	RUS	
multi-european-games-2026	Senior Women -57kg	DALGALI Esmanur	TUR	
multi-european-games-2026	Senior Women -57kg	SEVO Milica	SRB	
multi-european-games-2026	Senior Women -57kg	DE FAZIO Ioanna	GRE	
multi-european-games-2026	Senior Women -57kg	SUBASI Irem	TUR	
multi-european-games-2026	Senior Women -57kg	POPOVSKA Sanja	MKD	
multi-european-games-2026	Senior Women -57kg	PETRIDI Aimilia	CYP	
multi-european-games-2026	Senior Women -57kg	KUKIC Iva	SRB	
multi-european-games-2026	Senior Women -57kg	KARABATIC Nika	CRO	1
multi-european-games-2026	Senior Women -57kg	CAUSSE Estelle	FRA	
multi-european-games-2026	Senior Women -57kg	KLARIC Tianna	SLO	
multi-european-games-2026	Senior Women -57kg	PETRUK Anastasiia	RUS	
multi-european-games-2026	Senior Women -57kg	SENGUN Ahsen	TUR	
multi-european-games-2026	Senior Women -57kg	KOSTADINOVA Stanislava	BUL	
multi-european-games-2026	Senior Women -57kg	OZLU Melisa	TUR	
multi-european-games-2026	Senior Women -57kg	IZMIR Hayrunnisa	TUR	
multi-european-games-2026	Senior Women -57kg	REPOULIA Athanasia	GRE	
multi-european-games-2026	Senior Women -57kg	DUVANCIC Bruna	CRO	
multi-european-games-2026	Senior Women -57kg	KANBUR Sevval Melek	TUR	
multi-european-games-2026	Senior Women -57kg	CHARALAMBOUS Ioanna	CYP	
multi-european-games-2026	Senior Women -57kg	RADAK Teodora	SRB	
multi-european-games-2026	Senior Women -57kg	JURLIN Nina	CRO	
multi-european-games-2026	Senior Women -57kg	VELIUTC Alina	RUS	
multi-european-games-2026	Senior Women -57kg	SLAVOVA Tsvety	BUL	
multi-european-games-2026	Senior Women -57kg	KATSIGIANNI Panagiota	GRE	
multi-european-games-2026	Senior Women -57kg	DILER Ruya	TUR	3
multi-european-games-2026	Senior Women -62kg	MOTLOKH Sofiia	RUS	1
multi-european-games-2026	Senior Women -62kg	BALCI Edanur	GER	
multi-european-games-2026	Senior Women -62kg	BROMBERGER Lamprini	GRE	
multi-european-games-2026	Senior Women -62kg	BAIKOVA Zhanna	RUS	
multi-european-games-2026	Senior Women -62kg	AGRALI Melike	TUR	
multi-european-games-2026	Senior Women -62kg	SENYURT Aleyna	TUR	
multi-european-games-2026	Senior Women -62kg	UGLESIC Marija	CRO	
multi-european-games-2026	Senior Women -62kg	KHARKHOTA Ekaterina	RUS	
multi-european-games-2026	Senior Women -62kg	MILIC Nikolina	SRB	
multi-european-games-2026	Senior Women -62kg	BADMAEVA Dayana	RUS	
multi-european-games-2026	Senior Women -62kg	MILOSEVIC Lara	SRB	
multi-european-games-2026	Senior Women -62kg	OZDEMIR Nisa Nur	TUR	
multi-european-games-2026	Senior Women -62kg	HERNANDEZ ROCAFULL Rocio Anahi	ESP	
multi-european-games-2026	Senior Women -62kg	STEVIC Serdja	SRB	
multi-european-games-2026	Senior Women -62kg	NAMAZ Derya	TUR	
multi-european-games-2026	Senior Women -62kg	AKESSON STANDIG Sofie	SWE	
multi-european-games-2026	Senior Women -62kg	SOSHNIKOVA Alisa	RUS	3
multi-european-games-2026	Senior Women -62kg	YIGITALP Hatice Pinar	TUR	2
multi-european-games-2026	Senior Women -62kg	ZECIROVIC Nina	SRB	
multi-european-games-2026	Senior Women -62kg	KONAKCI Aysenur	TUR	
multi-european-games-2026	Senior Women -62kg	CHEPELEUTS Sofiia	RUS	
multi-european-games-2026	Senior Women -62kg	KLEPAC Nika	CRO	
multi-european-games-2026	Senior Women -62kg	SEVO Tamara	SRB	
multi-european-games-2026	Senior Women -62kg	VASILIADOU Eleni	CYP	
multi-european-games-2026	Senior Women -62kg	SIRIN Dilara	TUR	
multi-european-games-2026	Senior Women -62kg	SAVKOVIC Nadja	SRB	3
multi-european-games-2026	Senior Women -62kg	YAZICI Zumra	GER	
multi-european-games-2026	Senior Women -62kg	KARABULUT Beyza	TUR	
multi-european-games-2026	Senior Women -62kg	AGROFENINA Margarita	RUS	
multi-european-games-2026	Senior Women -62kg	TADIC Natali	CRO	
multi-european-games-2026	Senior Women -62kg	MARASLI Zeynep Ebrar	TUR	
multi-european-games-2026	Senior Women -62kg	PEIMANIDOU Maria Evangelia	GRE	
multi-european-games-2026	Senior Women -62kg	PONOMAREVA Irina	RUS	
multi-european-games-2026	Senior Women -62kg	MARIC Ela	SRB	
multi-european-games-2026	Senior Women -67kg	PERISIC Aleksandra	SRB	1
multi-european-games-2026	Senior Women -67kg	KARAKOC Ruken	TUR	
multi-european-games-2026	Senior Women -67kg	HABIJANCIC Dora	CRO	
multi-european-games-2026	Senior Women -67kg	RUCINSKI Viktoria	GER	
multi-european-games-2026	Senior Women -67kg	NALETOVA Anna	RUS	
multi-european-games-2026	Senior Women -67kg	TOMCZAK Tatiana	POL	
multi-european-games-2026	Senior Women -67kg	MESTROVIC Dora	CRO	3
multi-european-games-2026	Senior Women -67kg	BANNOVA Anastasiia	RUS	
multi-european-games-2026	Senior Women -67kg	VUJIN Andjela	SRB	
multi-european-games-2026	Senior Women -67kg	TSOULOUFA Aikaterini	GRE	
multi-european-games-2026	Senior Women -67kg	STAMENKOVIC Jelena	SRB	
multi-european-games-2026	Senior Women -67kg	SZPAK Julia	POL	
multi-european-games-2026	Senior Women -67kg	ARELIC Ivana	CRO	2
multi-european-games-2026	Senior Women -67kg	AGRALI Mihriban	TUR	
multi-european-games-2026	Senior Women -67kg	KRIVOVA Daria	RUS	
multi-european-games-2026	Senior Women -67kg	SKACHKOVA Sofia	RUS	
multi-european-games-2026	Senior Women -67kg	FOSSACECA Anna	ITA	
multi-european-games-2026	Senior Women -67kg	NOWAK Julia	POL	
multi-european-games-2026	Senior Women -67kg	SKVORTSOVA Kira	RUS	
multi-european-games-2026	Senior Women -67kg	VELAGIĆ JEREB Žana	SLO	
multi-european-games-2026	Senior Women -67kg	ĐOKOVIĆ Ines	SRB	
multi-european-games-2026	Senior Women -67kg	TOMAK Eslem Ruveyda	TUR	
multi-european-games-2026	Senior Women -67kg	VLASENKO Mariia	RUS	
multi-european-games-2026	Senior Women -67kg	POLE Doris	CRO	3
multi-european-games-2026	Senior Women -73kg	BOZANIC Nadica	SRB	1
multi-european-games-2026	Senior Women -73kg	JELIC Matea	CRO	
multi-european-games-2026	Senior Women -73kg	ERSIN Yusra	TUR	
multi-european-games-2026	Senior Women -73kg	KOSEOGLU Elifnaz	TUR	
multi-european-games-2026	Senior Women -73kg	SKAPROVSKA Valeriia	RUS	
multi-european-games-2026	Senior Women -73kg	ALICI Evra	TUR	
multi-european-games-2026	Senior Women -73kg	ALEKSEEVA Anfisa	RUS	
multi-european-games-2026	Senior Women -73kg	SRHOJ Maja	CRO	3
multi-european-games-2026	Senior Women -73kg	DEMIR Kardelen	TUR	
multi-european-games-2026	Senior Women -73kg	KOLOVRAT Matea	CRO	
multi-european-games-2026	Senior Women -73kg	ROJIN Kaya	TUR	
multi-european-games-2026	Senior Women -73kg	MASTELIC Mila	CRO	2
multi-european-games-2026	Senior Women -73kg	CETINEL Ceren	TUR	3
multi-european-games-2026	Senior Women -73kg	RUDOLF Nika	SLO	
multi-european-games-2026	Senior Women -73kg	NTE REKE MOURKOUSI Nefeli	GRE	
multi-european-games-2026	Senior Women -73kg	PETROVIC Iva	SRB	
multi-european-games-2026	Senior Women +73kg	SHVEDKOVA Polina	RUS	3
multi-european-games-2026	Senior Women +73kg	ERTUGRUL Ayse	TUR	
multi-european-games-2026	Senior Women +73kg	SHTUCHKINA Valeriia	RUS	
multi-european-games-2026	Senior Women +73kg	MIKHAILOVA Iuliia	RUS	
multi-european-games-2026	Senior Women +73kg	KAVUKCUOGLU Zehra Begum	TUR	2
multi-european-games-2026	Senior Women +73kg	MATIC Magdalena	CRO	1
multi-european-games-2026	Senior Women +73kg	BIRNI Nisa Nur	TUR	
multi-european-games-2026	Senior Women +73kg	GLUSHKOVA Aleksandra	RUS	
multi-european-games-2026	Senior Women +73kg	SPYRIDOU Aliki Victoria	GRE	
multi-european-games-2026	Senior Women +73kg	ZOTOVA Viktoriia	RUS	
multi-european-games-2026	Senior Women +73kg	ADEBAIO Kristina	RUS	3
