us-national-championships-2024	Senior Men -54kg	R16	255	ALESSANDRO GONZALEZ	USA	SANTIAGO ENRIQUE SAND	USA	PTF	2:1
us-national-championships-2024	Senior Men -54kg	R16	256	David YEHE-NARA	USA	THEODORE CHANG	USA	PTF	2:0
us-national-championships-2024	Senior Men -54kg	R16	257	MILES JOHNSON	USA	MICHAEL IGNACIO	USA	PTF	2:1
us-national-championships-2024	Senior Men -54kg	R16	258	JOSEPH CARRILLO	USA	Alexander NIEVES	USA	PTF	2:1
us-national-championships-2024	Senior Men -54kg	R16	259	MATTHEW NICULAE	USA	Erick SANCHEZ TAVIRA	USA	PTF	2:0
us-national-championships-2024	Senior Men -54kg	R16	260	YOUNG SUK GUN	USA	Aidan NGUYEN-TRAN	USA	PTF	2:0
us-national-championships-2024	Senior Men -54kg	QF	265	MATEO BARAJAS	USA	ALESSANDRO GONZALEZ	USA	PTF	2:0
us-national-championships-2024	Senior Men -54kg	QF	266	MILES JOHNSON	USA	David YEHE-NARA	USA	PTF	2:1
us-national-championships-2024	Senior Men -54kg	QF	267	JOSEPH CARRILLO	USA	MATTHEW NICULAE	USA	PTF	2:0
us-national-championships-2024	Senior Men -54kg	QF	268	YOUNG SUK GUN	USA	ARIEL ROCHA	USA	PTF	2:0
us-national-championships-2024	Senior Men -54kg	SF	271	MILES JOHNSON	USA	MATEO BARAJAS	USA	PTF	2:1
us-national-championships-2024	Senior Men -54kg	SF	272	JOSEPH CARRILLO	USA	YOUNG SUK GUN	USA	WDR	
us-national-championships-2024	Senior Men -54kg	F	274	JOSEPH CARRILLO	USA	MILES JOHNSON	USA	PTF	2:0
us-national-championships-2024	Senior Men -58kg	R16	549	DAVID CLARK	USA	Abd Alsalam ALOUBEADY	USA	PTF	2:1
us-national-championships-2024	Senior Men -58kg	R16	550	MARCELO ANDREWS	USA	XAVIER GUTIERREZ	USA	PTF	2:0
us-national-championships-2024	Senior Men -58kg	R16	551	ERICK CHAPARRO	USA	TAYLOR DULIN	USA	PTF	2:0
us-national-championships-2024	Senior Men -58kg	R16	552	MAKEIO DESADIER	USA	DeQuan MITCHELL	USA	PTF	2:0
us-national-championships-2024	Senior Men -58kg	R16	553	BAILEY DULIN	USA	JONAH DELA FUENTE	USA	PTF	2:0
us-national-championships-2024	Senior Men -58kg	QF	556	TRINIDAD SAABEDRA	USA	DAVID CLARK	USA	PTF	2:0
us-national-championships-2024	Senior Men -58kg	QF	557	ERICK CHAPARRO	USA	MARCELO ANDREWS	USA	PTF	2:0
us-national-championships-2024	Senior Men -58kg	QF	558	MAKEIO DESADIER	USA	Alejandro RAYAS	USA	PTF	2:1
us-national-championships-2024	Senior Men -58kg	QF	559	BAILEY DULIN	USA	Joshua HUANG	USA	PTF	2:0
us-national-championships-2024	Senior Men -58kg	SF	566	ERICK CHAPARRO	USA	TRINIDAD SAABEDRA	USA	PTF	2:0
us-national-championships-2024	Senior Men -58kg	SF	567	BAILEY DULIN	USA	MAKEIO DESADIER	USA	PTF	2:0
us-national-championships-2024	Senior Men -58kg	F	571	ERICK CHAPARRO	USA	BAILEY DULIN	USA	RSC	2:0
us-national-championships-2024	Senior Men -63kg	R32	357	HIRAM OCACIO	USA	SIMEON KELLER	USA	PTF	2:0
us-national-championships-2024	Senior Men -63kg	R16	358	DIEGO PINEDA	USA	HIRAM OCACIO	USA	PTF	2:1
us-national-championships-2024	Senior Men -63kg	R16	359	Darrion PHAN	USA	GAGE GODFREY	USA	PTF	2:0
us-national-championships-2024	Senior Men -63kg	R16	360	Lito GODOLPHIN	USA	Landon EDWARDS-SCOVIL	USA	PTF	2:0
us-national-championships-2024	Senior Men -63kg	R16	361	JEAN LABATTE	USA	Kalen CHUNG	USA	PTF	2:0
us-national-championships-2024	Senior Men -63kg	R16	362	KELLEN WALKER	USA	RODRIGO NEGRETE	USA	PTF	2:0
us-national-championships-2024	Senior Men -63kg	R16	363	STEWART BEALL	USA	Aaron ROSALES	USA	PTF	2:0
us-national-championships-2024	Senior Men -63kg	R16	364	Saidth GOMEZ	USA	EVAN KIM	USA	PTF	2:0
us-national-championships-2024	Senior Men -63kg	R16	365	BARRON MOSTELLER	USA	MELVY ALVAREZ	USA	PTF	2:0
us-national-championships-2024	Senior Men -63kg	QF	366	DIEGO PINEDA	USA	Darrion PHAN	USA	PTF	2:0
us-national-championships-2024	Senior Men -63kg	QF	367	JEAN LABATTE	USA	Lito GODOLPHIN	USA	PTF	2:0
us-national-championships-2024	Senior Men -63kg	QF	368	KELLEN WALKER	USA	STEWART BEALL	USA	PTF	2:0
us-national-championships-2024	Senior Men -63kg	QF	369	BARRON MOSTELLER	USA	Saidth GOMEZ	USA	PTF	2:0
us-national-championships-2024	Senior Men -63kg	SF	372	DIEGO PINEDA	USA	JEAN LABATTE	USA	PTF	2:0
us-national-championships-2024	Senior Men -63kg	SF	373	BARRON MOSTELLER	USA	KELLEN WALKER	USA	PTF	2:0
us-national-championships-2024	Senior Men -63kg	F	375	BARRON MOSTELLER	USA	DIEGO PINEDA	USA	PTF	2:0
us-national-championships-2024	Senior Men -68kg	R32	450	Jackson ROGERS	USA	SHIWOO KIM	USA	PTF	2:0
us-national-championships-2024	Senior Men -68kg	R32	451	MATTHEW POLAND	USA	Jayden RAMIREZ	USA	PTF	2:1
us-national-championships-2024	Senior Men -68kg	R32	452	Luis Eziquiel RUIZ SANCH	USA	LOGAN MCPHERSON	USA	PTF	2:0
us-national-championships-2024	Senior Men -68kg	R16	455	JAMES CHOI	USA	Jackson ROGERS	USA	PTF	2:0
us-national-championships-2024	Senior Men -68kg	R16	456	Jacob STRUBLE	USA	Alexander HUNTER	USA	PTF	2:0
us-national-championships-2024	Senior Men -68kg	R16	457	DEVIN CORNELL	USA	STEVEN BOWMAN	USA	PTF	2:0
us-national-championships-2024	Senior Men -68kg	R16	458	CADE BAUER	USA	TERRY NGO	USA	PTF	2:1
us-national-championships-2024	Senior Men -68kg	R16	459	VICTOR RODRIGUES	USA	MATTHEW POLAND	USA	RSC	1:0
us-national-championships-2024	Senior Men -68kg	R16	460	NATHEN MINER	USA	Siroj ZIYOVIDDINKHUJAEV	USA	PTF	2:0
us-national-championships-2024	Senior Men -68kg	R16	461	MAIKOL RODRIGUEZ	USA	JORDAN PANOTES	USA	PTF	2:0
us-national-championships-2024	Senior Men -68kg	R16	462	ISAIAH YOUNG	USA	Luis Eziquiel RUIZ SANCH	USA	PTF	2:0
us-national-championships-2024	Senior Men -68kg	QF	467	JAMES CHOI	USA	Jacob STRUBLE	USA	PTF	2:0
us-national-championships-2024	Senior Men -68kg	QF	468	DEVIN CORNELL	USA	CADE BAUER	USA	PTF	2:0
us-national-championships-2024	Senior Men -68kg	QF	469	VICTOR RODRIGUES	USA	NATHEN MINER	USA	PTF	2:0
us-national-championships-2024	Senior Men -68kg	QF	470	MAIKOL RODRIGUEZ	USA	ISAIAH YOUNG	USA	PTF	2:1
us-national-championships-2024	Senior Men -68kg	SF	473	JAMES CHOI	USA	DEVIN CORNELL	USA	PTF	2:0
us-national-championships-2024	Senior Men -68kg	SF	474	MAIKOL RODRIGUEZ	USA	VICTOR RODRIGUES	USA	PTF	2:0
us-national-championships-2024	Senior Men -68kg	F	476	MAIKOL RODRIGUEZ	USA	JAMES CHOI	USA	PTF	2:0
us-national-championships-2024	Senior Men -74kg	R32	653	NOAH AVROYA	USA	PETER TRAN	USA	RSC	1:0
us-national-championships-2024	Senior Men -74kg	R16	654	LUKE BUENAVENTURA	USA	JADEN BAXTER	USA	PTF	2:0
us-national-championships-2024	Senior Men -74kg	R16	655	CHAN PARK	USA	DAVYD CABRERA	USA	PTF	2:0
us-national-championships-2024	Senior Men -74kg	R16	656	FERGUS CURRAN	USA	ADAN RIVAS	USA	PTF	2:1
us-national-championships-2024	Senior Men -74kg	R16	657	Ahmed ALHARAHSHEH	USA	TIMOTHY SALAS	USA	PTF	2:0
us-national-championships-2024	Senior Men -74kg	R16	658	CELSO CHUA	USA	RYAN MOHAMADI	USA	PTF	2:0
us-national-championships-2024	Senior Men -74kg	R16	659	PETER SOKOLENKO	USA	SHELDON WILCOX	USA	PTF	2:0
us-national-championships-2024	Senior Men -74kg	R16	660	NOAH AVROYA	USA	CONNOR ORILLE	USA	WDR	
us-national-championships-2024	Senior Men -74kg	R16	661	DANIEL ALEXANDER	USA	ERIC GARCES	USA	PTF	2:0
us-national-championships-2024	Senior Men -74kg	QF	666	CHAN PARK	USA	NOAH AVROYA	USA	PTF	2:0
us-national-championships-2024	Senior Men -74kg	QF	667	FERGUS CURRAN	USA	Ahmed ALHARAHSHEH	USA	PTF	2:0
us-national-championships-2024	Senior Men -74kg	QF	668	CELSO CHUA	USA	PETER SOKOLENKO	USA	PTF	2:0
us-national-championships-2024	Senior Men -74kg	QF	669	DANIEL ALEXANDER	USA	LUKE BUENAVENTURA	USA	PTF	2:0
us-national-championships-2024	Senior Men -74kg	SF	673	FERGUS CURRAN	USA	CHAN PARK	USA	WDR	
us-national-championships-2024	Senior Men -74kg	SF	674	DANIEL ALEXANDER	USA	CELSO CHUA	USA	PTF	2:0
us-national-championships-2024	Senior Men -74kg	F	677	DANIEL ALEXANDER	USA	FERGUS CURRAN	USA	PTF	2:0
us-national-championships-2024	Senior Men -80kg	QF	662	DEVIN CASSELL	USA	Francisco MARTINEZ	USA	PTF	2:0
us-national-championships-2024	Senior Men -80kg	QF	663	JOHN-MICHAEL JINGLUSK	USA	RAVIDU WEERASINGHE	USA	PTF	2:1
us-national-championships-2024	Senior Men -80kg	QF	664	SERGIO CASTILLO	USA	Fernando LOPEZ-ZACAPAL	USA	PTF	2:1
us-national-championships-2024	Senior Men -80kg	QF	665	ABOU SOW	USA	BENJAMIN LUCERO	USA	PTF	2:0
us-national-championships-2024	Senior Men -80kg	SF	671	DEVIN CASSELL	USA	JOHN-MICHAEL JINGLUSK	USA	PTF	2:0
us-national-championships-2024	Senior Men -80kg	SF	672	ABOU SOW	USA	SERGIO CASTILLO	USA	PTF	2:1
us-national-championships-2024	Senior Men -80kg	F	676	ABOU SOW	USA	DEVIN CASSELL	USA	PTF	2:0
us-national-championships-2024	Senior Men -87kg	QF	555	NIHAAL NAYAR	USA	Abraham LEE	USA	PTF	2:0
us-national-championships-2024	Senior Men -87kg	SF	564	NIHAAL NAYAR	USA	MATIAS TEILLET	USA	PTF	2:1
us-national-championships-2024	Senior Men -87kg	SF	565	TYLER SEIBERT	USA	KEVIN HUYNH	USA	PTF	2:0
us-national-championships-2024	Senior Men -87kg	F	570	NIHAAL NAYAR	USA	TYLER SEIBERT	USA	PTF	2:0
us-national-championships-2024	Senior Men +87kg	R16	453	Jon VIGIL	USA	CAMERON KERNS	USA	PTF	2:0
us-national-championships-2024	Senior Men +87kg	R16	454	ANTHONY CATENA	USA	KIERAN HERNANDEZ	USA	PTF	2:1
us-national-championships-2024	Senior Men +87kg	QF	463	Jon VIGIL	USA	NICHOLAS CAGGIA	USA	PTF	2:0
us-national-championships-2024	Senior Men +87kg	QF	464	BRYAN DAVIS	USA	Malik L JENKINS	USA	PTF	2:1
us-national-championships-2024	Senior Men +87kg	QF	465	NICHOLAS CARLO	USA	Rez CHOWDHURY	USA	PTF	2:0
us-national-championships-2024	Senior Men +87kg	QF	466	BRIAN CHOI	USA	ANTHONY CATENA	USA	PTF	2:0
us-national-championships-2024	Senior Men +87kg	SF	471	BRYAN DAVIS	USA	Jon VIGIL	USA	PTF	2:1
us-national-championships-2024	Senior Men +87kg	SF	472	NICHOLAS CARLO	USA	BRIAN CHOI	USA	WDR	1:0
us-national-championships-2024	Senior Men +87kg	F	475	NICHOLAS CARLO	USA	BRYAN DAVIS	USA	PTF	2:0
us-national-championships-2024	Senior Women -46kg	QF	160	CALIANA FONSECA	USA	Alyssa DEBLASIO	USA	PTF	2:0
us-national-championships-2024	Senior Women -46kg	QF	161	KARINE LECLERCQ	USA	Kayla NGUYEN MUY	USA	PTF	2:0
us-national-championships-2024	Senior Women -46kg	QF	162	AURYON DUQUE	USA	ANITA TRAN	USA	PTF	2:0
us-national-championships-2024	Senior Women -46kg	SF	169	KAELYNN JAE AGUSTIN	USA	CALIANA FONSECA	USA	PTF	2:0
us-national-championships-2024	Senior Women -46kg	SF	170	AURYON DUQUE	USA	KARINE LECLERCQ	USA	PTF	2:1
us-national-championships-2024	Senior Women -46kg	F	174	AURYON DUQUE	USA	KAELYNN JAE AGUSTIN	USA	PUN	2:1
us-national-championships-2024	Senior Women -49kg	R16	154	Isabella NANNY	USA	Abcde FLORES	USA	PTF	2:0
us-national-championships-2024	Senior Women -49kg	R16	155	ARIELA ARTAGAME	USA	JASLYN YU HIAN	USA	PTF	2:0
us-national-championships-2024	Senior Women -49kg	R16	156	KAYLA MORALES	USA	ANNIE LEE KELLER	USA	PTF	2:0
us-national-championships-2024	Senior Women -49kg	R16	157	SOPHIA AHO	USA	LYNN MACH	USA	PTF	2:0
us-national-championships-2024	Senior Women -49kg	QF	163	HANALEI REYES	USA	Isabella NANNY	USA	PTF	2:0
us-national-championships-2024	Senior Women -49kg	QF	164	HAZEL DELLA	USA	ARIELA ARTAGAME	USA	PTF	2:0
us-national-championships-2024	Senior Women -49kg	QF	165	SOPHIA OH	USA	KAYLA MORALES	USA	PTF	2:1
us-national-championships-2024	Senior Women -49kg	QF	166	JENNA SLOTA	USA	SOPHIA AHO	USA	PTF	2:0
us-national-championships-2024	Senior Women -49kg	SF	171	HAZEL DELLA	USA	HANALEI REYES	USA	PTF	2:0
us-national-championships-2024	Senior Women -49kg	SF	172	SOPHIA OH	USA	JENNA SLOTA	USA	PTF	2:0
us-national-championships-2024	Senior Women -49kg	F	175	HAZEL DELLA	USA	SOPHIA OH	USA	PTF	2:0
us-national-championships-2024	Senior Women -53kg	QF	158	MONIQUE VILLASENOR	USA	VALERIE LARSON	USA	PTF	2:0
us-national-championships-2024	Senior Women -53kg	QF	159	MELINA DANIEL	USA	Lindsee RAINWATER	USA	PTF	2:0
us-national-championships-2024	Senior Women -53kg	SF	167	MONIQUE VILLASENOR	USA	DAHIN SONG	USA	PTF	2:0
us-national-championships-2024	Senior Women -53kg	SF	168	MELINA DANIEL	USA	CHRISTINA CHAVEZ	USA	PTF	2:0
us-national-championships-2024	Senior Women -53kg	F	173	MELINA DANIEL	USA	MONIQUE VILLASENOR	USA	PTF	2:0
us-national-championships-2024	Senior Women -57kg	SF	370	CAITLYN COX	USA	MADELYN BARRETT	USA	PTF	2:0
us-national-championships-2024	Senior Women -57kg	SF	371	LUCI BOMMERSBACH	USA	ABBY LAMBERT	USA	PTF	2:1
us-national-championships-2024	Senior Women -57kg	F	374	CAITLYN COX	USA	LUCI BOMMERSBACH	USA	PTF	2:0
us-national-championships-2024	Senior Women -62kg	R16	252	IZABEL WARZHAPETIAN	USA	BARBARA VIVAS	USA	PTF	2:0
us-national-championships-2024	Senior Women -62kg	R16	253	DANIELLE KIM	USA	ASHLEY PEREZ	USA	PTF	2:1
us-national-championships-2024	Senior Women -62kg	R16	254	Maia PAULITZ	USA	CANEENA CLARK	USA	PTF	2:1
us-national-championships-2024	Senior Women -62kg	QF	261	DANICA DEATON	USA	IZABEL WARZHAPETIAN	USA	PTF	2:0
us-national-championships-2024	Senior Women -62kg	QF	262	GRACE SHIBA	USA	Isabelle GOLLA	USA	PTF	2:1
us-national-championships-2024	Senior Women -62kg	QF	263	DANIELLE KIM	USA	MAKENZIE MACGREGOR	USA	PTF	2:0
us-national-championships-2024	Senior Women -62kg	QF	264	CHLOE CHUA	USA	Maia PAULITZ	USA	PTF	2:0
us-national-championships-2024	Senior Women -62kg	SF	269	DANICA DEATON	USA	GRACE SHIBA	USA	PTF	2:0
us-national-championships-2024	Senior Women -62kg	SF	270	CHLOE CHUA	USA	DANIELLE KIM	USA	PTF	2:1
us-national-championships-2024	Senior Women -62kg	F	273	DANICA DEATON	USA	CHLOE CHUA	USA	WDR	
us-national-championships-2024	Senior Women -67kg	QF	554	MAKAELA USSERMAN	USA	COURTNEY BARRON	USA	PTF	2:0
us-national-championships-2024	Senior Women -67kg	SF	562	MAKAELA USSERMAN	USA	MAKENNA SILVA	USA	PTF	2:1
us-national-championships-2024	Senior Women -67kg	SF	563	Rand ALJETAWI	USA	EMILY BOGGS	USA	PTF	2:1
us-national-championships-2024	Senior Women -67kg	F	569	MAKAELA USSERMAN	USA	Rand ALJETAWI	USA	PTF	2:0
us-national-championships-2024	Senior Women -73kg	SF	670	Daniela MACIAS	USA	KYLIE LEWIS	USA	WDR	
us-national-championships-2024	Senior Women -73kg	F	675	BRIANNE USSERMAN	USA	Daniela MACIAS	USA	PTF	2:0
us-national-championships-2024	Senior Women +73kg	SF	560	NAOMI ALADE	USA	HANNAH KECK	USA	PTF	2:1
us-national-championships-2024	Senior Women +73kg	SF	561	SARAH GRABOT	USA	STEPHANIE DOUGLAS	USA	PTF	2:0
us-national-championships-2024	Senior Women +73kg	F	568	NAOMI ALADE	USA	SARAH GRABOT	USA	PTF	2:0
paris-olympic-games-2024	Senior Men -58kg	R32		KORNEEV Lev	SRB	DIOP Bocar	SEN	PTF	2:0
paris-olympic-games-2024	Senior Men -58kg	R32		YASER ISMAIL Omar	PLE	TIRANVALIPOUR Hadi	EOR	PTF	2:0
paris-olympic-games-2024	Senior Men -58kg	R16		RAVET Cyrian	FRA	GURTSIEV Georgii	AIN	PTF	2:0
paris-olympic-games-2024	Senior Men -58kg	R16		PARK Tae-joon	KOR	GRANADO Yohandri	VEN	PTF	2:0
paris-olympic-games-2024	Senior Men -58kg	R16		LEWIS Bailey	AUS	ISSAKA GARBA Nouridine	NIG	PTF	2:0
paris-olympic-games-2024	Senior Men -58kg	R16		JENDOUBI Mohamed khalil	TUN	KORNEEV Lev	SRB	PTF	2:0
paris-olympic-games-2024	Senior Men -58kg	R16		VICENTE YUNTA Adrian	ESP	YASER ISMAIL Omar	PLE	PTF	2:0
paris-olympic-games-2024	Senior Men -58kg	R16		MAGOMEDOV Gashim	AZE	WOOLLEY Jack	IRL	PTF	2:0
paris-olympic-games-2024	Senior Men -58kg	R16		SALIM Omar gergely	HUN	GUZMAN Lucas	ARG	PTF	2:1
paris-olympic-games-2024	Senior Men -58kg	R16		DELL'AQUILA Vito	ITA	ABABAKIROV Samirkhon	KAZ	PTF	2:1
paris-olympic-games-2024	Senior Men -58kg	QF		PARK Tae-joon	KOR	RAVET Cyrian	FRA	PTF	2:1
paris-olympic-games-2024	Senior Men -58kg	QF		JENDOUBI Mohamed khalil	TUN	LEWIS Bailey	AUS	PTF	2:0
paris-olympic-games-2024	Senior Men -58kg	QF		MAGOMEDOV Gashim	AZE	VICENTE YUNTA Adrian	ESP	PTF	2:0
paris-olympic-games-2024	Senior Men -58kg	QF		DELL'AQUILA Vito	ITA	SALIM Omar gergely	HUN	PTF	2:0
paris-olympic-games-2024	Senior Men -58kg	SF		PARK Tae-joon	KOR	JENDOUBI Mohamed khalil	TUN	PTF	2:0
paris-olympic-games-2024	Senior Men -58kg	SF		MAGOMEDOV Gashim	AZE	DELL'AQUILA Vito	ITA	PTF	2:0
paris-olympic-games-2024	Senior Men -58kg	F		PARK Tae-joon	KOR	MAGOMEDOV Gashim	AZE	WDR	
paris-olympic-games-2024	Senior Men -58kg	RPC		RAVET Cyrian	FRA	GRANADO Yohandri	VEN	PTF	2:0
paris-olympic-games-2024	Senior Men -58kg	RPC		VICENTE YUNTA Adrian	ESP	WOOLLEY Jack	IRL	PTF	2:0
paris-olympic-games-2024	Senior Men -58kg	BRZ		RAVET Cyrian	FRA	DELL'AQUILA Vito	ITA	WDR	
paris-olympic-games-2024	Senior Men -58kg	BRZ		JENDOUBI Mohamed khalil	TUN	VICENTE YUNTA Adrian	ESP	PTF	2:0
paris-olympic-games-2024	Senior Men -68kg	R32		LO Wai fung	HKG	AL GHOTANY Yahya	EOR	PTF	2:0
paris-olympic-games-2024	Senior Men -68kg	R16		ALAPHILIPPE Souleyman	FRA	NASSAR Ahmed	EGY	PTF	2:0
paris-olympic-games-2024	Senior Men -68kg	R16		PEREZ POLO Javier	ESP	TUBTIMDANG Banlung	THA	PTF	2:0
paris-olympic-games-2024	Senior Men -68kg	R16		LIANG Yushuai	CHN	JOZSA Levente mark	HUN	PTF	2:1
paris-olympic-games-2024	Senior Men -68kg	R16		RASHITOV Ulugbek	UZB	LO Wai fung	HKG	PTF	2:0
paris-olympic-games-2024	Senior Men -68kg	R16		SINDEN Bradly	GBR	KASSMAN Kevin sogo	PNG	PTF	2:0
paris-olympic-games-2024	Senior Men -68kg	R16		GOLUBIC Marko	CRO	PIE Bernardo	DOM	PTF	2:0
paris-olympic-games-2024	Senior Men -68kg	R16		KAREEM Zaid	JOR	PONTES Edival	BRA	PTF	2:1
paris-olympic-games-2024	Senior Men -68kg	R16		RECBER Hakan	TUR	MAIGA Ibrahim	BUR	PTF	2:0
paris-olympic-games-2024	Senior Men -68kg	QF		PEREZ POLO Javier	ESP	ALAPHILIPPE Souleyman	FRA	PTF	2:1
paris-olympic-games-2024	Senior Men -68kg	QF		RASHITOV Ulugbek	UZB	LIANG Yushuai	CHN	PTF	2:0
paris-olympic-games-2024	Senior Men -68kg	QF		SINDEN Bradly	GBR	GOLUBIC Marko	CRO	PTF	2:1
paris-olympic-games-2024	Senior Men -68kg	QF		KAREEM Zaid	JOR	RECBER Hakan	TUR	PTF	2:0
paris-olympic-games-2024	Senior Men -68kg	SF		RASHITOV Ulugbek	UZB	PEREZ POLO Javier	ESP	PTF	2:0
paris-olympic-games-2024	Senior Men -68kg	SF		KAREEM Zaid	JOR	SINDEN Bradly	GBR	PTF	2:1
paris-olympic-games-2024	Senior Men -68kg	F		RASHITOV Ulugbek	UZB	KAREEM Zaid	JOR	PTF	2:0
paris-olympic-games-2024	Senior Men -68kg	RPC		LIANG Yushuai	CHN	LO Wai fung	HKG	PTF	2:0
paris-olympic-games-2024	Senior Men -68kg	RPC		PONTES Edival	BRA	RECBER Hakan	TUR	PTF	2:1
paris-olympic-games-2024	Senior Men -68kg	BRZ		LIANG Yushuai	CHN	SINDEN Bradly	GBR	WDR	
paris-olympic-games-2024	Senior Men -68kg	BRZ		PONTES Edival	BRA	PEREZ POLO Javier	ESP	PTF	2:1
paris-olympic-games-2024	Senior Men -80kg	R32		TOLEUGALI Batyrkhan	KAZ	COULIBALY Ismael	MLI	PTF	2:1
paris-olympic-games-2024	Senior Men -80kg	R16		SEO Geon-woo	KOR	CHURCHILL MARTINEZ Joaquin	CHI	PTF	2:1
paris-olympic-games-2024	Senior Men -80kg	R16		RODRIGUES FERNANDES Henrique marques	BRA	ELSHARABATY Saleh	JOR	PTF	2:0
paris-olympic-games-2024	Senior Men -80kg	R16		BARKHORDARI Mehran	IRI	JAYSUNOV Jasurbek	UZB	PTF	2:1
paris-olympic-games-2024	Senior Men -80kg	R16		ALESSIO Simone	ITA	TOLEUGALI Batyrkhan	KAZ	PTF	2:0
paris-olympic-games-2024	Senior Men -80kg	R16		NICKOLAS CJ	USA	MANSOURI Farzad	EOR	PTF	2:0
paris-olympic-games-2024	Senior Men -80kg	R16		SAWADOGO Faysal	BUR	TAKOV Stefan	SRB	PTF	2:0
paris-olympic-games-2024	Senior Men -80kg	R16		KATOUSI Firas	TUN	SEJRANOVIC Leon	AUS	PTF	2:0
paris-olympic-games-2024	Senior Men -80kg	R16		HRNIC Edi	DEN	EISSA Seif	EGY	PTF	2:0
paris-olympic-games-2024	Senior Men -80kg	QF		SEO Geon-woo	KOR	RODRIGUES FERNANDES Henrique marques	BRA	PTF	2:0
paris-olympic-games-2024	Senior Men -80kg	QF		BARKHORDARI Mehran	IRI	ALESSIO Simone	ITA	PTF	2:1
paris-olympic-games-2024	Senior Men -80kg	QF		NICKOLAS CJ	USA	SAWADOGO Faysal	BUR	PTF	2:0
paris-olympic-games-2024	Senior Men -80kg	QF		KATOUSI Firas	TUN	HRNIC Edi	DEN	PTF	2:0
paris-olympic-games-2024	Senior Men -80kg	SF		BARKHORDARI Mehran	IRI	SEO Geon-woo	KOR	PTF	2:1
paris-olympic-games-2024	Senior Men -80kg	SF		KATOUSI Firas	TUN	NICKOLAS CJ	USA	PTF	2:0
paris-olympic-games-2024	Senior Men -80kg	F		KATOUSI Firas	TUN	BARKHORDARI Mehran	IRI	PTF	2:0
paris-olympic-games-2024	Senior Men -80kg	RPC		ALESSIO Simone	ITA	JAYSUNOV Jasurbek	UZB	PTF	2:0
paris-olympic-games-2024	Senior Men -80kg	RPC		HRNIC Edi	DEN	SEJRANOVIC Leon	AUS	PTF	2:0
paris-olympic-games-2024	Senior Men -80kg	BRZ		ALESSIO Simone	ITA	NICKOLAS CJ	USA	PTF	2:0
paris-olympic-games-2024	Senior Men -80kg	BRZ		HRNIC Edi	DEN	SEO Geon-woo	KOR	PTF	2:0
paris-olympic-games-2024	Senior Men +80kg	R32		MEHDIPOURNEJAD Kasra	EOR	MARA Gibson kaogo	PNG	PTF	2:1
paris-olympic-games-2024	Senior Men +80kg	R16		CUNNINGHAM Caden	GBR	ISSOUFOU Abdoul	NIG	PTF	2:0
paris-olympic-games-2024	Senior Men +80kg	R16		ALBA Rafael	CUB	ATESLI Emre kutalmis	TUR	PTF	2:0
paris-olympic-games-2024	Senior Men +80kg	R16		HEALY Jonathan	USA	SONG Zhaoxiang	CHN	PTF	2:1
paris-olympic-games-2024	Senior Men +80kg	R16		CISSE Cheick sallah	CIV	MEHDIPOURNEJAD Kasra	EOR	PTF	2:0
paris-olympic-games-2024	Senior Men +80kg	R16		SANSORES Carlos	MEX	GOMIS Paivou johnouario	GBS	PTF	2:0
paris-olympic-games-2024	Senior Men +80kg	R16		SALIMI Arian	IRI	RAFALOVICH Nikita	UZB	PTF	2:0
paris-olympic-games-2024	Senior Men +80kg	R16		ORDEMANN Richard andre	NOR	DIVKOVIC Patrik	SLO	PTF	2:1
paris-olympic-games-2024	Senior Men +80kg	R16		SAPINA Ivan	CRO	ANN Alasan	GAM	PTF	2:0
paris-olympic-games-2024	Senior Men +80kg	QF		CUNNINGHAM Caden	GBR	ALBA Rafael	CUB	PTF	2:1
paris-olympic-games-2024	Senior Men +80kg	QF		CISSE Cheick sallah	CIV	HEALY Jonathan	USA	PTF	2:0
paris-olympic-games-2024	Senior Men +80kg	QF		SALIMI Arian	IRI	SANSORES Carlos	MEX	PTF	2:1
paris-olympic-games-2024	Senior Men +80kg	QF		SAPINA Ivan	CRO	ORDEMANN Richard andre	NOR	PTF	2:1
paris-olympic-games-2024	Senior Men +80kg	SF		CUNNINGHAM Caden	GBR	CISSE Cheick sallah	CIV	PTF	2:1
paris-olympic-games-2024	Senior Men +80kg	SF		SALIMI Arian	IRI	SAPINA Ivan	CRO	PTF	2:1
paris-olympic-games-2024	Senior Men +80kg	F		SALIMI Arian	IRI	CUNNINGHAM Caden	GBR	PTF	2:1
paris-olympic-games-2024	Senior Men +80kg	RPC		ALBA Rafael	CUB	ISSOUFOU Abdoul	NIG	PTF	2:1
paris-olympic-games-2024	Senior Men +80kg	RPC		SANSORES Carlos	MEX	RAFALOVICH Nikita	UZB	PTF	2:1
paris-olympic-games-2024	Senior Men +80kg	BRZ		ALBA Rafael	CUB	SAPINA Ivan	CRO	PTF	2:0
paris-olympic-games-2024	Senior Men +80kg	BRZ		CISSE Cheick sallah	CIV	SANSORES Carlos	MEX	PTF	2:1
paris-olympic-games-2024	Senior Women -49kg	R32		EL BOUCHTI Oumaima	MAR	da COSTA da SILVA	TLS	PTF	2:0
paris-olympic-games-2024	Senior Women -49kg	R16		STOJKOVIC Lena	CRO	KAFADAR Josipa	CAN	PTF	2:0
paris-olympic-games-2024	Senior Women -49kg	R16		DHAHRI Ikram	TUN	SOUZA Daniela paola	MEX	PTF	2:1
paris-olympic-games-2024	Senior Women -49kg	R16		ABUTALEB Dunya ali m	KSA	SEMBERG Abishag	ISR	PTF	2:1
paris-olympic-games-2024	Senior Women -49kg	R16		WONGPATTANAKIT Panipak	THA	EL BOUCHTI Oumaima	MAR	PTF	2:0
paris-olympic-games-2024	Senior Women -49kg	R16		CEREZO IGLESIAS Adriana	ESP	GRIPPOLI GAGLIARDO Maria sara	URU	PTF	2:0
paris-olympic-games-2024	Senior Women -49kg	R16		NEMATZADEH Mobina	IRI	TAU Michelle	LES	PTF	2:0
paris-olympic-games-2024	Senior Women -49kg	R16		GUO Qing	CHN	POURYOUNES LANGEROUDI Dina	EOR	PTF	2:0
paris-olympic-games-2024	Senior Women -49kg	R16		DINCEL KAVURAT Merve	TUR	MATONTI Ilenia elisabetta	ITA	PTF	2:0
paris-olympic-games-2024	Senior Women -49kg	QF		STOJKOVIC Lena	CRO	DHAHRI Ikram	TUN	PTF	2:1
paris-olympic-games-2024	Senior Women -49kg	QF		WONGPATTANAKIT Panipak	THA	ABUTALEB Dunya ali m	KSA	PTF	2:0
paris-olympic-games-2024	Senior Women -49kg	QF		NEMATZADEH Mobina	IRI	CEREZO IGLESIAS Adriana	ESP	PTF	2:0
paris-olympic-games-2024	Senior Women -49kg	QF		GUO Qing	CHN	DINCEL KAVURAT Merve	TUR	PTF	2:0
paris-olympic-games-2024	Senior Women -49kg	SF		WONGPATTANAKIT Panipak	THA	STOJKOVIC Lena	CRO	PTF	2:0
paris-olympic-games-2024	Senior Women -49kg	SF		GUO Qing	CHN	NEMATZADEH Mobina	IRI	PTF	2:0
paris-olympic-games-2024	Senior Women -49kg	F		WONGPATTANAKIT Panipak	THA	GUO Qing	CHN	PTF	2:1
paris-olympic-games-2024	Senior Women -49kg	RPC		ABUTALEB Dunya ali m	KSA	EL BOUCHTI Oumaima	MAR	PTF	2:0
paris-olympic-games-2024	Senior Women -49kg	RPC		DINCEL KAVURAT Merve	TUR	POURYOUNES LANGEROUDI Dina	EOR	PTF	2:0
paris-olympic-games-2024	Senior Women -49kg	BRZ		NEMATZADEH Mobina	IRI	ABUTALEB Dunya ali m	KSA	PTF	2:0
paris-olympic-games-2024	Senior Women -49kg	BRZ		STOJKOVIC Lena	CRO	DINCEL KAVURAT Merve	TUR	PTF	2:0
paris-olympic-games-2024	Senior Women -57kg	R16		PARK Skylar	CAN	HRONOVA Dominika	CZE	PTF	2:0
paris-olympic-games-2024	Senior Women -57kg	R16		KIM Yu-jin	KOR	ILGUN Hatice kubra	TUR	PTF	2:0
paris-olympic-games-2024	Senior Women -57kg	R16		PACHECO Maria clara	BRA	HYMER Stacey	AUS	PTF	2:0
paris-olympic-games-2024	Senior Women -57kg	R16		LUO Zongshi	CHN	ATORA Emmannuella	GAB	PTF	2:0
paris-olympic-games-2024	Senior Women -57kg	R16		KIYANICHANDEH Nahid	IRI	KIMIA Alizadeh	BUL	PTF	2:1
paris-olympic-games-2024	Senior Women -57kg	R16		TOUMI Chaima	TUN	DILLON Faith	USA	PTF	2:1
paris-olympic-games-2024	Senior Women -57kg	R16		AOUN Laetitia	LBN	LO Chia-ling	TPE	PTF	2:0
paris-olympic-games-2024	Senior Women -57kg	R16		RELJIKJ Miljana	MKD	JONES Jade	GBR	PTF	2:1
paris-olympic-games-2024	Senior Women -57kg	QF		KIM Yu-jin	KOR	PARK Skylar	CAN	PTF	2:0
paris-olympic-games-2024	Senior Women -57kg	QF		LUO Zongshi	CHN	PACHECO Maria clara	BRA	PTF	2:1
paris-olympic-games-2024	Senior Women -57kg	QF		KIYANICHANDEH Nahid	IRI	TOUMI Chaima	TUN	PTF	2:1
paris-olympic-games-2024	Senior Women -57kg	QF		AOUN Laetitia	LBN	RELJIKJ Miljana	MKD	PTF	2:0
paris-olympic-games-2024	Senior Women -57kg	SF		KIM Yu-jin	KOR	LUO Zongshi	CHN	PTF	2:1
paris-olympic-games-2024	Senior Women -57kg	SF		KIYANICHANDEH Nahid	IRI	AOUN Laetitia	LBN	PTF	2:0
paris-olympic-games-2024	Senior Women -57kg	F		KIM Yu-jin	KOR	KIYANICHANDEH Nahid	IRI	PTF	2:0
paris-olympic-games-2024	Senior Women -57kg	RPC		PARK Skylar	CAN	ILGUN Hatice kubra	TUR	PTF	2:0
paris-olympic-games-2024	Senior Women -57kg	RPC		KIMIA Alizadeh	BUL	TOUMI Chaima	TUN	PTF	2:0
paris-olympic-games-2024	Senior Women -57kg	BRZ		PARK Skylar	CAN	AOUN Laetitia	LBN	PTF	2:0
paris-olympic-games-2024	Senior Women -57kg	BRZ		KIMIA Alizadeh	BUL	LUO Zongshi	CHN	PTF	2:1
paris-olympic-games-2024	Senior Women -67kg	R16		TEACHOUT Kristina	USA	WIET HENIN Magda	FRA	PTF	2:0
paris-olympic-games-2024	Senior Women -67kg	R16		MARTON Viviana	HUN	GBAGBI Ruth	CIV	PTF	2:1
paris-olympic-games-2024	Senior Women -67kg	R16		SHEHATA Aya	EGY	CASTRO BURGOS Cecilia	ESP	PTF	2:1
paris-olympic-games-2024	Senior Women -67kg	R16		CHAARI Sarah	BEL	RODRIGUEZ Madelyn andrea	DOM	PTF	2:0
paris-olympic-games-2024	Senior Women -67kg	R16		AL-SADEQ Julyana	JOR	NAVUGA NAITASI Lolohea	FIJ	PTF	2:0
paris-olympic-games-2024	Senior Women -67kg	R16		SONG Jie	CHN	ANYANACHO Elizabeth oluchi	NGR	PTF	2:0
paris-olympic-games-2024	Senior Women -67kg	R16		TONGCHAN Sasikarn	THA	SANTOS Caroline	BRA	PTF	2:0
paris-olympic-games-2024	Senior Women -67kg	R16		PERISIC Aleksandra	SRB	SOBIRJONOVA Ozoda	UZB	PTF	2:1
paris-olympic-games-2024	Senior Women -67kg	QF		MARTON Viviana	HUN	TEACHOUT Kristina	USA	PTF	2:1
paris-olympic-games-2024	Senior Women -67kg	QF		CHAARI Sarah	BEL	SHEHATA Aya	EGY	PTF	2:0
paris-olympic-games-2024	Senior Women -67kg	QF		SONG Jie	CHN	AL-SADEQ Julyana	JOR	PTF	2:1
paris-olympic-games-2024	Senior Women -67kg	QF		PERISIC Aleksandra	SRB	TONGCHAN Sasikarn	THA	PTF	2:0
paris-olympic-games-2024	Senior Women -67kg	SF		MARTON Viviana	HUN	CHAARI Sarah	BEL	PTF	2:0
paris-olympic-games-2024	Senior Women -67kg	SF		PERISIC Aleksandra	SRB	SONG Jie	CHN	PTF	2:0
paris-olympic-games-2024	Senior Women -67kg	F		MARTON Viviana	HUN	PERISIC Aleksandra	SRB	PTF	2:0
paris-olympic-games-2024	Senior Women -67kg	RPC		TEACHOUT Kristina	USA	GBAGBI Ruth	CIV	PTF	2:1
paris-olympic-games-2024	Senior Women -67kg	RPC		SOBIRJONOVA Ozoda	UZB	TONGCHAN Sasikarn	THA	PTF	2:1
paris-olympic-games-2024	Senior Women -67kg	BRZ		TEACHOUT Kristina	USA	SONG Jie	CHN	PTF	2:0
paris-olympic-games-2024	Senior Women -67kg	BRZ		CHAARI Sarah	BEL	SOBIRJONOVA Ozoda	UZB	PTF	2:1
paris-olympic-games-2024	Senior Women +67kg	R16		LAURIN Althea	FRA	ABDUSALOMOVA Munira	TJK	PTF	2:0
paris-olympic-games-2024	Senior Women +67kg	R16		BRANDL Lorena	GER	ACOSTA HERRERA Arlettys	CUB	PTF	2:0
paris-olympic-games-2024	Senior Women +67kg	R16		ABO-ALRUB Rama	JOR	ABOUFARAS Fatima-ezzahra	MAR	PTF	2:1
paris-olympic-games-2024	Senior Women +67kg	R16		KUS AYDIN Nafia	TUR	AGUIRRE Fernanda	CHI	PTF	2:1
paris-olympic-games-2024	Senior Women +67kg	R16		LEE Dabin	KOR	STOLBOVA Petra	CZE	PTF	2:0
paris-olympic-games-2024	Senior Women +67kg	R16		ZHOU Zeqi	CHN	JAHL Marlene	AUT	PTF	2:0
paris-olympic-games-2024	Senior Women +67kg	R16		OSIPOVA Svetlana	UZB	BATHILY Astan katherine feghe	CIV	PTF	2:1
paris-olympic-games-2024	Senior Women +67kg	R16		McGOWAN Rebecca	GBR	TRAILL Venice elizabeth megan	FIJ	PTF	2:0
paris-olympic-games-2024	Senior Women +67kg	QF		LAURIN Althea	FRA	BRANDL Lorena	GER	PTF	2:0
paris-olympic-games-2024	Senior Women +67kg	QF		KUS AYDIN Nafia	TUR	ABO-ALRUB Rama	JOR	PTF	2:1
paris-olympic-games-2024	Senior Women +67kg	QF		LEE Dabin	KOR	ZHOU Zeqi	CHN	PTF	2:1
paris-olympic-games-2024	Senior Women +67kg	QF		OSIPOVA Svetlana	UZB	McGOWAN Rebecca	GBR	PTF	2:0
paris-olympic-games-2024	Senior Women +67kg	SF		LAURIN Althea	FRA	KUS AYDIN Nafia	TUR	PTF	2:0
paris-olympic-games-2024	Senior Women +67kg	SF		OSIPOVA Svetlana	UZB	LEE Dabin	KOR	PTF	2:0
paris-olympic-games-2024	Senior Women +67kg	F		LAURIN Althea	FRA	OSIPOVA Svetlana	UZB	PTF	2:0
paris-olympic-games-2024	Senior Women +67kg	RPC		BRANDL Lorena	GER	ABDUSALOMOVA Munira	TJK	PTF	2:0
paris-olympic-games-2024	Senior Women +67kg	RPC		McGOWAN Rebecca	GBR	BATHILY Astan katherine feghe	CIV	PTF	2:0
paris-olympic-games-2024	Senior Women +67kg	BRZ		LEE Dabin	KOR	BRANDL Lorena	GER	PTF	2:1
paris-olympic-games-2024	Senior Women +67kg	BRZ		KUS AYDIN Nafia	TUR	McGOWAN Rebecca	GBR	PTF	2:1
