fujairah-open-2025	Senior Men -54kg	SEO Eunsu	KOR	1
fujairah-open-2025	Senior Men -54kg	ALDAOUD Ja'afar	JOR	2
fujairah-open-2025	Senior Men -54kg	VALIZADEH AFROOZI Yasin	IRI	3
fujairah-open-2025	Senior Men -54kg	ZIYAEE KANI Saman	IRI	3
fujairah-open-2025	Senior Men -54kg	ABDELFATTAH AHMED MOHAMED ABDELFATTAH Momen	EGY	
fujairah-open-2025	Senior Men -54kg	ADILET Kazbayev	KAZ	
fujairah-open-2025	Senior Men -54kg	AL-LOUZI Radad	JOR	
fujairah-open-2025	Senior Men -54kg	ALAJMI Salman abdulaziz	KUW	
fujairah-open-2025	Senior Men -54kg	ALDHANHANI Ahmed	UAE	
fujairah-open-2025	Senior Men -54kg	ALENEZI Yahya esmail	KUW	
fujairah-open-2025	Senior Men -54kg	ALHUSAMI Anas	JOR	
fujairah-open-2025	Senior Men -54kg	ALKARMATI Abdulrahman khaled	UAE	
fujairah-open-2025	Senior Men -54kg	ALKHALDI Musaad ali j	KSA	
fujairah-open-2025	Senior Men -54kg	ALMUSHRAF Abdullah essa a	KSA	
fujairah-open-2025	Senior Men -54kg	ALMUTAIRI Mohammad z	KUW	
fujairah-open-2025	Senior Men -54kg	ALOTAIBI Mamdouh	KSA	
fujairah-open-2025	Senior Men -54kg	ALSHAHRANI Abdulrahman abdullah m	KSA	
fujairah-open-2025	Senior Men -54kg	ALSHAHRANI Hani abdullah	KSA	
fujairah-open-2025	Senior Men -54kg	ASEM ATA ABU SREE' Moataz bellah	EGY	
fujairah-open-2025	Senior Men -54kg	BEN SALEM Anas	TUN	
fujairah-open-2025	Senior Men -54kg	DIA Mohamed	MTN	
fujairah-open-2025	Senior Men -54kg	DOLGIYEV Amin	KAZ	
fujairah-open-2025	Senior Men -54kg	EZZAHERY Mohammed	MAR	
fujairah-open-2025	Senior Men -54kg	GARCIA Noah	FRA	
fujairah-open-2025	Senior Men -54kg	HADI Mehzea	KUW	
fujairah-open-2025	Senior Men -54kg	HAMDI Riad nasser a	KSA	
fujairah-open-2025	Senior Men -54kg	HASSAN M BUHARI Muteb	KSA	
fujairah-open-2025	Senior Men -54kg	HMIMES Saber	MAR	
fujairah-open-2025	Senior Men -54kg	IJAAJAANE Salim	MAR	
fujairah-open-2025	Senior Men -54kg	JAR Yousef	KSA	
fujairah-open-2025	Senior Men -54kg	JOUAD Majd	MAR	
fujairah-open-2025	Senior Men -54kg	KAZLOU Aliaksandr	AIN	
fujairah-open-2025	Senior Men -54kg	KHAN Shahzaib	PAK	
fujairah-open-2025	Senior Men -54kg	KLUCHEV Asadbek	KAZ	
fujairah-open-2025	Senior Men -54kg	LEHTINEN Valtteri	FIN	
fujairah-open-2025	Senior Men -54kg	MARA Jibryl	FRA	
fujairah-open-2025	Senior Men -54kg	QALA Abdulmajeed mohammed t	KSA	
fujairah-open-2025	Senior Men -54kg	SERIK Artur	KAZ	
fujairah-open-2025	Senior Men -54kg	SHABIN Taha ali	YEM	
fujairah-open-2025	Senior Men -54kg	SINGH CHOTIYA Dharmendra	IND	
fujairah-open-2025	Senior Men -54kg	SINGH Sahil sourav	IND	
fujairah-open-2025	Senior Men -54kg	SULTANGALY Temirlan	KAZ	
fujairah-open-2025	Senior Men -54kg	TILANI Mohammad parsa	IRI	
fujairah-open-2025	Senior Men -54kg	TRABELSI Amen allah	TUN	
fujairah-open-2025	Senior Men -54kg	ZUBAIDI Hussein watheq	IRQ	
fujairah-open-2025	Senior Men -58kg	ZANDI Abolfazl	IRI	1
fujairah-open-2025	Senior Men -58kg	HOSSEINPOUR Alireza	IRI	2
fujairah-open-2025	Senior Men -58kg	OSAMA HUSSEIEN Mohamed	EGY	3
fujairah-open-2025	Senior Men -58kg	KHAN Haroon	PAK	3
fujairah-open-2025	Senior Men -58kg	ABILKASSYM Abdulla	KAZ	
fujairah-open-2025	Senior Men -58kg	AKBI Alisher	KAZ	
fujairah-open-2025	Senior Men -58kg	ALDHAFIRI Moahmmed	KUW	
fujairah-open-2025	Senior Men -58kg	ALENEZI Abdulaziz s a	KUW	
fujairah-open-2025	Senior Men -58kg	ALFAHMAWI Khaled	JOR	
fujairah-open-2025	Senior Men -58kg	ALI Siyamand hashim ali	IRQ	
fujairah-open-2025	Senior Men -58kg	ALMUTAIRI Muath	KSA	
fujairah-open-2025	Senior Men -58kg	ALQALLAF Yousef yaqoub	KUW	
fujairah-open-2025	Senior Men -58kg	ALSAMIH Fahad samih n	KSA	
fujairah-open-2025	Senior Men -58kg	BEHERA Jagannath	IND	
fujairah-open-2025	Senior Men -58kg	BINMOGHAISEEB ABDULMAJEED	KSA	
fujairah-open-2025	Senior Men -58kg	BUREHMA Ali	KUW	
fujairah-open-2025	Senior Men -58kg	CHEN Jiacheng	CHN	
fujairah-open-2025	Senior Men -58kg	CONTI Andrea	ITA	
fujairah-open-2025	Senior Men -58kg	DEL VECCHIO Teodoro	ITA	
fujairah-open-2025	Senior Men -58kg	DIARRASSOUBA Adam junior	CIV	
fujairah-open-2025	Senior Men -58kg	DIMITROPOULOS Konstantinos	GRE	
fujairah-open-2025	Senior Men -58kg	ELZHURKHAYEV Tamerlan	KAZ	
fujairah-open-2025	Senior Men -58kg	ERSHAD Anas	AFG	
fujairah-open-2025	Senior Men -58kg	FOTI Giuseppe	ITA	
fujairah-open-2025	Senior Men -58kg	GURTSIEV Georgii	AIN	
fujairah-open-2025	Senior Men -58kg	HOIDZ Roman	AIN	
fujairah-open-2025	Senior Men -58kg	KAZLOU Yahor	AIN	
fujairah-open-2025	Senior Men -58kg	KHAJAVI Rastin	IRI	
fujairah-open-2025	Senior Men -58kg	KHASANOV Temur	UZB	
fujairah-open-2025	Senior Men -58kg	KHAZMALYAN Vahe	ARM	
fujairah-open-2025	Senior Men -58kg	KOUDSI Raphael	LBN	
fujairah-open-2025	Senior Men -58kg	MAHMOUD Ribal	UAE	
fujairah-open-2025	Senior Men -58kg	MAJRASHI Essa	KSA	
fujairah-open-2025	Senior Men -58kg	MANENKOV Maksym	UKR	
fujairah-open-2025	Senior Men -58kg	MOHAMED Ali	UAE	
fujairah-open-2025	Senior Men -58kg	MOHAMED SEIF EL DIN MOHAMED Seif el din	EGY	
fujairah-open-2025	Senior Men -58kg	MOLJ Domen	SLO	
fujairah-open-2025	Senior Men -58kg	MURAD Moayed	UAE	
fujairah-open-2025	Senior Men -58kg	OMRI Abdoullah	TUN	
fujairah-open-2025	Senior Men -58kg	RUSTAMOV Kozimjon	UZB	
fujairah-open-2025	Senior Men -58kg	SAED KHAMES Khames	UAE	
fujairah-open-2025	Senior Men -58kg	SAFADI Hashem	JOR	
fujairah-open-2025	Senior Men -58kg	SIDDIQUE Abubakar	PAK	
fujairah-open-2025	Senior Men -58kg	TRIKI Noureddine	TUN	
fujairah-open-2025	Senior Men -58kg	TUKENOV Amir	KAZ	
fujairah-open-2025	Senior Men -58kg	YOUSIF Mahmoud bassam	JOR	
fujairah-open-2025	Senior Men -63kg	REZAEI Matin	IRI	1
fujairah-open-2025	Senior Men -63kg	HAJIMOUSAEI Mahdi	IRI	2
fujairah-open-2025	Senior Men -63kg	BARETTA Dennis	ITA	3
fujairah-open-2025	Senior Men -63kg	ALIMORADIAN Ali asghar	IRI	3
fujairah-open-2025	Senior Men -63kg	ABDIMALIK Dulat	KAZ	
fujairah-open-2025	Senior Men -63kg	ABDULGADER Abdulmalik mohamed	LBA	
fujairah-open-2025	Senior Men -63kg	ABUTALEB Abdulbasit ali m	KSA	
fujairah-open-2025	Senior Men -63kg	AKHMETKALIYEV Bakhtiyar	KAZ	
fujairah-open-2025	Senior Men -63kg	AL-AMERI Mohamed jawad	YEM	
fujairah-open-2025	Senior Men -63kg	AL-MUTAIRI Falah	KUW	
fujairah-open-2025	Senior Men -63kg	ALIEV Saidali	ARM	
fujairah-open-2025	Senior Men -63kg	ALLOUCHE Yassine	TUN	
fujairah-open-2025	Senior Men -63kg	ALMABROUK Hamad mabrouk s	KSA	
fujairah-open-2025	Senior Men -63kg	ALMADAWI Mohammed ali a	KSA	
fujairah-open-2025	Senior Men -63kg	ALTARYREH Mahmoud	JOR	
fujairah-open-2025	Senior Men -63kg	BANDAREVICH Maksim	AIN	
fujairah-open-2025	Senior Men -63kg	BIN QANN Salman mansour b	KSA	
fujairah-open-2025	Senior Men -63kg	BOULAZZE Abderrahmane	MAR	
fujairah-open-2025	Senior Men -63kg	DELEVAL Herwan	FRA	
fujairah-open-2025	Senior Men -63kg	ELSERSY Omar	EGY	
fujairah-open-2025	Senior Men -63kg	ERSHAD Abubaker	AFG	
fujairah-open-2025	Senior Men -63kg	FARHAT Mohamed-mahdi s. jawad	CIV	
fujairah-open-2025	Senior Men -63kg	GHALI Zakaria mohammed	KSA	
fujairah-open-2025	Senior Men -63kg	HASSAN KAMAL Yahia	EGY	
fujairah-open-2025	Senior Men -63kg	IRISBOEV Javohir	UZB	
fujairah-open-2025	Senior Men -63kg	IURLARO Ludovico	ITA	
fujairah-open-2025	Senior Men -63kg	JUNG Jaebin	KOR	
fujairah-open-2025	Senior Men -63kg	KHAN Noman	PAK	
fujairah-open-2025	Senior Men -63kg	KONATE Ben younouss	CIV	
fujairah-open-2025	Senior Men -63kg	MAGDY ABDELMONEM Omar	EGY	
fujairah-open-2025	Senior Men -63kg	MOHAMED OMAR SAYED Omar	EGY	
fujairah-open-2025	Senior Men -63kg	MOHAMMED Muath	BRN	
fujairah-open-2025	Senior Men -63kg	MURADYAN Sargis	ARM	
fujairah-open-2025	Senior Men -63kg	RAHNAMA Amirabbas	IRI	
fujairah-open-2025	Senior Men -63kg	SANTINELLI Christian	ITA	
fujairah-open-2025	Senior Men -63kg	SHLOUL Tareq	JOR	
fujairah-open-2025	Senior Men -63kg	SIDIBE Mohamed kambory	CIV	
fujairah-open-2025	Senior Men -63kg	TORKASHVAND Amirhossein	OMA	
fujairah-open-2025	Senior Men -63kg	TZAVARAS Panagiotis	GRE	
fujairah-open-2025	Senior Men -63kg	YASER ISMAIL Omar	PLE	
fujairah-open-2025	Senior Men -63kg	YELSHIBAY Yelzhan	KAZ	
fujairah-open-2025	Senior Men -63kg	ZAIRAT Bilal	MAR	
fujairah-open-2025	Senior Men -68kg	MUN Jinho	KOR	1
fujairah-open-2025	Senior Men -68kg	PALANGAFKAN Mohammad hasan	IRI	2
fujairah-open-2025	Senior Men -68kg	NIU Guansen	CHN	3
fujairah-open-2025	Senior Men -68kg	ALHALAWANI Zaid	JOR	3
fujairah-open-2025	Senior Men -68kg	ABEDIAN Amir morteza	IRI	
fujairah-open-2025	Senior Men -68kg	ABUHATAB Nouredeen	PLE	
fujairah-open-2025	Senior Men -68kg	AKHMIM Ayoub	MAR	
fujairah-open-2025	Senior Men -68kg	AL HARBI Mohammed	KSA	
fujairah-open-2025	Senior Men -68kg	AL Hamzeh	JOR	
fujairah-open-2025	Senior Men -68kg	AL TAIFI Rayyan mohammed j	KSA	
fujairah-open-2025	Senior Men -68kg	ALENEZI Saood	KUW	
fujairah-open-2025	Senior Men -68kg	ALKHAWAHIR Ahmed	KSA	
fujairah-open-2025	Senior Men -68kg	ALKHAWAHR Mustafa abdulmanam a	KSA	
fujairah-open-2025	Senior Men -68kg	ALRASHEDI Barrak	KUW	
fujairah-open-2025	Senior Men -68kg	ARBAZ KHAN Muhammad	PAK	
fujairah-open-2025	Senior Men -68kg	ASGHARI MAHIABADI Hamed	IRI	
fujairah-open-2025	Senior Men -68kg	CHEN Yufan	CHN	
fujairah-open-2025	Senior Men -68kg	CHRZANOWSKI Mateusz	POL	
fujairah-open-2025	Senior Men -68kg	DAHIRI Mohamed amine	MAR	
fujairah-open-2025	Senior Men -68kg	EREMEEV Dmitrii	AIN	
fujairah-open-2025	Senior Men -68kg	FEKI Mahdi	TUN	
fujairah-open-2025	Senior Men -68kg	GIANNOU Efstratios	GRE	
fujairah-open-2025	Senior Men -68kg	HAMOUDA Nafti	TUN	
fujairah-open-2025	Senior Men -68kg	IBRAHIM SHAIKH Mohammad	PLE	
fujairah-open-2025	Senior Men -68kg	ISAEV Bekhruzbek	KSA	
fujairah-open-2025	Senior Men -68kg	ISSAOUI Iyed	TUN	
fujairah-open-2025	Senior Men -68kg	KASSANOV Izyat	KAZ	
fujairah-open-2025	Senior Men -68kg	KAZEMI Keivan	IRI	
fujairah-open-2025	Senior Men -68kg	KOBENAN Aaron francois	CIV	
fujairah-open-2025	Senior Men -68kg	LUPO Davide	ITA	
fujairah-open-2025	Senior Men -68kg	MALALLAH Mohammad	KUW	
fujairah-open-2025	Senior Men -68kg	MESAMEH Yusuf faisal	BRN	
fujairah-open-2025	Senior Men -68kg	MIATLITSKI Matsvei	AIN	
fujairah-open-2025	Senior Men -68kg	MOHAMED Amr	UAE	
fujairah-open-2025	Senior Men -68kg	MOHAMED HARHASH Youssuf	EGY	
fujairah-open-2025	Senior Men -68kg	MUHAMMAD FATHY Omar	EGY	
fujairah-open-2025	Senior Men -68kg	MURATKAN Yelnur	KAZ	
fujairah-open-2025	Senior Men -68kg	MYLLYNEN Niko	FIN	
fujairah-open-2025	Senior Men -68kg	OMRANI Ayoub	TUN	
fujairah-open-2025	Senior Men -68kg	QIN Xingyu	CHN	
fujairah-open-2025	Senior Men -68kg	SAIDI Faical	MAR	
fujairah-open-2025	Senior Men -68kg	TCAKOEV Sarmat	AIN	
fujairah-open-2025	Senior Men -68kg	TUKHLIBOEV Diyorbek	UZB	
fujairah-open-2025	Senior Men -68kg	TURABOV Umidjon	UZB	
fujairah-open-2025	Senior Men -68kg	YAGHOUBIJOUYBARI Abolfazl	IRI	
fujairah-open-2025	Senior Men -68kg	ZEINALI Radin	IRI	
fujairah-open-2025	Senior Men -68kg	ZIAD Diaa	PLE	
fujairah-open-2025	Senior Men -74kg	ABDUSALAMOV Magomed	AIN	1
fujairah-open-2025	Senior Men -74kg	KOSIMKHOJIEV Najmiddin	UZB	2
fujairah-open-2025	Senior Men -74kg	KOUAME Jean ezechiel	CIV	3
fujairah-open-2025	Senior Men -74kg	BAKHTIARI Amir sina	IRI	3
fujairah-open-2025	Senior Men -74kg	ABDELLAOUI Aziz	TUN	
fujairah-open-2025	Senior Men -74kg	ABDULREHEEM Fawaz	KUW	
fujairah-open-2025	Senior Men -74kg	ALAGHA Rakan	KSA	
fujairah-open-2025	Senior Men -74kg	ALAJMI Abdulaziz	KUW	
fujairah-open-2025	Senior Men -74kg	ALENEZI Yousef salama	KUW	
fujairah-open-2025	Senior Men -74kg	ALKHASHARFA Mohammad khalil	SYR	
fujairah-open-2025	Senior Men -74kg	ALOJAIMAN Ojaiman	KUW	
fujairah-open-2025	Senior Men -74kg	ASHOUR Mahde	KUW	
fujairah-open-2025	Senior Men -74kg	BABAKHIN Artsiom	AIN	
fujairah-open-2025	Senior Men -74kg	BADR EDDINE Saidi	MAR	
fujairah-open-2025	Senior Men -74kg	BAHLOOOL Ahmad	PLE	
fujairah-open-2025	Senior Men -74kg	BIN DOOKHY HASHAM	KSA	
fujairah-open-2025	Senior Men -74kg	BOUJEMAI Fares	TUN	
fujairah-open-2025	Senior Men -74kg	BUTI Abdulwahab emad	KUW	
fujairah-open-2025	Senior Men -74kg	CUDNOCH Lukasz	POL	
fujairah-open-2025	Senior Men -74kg	EL-ALAMI-SAIDI Rachid	MAR	
fujairah-open-2025	Senior Men -74kg	ELALAOUI Mohtaram	UAE	
fujairah-open-2025	Senior Men -74kg	EMADI Mohammad mahdi	IRI	
fujairah-open-2025	Senior Men -74kg	F. A. ABDELRAZEQ Fahid	PLE	
fujairah-open-2025	Senior Men -74kg	GATIIATULLIN Timur	AIN	
fujairah-open-2025	Senior Men -74kg	HAMMOUDA Mostafa mahmoud saif	UAE	
fujairah-open-2025	Senior Men -74kg	HASAN Ali	UAE	
fujairah-open-2025	Senior Men -74kg	JUMA Ahmed sherif mohamed saf	EGY	
fujairah-open-2025	Senior Men -74kg	KENZHEBEK Abyl	KAZ	
fujairah-open-2025	Senior Men -74kg	KHASSEN Zhan	KAZ	
fujairah-open-2025	Senior Men -74kg	MANGIONE Angelo	ITA	
fujairah-open-2025	Senior Men -74kg	MOHAMED MAHMOUD Frass	EGY	
fujairah-open-2025	Senior Men -74kg	MOHAMED YASSINE Salim	MAR	
fujairah-open-2025	Senior Men -74kg	NECHIPAS Nikolai	AIN	
fujairah-open-2025	Senior Men -74kg	NOURICHAFI Fadl-allah	MAR	
fujairah-open-2025	Senior Men -74kg	ORYNBASSAR Yerassyl	KAZ	
fujairah-open-2025	Senior Men -74kg	RAJABOV Islombek	UZB	
fujairah-open-2025	Senior Men -74kg	SADEGHIAN ABBASALI KESHI Amir reza	IRI	
fujairah-open-2025	Senior Men -74kg	TRIPATHI Krishna	IND	
fujairah-open-2025	Senior Men -74kg	UMAR Hashir	PAK	
fujairah-open-2025	Senior Men -74kg	ZAHEDI Mohammad hossein	IRI	
fujairah-open-2025	Senior Men -80kg	JAYSUNOV Jasurbek	UZB	1
fujairah-open-2025	Senior Men -80kg	PAPADOPOULOS Ioannis	GRE	2
fujairah-open-2025	Senior Men -80kg	ZARHOUTI Haitam	MAR	3
fujairah-open-2025	Senior Men -80kg	AOUNI Jasser	KSA	3
fujairah-open-2025	Senior Men -80kg	ABBAS Mazhar	PAK	
fujairah-open-2025	Senior Men -80kg	ABU HDEEB Baha'	JOR	
fujairah-open-2025	Senior Men -80kg	AHMADVAND Amin mohammad	IRI	
fujairah-open-2025	Senior Men -80kg	AL-MUTAIRI Meshal	KUW	
fujairah-open-2025	Senior Men -80kg	ALENEZI Bandar	KUW	
fujairah-open-2025	Senior Men -80kg	ALENEZI Omar	KUW	
fujairah-open-2025	Senior Men -80kg	ALI Abbas	IND	
fujairah-open-2025	Senior Men -80kg	ALMUTAIRI Sulatan m kh	KUW	
fujairah-open-2025	Senior Men -80kg	ALSOWAIQ Mohammed	KSA	
fujairah-open-2025	Senior Men -80kg	AMIR HASSAN Armin	UAE	
fujairah-open-2025	Senior Men -80kg	BALCIUNAS Gabijus	LTU	
fujairah-open-2025	Senior Men -80kg	BENHASSINE Mohamed leith	TUN	
fujairah-open-2025	Senior Men -80kg	BIGASHEV Rauan	KAZ	
fujairah-open-2025	Senior Men -80kg	EBRAHIMI Aliakbar	IRI	
fujairah-open-2025	Senior Men -80kg	ELSHEIKH Adham	EGY	
fujairah-open-2025	Senior Men -80kg	GALIYEV Alisher	KAZ	
fujairah-open-2025	Senior Men -80kg	GANIYEV Mergen	KAZ	
fujairah-open-2025	Senior Men -80kg	GERRONE Antonio	ITA	
fujairah-open-2025	Senior Men -80kg	HAMEDI Tareg ali m	KSA	
fujairah-open-2025	Senior Men -80kg	HOSSAM ELDEIN Hazem	EGY	
fujairah-open-2025	Senior Men -80kg	IBRAHIM Mohammad	KUW	
fujairah-open-2025	Senior Men -80kg	JI Jingxue	CHN	
fujairah-open-2025	Senior Men -80kg	KHOSHRAVESH Ali	IRI	
fujairah-open-2025	Senior Men -80kg	LI Yang	CHN	
fujairah-open-2025	Senior Men -80kg	TURAVINAU Raman	AIN	
fujairah-open-2025	Senior Men -80kg	TUSMATOV Shakhboz	UZB	
fujairah-open-2025	Senior Men -80kg	ZHAO Haolan	CHN	
fujairah-open-2025	Senior Men -87kg	ALESSIO Simone	ITA	1
fujairah-open-2025	Senior Men -87kg	AHMADI Ali	IRI	2
fujairah-open-2025	Senior Men -87kg	YAZDANI Mohammad hossein	IRI	3
fujairah-open-2025	Senior Men -87kg	ZHURABOEV Yodgorbek	UZB	3
fujairah-open-2025	Senior Men -87kg	ABDELRAHMAN Mohamed abousedira shaker	UAE	
fujairah-open-2025	Senior Men -87kg	ALASSALI Llies	UAE	
fujairah-open-2025	Senior Men -87kg	ALHERAIS Bader l s l	KUW	
fujairah-open-2025	Senior Men -87kg	ALKANDARI Yahyah	KUW	
fujairah-open-2025	Senior Men -87kg	ALKHAIBARI Ali mabruk s	KSA	
fujairah-open-2025	Senior Men -87kg	BEKENOV Bekarys	KAZ	
fujairah-open-2025	Senior Men -87kg	ELSHARABATY Saleh	JOR	
fujairah-open-2025	Senior Men -87kg	HOSSEINI Mirhashem	IRI	
fujairah-open-2025	Senior Men -87kg	IFAOUI Motaz	TUN	
fujairah-open-2025	Senior Men -87kg	JAMAZI Mohamed	TUN	
fujairah-open-2025	Senior Men -87kg	LIUBINSKI Stsiapan	AIN	
fujairah-open-2025	Senior Men -87kg	OBERHOFER Alexander	ITA	
fujairah-open-2025	Senior Men -87kg	OH Jihoon	KOR	
fujairah-open-2025	Senior Men -87kg	PIATKOWSKI Szymon	POL	
fujairah-open-2025	Senior Men -87kg	RAWY Ahmad	EGY	
fujairah-open-2025	Senior Men -87kg	SALAEV Shukhrat	UZB	
fujairah-open-2025	Senior Men -87kg	UL HAQ Ikhtisham	PAK	
fujairah-open-2025	Senior Men -87kg	YURKOU Daniil	AIN	
fujairah-open-2025	Senior Men -87kg	ŠIAULYS Emilis	LTU	
fujairah-open-2025	Senior Men +87kg	PLONIS Artsiom	AIN	1
fujairah-open-2025	Senior Men +87kg	RAHMANIRAD Amirmohammad	IRI	2
fujairah-open-2025	Senior Men +87kg	MOLIN Mattia	ITA	3
fujairah-open-2025	Senior Men +87kg	ESSAM MOHIUDDIN Abdullah	EGY	3
fujairah-open-2025	Senior Men +87kg	ALATWAN Jaber	KUW	
fujairah-open-2025	Senior Men +87kg	ALDOSERI Abdulaziz	BRN	
fujairah-open-2025	Senior Men +87kg	ALSAAD Muslim	UAE	
fujairah-open-2025	Senior Men +87kg	ALSALEM Majed mohammed b	KSA	
fujairah-open-2025	Senior Men +87kg	ALY Mohamed	EGY	
fujairah-open-2025	Senior Men +87kg	DE Matteo	ITA	
fujairah-open-2025	Senior Men +87kg	HARBI Anis	TUN	
fujairah-open-2025	Senior Men +87kg	HASAN Ali hameed	KUW	
fujairah-open-2025	Senior Men +87kg	LI Mingsi	CHN	
fujairah-open-2025	Senior Men +87kg	MATSABERIDZE Ilia	GEO	
fujairah-open-2025	Senior Men +87kg	MICHOPOULOS Sotirios	GRE	
fujairah-open-2025	Senior Men +87kg	MOHAMED MAHMOUD Abdullah	UAE	
fujairah-open-2025	Senior Men +87kg	NADALIAN JOUYBARI Alireza	IRI	
fujairah-open-2025	Senior Men +87kg	SAEED Hamzah omar	PAK	
fujairah-open-2025	Senior Men +87kg	SALIMI Arian	IRI	
fujairah-open-2025	Senior Men +87kg	SBEIHI Fahed	JOR	
fujairah-open-2025	Senior Men +87kg	SHAHBR Ahmad	KSA	
fujairah-open-2025	Senior Men +87kg	TARCHYLA Aliaksei	AIN	
fujairah-open-2025	Senior Men +87kg	WAHDAN Youssef mohamed ahmed ha	EGY	
fujairah-open-2025	Senior Men +87kg	ZAKARIA Khouyyar	MAR	
fujairah-open-2025	Senior Men +87kg	ZAKARIYA Abdulmohsen	KUW	
fujairah-open-2025	Senior Women -46kg	SHIRI Sogand	IRI	1
fujairah-open-2025	Senior Women -46kg	VALINEZHAD Hasti	IRI	2
fujairah-open-2025	Senior Women -46kg	TOJIMATOVA Zuhrakhon	UZB	3
fujairah-open-2025	Senior Women -46kg	SHONIYOZOVA Madina	UZB	3
fujairah-open-2025	Senior Women -46kg	AL WERAIKI Sali mansoor hussein	KSA	
fujairah-open-2025	Senior Women -46kg	ALDARDOOK Nour	JOR	
fujairah-open-2025	Senior Women -46kg	ALKHAWAHR Rahmah abdulmanam a	KSA	
fujairah-open-2025	Senior Women -46kg	ALMAIMANI Nuha gasem a	KSA	
fujairah-open-2025	Senior Women -46kg	ALSHAMMARI Sahaf matar a	KSA	
fujairah-open-2025	Senior Women -46kg	ALSHARIF Taiba khalid y	KSA	
fujairah-open-2025	Senior Women -46kg	ALYAMANI Thimar mohammed a	KSA	
fujairah-open-2025	Senior Women -46kg	BADWAN Zaina	JOR	
fujairah-open-2025	Senior Women -46kg	BENSAID Fatima	MAR	
fujairah-open-2025	Senior Women -46kg	BINTHANI Yara	BRN	
fujairah-open-2025	Senior Women -46kg	ELZANATY Mariam	EGY	
fujairah-open-2025	Senior Women -46kg	GALIERO Giulia	ITA	
fujairah-open-2025	Senior Women -46kg	GEORGIOU Melina	GRE	
fujairah-open-2025	Senior Women -46kg	HAMZEH Layan	JOR	
fujairah-open-2025	Senior Women -46kg	HASSAN Shama	UAE	
fujairah-open-2025	Senior Women -46kg	HRAIRAT Raneem	JOR	
fujairah-open-2025	Senior Women -46kg	KHOSHIMJONOVA Zebiniso	UZB	
fujairah-open-2025	Senior Women -46kg	KOLI Darshana	IND	
fujairah-open-2025	Senior Women -46kg	MAHJOUB Asma	TUN	
fujairah-open-2025	Senior Women -46kg	MERYEM Chabba	MAR	
fujairah-open-2025	Senior Women -46kg	MOHAMED Noor	BRN	
fujairah-open-2025	Senior Women -46kg	MOHAMMAD Soher	SYR	
fujairah-open-2025	Senior Women -46kg	NAGGASH Ilan shadi e	KSA	
fujairah-open-2025	Senior Women -46kg	RAMY MOHAMED Salma	EGY	
fujairah-open-2025	Senior Women -46kg	RASHED Malak	UAE	
fujairah-open-2025	Senior Women -46kg	SAAD MOHAMMED Shahd	KSA	
fujairah-open-2025	Senior Women -46kg	SAIGHI Lyamna	ALG	
fujairah-open-2025	Senior Women -46kg	SHIN Su-in	KOR	
fujairah-open-2025	Senior Women -46kg	TOUZANI Farah	MAR	
fujairah-open-2025	Senior Women -46kg	YAHYAEI Sama	BRN	
fujairah-open-2025	Senior Women -46kg	YUSSUPBAYEVA Diana	KAZ	
fujairah-open-2025	Senior Women -49kg	MOMENZADEH Mahla	IRI	1
fujairah-open-2025	Senior Women -49kg	NASIRI DAROUNKOLA Saeideh	IRI	2
fujairah-open-2025	Senior Women -49kg	SHIRI Sogol	IRI	3
fujairah-open-2025	Senior Women -49kg	KHASANOVA Laylo	UZB	3
fujairah-open-2025	Senior Women -49kg	A. SH. SALEH Abrar	PLE	
fujairah-open-2025	Senior Women -49kg	ABI HEYLA Mandy	LBN	
fujairah-open-2025	Senior Women -49kg	ALI Hawraa abdullah	KUW	
fujairah-open-2025	Senior Women -49kg	ALSAFADI Sham	JOR	
fujairah-open-2025	Senior Women -49kg	ALSHAMMARI Rahaf matar abdulhadi	KSA	
fujairah-open-2025	Senior Women -49kg	BARROSO Kiara	POR	
fujairah-open-2025	Senior Women -49kg	BEKKOUR Lamiae	MAR	
fujairah-open-2025	Senior Women -49kg	BYRNE Ruby	IRL	
fujairah-open-2025	Senior Women -49kg	ELAASAL Nezha	MAR	
fujairah-open-2025	Senior Women -49kg	GEORGIADOU Gesthimani	GRE	
fujairah-open-2025	Senior Women -49kg	HOSSAM Malak	EGY	
fujairah-open-2025	Senior Women -49kg	KAIRKENOVA Aliya	KAZ	
fujairah-open-2025	Senior Women -49kg	KALAWADH Fatema	BRN	
fujairah-open-2025	Senior Women -49kg	KAPANOVA Botakoz	KAZ	
fujairah-open-2025	Senior Women -49kg	KAUR Sarwar	IND	
fujairah-open-2025	Senior Women -49kg	MARIEME Nia	MAR	
fujairah-open-2025	Senior Women -49kg	MOSTAFA ABDALLAH AMMAR Habiba	EGY	
fujairah-open-2025	Senior Women -49kg	OBAID SALMEIN Mozah	UAE	
fujairah-open-2025	Senior Women -49kg	TAIROVA Ramina	KAZ	
fujairah-open-2025	Senior Women -49kg	TANGIROVA Dilnoza	UZB	
fujairah-open-2025	Senior Women -49kg	YERZHAN Alina	KAZ	
fujairah-open-2025	Senior Women -49kg	YODGOROVA Shahzoda	UZB	
fujairah-open-2025	Senior Women -49kg	ZHANDILDINOVA Adel	KAZ	
fujairah-open-2025	Senior Women -49kg	ZOGHBI Aicha	TUN	
fujairah-open-2025	Senior Women -53kg	ABUTALEB Dunya ali m	KSA	1
fujairah-open-2025	Senior Women -53kg	NEMATZADEH Mobina	IRI	2
fujairah-open-2025	Senior Women -53kg	AKBERGEN Shamshat	KAZ	3
fujairah-open-2025	Senior Women -53kg	MATONTI Ilenia elisabetta	ITA	3
fujairah-open-2025	Senior Women -53kg	AHMAD Shams	SYR	
fujairah-open-2025	Senior Women -53kg	AL HALWANI Elisa	ITA	
fujairah-open-2025	Senior Women -53kg	ALMARZOOQI Asma ali	UAE	
fujairah-open-2025	Senior Women -53kg	ATIAH Lujain fahmi a	KSA	
fujairah-open-2025	Senior Women -53kg	AWLMOHAMMED Rozhgar ali	IRQ	
fujairah-open-2025	Senior Women -53kg	BEN AOUN Ouhoud	TUN	
fujairah-open-2025	Senior Women -53kg	DEMIAN Carla	LBN	
fujairah-open-2025	Senior Women -53kg	DHAHRI Ikram	TUN	
fujairah-open-2025	Senior Women -53kg	ENNAMS Meryem	MAR	
fujairah-open-2025	Senior Women -53kg	FARAJ Yaqin	PLE	
fujairah-open-2025	Senior Women -53kg	HADROOS Reem	RTA	
fujairah-open-2025	Senior Women -53kg	IMINZHANOVA Malika	KAZ	
fujairah-open-2025	Senior Women -53kg	KHAIRULLINA Adiya	KAZ	
fujairah-open-2025	Senior Women -53kg	KHATTAB Jana	EGY	
fujairah-open-2025	Senior Women -53kg	MEIŠTININKAITĖ Gerda	LTU	
fujairah-open-2025	Senior Women -53kg	SABIR Aidana	KAZ	
fujairah-open-2025	Senior Women -57kg	TOUMI Chaima	TUN	1
fujairah-open-2025	Senior Women -57kg	ZDOR Kseniia	AIN	2
fujairah-open-2025	Senior Women -57kg	MODANLOU Tina	IRI	3
fujairah-open-2025	Senior Women -57kg	ABDUVALIEVA Shabona	UZB	3
fujairah-open-2025	Senior Women -57kg	A. M. AMMAR Joweil	PLE	
fujairah-open-2025	Senior Women -57kg	AHMED Basma	EGY	
fujairah-open-2025	Senior Women -57kg	AL HALWANI Giada	ITA	
fujairah-open-2025	Senior Women -57kg	ALSHAMMARI Mays matar abdulhadi	KSA	
fujairah-open-2025	Senior Women -57kg	BLIZNIAKOVA Margarita	AIN	
fujairah-open-2025	Senior Women -57kg	KAZNABEK Nuray	KAZ	
fujairah-open-2025	Senior Women -57kg	KHIRFAN Fadia	JOR	
fujairah-open-2025	Senior Women -57kg	KRAJEWSKA Agnieszka	POL	
fujairah-open-2025	Senior Women -57kg	MERIEME Khoulal	MAR	
fujairah-open-2025	Senior Women -57kg	MOHAMED Malak	EGY	
fujairah-open-2025	Senior Women -57kg	PEZZOLLA Lucia	ITA	
fujairah-open-2025	Senior Women -57kg	SAMY Shahd	EGY	
fujairah-open-2025	Senior Women -57kg	SPEHAR Lea	CRO	
fujairah-open-2025	Senior Women -57kg	TEPINA Alina	AIN	
fujairah-open-2025	Senior Women -57kg	TVARONAVICIUTE Klaudija	LTU	
fujairah-open-2025	Senior Women -57kg	VUKIC Margarita	CRO	
fujairah-open-2025	Senior Women -57kg	ZAYTOUN Leila	QAT	
fujairah-open-2025	Senior Women -57kg	ZHAMAUBAY Aknur	KAZ	
fujairah-open-2025	Senior Women -62kg	VALIZADEH Nastaran	IRI	1
fujairah-open-2025	Senior Women -62kg	MARTON Viviana	HUN	2
fujairah-open-2025	Senior Women -62kg	WAFA Masghouni	TUN	3
fujairah-open-2025	Senior Women -62kg	ARELIC Ivana	CRO	3
fujairah-open-2025	Senior Women -62kg	ALAMERI Shahad a	KUW	
fujairah-open-2025	Senior Women -62kg	ASASEH Kosar	IRI	
fujairah-open-2025	Senior Women -62kg	ASHRAF MOHAMED AHMED HAMDAN Lougina	EGY	
fujairah-open-2025	Senior Women -62kg	ASKAROVA Zhanel	KAZ	
fujairah-open-2025	Senior Women -62kg	CHOI Subin	KOR	
fujairah-open-2025	Senior Women -62kg	GHULAM Tanver khanum	UAE	
fujairah-open-2025	Senior Women -62kg	HYDER Afreen	IND	
fujairah-open-2025	Senior Women -62kg	IBO Koumba nanah-helene	CIV	
fujairah-open-2025	Senior Women -62kg	IDRISSI Assia	MAR	
fujairah-open-2025	Senior Women -62kg	ISMATULLAEVA Marjona	UZB	
fujairah-open-2025	Senior Women -62kg	KAZHIMOVA Aigerim	KAZ	
fujairah-open-2025	Senior Women -62kg	LEE Eunmi	KOR	
fujairah-open-2025	Senior Women -62kg	MSADDEK Yasmin	QAT	
fujairah-open-2025	Senior Women -62kg	PROKOPCHUK Veronika	KAZ	
fujairah-open-2025	Senior Women -62kg	SMYCHKOVA Valeryia	AIN	
fujairah-open-2025	Senior Women -67kg	MARENTAKI Styliani	GRE	1
fujairah-open-2025	Senior Women -67kg	MORADI SHEIKHLAR Saghar	IRI	2
fujairah-open-2025	Senior Women -67kg	SHEHATA Aya	EGY	3
fujairah-open-2025	Senior Women -67kg	SOBIRJONOVA Ozoda	UZB	3
fujairah-open-2025	Senior Women -67kg	ALHOSANI Eiman salem	UAE	
fujairah-open-2025	Senior Women -67kg	ALKETBI Asayel	UAE	
fujairah-open-2025	Senior Women -67kg	ALRAWASHDEH Razan mohammed	JOR	
fujairah-open-2025	Senior Women -67kg	CHEN Kexin	CHN	
fujairah-open-2025	Senior Women -67kg	D'ANGELO Natalia	ITA	
fujairah-open-2025	Senior Women -67kg	EL ATRI Wafae	MAR	
fujairah-open-2025	Senior Women -67kg	FATNASSI Maram	QAT	
fujairah-open-2025	Senior Women -67kg	HADDAD Khalida	FRA	
fujairah-open-2025	Senior Women -67kg	JALLAB Sara	BRN	
fujairah-open-2025	Senior Women -67kg	KENGESBEK Nurly	KAZ	
fujairah-open-2025	Senior Women -67kg	KHALED HUSSEIN MAHMOUD Shahd	EGY	
fujairah-open-2025	Senior Women -67kg	KOLBAYEVA Bexulu	KAZ	
fujairah-open-2025	Senior Women -67kg	MARTON Luana	HUN	
fujairah-open-2025	Senior Women -67kg	NINA Urganaeva	ARM	
fujairah-open-2025	Senior Women -67kg	TARIK A BANGASH Lamar	KSA	
fujairah-open-2025	Senior Women -67kg	VALINEJAD Yalda	IRI	
fujairah-open-2025	Senior Women -67kg	ZHU Yingyue	CHN	
fujairah-open-2025	Senior Women -73kg	MIRHOSSEINI VAKILI Melika	IRI	1
fujairah-open-2025	Senior Women -73kg	ABO-ALRUB Rama	JOR	2
fujairah-open-2025	Senior Women -73kg	SARVANAKI Theopoula	GRE	3
fujairah-open-2025	Senior Women -73kg	NAMGUNG Seoyeon	KOR	3
fujairah-open-2025	Senior Women -73kg	ALRABADI Joud	JOR	
fujairah-open-2025	Senior Women -73kg	SABER Dunya bushuaib a	KSA	
fujairah-open-2025	Senior Women +73kg	OSIPOVA Svetlana	UZB	1
fujairah-open-2025	Senior Women +73kg	KITSIOU Agoritsa artemia	GRE	2
fujairah-open-2025	Senior Women +73kg	POURESMAEILKARANI Zahra	IRI	3
fujairah-open-2025	Senior Women +73kg	MOHAMMED Noor nazar	QAT	3
fujairah-open-2025	Senior Women +73kg	ALKETBI Salma	UAE	
fujairah-open-2025	Senior Women +73kg	FARAH El Majidi	MAR	
fujairah-open-2025	Senior Women +73kg	GWAILY Janna	EGY	
fujairah-open-2025	Senior Women +73kg	LAMDARDAR Khadija	MAR	
fujairah-open-2025	Senior Women +73kg	SAMER ELSAYED Nour	EGY	
fujairah-open-2025	Senior Women +73kg	TKEBAEVA Meruert	KAZ	
