muju-grand-prix-challenge-2025	Senior Women -49kg	KIM Hyang-Gi	KOR	
muju-grand-prix-challenge-2025	Senior Women -49kg	JEONG Hye In	KOR	
muju-grand-prix-challenge-2025	Senior Women -49kg	TRUONG Thi kim tuyen	VIE	
muju-grand-prix-challenge-2025	Senior Women -49kg	ELAASAL Nezha	MAR	
muju-grand-prix-challenge-2025	Senior Women -49kg	BAUYRZHANOVA Nuray	KAZ	
muju-grand-prix-challenge-2025	Senior Women -49kg	FOFANA Mah teninba	FRA	
muju-grand-prix-challenge-2025	Senior Women -49kg	FAN Yu-Qiao	TPE	
muju-grand-prix-challenge-2025	Senior Women -49kg	KHASANOVA Laylo	UZB	
muju-grand-prix-challenge-2025	Senior Women -49kg	BARROSO Kiara	POR	
muju-grand-prix-challenge-2025	Senior Women -49kg	POOLKERD Patcharakan	THA	
muju-grand-prix-challenge-2025	Senior Women -49kg	XU Xinyu	CHN	
muju-grand-prix-challenge-2025	Senior Women -49kg	ROGOZINA Irina	AIN	
muju-grand-prix-challenge-2025	Senior Women -49kg	TAMBYRAJAH Saffron	AUS	
muju-grand-prix-challenge-2025	Senior Women -49kg	OKAMOTO Ruka	JPN	
muju-grand-prix-challenge-2025	Senior Women -49kg	ANGELOVA Alisa	AIN	2
muju-grand-prix-challenge-2025	Senior Women -49kg	SHONIYOZOVA Madina	UZB	
muju-grand-prix-challenge-2025	Senior Women -49kg	BAMA Ida Kevine	BUR	
muju-grand-prix-challenge-2025	Senior Women -49kg	TOSI Emily	CAN	
muju-grand-prix-challenge-2025	Senior Women -49kg	OKAZAKI Hinata	JPN	
muju-grand-prix-challenge-2025	Senior Women -49kg	HUANG Ying Hsuan	TPE	
muju-grand-prix-challenge-2025	Senior Women -49kg	CHIANG Chih Yun	TPE	
muju-grand-prix-challenge-2025	Senior Women -49kg	EREMINA Viktoriya	AIN	
muju-grand-prix-challenge-2025	Senior Women -49kg	MATA Maya	USA	
muju-grand-prix-challenge-2025	Senior Women -49kg	TOUZANI Farah	MAR	
muju-grand-prix-challenge-2025	Senior Women -49kg	OCEGUERA Sophia	USA	
muju-grand-prix-challenge-2025	Senior Women -49kg	BAYECH Rivka	ISR	
muju-grand-prix-challenge-2025	Senior Women -49kg	BEZERRA Camila	BRA	
muju-grand-prix-challenge-2025	Senior Women -49kg	AKHMEDOVA Nodira	KAZ	3
muju-grand-prix-challenge-2025	Senior Women -49kg	DIAZ ARRIBAS Violeta	ESP	
muju-grand-prix-challenge-2025	Senior Women -49kg	TANGIROVA Dilnoza	UZB	
muju-grand-prix-challenge-2025	Senior Women -49kg	LEE Ye-Ji	KOR	1
muju-grand-prix-challenge-2025	Senior Women -49kg	DAN (DANSHYNA) Oleksandra	ISR	
muju-grand-prix-challenge-2025	Senior Women -49kg	MEDVEDEVA Galina	AIN	
muju-grand-prix-challenge-2025	Senior Women -49kg	BARROS Nivea	BRA	
muju-grand-prix-challenge-2025	Senior Women -49kg	ALKHAWAHR Rahmah abdulmanam a	KSA	
muju-grand-prix-challenge-2025	Senior Women -49kg	KU Jihyun	KOR	
muju-grand-prix-challenge-2025	Senior Women -49kg	SEEKEN Kamonchanok	THA	
muju-grand-prix-challenge-2025	Senior Men -80kg	KATOUSI Firas	TUN	
muju-grand-prix-challenge-2025	Senior Men -80kg	NTYAM LEVODO Da	CMR	
muju-grand-prix-challenge-2025	Senior Men -80kg	MENG Mingkuan	CHN	
muju-grand-prix-challenge-2025	Senior Men -80kg	MERCER Jack woody	THA	
muju-grand-prix-challenge-2025	Senior Men -80kg	SITTEK Tomas	CZE	
muju-grand-prix-challenge-2025	Senior Men -80kg	HUNG Jiun-Yi	TPE	
muju-grand-prix-challenge-2025	Senior Men -80kg	CHUA James	USA	
muju-grand-prix-challenge-2025	Senior Men -80kg	HAMEDI Tareg Ali	KSA	
muju-grand-prix-challenge-2025	Senior Men -80kg	RODRIGUES Victor	USA	
muju-grand-prix-challenge-2025	Senior Men -80kg	MANSOURI Farzad	TRT	
muju-grand-prix-challenge-2025	Senior Men -80kg	JUNG Jae Hun	KOR	
muju-grand-prix-challenge-2025	Senior Men -80kg	KANG Jaegwon	KOR	2
muju-grand-prix-challenge-2025	Senior Men -80kg	SHANAFELT Noah	USA	
muju-grand-prix-challenge-2025	Senior Men -80kg	SLEPOV Stepan	AIN	
muju-grand-prix-challenge-2025	Senior Men -80kg	TURAVINAU Raman	AIN	
muju-grand-prix-challenge-2025	Senior Men -80kg	KATOH Takato	JPN	
muju-grand-prix-challenge-2025	Senior Men -80kg	TSAI Sheng-Liang	TPE	
muju-grand-prix-challenge-2025	Senior Men -80kg	EL YAQINI Ayoub	MAR	
muju-grand-prix-challenge-2025	Senior Men -80kg	TOLEUGALI Batyrkhan	KAZ	
muju-grand-prix-challenge-2025	Senior Men -80kg	SAWADOGO Faysal	BUR	
muju-grand-prix-challenge-2025	Senior Men -80kg	SAEJO Thanathorn	THA	
muju-grand-prix-challenge-2025	Senior Men -80kg	POS Ivan	AIN	
muju-grand-prix-challenge-2025	Senior Men -80kg	MYTAREV Artem	AIN	
muju-grand-prix-challenge-2025	Senior Men -80kg	ZARHOUTI Haitam	MAR	
muju-grand-prix-challenge-2025	Senior Men -80kg	MILAN CANOVAS Juan antonio	ESP	
muju-grand-prix-challenge-2025	Senior Men -80kg	ABDOUNI Abdelhamid	MAR	
muju-grand-prix-challenge-2025	Senior Men -80kg	GATIIATULLIN Timur	AIN	
muju-grand-prix-challenge-2025	Senior Men -80kg	JOCHMAN Adam	CZE	
muju-grand-prix-challenge-2025	Senior Men -80kg	RODRIGUES FERNANDES Henrique M.	BRA	3
muju-grand-prix-challenge-2025	Senior Men -80kg	BOUZID SOUIHILI Is	FRA	
muju-grand-prix-challenge-2025	Senior Men -80kg	AN Tae-Hyun	KOR	
muju-grand-prix-challenge-2025	Senior Men -80kg	KIM Jung Je	KOR	
muju-grand-prix-challenge-2025	Senior Men -80kg	MARIPOV Abdurakhmon	KAZ	
muju-grand-prix-challenge-2025	Senior Men -80kg	QUESADA BARRERA Daniel	ESP	
muju-grand-prix-challenge-2025	Senior Men -80kg	ZHAO Junbo	CHN	
muju-grand-prix-challenge-2025	Senior Men -80kg	BEN ELBACARIA Ah	MAR	
muju-grand-prix-challenge-2025	Senior Men -80kg	BROWN Nathaniel	ZIM	
muju-grand-prix-challenge-2025	Senior Men -80kg	NICKOLAS Cj	USA	1
muju-grand-prix-challenge-2025	Senior Men -68kg	MAIGA Ibrahim	BUR	
muju-grand-prix-challenge-2025	Senior Men -68kg	AVIDAN Ben	ISR	
muju-grand-prix-challenge-2025	Senior Men -68kg	KE Siang Han	TPE	
muju-grand-prix-challenge-2025	Senior Men -68kg	DANILOV Ilia	AIN	
muju-grand-prix-challenge-2025	Senior Men -68kg	ALBAKER Abed Almaj	TRT	
muju-grand-prix-challenge-2025	Senior Men -68kg	DOS SANTOS MORAIS Guilherme	BRA	
muju-grand-prix-challenge-2025	Senior Men -68kg	SALANOVA LISTE Adr	ESP	
muju-grand-prix-challenge-2025	Senior Men -68kg	TIRANVALIPOUR Hadi	TRT	
muju-grand-prix-challenge-2025	Senior Men -68kg	HUANG Yu Jui	TPE	
muju-grand-prix-challenge-2025	Senior Men -68kg	SHISHKO Dmitrii	AIN	
muju-grand-prix-challenge-2025	Senior Men -68kg	MINER Nathen	USA	
muju-grand-prix-challenge-2025	Senior Men -68kg	SOUZA DINIZ Joao victor	BRA	
muju-grand-prix-challenge-2025	Senior Men -68kg	ABAD EXPOSITO Iker	ESP	
muju-grand-prix-challenge-2025	Senior Men -68kg	RAMAZANOV Khan	AIN	
muju-grand-prix-challenge-2025	Senior Men -68kg	NIKOLOVSKI Xavier	AUS	
muju-grand-prix-challenge-2025	Senior Men -68kg	DIAO Lixingjun	CHN	
muju-grand-prix-challenge-2025	Senior Men -68kg	DASHDAVAA Chinzorig	MGL	
muju-grand-prix-challenge-2025	Senior Men -68kg	SRITIMONGKOL Napat	THA	
muju-grand-prix-challenge-2025	Senior Men -68kg	JUNG Woo-Hyeok	KOR	2
muju-grand-prix-challenge-2025	Senior Men -68kg	SEONG Yuhyeon	KOR	
muju-grand-prix-challenge-2025	Senior Men -68kg	CAPUANO Lorenzo	FRA	
muju-grand-prix-challenge-2025	Senior Men -68kg	TCAKOEV Sarmat	AIN	
muju-grand-prix-challenge-2025	Senior Men -68kg	YAN Lei	CHN	
muju-grand-prix-challenge-2025	Senior Men -68kg	HOWELL Matthew	GBR	
muju-grand-prix-challenge-2025	Senior Men -68kg	VICENTE YUNTA Adrian	ESP	
muju-grand-prix-challenge-2025	Senior Men -68kg	RAJABOV Islombek	UZB	
muju-grand-prix-challenge-2025	Senior Men -68kg	JIN Ho-Jun	KOR	
muju-grand-prix-challenge-2025	Senior Men -68kg	HSU Hao-Yu	TPE	
muju-grand-prix-challenge-2025	Senior Men -68kg	AL HARBI Mohamme	KSA	
muju-grand-prix-challenge-2025	Senior Men -68kg	SHULENOV Damir	KAZ	3
muju-grand-prix-challenge-2025	Senior Men -68kg	RODRIGUEZ Maikol	USA	
muju-grand-prix-challenge-2025	Senior Men -68kg	ALHUSSEIN Mahmoud	TRT	
muju-grand-prix-challenge-2025	Senior Men -68kg	CHEN Yufan	CHN	
muju-grand-prix-challenge-2025	Senior Men -68kg	GHALI Zakaria mohammed	KSA	
muju-grand-prix-challenge-2025	Senior Men -68kg	PINEDA Diego	USA	
muju-grand-prix-challenge-2025	Senior Men -68kg	CHRZANOWSKI Mateusz	POL	
muju-grand-prix-challenge-2025	Senior Men -68kg	ALAPHILIPPE Souley	FRA	
muju-grand-prix-challenge-2025	Senior Men -68kg	BENAOUDA Zakaria	CAN	
muju-grand-prix-challenge-2025	Senior Men -68kg	GAZEZ Nurbek	KAZ	
muju-grand-prix-challenge-2025	Senior Men -68kg	SUMMERFIELD Matthew	AUS	
muju-grand-prix-challenge-2025	Senior Men -68kg	dos SANTOS de ASSI	BRA	
muju-grand-prix-challenge-2025	Senior Men -68kg	RAVET Cyrian	FRA	
muju-grand-prix-challenge-2025	Senior Men -68kg	NIU Guansen	CHN	
muju-grand-prix-challenge-2025	Senior Men -68kg	ORCHARD Lachlan	AUS	
muju-grand-prix-challenge-2025	Senior Men -68kg	LEE Sang Ryeol	KOR	
muju-grand-prix-challenge-2025	Senior Men -68kg	HARRIS Khalfani	USA	
muju-grand-prix-challenge-2025	Senior Men -68kg	MAGERRAMOV Dzhavid	AIN	
muju-grand-prix-challenge-2025	Senior Men -68kg	TUBTIMDANG Banlung	THA	1
muju-grand-prix-challenge-2025	Senior Women +67kg	LAURIN Althea	FRA	
muju-grand-prix-challenge-2025	Senior Women +67kg	KOSMYCHEVA Anastasiia	AIN	1
muju-grand-prix-challenge-2025	Senior Women +67kg	LAMDARDAR Khadija	MAR	
muju-grand-prix-challenge-2025	Senior Women +67kg	YOON Do Hee	KOR	
muju-grand-prix-challenge-2025	Senior Women +67kg	MUSLIMOVA Linara	AIN	
muju-grand-prix-challenge-2025	Senior Women +67kg	NAMGUNG Seoyeon	KOR	
muju-grand-prix-challenge-2025	Senior Women +67kg	KECK Hannah	USA	
muju-grand-prix-challenge-2025	Senior Women +67kg	WILLIAMS Lauren	GBR	3
muju-grand-prix-challenge-2025	Senior Women +67kg	CHEN Pei-Yu	TPE	
muju-grand-prix-challenge-2025	Senior Women +67kg	MAKHMUTOVA Nazym	KAZ	
muju-grand-prix-challenge-2025	Senior Women +67kg	AVOULETTE Solene	FRA	
muju-grand-prix-challenge-2025	Senior Women +67kg	FOUNTAIN Rachel	CAN	
muju-grand-prix-challenge-2025	Senior Women +67kg	ZHAO Ziting	CHN	
muju-grand-prix-challenge-2025	Senior Women +67kg	MORAN ROMERO Belen	ESP	
muju-grand-prix-challenge-2025	Senior Women +67kg	CASTINEIRA ETCHEVERRIA Tania	ESP	
muju-grand-prix-challenge-2025	Senior Women +67kg	KOWALCZUK Aleksandra	POL	
muju-grand-prix-challenge-2025	Senior Women +67kg	VALLO ZURDO Ane	ESP	
muju-grand-prix-challenge-2025	Senior Women +67kg	STEPANOVA Elizaveta	AIN	
muju-grand-prix-challenge-2025	Senior Women +67kg	STEWART Reba	AUS	
muju-grand-prix-challenge-2025	Senior Women +67kg	WANG Huan	CHN	
muju-grand-prix-challenge-2025	Senior Women +67kg	CHIN I Chun	TPE	
muju-grand-prix-challenge-2025	Senior Women +67kg	SONG da Bin	KOR	2
muju-grand-prix-challenge-2025	Senior Women +67kg	GRABOT Sarah	USA	
muju-grand-prix-challenge-2025	Senior Women +67kg	NOH Huiseung	KOR	
muju-grand-prix-challenge-2025	Senior Women +67kg	GARCIA SUAREZ Helena	ESP	
muju-grand-prix-challenge-2025	Senior Women +67kg	ADEBAIO Kristina	AIN	
muju-grand-prix-challenge-2025	Senior Women +67kg	VIANA Alena	USA	
muju-grand-prix-challenge-2025	Senior Women +67kg	HAREMZA Dagmara	POL	
muju-grand-prix-challenge-2025	Senior Men -58kg	PARK Tae-Joon	KOR	
muju-grand-prix-challenge-2025	Senior Men -58kg	GOMES PEREIRA M	BRA	
muju-grand-prix-challenge-2025	Senior Men -58kg	HASSAN M BUHARI Muteb	KSA	
muju-grand-prix-challenge-2025	Senior Men -58kg	OHARA Ryusei	JPN	
muju-grand-prix-challenge-2025	Senior Men -58kg	ALALLW Mohammad	TRT	
muju-grand-prix-challenge-2025	Senior Men -58kg	RUKUNDO Guy Gerli	TRT	
muju-grand-prix-challenge-2025	Senior Men -58kg	MANSUROV Kamronbek	UZB	
muju-grand-prix-challenge-2025	Senior Men -58kg	TLEULES Tamirlan	KAZ	3
muju-grand-prix-challenge-2025	Senior Men -58kg	PORTILLO SANTA	CAN	
muju-grand-prix-challenge-2025	Senior Men -58kg	BOUKARNIA Amine	FRA	
muju-grand-prix-challenge-2025	Senior Men -58kg	AN Hyang Sik	KOR	
muju-grand-prix-challenge-2025	Senior Men -58kg	LI Ci En	TPE	
muju-grand-prix-challenge-2025	Senior Men -58kg	PASHCOVSKY Tom	ISR	
muju-grand-prix-challenge-2025	Senior Men -58kg	FRAILE RODRIGUEZ Jesus	ESP	
muju-grand-prix-challenge-2025	Senior Men -58kg	OTEGEN Askar	KAZ	
muju-grand-prix-challenge-2025	Senior Men -58kg	ALMUSHRAF Abdullah essa a	KSA	
muju-grand-prix-challenge-2025	Senior Men -58kg	PAN Kuei-An	TPE	
muju-grand-prix-challenge-2025	Senior Men -58kg	DZHIOEV Igor	AIN	
muju-grand-prix-challenge-2025	Senior Men -58kg	ESCOLAR PARRA Iva	ESP	
muju-grand-prix-challenge-2025	Senior Men -58kg	BAE Jun-Seo	KOR	1
muju-grand-prix-challenge-2025	Senior Men -58kg	SGHIR Anas	CAN	
muju-grand-prix-challenge-2025	Senior Men -58kg	MIRAYIMOV Mirdiyor	UZB	
muju-grand-prix-challenge-2025	Senior Men -58kg	BALAKHNEEV Dmitriy	AIN	
muju-grand-prix-challenge-2025	Senior Men -58kg	GANTULGA Enkhbayar	MGL	
muju-grand-prix-challenge-2025	Senior Men -58kg	HAMDI Riad nasser a	KSA	
muju-grand-prix-challenge-2025	Senior Men -58kg	ALESIO CAPOLINI Mathis	FRA	
muju-grand-prix-challenge-2025	Senior Men -58kg	CARRILLO Joseph	USA	
muju-grand-prix-challenge-2025	Senior Men -58kg	ISLAMOV Zhavokhirkhon	KAZ	
muju-grand-prix-challenge-2025	Senior Men -58kg	OTAJONOV Omonjon	UZB	
muju-grand-prix-challenge-2025	Senior Men -58kg	FANG Zheng	CHN	
muju-grand-prix-challenge-2025	Senior Men -58kg	OTERO SOUSA Javier	ESP	
muju-grand-prix-challenge-2025	Senior Men -58kg	MAHAMAD Sirawit	THA	
muju-grand-prix-challenge-2025	Senior Men -58kg	HUANG Kefen	CHN	
muju-grand-prix-challenge-2025	Senior Men -58kg	GUSEINOV Damir	AIN	
muju-grand-prix-challenge-2025	Senior Men -58kg	CUNNINGHAM William	USA	
muju-grand-prix-challenge-2025	Senior Men -58kg	YONDONJAMTS Purevdash	MGL	
muju-grand-prix-challenge-2025	Senior Men -58kg	GUN Youngsuk ethan	USA	
muju-grand-prix-challenge-2025	Senior Men -58kg	GRITSENKO Vladimir	AIN	
muju-grand-prix-challenge-2025	Senior Men -58kg	MONTONE Luca	AUS	
muju-grand-prix-challenge-2025	Senior Men -58kg	TAECHARATTANAWIBOO	THA	
muju-grand-prix-challenge-2025	Senior Men -58kg	KAZLOU Yahor	AIN	
muju-grand-prix-challenge-2025	Senior Men -58kg	HUANG Cho-Cheng	TPE	
muju-grand-prix-challenge-2025	Senior Men -58kg	KIM Jongmyeong	KOR	2
muju-grand-prix-challenge-2025	Senior Men -58kg	QIAN Jiacai	CHN	
muju-grand-prix-challenge-2025	Senior Men -58kg	CHEN Pen-Ren	TPE	
muju-grand-prix-challenge-2025	Senior Men -58kg	ALQUMIZI Abdullah	KSA	
muju-grand-prix-challenge-2025	Senior Men -58kg	GARCIA Noah	POR	
muju-grand-prix-challenge-2025	Senior Men -58kg	PATISHI Ori	ISR	
muju-grand-prix-challenge-2025	Senior Men -58kg	LEE Colin	USA	
muju-grand-prix-challenge-2025	Senior Men -58kg	GURTSIEV Georgii	AIN	
muju-grand-prix-challenge-2025	Senior Women -67kg	SOBIRJONOVA Ozoda	UZB	2
muju-grand-prix-challenge-2025	Senior Women -67kg	GROSSI Sophia Cleli	CAN	
muju-grand-prix-challenge-2025	Senior Women -67kg	LAARAJ Nada	MAR	
muju-grand-prix-challenge-2025	Senior Women -67kg	NOWAK Julia	POL	
muju-grand-prix-challenge-2025	Senior Women -67kg	CHUA Chloe	USA	
muju-grand-prix-challenge-2025	Senior Women -67kg	HONG Hyo Rim	KOR	
muju-grand-prix-challenge-2025	Senior Women -67kg	BAC Thi Khiem	VIE	
muju-grand-prix-challenge-2025	Senior Women -67kg	FATIMA-ZAHRA Ennams	MAR	
muju-grand-prix-challenge-2025	Senior Women -67kg	MEHNANA Ines	FRA	
muju-grand-prix-challenge-2025	Senior Women -67kg	KHUZINA Liliia	AIN	
muju-grand-prix-challenge-2025	Senior Women -67kg	REILLY Megan	USA	
muju-grand-prix-challenge-2025	Senior Women -67kg	SKVORTSOVA Kira	AIN	
muju-grand-prix-challenge-2025	Senior Women -67kg	LEE Gaeun	KOR	
muju-grand-prix-challenge-2025	Senior Women -67kg	ROBERTS Chloe	GBR	
muju-grand-prix-challenge-2025	Senior Women -67kg	MURRAY Rebecca	AUS	
muju-grand-prix-challenge-2025	Senior Women -67kg	ZIABLITCEVA Anna	AIN	
muju-grand-prix-challenge-2025	Senior Women -67kg	MORENO REYES Lena	ESP	3
muju-grand-prix-challenge-2025	Senior Women -67kg	TONGCHAN Sasikarn	THA	
muju-grand-prix-challenge-2025	Senior Women -67kg	SHEN Zinuo	CHN	
muju-grand-prix-challenge-2025	Senior Women -67kg	KHAYITOVA Sevinch	UZB	
muju-grand-prix-challenge-2025	Senior Women -67kg	CHANG Jui-En	TPE	
muju-grand-prix-challenge-2025	Senior Women -67kg	TITONELI Milena	BRA	
muju-grand-prix-challenge-2025	Senior Women -67kg	AZIZOVA Diyorakhon	UZB	
muju-grand-prix-challenge-2025	Senior Women -67kg	MWECHANDE Selina Z	KEN	
muju-grand-prix-challenge-2025	Senior Women -67kg	KWAK Min-Ju	KOR	
muju-grand-prix-challenge-2025	Senior Women -67kg	STOLBOVA Petra	CZE	
muju-grand-prix-challenge-2025	Senior Women -67kg	SMYCHKOVA Valeryia	AIN	
muju-grand-prix-challenge-2025	Senior Women -67kg	YEOM Eun Been	KOR	
muju-grand-prix-challenge-2025	Senior Women -67kg	POWELL Aaliyah	GBR	
muju-grand-prix-challenge-2025	Senior Women -67kg	KHUSSAINOVA Nuray	KAZ	
muju-grand-prix-challenge-2025	Senior Women -67kg	BANNOVA Anastasiia	AIN	
muju-grand-prix-challenge-2025	Senior Women -67kg	LEWIS Kylie	USA	
muju-grand-prix-challenge-2025	Senior Women -67kg	TEACHOUT Kristina	USA	1
muju-grand-prix-challenge-2025	Senior Men +80kg	CUNNINGHAM Caden	GBR	
muju-grand-prix-challenge-2025	Senior Men +80kg	SALAEV Shukhrat	UZB	
muju-grand-prix-challenge-2025	Senior Men +80kg	SON Tae Hwan	KOR	
muju-grand-prix-challenge-2025	Senior Men +80kg	CHEN Liang-Hsi	TPE	
muju-grand-prix-challenge-2025	Senior Men +80kg	HAREMZA Krystian	POL	
muju-grand-prix-challenge-2025	Senior Men +80kg	EL YAZIDI Omar	FRA	
muju-grand-prix-challenge-2025	Senior Men +80kg	WANG Zedong	CHN	
muju-grand-prix-challenge-2025	Senior Men +80kg	MOISE III Frantz	USA	
muju-grand-prix-challenge-2025	Senior Men +80kg	KANG Sanghyun	KOR	
muju-grand-prix-challenge-2025	Senior Men +80kg	AIUKAEV Rafail	AIN	2
muju-grand-prix-challenge-2025	Senior Men +80kg	ALKHAIBARI Ali mabruk s	KSA	
muju-grand-prix-challenge-2025	Senior Men +80kg	KHASSENOV Bauyrzhan	KAZ	
muju-grand-prix-challenge-2025	Senior Men +80kg	MEHNANA Nahil	FRA	
muju-grand-prix-challenge-2025	Senior Men +80kg	PLONIS Artsiom	AIN	
muju-grand-prix-challenge-2025	Senior Men +80kg	RAHALI Ahmed	MAR	
muju-grand-prix-challenge-2025	Senior Men +80kg	HUANG Yu-Jen	TPE	
muju-grand-prix-challenge-2025	Senior Men +80kg	PARK Woo Hyeok	KOR	
muju-grand-prix-challenge-2025	Senior Men +80kg	PIATKOWSKI Szymon	POL	
muju-grand-prix-challenge-2025	Senior Men +80kg	MAVLONOV Marat	UZB	
muju-grand-prix-challenge-2025	Senior Men +80kg	CARLO Nicholas	USA	
muju-grand-prix-challenge-2025	Senior Men +80kg	DIALLO Ibrahima	GUI	
muju-grand-prix-challenge-2025	Senior Men +80kg	ZAKARIA Khouyyar	MAR	
muju-grand-prix-challenge-2025	Senior Men +80kg	STILLEY Aiden	AUS	
muju-grand-prix-challenge-2025	Senior Men +80kg	ZHURABOEV Yodgorbek	UZB	
muju-grand-prix-challenge-2025	Senior Men +80kg	TARCHYLA Aliaksei	AIN	
muju-grand-prix-challenge-2025	Senior Men +80kg	WAFULA Innocent	KEN	
muju-grand-prix-challenge-2025	Senior Men +80kg	GARCIA MARTINEZ Ivan	ESP	1
muju-grand-prix-challenge-2025	Senior Men +80kg	TROITINO AMOEDO Sergio	ESP	
muju-grand-prix-challenge-2025	Senior Men +80kg	NOAH BEKADA Flori	CMR	
muju-grand-prix-challenge-2025	Senior Men +80kg	LEE Jun Seo	KOR	
muju-grand-prix-challenge-2025	Senior Men +80kg	KABLAN Beibarys	KAZ	
muju-grand-prix-challenge-2025	Senior Men +80kg	IFAOUI Motaz	TUN	
muju-grand-prix-challenge-2025	Senior Men +80kg	LARIN Vladislav	AIN	3
muju-grand-prix-challenge-2025	Senior Men +80kg	LIU Zhaoyang	CHN	
muju-grand-prix-challenge-2025	Senior Men +80kg	LEE Meng-En	TPE	
muju-grand-prix-challenge-2025	Senior Men +80kg	HEALY Jonathan	USA	
muju-grand-prix-challenge-2025	Senior Women -57kg	KIM Yu-Jin	KOR	2
muju-grand-prix-challenge-2025	Senior Women -57kg	EFITSENKO Sofia	AIN	
muju-grand-prix-challenge-2025	Senior Women -57kg	PHAM Ngoc Cham	VIE	
muju-grand-prix-challenge-2025	Senior Women -57kg	HRONOVA Dominika	CZE	
muju-grand-prix-challenge-2025	Senior Women -57kg	ORTIZ BENITO Arlet	ESP	
muju-grand-prix-challenge-2025	Senior Women -57kg	DEHHAOUI Amina	MAR	
muju-grand-prix-challenge-2025	Senior Women -57kg	JONGKOLRATTANA	THA	
muju-grand-prix-challenge-2025	Senior Women -57kg	MERIEME Khoulal	MAR	
muju-grand-prix-challenge-2025	Senior Women -57kg	BLEWITT Gabriella	AUS	
muju-grand-prix-challenge-2025	Senior Women -57kg	KADEWERE Britney chipo	ZIM	
muju-grand-prix-challenge-2025	Senior Women -57kg	ABUTALEB Dunya ali m	KSA	
muju-grand-prix-challenge-2025	Senior Women -57kg	CARABIN Kanelya	FRA	
muju-grand-prix-challenge-2025	Senior Women -57kg	YANG Junli	CHN	
muju-grand-prix-challenge-2025	Senior Women -57kg	AHN Hye Young	KOR	
muju-grand-prix-challenge-2025	Senior Women -57kg	SMITH Teigan	GBR	
muju-grand-prix-challenge-2025	Senior Women -57kg	DILLON Faith	USA	3
muju-grand-prix-challenge-2025	Senior Women -57kg	BLIZNIAKOVA Margarita	AIN	
muju-grand-prix-challenge-2025	Senior Women -57kg	KATOH Yuzuho	JPN	
muju-grand-prix-challenge-2025	Senior Women -57kg	AIMUKASHEVA Kamila	KAZ	
muju-grand-prix-challenge-2025	Senior Women -57kg	WASSANA Natkamon	THA	
muju-grand-prix-challenge-2025	Senior Women -57kg	KIM Gahyeon	KOR	
muju-grand-prix-challenge-2025	Senior Women -57kg	PACHECO Maria Clara	BRA	1
muju-grand-prix-challenge-2025	Senior Women -57kg	KIM Sowon	KOR	
muju-grand-prix-challenge-2025	Senior Women -57kg	GU Wenjing	CHN	
muju-grand-prix-challenge-2025	Senior Women -57kg	RODRIGUEZ MARQUINA Laura	ESP	
muju-grand-prix-challenge-2025	Senior Women -57kg	ZHANG Chuling	CHN	
muju-grand-prix-challenge-2025	Senior Women -57kg	MIRABZALOVA Madina	UZB	
muju-grand-prix-challenge-2025	Senior Women -57kg	LIN Wei-Chun	TPE	
muju-grand-prix-challenge-2025	Senior Women -57kg	ABDUVALIEVA Shabona	UZB	
muju-grand-prix-challenge-2025	Senior Women -57kg	KAO Hsin-Yi	TPE	
muju-grand-prix-challenge-2025	Senior Women -57kg	VITKO Yuliya	AIN	
muju-grand-prix-challenge-2025	Senior Women -57kg	PEREZ PARRADO Alma maria	ESP	
muju-grand-prix-challenge-2025	Senior Women -57kg	YANG Qingmei	CHN	
muju-grand-prix-challenge-2025	Senior Women -57kg	COX Caitlyn	USA	
muju-grand-prix-challenge-2025	Senior Women -57kg	HYMER Stacey	AUS	
muju-grand-prix-challenge-2025	Senior Women -57kg	EL BOUCHTI Oumaima	MAR	
muju-grand-prix-challenge-2025	Senior Women -57kg	NISHIDA Mao	JPN	
muju-grand-prix-challenge-2025	Senior Women -57kg	SEVOSTYANOVA Mariya	KAZ	
muju-grand-prix-challenge-2025	Senior Women -57kg	TRAN Thi Anh Tuyet	VIE	
muju-grand-prix-challenge-2025	Senior Women -57kg	VO Jayda	USA	
muju-grand-prix-challenge-2025	Senior Women -57kg	TOUMI Chaima	TUN	
