american-open-east-2026	Senior Women -46kg	F	522	CROSBY GOEBEL	USA	Ava WOOLFOLK	USA	PTF	2:0
american-open-east-2026	Senior Women -49kg	QF	304	JAZLEEN ROMERO	USA	Soraya MIKHAIL	USA	PTF	2:0
american-open-east-2026	Senior Women -49kg	SF	312	JAZLEEN ROMERO	USA	Cindy LIN	USA	PTF	2:0
american-open-east-2026	Senior Women -49kg	QF	305	Erin CHO	USA	Nathalee CRUZ	USA	PTF	2:0
american-open-east-2026	Senior Women -49kg	QF	306	River WINSLOW	USA	LYNN MACH	USA	RSC	2:0
american-open-east-2026	Senior Women -49kg	SF	313	Erin CHO	USA	River WINSLOW	USA	PTF	2:0
american-open-east-2026	Senior Women -49kg	F	317	JAZLEEN ROMERO	USA	Erin CHO	USA	PTF	2:0
american-open-east-2026	Senior Women -53kg	R16	301	Leah MITELBERG	USA	SOFIA SHUMSKY	USA	PTF	2:1
american-open-east-2026	Senior Women -53kg	QF	307	Leah MITELBERG	USA	ARIANA CHRISTENSEN	USA	PTF	2:0
american-open-east-2026	Senior Women -53kg	QF	308	Fernanda ROMERO	USA	GAIA CASTILLO	USA	PTF	2:0
american-open-east-2026	Senior Women -53kg	SF	314	Leah MITELBERG	USA	Fernanda ROMERO	USA	PTF	2:0
american-open-east-2026	Senior Women -53kg	R16	302	Sophy CUTTER	USA	VIKTORIA CHERNOLUTSKI	USA	SUP	2:0
american-open-east-2026	Senior Women -53kg	R16	303	Wenjia QU	USA	CAROLYN LEE	USA	PTF	2:0
american-open-east-2026	Senior Women -53kg	QF	309	Sophy CUTTER	USA	Gabriela NOWAK	USA	PTF	2:0
american-open-east-2026	Senior Women -53kg	QF	310	Soraya VILLA	USA	Wenjia QU	USA	PTF	2:0
american-open-east-2026	Senior Women -53kg	SF	315	Sophy CUTTER	USA	Soraya VILLA	USA	PTF	2:1
american-open-east-2026	Senior Women -53kg	F	318	Sophy CUTTER	USA	Leah MITELBERG	USA	PTF	2:0
american-open-east-2026	Senior Women -57kg	SF	525	KAMDYN NEWSOME	USA	Samantha GUIRACOCHA	USA	PTF	2:0
american-open-east-2026	Senior Women -57kg	SF	526	MAKAYLA GREENWOOD	USA	Caterina FULTON	USA	PTF	2:0
american-open-east-2026	Senior Women -57kg	F	533	MAKAYLA GREENWOOD	USA	KAMDYN NEWSOME	USA	PTF	2:0
american-open-east-2026	Senior Women -62kg	QF	218	KAYLA SHANAHAN	USA	JORDAN DALES	USA	PTF	2:0
american-open-east-2026	Senior Women -62kg	SF	230	ISABELLA FAZEKAS	USA	KAYLA SHANAHAN	USA	PTF	2:0
american-open-east-2026	Senior Women -62kg	QF	219	Allison YAN	USA	Shevana AU YANG	USA	PTF	2:1
american-open-east-2026	Senior Women -62kg	SF	231	Allison YAN	USA	YOUNGSEO YI	USA	PTF	2:0
american-open-east-2026	Senior Women -62kg	F	237	ISABELLA FAZEKAS	USA	Allison YAN	USA	PTF	2:0
american-open-east-2026	Senior Women -67kg	SF	527	LESLIE DANIELS	USA	MEGAN REILLY	USA	PTF	2:1
american-open-east-2026	Senior Women -67kg	SF	528	JESSICA GNIEDZIEJKO	USA	RUTH BRUMELS	USA	PTF	2:0
american-open-east-2026	Senior Women -67kg	F	534	JESSICA GNIEDZIEJKO	USA	LESLIE DANIELS	USA	PTF	2:0
american-open-east-2026	Senior Women -73kg	SF	124	KYLIE DEPKA	USA	Makhosazana SY SAVANE	USA	PTF	2:0
american-open-east-2026	Senior Women -73kg	F	129	Yaeni LIM	USA	KYLIE DEPKA	USA	PTF	2:1
american-open-east-2026	Senior Women +73kg	SF	125	STEPHANIE DOUGLAS	USA	Kallie KOCH	USA	PTF	2:0
american-open-east-2026	Senior Women +73kg	SF	126	Christina KIBASSA-MALIBA	USA	ALEXA SOLOMON	USA	RSC	2:0
american-open-east-2026	Senior Women +73kg	F	130	Christina KIBASSA-MALIBA	USA	STEPHANIE DOUGLAS	USA	WDR	2:0
american-open-east-2026	Senior Men -54kg	QF	512	Robert BANKS III	USA	Andrew JOHNSTON	USA	PTF	2:0
american-open-east-2026	Senior Men -54kg	SF	518	Robert BANKS III	USA	PAYTON VOGEL	USA	PTF	2:0
american-open-east-2026	Senior Men -54kg	QF	513	ALEXANDER NIEVES	USA	GERALD LAURORE	USA	PTF	2:0
american-open-east-2026	Senior Men -54kg	SF	519	MARCUS MCCALPIN	USA	ALEXANDER NIEVES	USA	PTF	2:1
american-open-east-2026	Senior Men -54kg	F	523	Robert BANKS III	USA	MARCUS MCCALPIN	USA	PTF	2:1
american-open-east-2026	Senior Men -58kg	R32	601	Triet TRAN	USA	ARAGORN CLEMENTE	USA	DSQ	
american-open-east-2026	Senior Men -58kg	R16	603	CHARLES ALEJO-DICKEY	USA	Triet TRAN	USA	PTF	2:0
american-open-east-2026	Senior Men -58kg	R16	604	Jonny LIU	USA	Roosevelt MCCLENDON	USA	PTF	2:0
american-open-east-2026	Senior Men -58kg	R16	605	JEAN LABATTE	USA	OWEN ZHANG	USA	WDR	2:0
american-open-east-2026	Senior Men -58kg	R16	606	LUKE DUROCHER	USA	Yan RODRÍGUEZ	USA	PTF	2:0
american-open-east-2026	Senior Men -58kg	QF	615	CHARLES ALEJO-DICKEY	USA	Jonny LIU	USA	PTF	2:0
american-open-east-2026	Senior Men -58kg	QF	616	JEAN LABATTE	USA	LUKE DUROCHER	USA	PTF	2:1
american-open-east-2026	Senior Men -58kg	SF	621	CHARLES ALEJO-DICKEY	USA	JEAN LABATTE	USA	PTF	2:0
american-open-east-2026	Senior Men -58kg	R16	607	JOSEPH MANG	USA	Michael HOYOS	USA	PTF	2:0
american-open-east-2026	Senior Men -58kg	R16	608	TRINIDAD SAABEDRA	USA	FABIO TAMAY	USA	PTF	2:1
american-open-east-2026	Senior Men -58kg	R16	609	MELVY ALVAREZ	USA	DARIO BERNAL	USA	PTF	2:0
american-open-east-2026	Senior Men -58kg	R16	610	CHRISTOPHER FLORES	USA	Ethan HANCE	USA	PTF	2:0
american-open-east-2026	Senior Men -58kg	QF	617	TRINIDAD SAABEDRA	USA	JOSEPH MANG	USA	PTF	2:0
american-open-east-2026	Senior Men -58kg	QF	618	CHRISTOPHER FLORES	USA	MELVY ALVAREZ	USA	PTF	2:1
american-open-east-2026	Senior Men -58kg	SF	622	TRINIDAD SAABEDRA	USA	CHRISTOPHER FLORES	USA	PTF	2:0
american-open-east-2026	Senior Men -58kg	F	624	TRINIDAD SAABEDRA	USA	CHARLES ALEJO-DICKEY	USA	PTF	2:0
american-open-east-2026	Senior Men -63kg	R16	602	Rayane SOUMANA HAMANI	USA	Ezra JU	USA	RSC	2:0
american-open-east-2026	Senior Men -63kg	QF	611	Rayane SOUMANA HAMANI	USA	TAYLOR DULIN	USA	PTF	2:0
american-open-east-2026	Senior Men -63kg	QF	612	NOAH QUINONES-SCOTT	USA	PIERCE BRUNO	USA	PTF	2:0
american-open-east-2026	Senior Men -63kg	SF	619	Rayane SOUMANA HAMANI	USA	NOAH QUINONES-SCOTT	USA	PTF	2:0
american-open-east-2026	Senior Men -63kg	QF	613	Tanner FRANCIS	USA	CHRISTOPHER YOON	USA	WDR	
american-open-east-2026	Senior Men -63kg	QF	614	TYLER BALESTRACCI	USA	Constantine KIM	USA	PTF	2:0
american-open-east-2026	Senior Men -63kg	SF	620	TYLER BALESTRACCI	USA	Tanner FRANCIS	USA	PTF	2:0
american-open-east-2026	Senior Men -63kg	F	623	TYLER BALESTRACCI	USA	Rayane SOUMANA HAMANI	USA	PTF	2:1
american-open-east-2026	Senior Men -68kg	R16	215	Leonardo FULTON	USA	Victory NWEZE	USA	PTF	2:0
american-open-east-2026	Senior Men -68kg	QF	220	NATHEN MINER	USA	Leonardo FULTON	USA	PTF	2:0
american-open-east-2026	Senior Men -68kg	QF	221	JAY LIN	USA	Colin CHOI	USA	PTF	2:0
american-open-east-2026	Senior Men -68kg	SF	232	NATHEN MINER	USA	JAY LIN	USA	PTF	2:0
american-open-east-2026	Senior Men -68kg	QF	222	Alexander HEISLER	USA	BRYSON SHIN	USA	PTF	2:0
american-open-east-2026	Senior Men -68kg	QF	223	SHELDON WILCOX	USA	Oladipo OMOKANWAYE	USA	PTF	2:0
american-open-east-2026	Senior Men -68kg	SF	233	SHELDON WILCOX	USA	Alexander HEISLER	USA	PTF	2:0
american-open-east-2026	Senior Men -68kg	F	238	SHELDON WILCOX	USA	NATHEN MINER	USA	PTF	2:1
american-open-east-2026	Senior Men -74kg	R16	101	DAVID STARK	USA	Brayden COOK	USA	PTF	2:0
american-open-east-2026	Senior Men -74kg	QF	105	DANIEL ALEXANDER	USA	DAVID STARK	USA	RSC	1:0
american-open-east-2026	Senior Men -74kg	QF	106	BENJAMIN PETERS	USA	Gabriel ISAACS	USA	PTF	2:0
american-open-east-2026	Senior Men -74kg	SF	115	BENJAMIN PETERS	USA	DANIEL ALEXANDER	USA	PTF	2:0
american-open-east-2026	Senior Men -74kg	R16	102	RYAN MOHAMADI	USA	Pawan KUMAR	USA	PTF	2:0
american-open-east-2026	Senior Men -74kg	QF	107	ABHISHEK NARANG	USA	Van Alexandre YAO	USA	PTF	2:0
american-open-east-2026	Senior Men -74kg	QF	108	DAVIN JOHNSON	USA	RYAN MOHAMADI	USA	PTF	2:0
american-open-east-2026	Senior Men -74kg	SF	116	ABHISHEK NARANG	USA	DAVIN JOHNSON	USA	PTF	2:0
american-open-east-2026	Senior Men -74kg	F	120	ABHISHEK NARANG	USA	BENJAMIN PETERS	USA	PTF	2:0
american-open-east-2026	Senior Men -80kg	SF	113	AARON ISAACS	USA	MORONI CASTILLO	USA	PTF	2:0
american-open-east-2026	Senior Men -80kg	SF	114	Stavros MOUSTAKEAS	USA	NICHOLAS YATES	USA	PTF	2:0
american-open-east-2026	Senior Men -80kg	F	119	AARON ISAACS	USA	Stavros MOUSTAKEAS	USA	PTF	2:0
american-open-east-2026	Senior Men -87kg	QF	122	Robert FLEMING	USA	Yazid VAZQUEZ	USA	PTF	2:0
american-open-east-2026	Senior Men -87kg	SF	127	Robert FLEMING	USA	Esteban REYES CANALES	USA	PUN	2:0
american-open-east-2026	Senior Men -87kg	QF	123	MARLON PEREZ	USA	IFUNANYA NWOGBAGA	USA	PTF	2:0
american-open-east-2026	Senior Men -87kg	SF	128	MARLON PEREZ	USA	Jonathan HENRY	USA	PTF	2:1
american-open-east-2026	Senior Men -87kg	F	131	MARLON PEREZ	USA	Robert FLEMING	USA	PTF	2:0
american-open-east-2026	Senior Men +87kg	R16	103	Christian KIBASSA	USA	Connor GAUTHIER	USA	PTF	2:0
american-open-east-2026	Senior Men +87kg	QF	109	Frantz MOISE	USA	Christian KIBASSA	USA	PTF	2:0
american-open-east-2026	Senior Men +87kg	QF	110	Rez CHOWDHURY	USA	Robert SENEY	USA	PTF	2:0
american-open-east-2026	Senior Men +87kg	SF	117	Rez CHOWDHURY	USA	Frantz MOISE	USA	PTF	2:0
american-open-east-2026	Senior Men +87kg	R16	104	Bryan DAVIS	USA	MARCELINO PEREZ	USA	PTF	2:0
american-open-east-2026	Senior Men +87kg	QF	111	BRIAN CHOI	USA	Malik JENKINS	USA	PTF	2:1
american-open-east-2026	Senior Men +87kg	QF	112	Bryan DAVIS	USA	NICHOLAS CAGGIA	USA	PTF	2:0
american-open-east-2026	Senior Men +87kg	SF	118	Bryan DAVIS	USA	BRIAN CHOI	USA	WDR	
american-open-east-2026	Senior Men +87kg	F	121	Rez CHOWDHURY	USA	Bryan DAVIS	USA	PTF	2:0
american-open-west-2026	Senior Women -46kg	QF	423	Elizabeth LI	USA	SHELLEY JOCEL DILAG	USA	PTF	2:0
american-open-west-2026	Senior Women -46kg	SF	430	CALIANA FONSECA	USA	Elizabeth LI	USA	PTF	2:0
american-open-west-2026	Senior Women -46kg	QF	424	MARLENE TORRES	USA	MELANIE GONZALES	USA	PTF	2:1
american-open-west-2026	Senior Women -46kg	QF	425	Gunnar SUMNER	USA	Gabby JEAN-BAPTISTO	USA	DSQ	
american-open-west-2026	Senior Women -46kg	SF	431	Gunnar SUMNER	USA	MARLENE TORRES	USA	PTF	2:0
american-open-west-2026	Senior Women -46kg	F	434	CALIANA FONSECA	USA	Gunnar SUMNER	USA	PTF	2:1
american-open-west-2026	Senior Women -49kg	QF	407	ALINA MARTIROSYAN	USA	MONIQUE VILLASENOR	USA	PTF	2:0
american-open-west-2026	Senior Women -49kg	SF	416	ALINA MARTIROSYAN	USA	Isabella NANNY	USA	PTF	2:0
american-open-west-2026	Senior Women -49kg	QF	408	KAYLEE KIM	USA	ZHOE CHRISTIAN	USA	PTF	2:1
american-open-west-2026	Senior Women -49kg	QF	409	Trinity YAMADA	USA	MAGGIE SHIBA	USA	PTF	2:0
american-open-west-2026	Senior Women -49kg	SF	417	Trinity YAMADA	USA	KAYLEE KIM	USA	PTF	2:0
american-open-west-2026	Senior Women -49kg	F	421	Trinity YAMADA	USA	ALINA MARTIROSYAN	USA	PTF	2:0
american-open-west-2026	Senior Women -53kg	QF	216	ENIDA MEHINOVIC	USA	EDNA PEREZ	USA	PTF	2:0
american-open-west-2026	Senior Women -53kg	SF	225	Soraya VILLA	USA	ENIDA MEHINOVIC	USA	PTF	2:0
american-open-west-2026	Senior Women -53kg	QF	217	SOPHIA OH	USA	Ashly SOLIS	USA	PTF	2:0
american-open-west-2026	Senior Women -53kg	QF	218	IANA AHN	USA	VALERIE LARSON	USA	PTF	2:1
american-open-west-2026	Senior Women -53kg	SF	226	IANA AHN	USA	SOPHIA OH	USA	PTF	2:0
american-open-west-2026	Senior Women -53kg	F	230	Soraya VILLA	USA	IANA AHN	USA	PTF	2:0
american-open-west-2026	Senior Women -57kg	QF	108	Michelle KHARE	USA	Sydel NAVIDBAKHSH	USA	PTF	2:1
american-open-west-2026	Senior Women -57kg	SF	117	GRACE SHIBA	USA	Michelle KHARE	USA	PTF	2:0
american-open-west-2026	Senior Women -57kg	QF	109	RYAN ARAUJO	USA	Lexi SADLER	USA	PTF	2:0
american-open-west-2026	Senior Women -57kg	QF	110	Mia LYDIA	USA	CAMILA RIVERO	USA	PTF	2:0
american-open-west-2026	Senior Women -57kg	SF	118	RYAN ARAUJO	USA	Mia LYDIA	USA	PTF	2:0
american-open-west-2026	Senior Women -57kg	F	122	GRACE SHIBA	USA	RYAN ARAUJO	USA	PTF	2:0
american-open-west-2026	Senior Women -62kg	QF	604	CAITLYN COX	USA	Emma CONNALLY	USA	PTF	2:0
american-open-west-2026	Senior Women -62kg	SF	615	CAITLYN COX	USA	CHRISTINA CHIMAL	USA	PTF	2:0
american-open-west-2026	Senior Women -62kg	QF	605	Leslie Jasmine REI	USA	GABRIELA DE JESUS	USA	PTF	2:0
american-open-west-2026	Senior Women -62kg	QF	606	ARA ZANDIEH	USA	SOPHIA MONARREZ	USA	PTF	2:0
american-open-west-2026	Senior Women -62kg	SF	616	Leslie Jasmine REI	USA	ARA ZANDIEH	USA	PTF	2:0
american-open-west-2026	Senior Women -62kg	F	621	CAITLYN COX	USA	Leslie Jasmine REI	USA	PTF	2:0
american-open-west-2026	Senior Women -73kg	F	516	LEANNA CHAN	USA	Michelle WARREN	USA	PTF	2:0
american-open-west-2026	Senior Men -54kg	QF	426	JOAQUIN LUCIANO	USA	NATHANIEL TAING	USA	PTF	2:0
american-open-west-2026	Senior Men -54kg	QF	427	ALEJANDRO MEDINA	USA	ISAIAH GONZALES	USA	PTF	2:1
american-open-west-2026	Senior Men -54kg	SF	432	JOAQUIN LUCIANO	USA	ALEJANDRO MEDINA	USA	PTF	2:0
american-open-west-2026	Senior Men -54kg	QF	428	Ryan MARTINE	USA	EDISON ROSBARSKY	USA	PTF	2:0
american-open-west-2026	Senior Men -54kg	QF	429	MICHAEL IGNACIO	USA	Carlos VARGAS	USA	RSC	2:0
american-open-west-2026	Senior Men -54kg	SF	433	MICHAEL IGNACIO	USA	Ryan MARTINE	USA	PTF	2:0
american-open-west-2026	Senior Men -54kg	F	435	JOAQUIN LUCIANO	USA	MICHAEL IGNACIO	USA	PTF	2:0
american-open-west-2026	Senior Men -58kg	R16	101	PRAHCHOMVONG THAY	USA	NICHOLAS KNIGHT	USA	PTF	2:0
american-open-west-2026	Senior Men -58kg	R16	102	LESILI BERTELSEN	USA	Ryan MILLER	USA	PTF	2:0
american-open-west-2026	Senior Men -58kg	R16	103	Jonny LIU	USA	SERGI SERPUKHOVITINOV	USA	PTF	2:1
american-open-west-2026	Senior Men -58kg	QF	111	TRINIDAD SAABEDRA	USA	PRAHCHOMVONG THAY	USA	PTF	2:1
american-open-west-2026	Senior Men -58kg	QF	112	LESILI BERTELSEN	USA	Jonny LIU	USA	PTF	2:0
american-open-west-2026	Senior Men -58kg	SF	119	TRINIDAD SAABEDRA	USA	LESILI BERTELSEN	USA	PTF	2:0
american-open-west-2026	Senior Men -58kg	R16	104	FERNANDO PEREZ	USA	Dezman GALWAY	USA	PTF	2:0
american-open-west-2026	Senior Men -58kg	R16	105	Alejandro RAYAS	USA	FELIX MONTIEL	USA	PTF	2:0
american-open-west-2026	Senior Men -58kg	R16	106	COLE NORETTO	USA	AIDAN NO	USA	PTF	2:0
american-open-west-2026	Senior Men -58kg	QF	113	Alejandro RAYAS	USA	FERNANDO PEREZ	USA	PTF	2:1
american-open-west-2026	Senior Men -58kg	QF	114	JOSEPH MANG	USA	COLE NORETTO	USA	PTF	2:0
american-open-west-2026	Senior Men -58kg	SF	120	Alejandro RAYAS	USA	JOSEPH MANG	USA	PTF	2:0
american-open-west-2026	Senior Men -58kg	F	123	TRINIDAD SAABEDRA	USA	Alejandro RAYAS	USA	PTF	2:0
american-open-west-2026	Senior Men -63kg	R16	602	Abd Alsalam ALOUBEADY	USA	Angelo GARZA	USA	PTF	2:0
american-open-west-2026	Senior Men -63kg	QF	611	Abd Alsalam ALOUBEADY	USA	RODRIGO NEGRETE	USA	PTF	2:1
american-open-west-2026	Senior Men -63kg	QF	612	KENNETH KWON	USA	Constantine KIM	USA	PTF	2:0
american-open-west-2026	Senior Men -63kg	SF	619	Abd Alsalam ALOUBEADY	USA	KENNETH KWON	USA	PTF	2:1
american-open-west-2026	Senior Men -63kg	R16	603	ERIC FRENKEL	USA	SANTIAGO ENRIQUE SANDEJAS	USA	PTF	2:0
american-open-west-2026	Senior Men -63kg	QF	613	JACK BOMMERSBACH	USA	Mandan SANDVEN	USA	PTF	2:1
american-open-west-2026	Senior Men -63kg	QF	614	ERIC FRENKEL	USA	CHRISTOPHER ALLEN	USA	PTF	2:1
american-open-west-2026	Senior Men -63kg	SF	620	ERIC FRENKEL	USA	JACK BOMMERSBACH	USA	PTF	2:0
american-open-west-2026	Senior Men -63kg	F	623	ERIC FRENKEL	USA	Abd Alsalam ALOUBEADY	USA	PTF	2:0
american-open-west-2026	Senior Men -68kg	R16	601	Gabriel SANDOVAL	USA	Jihoon HAN	USA	DSQ	
american-open-west-2026	Senior Men -68kg	QF	607	JORDAN PANOTES	USA	Gabriel SANDOVAL	USA	PTF	2:0
american-open-west-2026	Senior Men -68kg	QF	608	MARC-DANIEL JUMANAN	USA	MARTIN MAMADALIEV	USA	PTF	2:0
american-open-west-2026	Senior Men -68kg	SF	617	MARC-DANIEL JUMANAN	USA	JORDAN PANOTES	USA	PTF	2:0
american-open-west-2026	Senior Men -68kg	QF	609	ERIC MORGAN	USA	Alexander HUNTER	USA	PTF	2:0
american-open-west-2026	Senior Men -68kg	QF	610	RAY HUERTA	USA	Matt JEAN-BAPTISTO	USA	PTF	2:0
american-open-west-2026	Senior Men -68kg	SF	618	RAY HUERTA	USA	ERIC MORGAN	USA	PTF	2:0
american-open-west-2026	Senior Men -68kg	F	622	MARC-DANIEL JUMANAN	USA	RAY HUERTA	USA	PTF	2:1
american-open-west-2026	Senior Men -74kg	QF	521	BARRON MOSTELLER	USA	BENJAMIN REGALADO	USA	PTF	2:0
american-open-west-2026	Senior Men -74kg	SF	530	BARRON MOSTELLER	USA	TIMOTHY SALAS	USA	PTF	2:0
american-open-west-2026	Senior Men -74kg	QF	522	Emilio GONZALEZ	USA	ALAN ORTIZ	USA	PTF	2:0
american-open-west-2026	Senior Men -74kg	SF	531	Namir SINGLETON	USA	Emilio GONZALEZ	USA	PTF	2:0
american-open-west-2026	Senior Men -74kg	F	537	BARRON MOSTELLER	USA	Namir SINGLETON	USA	PTF	2:0
american-open-west-2026	Senior Men -80kg	SF	512	SERGIO CASTILLO	USA	JOSHUA RIGG	USA	WDR	1:0
american-open-west-2026	Senior Men -80kg	SF	513	PETER SOKOLENKO	USA	DEVIN CASSELL	USA	PTF	2:1
american-open-west-2026	Senior Men -80kg	F	518	PETER SOKOLENKO	USA	SERGIO CASTILLO	USA	PTF	2:0
american-open-west-2026	Senior Men -87kg	SF	511	Justin JIMENEZ	USA	Yazid VAZQUEZ	USA	PTF	2:0
american-open-west-2026	Senior Men -87kg	F	517	KEVIN HUYNH	USA	Justin JIMENEZ	USA	WDR	
american-open-west-2026	Senior Men +87kg	QF	406	Nicholas HO	USA	BOBBY DARVISH	USA	PTF	2:0
american-open-west-2026	Senior Men +87kg	SF	414	NICHOLAS CARLO	USA	Nicholas HO	USA	PTF	2:0
american-open-west-2026	Senior Men +87kg	SF	415	KAI GOLDBLATT	USA	NICHOLAS CAGGIA	USA	WDR	2:0
american-open-west-2026	Senior Men +87kg	F	420	NICHOLAS CARLO	USA	KAI GOLDBLATT	USA	PTF	2:0
