bangkok-grand-prix-challenge-2025	Senior Men -68kg	JANG Jun	KOR	2
bangkok-grand-prix-challenge-2025	Senior Men -68kg	FUANGNOI Thanapoom	THA	
bangkok-grand-prix-challenge-2025	Senior Men -68kg	PARK Braven	CAN	
bangkok-grand-prix-challenge-2025	Senior Men -68kg	OSIN Maksim	AIN	
bangkok-grand-prix-challenge-2025	Senior Men -68kg	JUNG Woo-hyeok	KOR	
bangkok-grand-prix-challenge-2025	Senior Men -68kg	SOUZA DINIZ Joao victor	BRA	
bangkok-grand-prix-challenge-2025	Senior Men -68kg	LAO Nusair	PHI	
bangkok-grand-prix-challenge-2025	Senior Men -68kg	OTHMAN Mohammad	JOR	
bangkok-grand-prix-challenge-2025	Senior Men -68kg	ALHALAWANI Zaid	JOR	
bangkok-grand-prix-challenge-2025	Senior Men -68kg	VICENTE YUNTA Adrian	ESP	3
bangkok-grand-prix-challenge-2025	Senior Men -68kg	AVIDAN Ben	ISR	
bangkok-grand-prix-challenge-2025	Senior Men -68kg	PHROMPATJU Krittayot	THA	
bangkok-grand-prix-challenge-2025	Senior Men -68kg	SHULENOV Damir	KAZ	
bangkok-grand-prix-challenge-2025	Senior Men -68kg	NIU Guansen	CHN	
bangkok-grand-prix-challenge-2025	Senior Men -68kg	SHISHKO Dmitrii	AIN	
bangkok-grand-prix-challenge-2025	Senior Men -68kg	FREDRICKS Justin	USA	
bangkok-grand-prix-challenge-2025	Senior Men -68kg	NAZAROV Nazarali	UZB	
bangkok-grand-prix-challenge-2025	Senior Men -68kg	RODRIGUEZ Maikol	USA	
bangkok-grand-prix-challenge-2025	Senior Men -68kg	ABABAKIROV Samirkhon	KAZ	
bangkok-grand-prix-challenge-2025	Senior Men -68kg	KARKI Dhruv	IND	
bangkok-grand-prix-challenge-2025	Senior Men -68kg	KUMAR Ajay	IND	
bangkok-grand-prix-challenge-2025	Senior Men -68kg	COULIBALY Sekou	LUX	
bangkok-grand-prix-challenge-2025	Senior Men -68kg	ABAD EXPOSITO Iker	ESP	
bangkok-grand-prix-challenge-2025	Senior Men -68kg	TUKHLIBOEV Diyorbek	UZB	
bangkok-grand-prix-challenge-2025	Senior Men -68kg	BEGIMBETOV Amanbol	KAZ	
bangkok-grand-prix-challenge-2025	Senior Men -68kg	CHEN Cheng	CHN	
bangkok-grand-prix-challenge-2025	Senior Men -68kg	SEONG Yuhyeon	KOR	
bangkok-grand-prix-challenge-2025	Senior Men -68kg	VYKOV Amir	AIN	
bangkok-grand-prix-challenge-2025	Senior Men -68kg	DEEPANSHU Deepanshu	IND	
bangkok-grand-prix-challenge-2025	Senior Men -68kg	AL NASHASH Hamzeh	JOR	
bangkok-grand-prix-challenge-2025	Senior Men -68kg	SALIM Omar gergely	HUN	
bangkok-grand-prix-challenge-2025	Senior Men -68kg	SRITIMONGKOL Napat	THA	
bangkok-grand-prix-challenge-2025	Senior Men -68kg	MUN Jinho	KOR	1
bangkok-grand-prix-challenge-2025	Senior Men -68kg	- Naveen	IND	
bangkok-grand-prix-challenge-2025	Senior Men -68kg	LAMPHAO Nithikorn	THA	
bangkok-grand-prix-challenge-2025	Senior Men -68kg	ABDUSALAMOV Magomed	AIN	
bangkok-grand-prix-challenge-2025	Senior Women -49kg	KIM Hyang-gi	KOR	
bangkok-grand-prix-challenge-2025	Senior Women -49kg	KAMKASOUMPHOU Maysane	FRA	
bangkok-grand-prix-challenge-2025	Senior Women -49kg	YE Xiaoting	CHN	
bangkok-grand-prix-challenge-2025	Senior Women -49kg	FU Xiaolu	CHN	2
bangkok-grand-prix-challenge-2025	Senior Women -49kg	KIM Minseo	KOR	
bangkok-grand-prix-challenge-2025	Senior Women -49kg	OKAMOTO Ruka	JPN	
bangkok-grand-prix-challenge-2025	Senior Women -49kg	JONGKOLRATTANAWATTANA Chutikan	THA	
bangkok-grand-prix-challenge-2025	Senior Women -49kg	ALIEVA Margarita	AIN	
bangkok-grand-prix-challenge-2025	Senior Women -49kg	MEDVEDEVA Galina	AIN	
bangkok-grand-prix-challenge-2025	Senior Women -49kg	GEORGIOU Melina	GRE	
bangkok-grand-prix-challenge-2025	Senior Women -49kg	MORAMAT Panbua	THA	
bangkok-grand-prix-challenge-2025	Senior Women -49kg	POOLKERD Patcharakan	THA	3
bangkok-grand-prix-challenge-2025	Senior Women -49kg	CEREZO IGLESIAS Adriana	ESP	
bangkok-grand-prix-challenge-2025	Senior Women -49kg	KAMKASOUMPHOU Lenya	FRA	
bangkok-grand-prix-challenge-2025	Senior Women -49kg	OCEGUERA Sophia	USA	
bangkok-grand-prix-challenge-2025	Senior Women -49kg	LEE Ye-ji	KOR	1
bangkok-grand-prix-challenge-2025	Senior Women -49kg	JIANG Yi-syuan	TPE	
bangkok-grand-prix-challenge-2025	Senior Women -49kg	WANG Shiyi	CHN	
bangkok-grand-prix-challenge-2025	Senior Women -49kg	OKAZAKI Hinata	JPN	
bangkok-grand-prix-challenge-2025	Senior Women -49kg	CHA Jeongeun	KOR	
bangkok-grand-prix-challenge-2025	Senior Women -49kg	MATA Maya	USA	
bangkok-grand-prix-challenge-2025	Senior Women -49kg	KHASANOVA Laylo	UZB	
bangkok-grand-prix-challenge-2025	Senior Women -49kg	BEZERRA Camila	BRA	
bangkok-grand-prix-challenge-2025	Senior Women -49kg	SEEKEN Kamonchanok	THA	
bangkok-grand-prix-challenge-2025	Senior Men -58kg	PARK Tae-joon	KOR	3
bangkok-grand-prix-challenge-2025	Senior Men -58kg	CARRILLO Joseph	USA	
bangkok-grand-prix-challenge-2025	Senior Men -58kg	ARILLO VAZQUEZ Hugo	ESP	
bangkok-grand-prix-challenge-2025	Senior Men -58kg	FRAILE RODRIGUEZ Jesus	ESP	
bangkok-grand-prix-challenge-2025	Senior Men -58kg	KAMKASOUMPHOU Aissa	FRA	
bangkok-grand-prix-challenge-2025	Senior Men -58kg	JAICHOO Wisawakorn	THA	
bangkok-grand-prix-challenge-2025	Senior Men -58kg	DIMITROPOULOS Konstantinos	GRE	
bangkok-grand-prix-challenge-2025	Senior Men -58kg	DE MORAES Giovanni aubin	BRA	
bangkok-grand-prix-challenge-2025	Senior Men -58kg	SINGH CHOTIYA Dharmendra	IND	
bangkok-grand-prix-challenge-2025	Senior Men -58kg	KUMAR Aman	IND	
bangkok-grand-prix-challenge-2025	Senior Men -58kg	GUN Youngsuk ethan	USA	
bangkok-grand-prix-challenge-2025	Senior Men -58kg	KIM Jongmyeong	KOR	2
bangkok-grand-prix-challenge-2025	Senior Men -58kg	BARBOSA Kurt bryan	PHI	
bangkok-grand-prix-challenge-2025	Senior Men -58kg	SINSANG Ittiporn	THA	
bangkok-grand-prix-challenge-2025	Senior Men -58kg	ALDAOUD Ja'afar	JOR	
bangkok-grand-prix-challenge-2025	Senior Men -58kg	BAE Jun-seo	KOR	
bangkok-grand-prix-challenge-2025	Senior Men -58kg	TAECHARATTANAWIBOON Thanat	THA	
bangkok-grand-prix-challenge-2025	Senior Men -58kg	OTAJONOV Omonjon	UZB	
bangkok-grand-prix-challenge-2025	Senior Men -58kg	MAHAMAD Sirawit	THA	
bangkok-grand-prix-challenge-2025	Senior Men -58kg	MONDACA-WANG Ian	USA	
bangkok-grand-prix-challenge-2025	Senior Men -58kg	CHEN Pen-ren	TPE	
bangkok-grand-prix-challenge-2025	Senior Men -58kg	YANG Huichan	KOR	
bangkok-grand-prix-challenge-2025	Senior Men -58kg	MELO Paulo	BRA	
bangkok-grand-prix-challenge-2025	Senior Men -58kg	WEEKES Jeremi	PUR	
bangkok-grand-prix-challenge-2025	Senior Men -58kg	HUANG Jincheng	CHN	
bangkok-grand-prix-challenge-2025	Senior Men -58kg	HUANG Kefen	CHN	1
bangkok-grand-prix-challenge-2025	Senior Men -58kg	SALIM Sharif gergely	HUN	
bangkok-grand-prix-challenge-2025	Senior Men -58kg	CUNNINGHAM William	USA	
bangkok-grand-prix-challenge-2025	Senior Men -58kg	KHUDAYBERDIEV Jakhongir	UZB	
bangkok-grand-prix-challenge-2025	Senior Women +67kg	CHAARI Sarah	BEL	2
bangkok-grand-prix-challenge-2025	Senior Women +67kg	XIAO Shunan	CHN	
bangkok-grand-prix-challenge-2025	Senior Women +67kg	MUSLIMOVA Linara	AIN	
bangkok-grand-prix-challenge-2025	Senior Women +67kg	KITSIOU Agoritsa artemia	GRE	
bangkok-grand-prix-challenge-2025	Senior Women +67kg	BARUA Rodali	IND	
bangkok-grand-prix-challenge-2025	Senior Women +67kg	CHUENCHOOKLIN Kannaluck	THA	
bangkok-grand-prix-challenge-2025	Senior Women +67kg	ZHOU Zeqi	CHN	
bangkok-grand-prix-challenge-2025	Senior Women +67kg	ABO-ALRUB Rama	JOR	
bangkok-grand-prix-challenge-2025	Senior Women +67kg	BAE Ariane	KOR	
bangkok-grand-prix-challenge-2025	Senior Women +67kg	VIANA Alena	USA	
bangkok-grand-prix-challenge-2025	Senior Women +67kg	XU Lei	CHN	1
bangkok-grand-prix-challenge-2025	Senior Women +67kg	WEEKES Crystal	PUR	
bangkok-grand-prix-challenge-2025	Senior Women +67kg	OH Seungju	KOR	
bangkok-grand-prix-challenge-2025	Senior Women +67kg	JUNG Eunbin	KOR	
bangkok-grand-prix-challenge-2025	Senior Women +67kg	SONG Da bin	KOR	3
bangkok-grand-prix-challenge-2025	Senior Men +80kg	KANG Sanghyun	KOR	
bangkok-grand-prix-challenge-2025	Senior Men +80kg	KIM Woojin	KOR	3
bangkok-grand-prix-challenge-2025	Senior Men +80kg	LIU Zhaoyang	CHN	
bangkok-grand-prix-challenge-2025	Senior Men +80kg	MICHOPOULOS Sotirios	GRE	
bangkok-grand-prix-challenge-2025	Senior Men +80kg	ISAACS Aaron	USA	
bangkok-grand-prix-challenge-2025	Senior Men +80kg	YANG Junyoung	KOR	
bangkok-grand-prix-challenge-2025	Senior Men +80kg	THOLIOTIS Vasileios	GRE	2
bangkok-grand-prix-challenge-2025	Senior Men +80kg	GARCIA MARTINEZ Ivan	ESP	
bangkok-grand-prix-challenge-2025	Senior Men +80kg	PARK Woo hyeok	KOR	
bangkok-grand-prix-challenge-2025	Senior Men +80kg	SALAEV Shukhrat	UZB	1
bangkok-grand-prix-challenge-2025	Senior Men +80kg	RODRIGUEZ Michael c.	USA	
bangkok-grand-prix-challenge-2025	Senior Men +80kg	GOMIS Paivou johnouario	GBS	
bangkok-grand-prix-challenge-2025	Senior Men +80kg	KRIUCHKOV Nikta	AIN	
bangkok-grand-prix-challenge-2025	Senior Men +80kg	MAVLONOV Marat	UZB	
bangkok-grand-prix-challenge-2025	Senior Women -67kg	TITONELI Milena	BRA	
bangkok-grand-prix-challenge-2025	Senior Women -67kg	WANG Chengyi	CHN	
bangkok-grand-prix-challenge-2025	Senior Women -67kg	MACEDO Sandy	BRA	
bangkok-grand-prix-challenge-2025	Senior Women -67kg	LEE Gaeun	KOR	
bangkok-grand-prix-challenge-2025	Senior Women -67kg	MOTLOKH Sofiia	AIN	
bangkok-grand-prix-challenge-2025	Senior Women -67kg	HYDER Afreen	IND	
bangkok-grand-prix-challenge-2025	Senior Women -67kg	SONG Jie	CHN	
bangkok-grand-prix-challenge-2025	Senior Women -67kg	LEE Ava soon	HAI	
bangkok-grand-prix-challenge-2025	Senior Women -67kg	SARVANAKI Theopoula	GRE	
bangkok-grand-prix-challenge-2025	Senior Women -67kg	MARENTAKI Styliani	GRE	
bangkok-grand-prix-challenge-2025	Senior Women -67kg	CASTRO BURGOS Cecilia	ESP	
bangkok-grand-prix-challenge-2025	Senior Women -67kg	CHAREEWAN Piyachatrutai	THA	
bangkok-grand-prix-challenge-2025	Senior Women -67kg	KWAK Min-ju	KOR	1
bangkok-grand-prix-challenge-2025	Senior Women -67kg	TEACHOUT Kristina	USA	
bangkok-grand-prix-challenge-2025	Senior Women -67kg	DELO Laila	PHI	
bangkok-grand-prix-challenge-2025	Senior Women -67kg	GBAGBI Ruth	CIV	
bangkok-grand-prix-challenge-2025	Senior Women -67kg	CHEN Ximin	CHN	
bangkok-grand-prix-challenge-2025	Senior Women -67kg	CHOE Boyoung	KOR	
bangkok-grand-prix-challenge-2025	Senior Women -67kg	HONG Hyo rim	KOR	3
bangkok-grand-prix-challenge-2025	Senior Women -67kg	ALRAWASHDEH Razan mohammed	JOR	
bangkok-grand-prix-challenge-2025	Senior Women -67kg	BAJAJ Magan	IND	
bangkok-grand-prix-challenge-2025	Senior Women -67kg	LO Chia-ling	TPE	
bangkok-grand-prix-challenge-2025	Senior Women -67kg	XING Jiani	CHN	2
bangkok-grand-prix-challenge-2025	Senior Women -67kg	ZHELEZNOVA Viktoriia	AIN	
bangkok-grand-prix-challenge-2025	Senior Women -67kg	SKVORTSOVA Kira	AIN	
bangkok-grand-prix-challenge-2025	Senior Women -67kg	SOBIRJONOVA Ozoda	UZB	
bangkok-grand-prix-challenge-2025	Senior Men -80kg	RODRIGUES FERNANDES Henrique marques	BRA	1
bangkok-grand-prix-challenge-2025	Senior Men -80kg	ZHAO Junbo	CHN	
bangkok-grand-prix-challenge-2025	Senior Men -80kg	PARK Jae won	KOR	
bangkok-grand-prix-challenge-2025	Senior Men -80kg	KATOH Takato	JPN	
bangkok-grand-prix-challenge-2025	Senior Men -80kg	SAEJO Thanathorn	THA	
bangkok-grand-prix-challenge-2025	Senior Men -80kg	KULKUSOL Chayanin	THA	
bangkok-grand-prix-challenge-2025	Senior Men -80kg	QUESADA BARRERA Daniel	ESP	
bangkok-grand-prix-challenge-2025	Senior Men -80kg	RODRIGUES Victor	USA	
bangkok-grand-prix-challenge-2025	Senior Men -80kg	PARK Tae ku	CAN	
bangkok-grand-prix-challenge-2025	Senior Men -80kg	ZHURABOEV Yodgorbek	UZB	
bangkok-grand-prix-challenge-2025	Senior Men -80kg	YOUNG Isaiah	USA	
bangkok-grand-prix-challenge-2025	Senior Men -80kg	CEA Dave	PHI	
bangkok-grand-prix-challenge-2025	Senior Men -80kg	SHIMANSKIY Vladislav	AIN	
bangkok-grand-prix-challenge-2025	Senior Men -80kg	XIANG Qizhang	CHN	
bangkok-grand-prix-challenge-2025	Senior Men -80kg	SEO Geon-woo	KOR	2
bangkok-grand-prix-challenge-2025	Senior Men -80kg	LEE Yoon-hee	KOR	
bangkok-grand-prix-challenge-2025	Senior Men -80kg	MERCER Jack woody	THA	
bangkok-grand-prix-challenge-2025	Senior Men -80kg	CAI Zhaoxun	CHN	
bangkok-grand-prix-challenge-2025	Senior Men -80kg	POS Ivan	AIN	
bangkok-grand-prix-challenge-2025	Senior Men -80kg	PONTES Edival	BRA	
bangkok-grand-prix-challenge-2025	Senior Men -80kg	PAPADOPOULOS Ioannis	GRE	
bangkok-grand-prix-challenge-2025	Senior Men -80kg	ELSHARABATY Saleh	JOR	
bangkok-grand-prix-challenge-2025	Senior Men -80kg	OMAROV Magomedrasul	AIN	
bangkok-grand-prix-challenge-2025	Senior Men -80kg	FLOUSKOUNIS Charalampos	GRE	
bangkok-grand-prix-challenge-2025	Senior Men -80kg	KANG Jaegwon	KOR	
bangkok-grand-prix-challenge-2025	Senior Men -80kg	ALADARBI Mohammad	JOR	
bangkok-grand-prix-challenge-2025	Senior Men -80kg	CHO Chaichon	THA	
bangkok-grand-prix-challenge-2025	Senior Men -80kg	NICKOLAS CJ	USA	3
bangkok-grand-prix-challenge-2025	Senior Women -57kg	PACHECO Maria clara	BRA	
bangkok-grand-prix-challenge-2025	Senior Women -57kg	KIM Yumin	KOR	
bangkok-grand-prix-challenge-2025	Senior Women -57kg	KUCHINA Viktorya	AIN	
bangkok-grand-prix-challenge-2025	Senior Women -57kg	ABDUVALIEVA Shabona	UZB	
bangkok-grand-prix-challenge-2025	Senior Women -57kg	CANABAL Baby jessica	PHI	
bangkok-grand-prix-challenge-2025	Senior Women -57kg	KHIRFAN Fadia	JOR	3
bangkok-grand-prix-challenge-2025	Senior Women -57kg	RATSAMEPRAPA Orawan	THA	
bangkok-grand-prix-challenge-2025	Senior Women -57kg	KAMKASOUMPHOU Alliyah	FRA	
bangkok-grand-prix-challenge-2025	Senior Women -57kg	MIRABZALOVA Madina	UZB	
bangkok-grand-prix-challenge-2025	Senior Women -57kg	ZHANG Chuling	CHN	2
bangkok-grand-prix-challenge-2025	Senior Women -57kg	YANG Qingmei	CHN	
bangkok-grand-prix-challenge-2025	Senior Women -57kg	TEPINA Alina	AIN	
bangkok-grand-prix-challenge-2025	Senior Women -57kg	TZELI Fani	GRE	
bangkok-grand-prix-challenge-2025	Senior Women -57kg	XU Yinuo	CHN	
bangkok-grand-prix-challenge-2025	Senior Women -57kg	MALIK Kashish	IND	
bangkok-grand-prix-challenge-2025	Senior Women -57kg	SHOROKHOVA Ekaterina	AIN	
bangkok-grand-prix-challenge-2025	Senior Women -57kg	PARK Skylar	CAN	
bangkok-grand-prix-challenge-2025	Senior Women -57kg	LUO Zongshi	CHN	
bangkok-grand-prix-challenge-2025	Senior Women -57kg	SAIMUEANG Nutnicha	THA	
bangkok-grand-prix-challenge-2025	Senior Women -57kg	JIANG Yi-shan	TPE	
bangkok-grand-prix-challenge-2025	Senior Women -57kg	KATOH Yuzuho	JPN	
bangkok-grand-prix-challenge-2025	Senior Women -57kg	RODRIGUEZ MARQUINA Laura	ESP	
bangkok-grand-prix-challenge-2025	Senior Women -57kg	KIM Nanhee	KOR	
bangkok-grand-prix-challenge-2025	Senior Women -57kg	SHINKAWA Manami	JPN	
bangkok-grand-prix-challenge-2025	Senior Women -57kg	DILLON Faith	USA	
bangkok-grand-prix-challenge-2025	Senior Women -57kg	KIM Gahyeon	KOR	
bangkok-grand-prix-challenge-2025	Senior Women -57kg	WASSANA Natkamon	THA	
bangkok-grand-prix-challenge-2025	Senior Women -57kg	BOMMERSBACH Luci	USA	
bangkok-grand-prix-challenge-2025	Senior Women -57kg	NISHIDA Mao	JPN	
bangkok-grand-prix-challenge-2025	Senior Women -57kg	VILLEGAS MACHORRO Fabiola guadalupe	MEX	
bangkok-grand-prix-challenge-2025	Senior Women -57kg	ZDOR Kseniia	AIN	
bangkok-grand-prix-challenge-2025	Senior Women -57kg	SOTTHISET Natcha	THA	
bangkok-grand-prix-challenge-2025	Senior Women -57kg	KIM Yu-jin	KOR	1
