belgian-open-2025	Senior Men -54kg	R32	203	DANGNOK Nattaporn	THA	KAMKASOUMPHOU Aissa	FRA	PTF	2:0
belgian-open-2025	Senior Men -54kg	R32	204	MARWAN Mussa	SWE	HOARAU Ichem	FRA	PTF	2:0
belgian-open-2025	Senior Men -54kg	R32	205	BAILEY Thomas	GBR	AKAOUI Hamza	FRA	PTF	2:0
belgian-open-2025	Senior Men -54kg	R32	206	RAZAKASOA Andrew	FRA	ZENTENO Angel caballero	GER	PTF	2:0
belgian-open-2025	Senior Men -54kg	R32	207	GULUZADE Bahruz	AZE	CHANG Lenny	FRA	PTF	2:0
belgian-open-2025	Senior Men -54kg	R32	208	QALA Abdulmajeed mohammed t	KSA	REDING Alan je	LUX	PTF	2:0
belgian-open-2025	Senior Men -54kg	R32	209	MAMMADOV Khidir	AZE	LEE Geonho	KOR	PTF	2:0
belgian-open-2025	Senior Men -54kg	R32	210	BOUHAJEB Yassine	FRA	CHANG Simon	FRA		
belgian-open-2025	Senior Men -54kg	R16	215	DANGNOK Nattaporn	THA	ALESIO CAPOLINI Mathis	FRA	PTF	2:0
belgian-open-2025	Senior Men -54kg	R16	216	MARWAN Mussa	SWE	KITADE Tatsuya	JPN	PTF	2:0
belgian-open-2025	Senior Men -54kg	R16	217	GARCIA Noah	FRA	BAILEY Thomas	GBR	PTF	2:0
belgian-open-2025	Senior Men -54kg	R16	218	BOUKARNIA Hamza	FRA	RAZAKASOA Andrew	FRA	PTF	2:0
belgian-open-2025	Senior Men -54kg	R16	219	GULUZADE Bahruz	AZE	DELGADO David	ESP	PTF	2:0
belgian-open-2025	Senior Men -54kg	R16	220	QALA Abdulmajeed mohammed t	KSA	BERUBE Zachary	CAN	PTF	2:1
belgian-open-2025	Senior Men -54kg	R16	221	MAMMADOV Khidir	AZE	BAHROUM Mohamed	FRA	PTF	2:0
belgian-open-2025	Senior Men -54kg	R16	222	HEALY Seth	AUS	BOUHAJEB Yassine	FRA	PTF	2:0
belgian-open-2025	Senior Men -54kg	QF	223	MARWAN Mussa	SWE	DANGNOK Nattaporn	THA	PTF	2:1
belgian-open-2025	Senior Men -54kg	QF	224	GARCIA Noah	FRA	BOUKARNIA Hamza	FRA	PTF	2:1
belgian-open-2025	Senior Men -54kg	QF	225	GULUZADE Bahruz	AZE	QALA Abdulmajeed mohammed t	KSA	PTF	2:1
belgian-open-2025	Senior Men -54kg	QF	226	MAMMADOV Khidir	AZE	HEALY Seth	AUS	PTF	2:0
belgian-open-2025	Senior Men -54kg	SF	227	MARWAN Mussa	SWE	GARCIA Noah	FRA	PTF	2:1
belgian-open-2025	Senior Men -54kg	SF	228	GULUZADE Bahruz	AZE	MAMMADOV Khidir	AZE	PTF	2:1
belgian-open-2025	Senior Men -54kg	F	229	GULUZADE Bahruz	AZE	MARWAN Mussa	SWE	PTF	2:1
belgian-open-2025	Senior Men -58kg	R32	903	LABONG Finn	GBR	MOZAFARI Ehsan	NED	PTF	2:0
belgian-open-2025	Senior Men -58kg	R32	904	ALLEN Chris	USA	DORE Anthony	FRA	PTF	2:1
belgian-open-2025	Senior Men -58kg	R32	905	MAHAMAD Sirawit	THA	SAHLI Bilal	FRA	PTF	2:0
belgian-open-2025	Senior Men -58kg	R32	906	DE MORAES Giovanni aubin	BRA	MARA Jibryl	FRA	PTF	2:0
belgian-open-2025	Senior Men -58kg	R32	907	BATHILY Sirre	FRA	EL HILALI Ayoub	BEL		
belgian-open-2025	Senior Men -58kg	R16	910	RODRIGUEZ Ilay	PUR	LABONG Finn	GBR	PTF	2:0
belgian-open-2025	Senior Men -58kg	R16	911	BOUKARNIA Amine	FRA	VALIYEV Rahid	AZE	PTF	2:1
belgian-open-2025	Senior Men -58kg	R16	912	SIMPARA Youssouf	MLI	ALLEN Chris	USA	PTF	2:1
belgian-open-2025	Senior Men -58kg	R16	913	MAHAMAD Sirawit	THA	MOLLE Milan	NED	PTF	2:1
belgian-open-2025	Senior Men -58kg	R16	914	DE MORAES Giovanni aubin	BRA	BEDART Samuel	FRA	PTF	2:0
belgian-open-2025	Senior Men -58kg	R16	915	DADASHOV Sayyad	AZE	SARSOZA Zack	GBR	PTF	2:1
belgian-open-2025	Senior Men -58kg	R16	916	MANENKOV Maksym	UKR	BENITEZ Norberto	PUR	PTF	2:0
belgian-open-2025	Senior Men -58kg	R16	917	CONTRERAS Aaron	CHI	BATHILY Sirre	FRA	PTF	2:0
belgian-open-2025	Senior Men -58kg	QF	920	BOUKARNIA Amine	FRA	RODRIGUEZ Ilay	PUR	PTF	2:1
belgian-open-2025	Senior Men -58kg	QF	921	MAHAMAD Sirawit	THA	SIMPARA Youssouf	MLI	PTF	2:1
belgian-open-2025	Senior Men -58kg	QF	922	DADASHOV Sayyad	AZE	DE MORAES Giovanni aubin	BRA	PTF	2:0
belgian-open-2025	Senior Men -58kg	QF	923	CONTRERAS Aaron	CHI	MANENKOV Maksym	UKR	PTF	2:1
belgian-open-2025	Senior Men -58kg	SF	926	BOUKARNIA Amine	FRA	MAHAMAD Sirawit	THA	PTF	2:1
belgian-open-2025	Senior Men -58kg	SF	927	CONTRERAS Aaron	CHI	DADASHOV Sayyad	AZE	PTF	2:1
belgian-open-2025	Senior Men -58kg	F	929	CONTRERAS Aaron	CHI	BOUKARNIA Amine	FRA	WDR	
belgian-open-2025	Senior Men -63kg	R64	401	MIRZOIEV Samir	UKR	OUADRIA Nabil	ALG	PTF	2:0
belgian-open-2025	Senior Men -63kg	R64	501	DOWN Harrison	AUS	AKHLAGI Mohammad asif	SUI	PTF	2:1
belgian-open-2025	Senior Men -63kg	R64	502	HIGASHIJIMA Seiya	JPN	COULIBALY Fadeby	LUX	PTF	2:0
belgian-open-2025	Senior Men -63kg	R32	404	MIRZOIEV Samir	UKR	MAEDA Hidetaka	JPN	PTF	2:0
belgian-open-2025	Senior Men -63kg	R32	503	RAMOS Gabriel	BRA	YOOSOMSRI Nontawat	GER	PTF	2:0
belgian-open-2025	Senior Men -63kg	R32	504	FUNKENDORF Vladyslav	UKR	HENDRIKS Daan	NED	DSQ	
belgian-open-2025	Senior Men -63kg	R32	505	SETRODIPO Jayden	NED	HAMMANI Marwane	BEL	PTF	2:0
belgian-open-2025	Senior Men -63kg	R32	506	COMPRELLE Enzo	FRA	ANDARABI Habil	GER	PTF	2:0
belgian-open-2025	Senior Men -63kg	R32	507	BORGEN Kristian storsul	NOR	DOWN Harrison	AUS	PTF	2:0
belgian-open-2025	Senior Men -63kg	R32	508	MASSIMINO Christian	AUS	LACHMAN Shivan	NED	PTF	2:0
belgian-open-2025	Senior Men -63kg	R32	509	MAGOMEDOV Gashim	AZE	PIERARD Lucas	BEL	PTF	2:0
belgian-open-2025	Senior Men -63kg	R32	510	CHAN Kin fung	HKG	AMIRALIYEV Farid	AZE	PTF	2:1
belgian-open-2025	Senior Men -63kg	R32	511	SRITIMONGKOL Napat	THA	CLOTAIL Shahin	FRA	PTF	2:0
belgian-open-2025	Senior Men -63kg	R32	512	LOMARTIRE Matias	ITA	LEMMENS Noah	BEL	PTF	2:1
belgian-open-2025	Senior Men -63kg	R32	513	KONATE Ben younouss	CIV	VAN LIMPT Joep	NED	PTF	2:1
belgian-open-2025	Senior Men -63kg	R32	514	BETEL Casimir	CHA	HIGASHIJIMA Seiya	JPN	PTF	2:0
belgian-open-2025	Senior Men -63kg	R32	610	TAHMAZOV Fuad	AZE	SCHOENMAKERS Shymano	NED	PTF	2:0
belgian-open-2025	Senior Men -63kg	R32	611	KHAKSAR Shahram	GER	MOERMANS Seppe	BEL	WDR	
belgian-open-2025	Senior Men -63kg	R32	612	DELEVAL Herwan	FRA	BALTAQI Mohamed	FRA	PTF	2:0
belgian-open-2025	Senior Men -63kg	R16	515	DELEVAL Herwan	FRA	KHAKSAR Shahram	GER	PTF	2:1
belgian-open-2025	Senior Men -63kg	R16	516	RAMOS Gabriel	BRA	FUNKENDORF Vladyslav	UKR	PTF	2:0
belgian-open-2025	Senior Men -63kg	R16	517	SETRODIPO Jayden	NED	COMPRELLE Enzo	FRA	PTF	2:1
belgian-open-2025	Senior Men -63kg	R16	518	BORGEN Kristian storsul	NOR	MASSIMINO Christian	AUS	PTF	2:0
belgian-open-2025	Senior Men -63kg	R16	519	MAGOMEDOV Gashim	AZE	CHAN Kin fung	HKG	PTF	2:0
belgian-open-2025	Senior Men -63kg	R16	520	SRITIMONGKOL Napat	THA	LOMARTIRE Matias	ITA	PTF	2:0
belgian-open-2025	Senior Men -63kg	R16	521	BETEL Casimir	CHA	KONATE Ben younouss	CIV	PTF	2:1
belgian-open-2025	Senior Men -63kg	R16	617	MIRZOIEV Samir	UKR	TAHMAZOV Fuad	AZE	PTF	2:0
belgian-open-2025	Senior Men -63kg	QF	522	MIRZOIEV Samir	UKR	DELEVAL Herwan	FRA	PTF	2:1
belgian-open-2025	Senior Men -63kg	QF	523	RAMOS Gabriel	BRA	SETRODIPO Jayden	NED	PTF	2:0
belgian-open-2025	Senior Men -63kg	QF	524	MAGOMEDOV Gashim	AZE	BORGEN Kristian storsul	NOR	PTF	2:0
belgian-open-2025	Senior Men -63kg	QF	525	BETEL Casimir	CHA	SRITIMONGKOL Napat	THA	PTF	2:1
belgian-open-2025	Senior Men -63kg	SF	526	RAMOS Gabriel	BRA	MIRZOIEV Samir	UKR	PTF	2:1
belgian-open-2025	Senior Men -63kg	SF	527	MAGOMEDOV Gashim	AZE	BETEL Casimir	CHA	PTF	2:0
belgian-open-2025	Senior Men -63kg	F	528	RAMOS Gabriel	BRA	MAGOMEDOV Gashim	AZE	PTF	2:1
belgian-open-2025	Senior Men -68kg	R64	901	COULIBALY Sekou	LUX	MISIEDJAN Bendjino	SUR	PTF	2:0
belgian-open-2025	Senior Men -68kg	R32	908	MAIGA Ibrahim	BUR	COULIBALY Sekou	LUX	PTF	2:0
belgian-open-2025	Senior Men -68kg	R32	1001	KUMAR Siddarth	NED	MEROUANE Brahim	FRA	PTF	2:0
belgian-open-2025	Senior Men -68kg	R32	1002	FALCO Antonio	ITA	MAKHOUKH Mazine	FRA	PTF	2:0
belgian-open-2025	Senior Men -68kg	R32	1003	AL GHOTANY Yahya	RTA	BOON Joram	NED	PTF	2:0
belgian-open-2025	Senior Men -68kg	R32	1004	TSURUOKA Rei	JPN	BRECELY Beau	AUS	PTF	2:0
belgian-open-2025	Senior Men -68kg	R32	1005	SARR Matar	FRA	NAZARIO SANCHEZ Edgardo	PUR	PTF	2:0
belgian-open-2025	Senior Men -68kg	R32	1006	SHIRALIYEV Riyad	AZE	ROSADO CRUZ Yandel	PUR	PTF	2:0
belgian-open-2025	Senior Men -68kg	R32	1007	TUBTIMDANG Banlung	THA	MAKOYAN Chero	BEL	PTF	2:0
belgian-open-2025	Senior Men -68kg	R32	1008	ALAPHILIPPE Souleyman	FRA	JAKOBSEN Carl cai brink	DEN	PTF	2:0
belgian-open-2025	Senior Men -68kg	R32	1009	ALIAN Ali	SWE	SANTIAGO BURGOS Jose daniel	PUR	PTF	2:0
belgian-open-2025	Senior Men -68kg	R32	1010	HARRIS Khalfani	USA	SALIMOV Vasif	AZE	PTF	2:0
belgian-open-2025	Senior Men -68kg	R32	1011	OLIVERO TORO Cristian	CHI	MIRZOIEV Simur	UKR	PTF	2:0
belgian-open-2025	Senior Men -68kg	R32	1012	BYSTROV Volodymyr	UKR	PAVIN Simon	SWE	PTF	2:0
belgian-open-2025	Senior Men -68kg	R32	1013	CAULO Gabriele	ITA	HUSREV Victor	GER	PTF	2:0
belgian-open-2025	Senior Men -68kg	R32	1014	HAKOBYAN Hrach	GER	SIFAOUI Sofiane	FRA	PTF	2:0
belgian-open-2025	Senior Men -68kg	R32	1015	LO Wai fung	HKG	DIALLO Thierno mamadou djogo	GUI	PTF	2:0
belgian-open-2025	Senior Men -68kg	R16	1016	MAIGA Ibrahim	BUR	KUMAR Siddarth	NED	PTF	2:0
belgian-open-2025	Senior Men -68kg	R16	1017	FALCO Antonio	ITA	AL GHOTANY Yahya	RTA	PTF	2:0
belgian-open-2025	Senior Men -68kg	R16	1018	TSURUOKA Rei	JPN	SARR Matar	FRA	PTF	2:1
belgian-open-2025	Senior Men -68kg	R16	1019	TUBTIMDANG Banlung	THA	SHIRALIYEV Riyad	AZE	PTF	2:0
belgian-open-2025	Senior Men -68kg	R16	1020	ALAPHILIPPE Souleyman	FRA	ALIAN Ali	SWE	PTF	2:0
belgian-open-2025	Senior Men -68kg	R16	1021	OLIVERO TORO Cristian	CHI	HARRIS Khalfani	USA	PTF	2:1
belgian-open-2025	Senior Men -68kg	R16	1022	BYSTROV Volodymyr	UKR	CAULO Gabriele	ITA	PTF	2:0
belgian-open-2025	Senior Men -68kg	R16	1023	HAKOBYAN Hrach	GER	LO Wai fung	HKG	PTF	2:0
belgian-open-2025	Senior Men -68kg	QF	1024	MAIGA Ibrahim	BUR	FALCO Antonio	ITA	PTF	2:0
belgian-open-2025	Senior Men -68kg	QF	1025	TUBTIMDANG Banlung	THA	TSURUOKA Rei	JPN	PTF	2:0
belgian-open-2025	Senior Men -68kg	QF	1026	ALAPHILIPPE Souleyman	FRA	OLIVERO TORO Cristian	CHI	PTF	2:0
belgian-open-2025	Senior Men -68kg	QF	1027	BYSTROV Volodymyr	UKR	HAKOBYAN Hrach	GER	PTF	2:0
belgian-open-2025	Senior Men -68kg	SF	1028	TUBTIMDANG Banlung	THA	MAIGA Ibrahim	BUR	PTF	2:1
belgian-open-2025	Senior Men -68kg	SF	1029	ALAPHILIPPE Souleyman	FRA	BYSTROV Volodymyr	UKR	PTF	2:1
belgian-open-2025	Senior Men -68kg	F	1030	TUBTIMDANG Banlung	THA	ALAPHILIPPE Souleyman	FRA	WDR	
belgian-open-2025	Senior Men -74kg	R32	402	TAVAREZ Jann dennis	PUR	VAN DER MEER Sjoerd	NED	PTF	2:0
belgian-open-2025	Senior Men -74kg	R32	403	TAM Ching nam	HKG	ZUNZARREN Inigo	ESP		
belgian-open-2025	Senior Men -74kg	R16	408	RODRIGUES Victor	USA	TAVAREZ Jann dennis	PUR	PTF	2:0
belgian-open-2025	Senior Men -74kg	R16	409	PETIT PHAR Shannon	FRA	DAVASON Hogni	FRO	PTF	2:1
belgian-open-2025	Senior Men -74kg	R16	410	MIGUEL Moncef	FRA	VESTERLUND Linus	SWE	PTF	2:1
belgian-open-2025	Senior Men -74kg	R16	411	AMRI Bassem	FRA	BERGMAN Tintin	SWE	PTF	2:0
belgian-open-2025	Senior Men -74kg	R16	412	DAWOUD Omer	DEN	AGAOGLU Osman	AUS	PTF	2:0
belgian-open-2025	Senior Men -74kg	R16	413	CELIN Lyve-stone	FRA	AIT NACER Ayoub	FRA	RSC	2:0
belgian-open-2025	Senior Men -74kg	R16	414	O FOFANA Seydou	FRA	GUET Matteo	FRA	PTF	2:0
belgian-open-2025	Senior Men -74kg	R16	415	GALLAND Warrick	SUI	TAM Ching nam	HKG	PTF	2:0
belgian-open-2025	Senior Men -74kg	QF	420	RODRIGUES Victor	USA	PETIT PHAR Shannon	FRA	PTF	2:0
belgian-open-2025	Senior Men -74kg	QF	421	MIGUEL Moncef	FRA	AMRI Bassem	FRA	PTF	2:1
belgian-open-2025	Senior Men -74kg	QF	422	DAWOUD Omer	DEN	CELIN Lyve-stone	FRA	PTF	2:1
belgian-open-2025	Senior Men -74kg	QF	423	O FOFANA Seydou	FRA	GALLAND Warrick	SUI	PTF	2:1
belgian-open-2025	Senior Men -74kg	SF	426	RODRIGUES Victor	USA	MIGUEL Moncef	FRA	PTF	2:0
belgian-open-2025	Senior Men -74kg	SF	427	DAWOUD Omer	DEN	O FOFANA Seydou	FRA	PTF	2:0
belgian-open-2025	Senior Men -74kg	F	429	DAWOUD Omer	DEN	RODRIGUES Victor	USA	PTF	2:0
belgian-open-2025	Senior Men -80kg	R32	1101	HOSSEINIBIJIKOLA Omid	GER	CRAVEN-SMITH Ryder	GBR	PTF	2:0
belgian-open-2025	Senior Men -80kg	R32	1102	MERCER Jack  woody	THA	HISENI Luan	GER	PTF	2:0
belgian-open-2025	Senior Men -80kg	R32	1103	MERCIER Charlelie	CAN	COLAK Nayan can	GER	PTF	2:0
belgian-open-2025	Senior Men -80kg	R32	1104	NIKS Pascal	NED	KARABACAK Cihan	BEL	PTF	2:0
belgian-open-2025	Senior Men -80kg	R32	1105	FELICITE Lawrence	FRA	LAWSON Matheo	TOG	PTF	2:1
belgian-open-2025	Senior Men -80kg	R32	1106	JERMAMI Mehdi	FRA	AL HISNAWI Karim	NED		
belgian-open-2025	Senior Men -80kg	R16	1108	NICKOLAS CJ	USA	HOSSEINIBIJIKOLA Omid	GER	PTF	2:1
belgian-open-2025	Senior Men -80kg	R16	1109	AGHAYEV Javad	AZE	THUNE Sebastian	NOR	PTF	2:0
belgian-open-2025	Senior Men -80kg	R16	1110	SWEENEY Liam	AUS	MERCER Jack  woody	THA	PTF	2:0
belgian-open-2025	Senior Men -80kg	R16	1111	CHURCHILL Joaquin	CHI	MERCIER Charlelie	CAN	PTF	2:0
belgian-open-2025	Senior Men -80kg	R16	1112	COULIBALY Ismael	MLI	NIKS Pascal	NED	PTF	2:0
belgian-open-2025	Senior Men -80kg	R16	1113	WEIDUM Dion	NED	FELICITE Lawrence	FRA	WDR	
belgian-open-2025	Senior Men -80kg	R16	1114	MENDY Mohamed	FRA	PHILLIPS Max	AUS	PTF	2:0
belgian-open-2025	Senior Men -80kg	R16	1115	MANSOURI Farzad	RTA	JERMAMI Mehdi	FRA	PTF	2:0
belgian-open-2025	Senior Men -80kg	QF	1120	NICKOLAS CJ	USA	AGHAYEV Javad	AZE	PTF	2:0
belgian-open-2025	Senior Men -80kg	QF	1121	CHURCHILL Joaquin	CHI	SWEENEY Liam	AUS	PTF	2:0
belgian-open-2025	Senior Men -80kg	QF	1122	WEIDUM Dion	NED	COULIBALY Ismael	MLI	PTF	2:0
belgian-open-2025	Senior Men -80kg	QF	1123	MANSOURI Farzad	RTA	MENDY Mohamed	FRA	PTF	2:0
belgian-open-2025	Senior Men -80kg	SF	1126	NICKOLAS CJ	USA	CHURCHILL Joaquin	CHI	PTF	2:0
belgian-open-2025	Senior Men -80kg	SF	1127	MANSOURI Farzad	RTA	WEIDUM Dion	NED	PTF	2:0
belgian-open-2025	Senior Men -80kg	F	1129	NICKOLAS CJ	USA	MANSOURI Farzad	RTA	PTF	2:0
belgian-open-2025	Senior Men -87kg	R16	306	SULEYMANOV Taleh	AZE	FARMAKAS Erik	SWE	PTF	2:0
belgian-open-2025	Senior Men -87kg	R16	307	GAFAROV Eltaj	AZE	ALEJANDRO-VARGAS Diego	PUR	PTF	2:0
belgian-open-2025	Senior Men -87kg	R16	308	JURGENS Joshua noel	GER	DOGRU Munir furkan	TUR	PTF	2:0
belgian-open-2025	Senior Men -87kg	R16	309	THEOCHAROUS Andreas	CYP	VAN DEN ENDEN Tom	NED	PTF	2:0
belgian-open-2025	Senior Men -87kg	R16	310	KINSANSI Steve	FRA	FRONDA Sandro	SWE	PTF	2:0
belgian-open-2025	Senior Men -87kg	QF	317	BOUZID SOUIHILI Ismael	FRA	SULEYMANOV Taleh	AZE	PTF	2:0
belgian-open-2025	Senior Men -87kg	QF	318	GAFAROV Eltaj	AZE	JURGENS Joshua noel	GER	PTF	2:0
belgian-open-2025	Senior Men -87kg	QF	319	ORDEMANN Richard andre	NOR	THEOCHAROUS Andreas	CYP	PTF	2:0
belgian-open-2025	Senior Men -87kg	QF	320	MEHNANA Nahil	FRA	KINSANSI Steve	FRA	WDR	
belgian-open-2025	Senior Men -87kg	SF	325	BOUZID SOUIHILI Ismael	FRA	GAFAROV Eltaj	AZE	PTF	2:0
belgian-open-2025	Senior Men -87kg	SF	326	ORDEMANN Richard andre	NOR	MEHNANA Nahil	FRA	PTF	2:0
belgian-open-2025	Senior Men -87kg	F	329	ORDEMANN Richard andre	NOR	BOUZID SOUIHILI Ismael	FRA	PTF	2:0
belgian-open-2025	Senior Men +87kg	R16	1107	DIABY Boubacar	MLI	NIEVES TORRES Victor manuel	PUR	PTF	2:0
belgian-open-2025	Senior Men +87kg	QF	1116	HEALY Jonathan	USA	DIABY Boubacar	MLI	PTF	2:0
belgian-open-2025	Senior Men +87kg	QF	1117	TELIKOSTOGLOU Apostolos	GRE	BADRIALIABADI Hamidreza	AZE	PTF	2:0
belgian-open-2025	Senior Men +87kg	QF	1118	GOMIS Paivou johnouario	GBS	BRINK Kevin	SWE	PTF	2:0
belgian-open-2025	Senior Men +87kg	QF	1119	EL YAZIDI Omar	FRA	BRADING Rasmus	SWE	PTF	2:0
belgian-open-2025	Senior Men +87kg	SF	1124	HEALY Jonathan	USA	TELIKOSTOGLOU Apostolos	GRE	PTF	2:0
belgian-open-2025	Senior Men +87kg	SF	1125	EL YAZIDI Omar	FRA	GOMIS Paivou johnouario	GBS	PTF	2:0
belgian-open-2025	Senior Men +87kg	F	1128	HEALY Jonathan	USA	EL YAZIDI Omar	FRA	PTF	2:0
belgian-open-2025	Senior Women -46kg	R16	103	OKAZAKI Hinata	JPN	MORENO MUNOZ Erkuden jinxin	ESP	PTF	2:0
belgian-open-2025	Senior Women -46kg	R16	104	UZUN Sarah	NED	GAYE Serrah	FRA	PTF	2:0
belgian-open-2025	Senior Women -46kg	R16	105	TAMMILA Ida-elina	FIN	ESTRADA Daphne	GUA	PTF	2:0
belgian-open-2025	Senior Women -46kg	R16	106	ZAMPETTI Sofia	ITA	SAIGHI Lyamna	FRA	PTF	2:0
belgian-open-2025	Senior Women -46kg	R16	107	OKAMOTO Ruka	JPN	SARDANA Claire	AUS	PTF	2:0
belgian-open-2025	Senior Women -46kg	R16	108	GULIYEVA Salima	AZE	CARPENTIER Justine	CAN	PTF	2:0
belgian-open-2025	Senior Women -46kg	R16	109	POOLKERD Patcharakan	THA	AKBAROVA Minaya	AZE	PTF	2:0
belgian-open-2025	Senior Women -46kg	R16	110	BARROSO Kiara	POR	AYDIN Asli	BEL	PTF	2:0
belgian-open-2025	Senior Women -46kg	QF	117	OKAZAKI Hinata	JPN	UZUN Sarah	NED	PTF	2:1
belgian-open-2025	Senior Women -46kg	QF	118	ZAMPETTI Sofia	ITA	TAMMILA Ida-elina	FIN	PTF	2:0
belgian-open-2025	Senior Women -46kg	QF	119	OKAMOTO Ruka	JPN	GULIYEVA Salima	AZE	PTF	2:0
belgian-open-2025	Senior Women -46kg	QF	120	POOLKERD Patcharakan	THA	BARROSO Kiara	POR	PTF	2:0
belgian-open-2025	Senior Women -46kg	SF	125	OKAZAKI Hinata	JPN	ZAMPETTI Sofia	ITA	PTF	2:0
belgian-open-2025	Senior Women -46kg	SF	126	POOLKERD Patcharakan	THA	OKAMOTO Ruka	JPN	PTF	2:1
belgian-open-2025	Senior Women -46kg	F	129	POOLKERD Patcharakan	THA	OKAZAKI Hinata	JPN	PTF	2:0
belgian-open-2025	Senior Women -49kg	R32	101	NSANGU MORALES June	ESP	FRASER Vilja	SWE	PTF	2:0
belgian-open-2025	Senior Women -49kg	R32	102	SWEENEY Tiarnagh	AUS	WAY Nicolle	GUA		
belgian-open-2025	Senior Women -49kg	R32	201	PEDROZO Beatriz	BRA	CURA Yezda	GER	PTF	2:0
belgian-open-2025	Senior Women -49kg	R16	111	SEEKEN Kamonchanok	THA	ZANZI Imene	FRA	PTF	2:0
belgian-open-2025	Senior Women -49kg	R16	112	VIEN Filippa	SWE	KAMKASOUMPHOU Maysane	FRA	PTF	2:0
belgian-open-2025	Senior Women -49kg	R16	113	ARTAGAME Ariela	USA	NSANGU MORALES June	ESP	PTF	2:0
belgian-open-2025	Senior Women -49kg	R16	114	LAM Siu wai	HKG	TOSI Emily	CAN	PTF	2:0
belgian-open-2025	Senior Women -49kg	R16	115	OCEGUERA Sophia	USA	HASANZADE Zemfira	AZE	PTF	2:0
belgian-open-2025	Senior Women -49kg	R16	116	MATA Maya	USA	SWEENEY Tiarnagh	AUS	PTF	2:0
belgian-open-2025	Senior Women -49kg	R16	211	PETERSON Ceili	GUY	PEDROZO Beatriz	BRA	PTF	2:1
belgian-open-2025	Senior Women -49kg	R16	212	OSMANOVA Samarrukh	AZE	ISMAELPUR Paniz	AZE	PTF	2:0
belgian-open-2025	Senior Women -49kg	QF	121	OSMANOVA Samarrukh	AZE	PETERSON Ceili	GUY	PTF	2:0
belgian-open-2025	Senior Women -49kg	QF	122	SEEKEN Kamonchanok	THA	VIEN Filippa	SWE	PTF	2:0
belgian-open-2025	Senior Women -49kg	QF	123	LAM Siu wai	HKG	ARTAGAME Ariela	USA	PTF	2:0
belgian-open-2025	Senior Women -49kg	QF	124	OCEGUERA Sophia	USA	MATA Maya	USA	PTF	2:1
belgian-open-2025	Senior Women -49kg	SF	127	SEEKEN Kamonchanok	THA	OSMANOVA Samarrukh	AZE	PTF	2:0
belgian-open-2025	Senior Women -49kg	SF	128	OCEGUERA Sophia	USA	LAM Siu wai	HKG	PTF	2:0
belgian-open-2025	Senior Women -49kg	F	130	SEEKEN Kamonchanok	THA	OCEGUERA Sophia	USA	PTF	2:0
belgian-open-2025	Senior Women -53kg	R32	202	CARPENTIER Vicky	CAN	MONSALES Joanna	AUS	PTF	2:0
belgian-open-2025	Senior Women -53kg	R32	301	SEGLAR Sarah	FRA	MIRZAEE Zahro	RTA	PTF	2:0
belgian-open-2025	Senior Women -53kg	R32	302	FOFANA Mah teninba	FRA	GRAFFE Lou	LUX	PTF	2:0
belgian-open-2025	Senior Women -53kg	R32	303	BENETTI Ines	FRA	KARATZOGLIDI Maria	DEN	PTF	2:0
belgian-open-2025	Senior Women -53kg	R32	304	PFAFF Marbele	GER	KARIMI Nuria	SLO	PTF	2:0
belgian-open-2025	Senior Women -53kg	R32	305	MAMMADOVA Maryam	AZE	LEHOUSSINE Sihem	FRA		
belgian-open-2025	Senior Women -53kg	R16	213	KATOH Yuzuho	JPN	CARPENTIER Vicky	CAN	PTF	2:0
belgian-open-2025	Senior Women -53kg	R16	214	DUMAS Mathilde	CAN	KAMKASOUMPHOU Alliyah	FRA	PTF	2:0
belgian-open-2025	Senior Women -53kg	R16	311	KHAN Laila	CAN	SEGLAR Sarah	FRA	PTF	2:0
belgian-open-2025	Senior Women -53kg	R16	312	FOFANA Mah teninba	FRA	JONGKOLRATTANAWATTANA Chutikan	THA	PTF	2:0
belgian-open-2025	Senior Women -53kg	R16	313	BENETTI Ines	FRA	KAMKASOUMPHOU Lenya	FRA	PTF	2:0
belgian-open-2025	Senior Women -53kg	R16	314	OUHADI Rabab	MON	PFAFF Marbele	GER	PTF	2:0
belgian-open-2025	Senior Women -53kg	R16	315	BODEN Indra	SWE	BUTTARELLI Aurelie	FRA	PTF	2:0
belgian-open-2025	Senior Women -53kg	R16	316	MAMMADOVA Maryam	AZE	GIRE Ines	FRA	PTF	2:0
belgian-open-2025	Senior Women -53kg	QF	321	KATOH Yuzuho	JPN	DUMAS Mathilde	CAN	PTF	2:0
belgian-open-2025	Senior Women -53kg	QF	322	KHAN Laila	CAN	FOFANA Mah teninba	FRA	PTF	2:0
belgian-open-2025	Senior Women -53kg	QF	323	OUHADI Rabab	MON	BENETTI Ines	FRA	PTF	2:1
belgian-open-2025	Senior Women -53kg	QF	324	BODEN Indra	SWE	MAMMADOVA Maryam	AZE	PTF	2:0
belgian-open-2025	Senior Women -53kg	SF	327	KATOH Yuzuho	JPN	KHAN Laila	CAN	PTF	2:0
belgian-open-2025	Senior Women -53kg	SF	328	OUHADI Rabab	MON	BODEN Indra	SWE	RSC	2:0
belgian-open-2025	Senior Women -53kg	F	330	KATOH Yuzuho	JPN	OUHADI Rabab	MON	PTF	2:0
belgian-open-2025	Senior Women -57kg	R32	801	BULOW Alice	SWE	VAN DIJK Serena	SUR	PTF	2:1
belgian-open-2025	Senior Women -57kg	R16	802	VUKIC Margarita	CRO	ZAYTOUN Leila	QAT	PTF	2:0
belgian-open-2025	Senior Women -57kg	R16	803	HARNSUJIN Phannapa	THA	NUNEZ Jordana	CAN	PTF	2:0
belgian-open-2025	Senior Women -57kg	R16	804	WOLF Jessica	GER	DAGNET Divine luccia	FRA	PTF	2:0
belgian-open-2025	Senior Women -57kg	R16	805	NISHIDA Mao	JPN	VAN PASSEL Amelie	BEL	RSC	2:0
belgian-open-2025	Senior Women -57kg	R16	806	CAUSSE Estelle	FRA	SCHLEUSSINGER Inga	GER	PTF	2:0
belgian-open-2025	Senior Women -57kg	R16	807	BANGURA Aisha	GER	BAEZ THOMAS Sofia	PUR	PTF	2:0
belgian-open-2025	Senior Women -57kg	R16	808	STEINKUELER Frieda margarethe	GER	SO Yuen ting	HKG	PTF	2:0
belgian-open-2025	Senior Women -57kg	R16	809	CARABIN Kanelya	FRA	BULOW Alice	SWE	WDR	
belgian-open-2025	Senior Women -57kg	QF	817	CARABIN Kanelya	FRA	HARNSUJIN Phannapa	THA	WDR	
belgian-open-2025	Senior Women -57kg	QF	818	NISHIDA Mao	JPN	WOLF Jessica	GER	PTF	2:0
belgian-open-2025	Senior Women -57kg	QF	819	CAUSSE Estelle	FRA	BANGURA Aisha	GER	PTF	2:1
belgian-open-2025	Senior Women -57kg	QF	820	VUKIC Margarita	CRO	STEINKUELER Frieda margarethe	GER	PTF	2:0
belgian-open-2025	Senior Women -57kg	SF	825	CARABIN Kanelya	FRA	NISHIDA Mao	JPN	PTF	2:0
belgian-open-2025	Senior Women -57kg	SF	826	VUKIC Margarita	CRO	CAUSSE Estelle	FRA	PTF	2:0
belgian-open-2025	Senior Women -57kg	F	829	CARABIN Kanelya	FRA	VUKIC Margarita	CRO	PTF	2:0
belgian-open-2025	Senior Women -62kg	R32	601	MANSOURI Leyla	BEL	AKESSON STANDIG Sofie	SWE	PTF	2:0
belgian-open-2025	Senior Women -62kg	R32	602	MANGEN Lennie	LUX	RUSKA Shanti	NED	PTF	2:0
belgian-open-2025	Senior Women -62kg	R32	603	GJELSVIK Karoline	NOR	JIMENEZ Irune	ESP	PTF	2:0
belgian-open-2025	Senior Women -62kg	R32	604	LANGOUSTE-ASSOUMAYA Lyhana	FRA	KAZIMOVA Nargiz	AZE	PTF	2:0
belgian-open-2025	Senior Women -62kg	R32	605	SANTOS Caroline	BRA	FOURNIER Alexane	FRA	PTF	2:0
belgian-open-2025	Senior Women -62kg	R32	606	MILAN  JULIA	BRA	FRANCESCHI Francesca maria	FRA	PTF	2:0
belgian-open-2025	Senior Women -62kg	R32	607	SJOVALL Mira	FIN	ANDERSSON Tindra	SWE	PTF	2:0
belgian-open-2025	Senior Women -62kg	R32	608	PRZYGODA Alina	GER	DAGNET Miliane haizel	FRA	PTF	2:0
belgian-open-2025	Senior Women -62kg	R32	609	BOUBACIR Madeenah	FRA	TALHA Nouhayla	BEL		
belgian-open-2025	Senior Women -62kg	R16	613	MARTON Viviana	HUN	MANSOURI Leyla	BEL	WDR	
belgian-open-2025	Senior Women -62kg	R16	614	GJELSVIK Karoline	NOR	MANGEN Lennie	LUX	PTF	2:0
belgian-open-2025	Senior Women -62kg	R16	615	DOUCET Teeyah	FRA	LANGOUSTE-ASSOUMAYA Lyhana	FRA	PTF	2:1
belgian-open-2025	Senior Women -62kg	R16	616	SANTOS Caroline	BRA	STAMOU Daphne	GRE	PTF	2:0
belgian-open-2025	Senior Women -62kg	R16	618	EK Isabella	SWE	SJOVALL Mira	FIN	PTF	2:0
belgian-open-2025	Senior Women -62kg	R16	619	SOTO CASTILLO Isuangelis	PUR	PRZYGODA Alina	GER	PTF	2:0
belgian-open-2025	Senior Women -62kg	R16	620	ARELIC Ivana	CRO	BOUBACIR Madeenah	FRA	PTF	2:0
belgian-open-2025	Senior Women -62kg	R16	621	TONGCHAN Sasikarn	THA	MILAN  JULIA	BRA	PTF	2:0
belgian-open-2025	Senior Women -62kg	QF	622	MARTON Viviana	HUN	GJELSVIK Karoline	NOR	PTF	2:0
belgian-open-2025	Senior Women -62kg	QF	623	SANTOS Caroline	BRA	DOUCET Teeyah	FRA	PTF	2:0
belgian-open-2025	Senior Women -62kg	QF	624	TONGCHAN Sasikarn	THA	EK Isabella	SWE	PTF	2:0
belgian-open-2025	Senior Women -62kg	QF	625	ARELIC Ivana	CRO	SOTO CASTILLO Isuangelis	PUR	PTF	2:0
belgian-open-2025	Senior Women -62kg	SF	626	SANTOS Caroline	BRA	MARTON Viviana	HUN	PTF	2:0
belgian-open-2025	Senior Women -62kg	SF	627	ARELIC Ivana	CRO	TONGCHAN Sasikarn	THA	PTF	2:0
belgian-open-2025	Senior Women -62kg	F	628	SANTOS Caroline	BRA	ARELIC Ivana	CRO	PTF	2:0
belgian-open-2025	Senior Women -67kg	R32	902	CHARRON Alexandra	CAN	BISMIR Salma	DEN	PTF	2:0
belgian-open-2025	Senior Women -67kg	R16	810	MEDD Saskia	AUS	DIAZ ISABELA	PUR	PTF	2:0
belgian-open-2025	Senior Women -67kg	R16	811	NILSEN Mari romundset	NOR	CASPERSSON Alva	SWE	PTF	2:0
belgian-open-2025	Senior Women -67kg	R16	812	SKAPROVSKA Valeriia	AIN	SJOBERG Frida	SWE	PTF	2:0
belgian-open-2025	Senior Women -67kg	R16	813	MEHNANA Ines	FRA	MAJIDOVA Fatima	AZE	PTF	2:0
belgian-open-2025	Senior Women -67kg	R16	814	FABER Isabelle	LUX	LOPEZ LAUREANO Valeria	PUR	PTF	2:0
belgian-open-2025	Senior Women -67kg	R16	815	GOUWS Emma	AUS	WARZECHA Alina	GER	PTF	2:0
belgian-open-2025	Senior Women -67kg	R16	816	YOUKOUBOVA Karina	FRA	KILIC Melike	BEL	PTF	2:0
belgian-open-2025	Senior Women -67kg	R16	909	ANYANACHO Elizabeth oluchi	NGR	CHARRON Alexandra	CAN	PTF	2:0
belgian-open-2025	Senior Women -67kg	QF	821	ANYANACHO Elizabeth oluchi	NGR	MEDD Saskia	AUS	RSC	2:0
belgian-open-2025	Senior Women -67kg	QF	822	SKAPROVSKA Valeriia	AIN	NILSEN Mari romundset	NOR	PTF	2:0
belgian-open-2025	Senior Women -67kg	QF	823	MEHNANA Ines	FRA	FABER Isabelle	LUX	PTF	2:1
belgian-open-2025	Senior Women -67kg	QF	824	YOUKOUBOVA Karina	FRA	GOUWS Emma	AUS	PTF	2:0
belgian-open-2025	Senior Women -67kg	SF	827	SKAPROVSKA Valeriia	AIN	ANYANACHO Elizabeth oluchi	NGR	PTF	2:1
belgian-open-2025	Senior Women -67kg	SF	828	YOUKOUBOVA Karina	FRA	MEHNANA Ines	FRA	PTF	2:0
belgian-open-2025	Senior Women -67kg	F	830	YOUKOUBOVA Karina	FRA	SKAPROVSKA Valeriia	AIN	PTF	2:0
belgian-open-2025	Senior Women -73kg	R16	405	MARTON Luana	HUN	AGUIRRE Fernanda	CHI	PTF	2:0
belgian-open-2025	Senior Women -73kg	R16	406	TEACHOUT Kristina	USA	KURKAC Ilayda	GER	PTF	2:0
belgian-open-2025	Senior Women -73kg	R16	407	HELDNER Laura	SUI	STEPHAN Antonia	GER	PTF	2:0
belgian-open-2025	Senior Women -73kg	QF	416	MARTON Luana	HUN	DIAKITE Bintou	FRA	PTF	2:1
belgian-open-2025	Senior Women -73kg	QF	417	OSSIN Kimi laurene	CIV	HUTZEN Hanna	GER	PTF	2:0
belgian-open-2025	Senior Women -73kg	QF	418	TEACHOUT Kristina	USA	MACKAY Ruby	GBR	PTF	2:0
belgian-open-2025	Senior Women -73kg	QF	419	SEELE Lisa-marie	GER	HELDNER Laura	SUI	WDR	
belgian-open-2025	Senior Women -73kg	SF	424	OSSIN Kimi laurene	CIV	MARTON Luana	HUN	PTF	2:0
belgian-open-2025	Senior Women -73kg	SF	425	TEACHOUT Kristina	USA	SEELE Lisa-marie	GER	PTF	2:0
belgian-open-2025	Senior Women -73kg	F	428	OSSIN Kimi laurene	CIV	TEACHOUT Kristina	USA	PTF	2:0
belgian-open-2025	Senior Women +73kg	QF	918	KLOOSTERMAN Famke	NED	URNAUT Nusa	SLO	PTF	2:0
belgian-open-2025	Senior Women +73kg	QF	919	AVOULETTE Solene	FRA	HAWASH Dania	SWE	PTF	2:0
belgian-open-2025	Senior Women +73kg	SF	924	KLOOSTERMAN Famke	NED	HAMADACHE Emna	FRA	PTF	2:1
belgian-open-2025	Senior Women +73kg	SF	925	AVOULETTE Solene	FRA	ROMAN TORRES Naishka	PUR	PTF	2:0
belgian-open-2025	Senior Women +73kg	F	928	AVOULETTE Solene	FRA	KLOOSTERMAN Famke	NED	PTF	2:0
