wt-presidents-cup-asia-2025	Senior Men -68kg	R64	101	KWON Doyun	KOR	KANAT Bagzhan	KAZ	PTF	2:0
wt-presidents-cup-asia-2025	Senior Men -68kg	R64	201	CHOI Min Hyeok	KOR	RAGHEB Taye	AUS	PTF	2:0
wt-presidents-cup-asia-2025	Senior Men -68kg	R64	301	QIN Xingyu	CHN	CHEN Shijing	CHN	PTF	
wt-presidents-cup-asia-2025	Senior Men -68kg	R64	401	KIM Hyo Hyeok	KOR	ORYNBEK Sultanbek	KAZ	PTF	2:0
wt-presidents-cup-asia-2025	Senior Men -68kg	R64	102	CHEN Cheng	CHN	ALKHAWAHIR Ahmed	KSA	PTF	2:0
wt-presidents-cup-asia-2025	Senior Men -68kg	R64	202	ZEINALI Radin	IRI	SHULENOV Damir	KAZ	PTF	2:1
wt-presidents-cup-asia-2025	Senior Men -68kg	R64	302	XIAO Shaohong	CHN	FENG Qi	CHN	PTF	2:1
wt-presidents-cup-asia-2025	Senior Men -68kg	R32	215	TUBTIMDANG Banlung	THA	KWON Doyun	KOR	PTF	2:1
wt-presidents-cup-asia-2025	Senior Men -68kg	R32	315	TUKHLIBOEV Diyorbe	UZB	ZIAD Diaa	PLE	PTF	2:0
wt-presidents-cup-asia-2025	Senior Men -68kg	R32	415	ALHALAWANI Zaid	JOR	CHOI Min Hyeok	KOR	PTF	2:0
wt-presidents-cup-asia-2025	Senior Men -68kg	R32	116	QIN Xingyu	CHN	DEHGHANI Mohammad	IRI	PTF	2:0
wt-presidents-cup-asia-2025	Senior Men -68kg	R32	216	LUCIEN Theo	FRA	KIM Hyo Hyeok	KOR	PTF	2:1
wt-presidents-cup-asia-2025	Senior Men -68kg	R32	316	CHEN Cheng	CHN	NIKOLOVSKI Xavier	AUS	RSC	2:1
wt-presidents-cup-asia-2025	Senior Men -68kg	R32	416	BAE Young Min	KOR	ZEINALI Radin	IRI	PTF	2:0
wt-presidents-cup-asia-2025	Senior Men -68kg	R32	117	MUN Jinho	KOR	XIAO Shaohong	CHN	PTF	2:0
wt-presidents-cup-asia-2025	Senior Men -68kg	R16	235	TUBTIMDANG Banlung	THA	TUKHLIBOEV Diyorbe	UZB	PTF	2:1
wt-presidents-cup-asia-2025	Senior Men -68kg	R16	335	QIN Xingyu	CHN	ALHALAWANI Zaid	JOR	PTF	2:0
wt-presidents-cup-asia-2025	Senior Men -68kg	R16	435	LUCIEN Theo	FRA	CHEN Cheng	CHN	PTF	2:0
wt-presidents-cup-asia-2025	Senior Men -68kg	R16	136	BAE Young Min	KOR	MUN Jinho	KOR	PTF	2:0
wt-presidents-cup-asia-2025	Senior Men -68kg	QF	245	TUBTIMDANG Banlung	THA	QIN Xingyu	CHN	PTF	1:1
wt-presidents-cup-asia-2025	Senior Men -68kg	QF	345	LUCIEN Theo	FRA	BAE Young Min	KOR	PTF	2:0
wt-presidents-cup-asia-2025	Senior Men -68kg	SF	250	LUCIEN Theo	FRA	TUBTIMDANG Banlung	THA	PTF	
wt-presidents-cup-asia-2025	Senior Men -68kg	R64	402	ALTARYREH Mahmoud	JOR	XIAO Chenming	CHN	PTF	2:0
wt-presidents-cup-asia-2025	Senior Men -68kg	R64	103	DIAO Lixingjun	CHN	MUKHAMETKARYMOV An	KAZ	PTF	2:1
wt-presidents-cup-asia-2025	Senior Men -68kg	R64	203	RAHNAMA Amirabbas	IRI	GHALI Zakaria Moha	KSA	PTF	2:0
wt-presidents-cup-asia-2025	Senior Men -68kg	R64	303	HSU Hao-yu	TPE	DASHDAVAA Chinzori	MGL	PTF	2:0
wt-presidents-cup-asia-2025	Senior Men -68kg	R64	403	KIM Tae Yong	KOR	YAN Lei	CHN	DSQ	
wt-presidents-cup-asia-2025	Senior Men -68kg	R64	104	KAZEMI Keivan	IRI	XIE Dihao	CHN	PTF	2:0
wt-presidents-cup-asia-2025	Senior Men -68kg	R64	204	NA Jeonghu	KOR	MUZAFFAROV Mironsh	UZB	PTF	2:0
wt-presidents-cup-asia-2025	Senior Men -68kg	R64	304	YEO Shinyul	KOR	YERMENTAYEV Arslan	KAZ	PTF	2:0
wt-presidents-cup-asia-2025	Senior Men -68kg	R32	217	ALTARYREH Mahmoud	JOR	HUANG Yu Jui	TPE	PTF	2:0
wt-presidents-cup-asia-2025	Senior Men -68kg	R32	317	DIAO Lixingjun	CHN	CHIU Yi-jui	TPE	PTF	2:0
wt-presidents-cup-asia-2025	Senior Men -68kg	R32	417	PALANGAFKAN Mohamm	IRI	RAHNAMA Amirabbas	IRI	PTF	2:1
wt-presidents-cup-asia-2025	Senior Men -68kg	R32	118	HSU Hao-yu	TPE	NIU Guansen	CHN	PTF	2:1
wt-presidents-cup-asia-2025	Senior Men -68kg	R32	218	KIM Tae Yong	KOR	TSURUOKA Rei	JPN	PTF	2:0
wt-presidents-cup-asia-2025	Senior Men -68kg	R32	318	KAZEMI Keivan	IRI	PHROMPATJU Krittay	THA	PTF	2:0
wt-presidents-cup-asia-2025	Senior Men -68kg	R32	418	CHEN Yufan	CHN	NA Jeonghu	KOR	PTF	2:0
wt-presidents-cup-asia-2025	Senior Men -68kg	R32	119	YEO Shinyul	KOR	ALAPHILIPPE Souley	FRA	PTF	2:1
wt-presidents-cup-asia-2025	Senior Men -68kg	R16	236	ALTARYREH Mahmoud	JOR	DIAO Lixingjun	CHN	PTF	2:1
wt-presidents-cup-asia-2025	Senior Men -68kg	R16	336	PALANGAFKAN Mohamm	IRI	HSU Hao-yu	TPE	PTF	2:0
wt-presidents-cup-asia-2025	Senior Men -68kg	R16	436	KAZEMI Keivan	IRI	KIM Tae Yong	KOR	PTF	2:1
wt-presidents-cup-asia-2025	Senior Men -68kg	R16	137	CHEN Yufan	CHN	YEO Shinyul	KOR	PTF	2:0
wt-presidents-cup-asia-2025	Senior Men -68kg	QF	445	PALANGAFKAN Mohamm	IRI	ALTARYREH Mahmoud	JOR	PTF	2:1
wt-presidents-cup-asia-2025	Senior Men -68kg	QF	146	CHEN Yufan	CHN	KAZEMI Keivan	IRI	PTF	2:1
wt-presidents-cup-asia-2025	Senior Men -68kg	SF	350	CHEN Yufan	CHN	PALANGAFKAN Mohamm	IRI	PTF	2:0
wt-presidents-cup-asia-2025	Senior Men -68kg	F	452	LUCIEN Theo	FRA	CHEN Yufan	CHN	PTF	2:0
wt-presidents-cup-asia-2025	Senior Men -63kg	R32	205	ABDIMALIK Dulat	KAZ	OTEGEN Askar	KAZ	WDR	1:0
wt-presidents-cup-asia-2025	Senior Men -63kg	R32	305	HUANG Cho-cheng	TPE	CAPUANO Lorenzo	FRA	PTF	2:0
wt-presidents-cup-asia-2025	Senior Men -63kg	R32	405	YASER Omar	PLE	CALLEJA Bradley	AUS	PTF	2:0
wt-presidents-cup-asia-2025	Senior Men -63kg	R32	106	REZAEI Matin	IRI	PARK Ji Hun	KOR	PTF	2:0
wt-presidents-cup-asia-2025	Senior Men -63kg	R32	206	JUNG Jaebin	KOR	HUANG Jinsong	CHN	PTF	2:0
wt-presidents-cup-asia-2025	Senior Men -63kg	R32	306	YANG Won Suk	KOR	LIM Jeong Jun	KOR	PTF	2:0
wt-presidents-cup-asia-2025	Senior Men -63kg	R32	406	RAVET Cyrian	FRA	KURBANOV Shamsiddi	UZB	PTF	2:0
wt-presidents-cup-asia-2025	Senior Men -63kg	R16	223	ABABAKIROV Samirkh	KAZ	ABDIMALIK Dulat	KAZ	PTF	2:1
wt-presidents-cup-asia-2025	Senior Men -63kg	R16	323	HUANG Cho-cheng	TPE	YASER Omar	PLE	PTF	2:0
wt-presidents-cup-asia-2025	Senior Men -63kg	R16	423	JUNG Jaebin	KOR	REZAEI Matin	IRI	PTF	2:1
wt-presidents-cup-asia-2025	Senior Men -63kg	R16	124	RAVET Cyrian	FRA	YANG Won Suk	KOR	PTF	2:0
wt-presidents-cup-asia-2025	Senior Men -63kg	QF	239	ABABAKIROV Samirkh	KAZ	HUANG Cho-cheng	TPE	PTF	2:0
wt-presidents-cup-asia-2025	Senior Men -63kg	QF	339	JUNG Jaebin	KOR	RAVET Cyrian	FRA	PTF	2:1
wt-presidents-cup-asia-2025	Senior Men -63kg	SF	247	ABABAKIROV Samirkh	KAZ	JUNG Jaebin	KOR	PTF	2:0
wt-presidents-cup-asia-2025	Senior Men -63kg	R32	107	ALIMORADIAN Ali As	IRI	NAZAROV Nazarali	UZB	PTF	2:1
wt-presidents-cup-asia-2025	Senior Men -63kg	R32	207	GAZEZ Nurbek	KAZ	JUNG Woo-hyeok	KOR	PTF	2:0
wt-presidents-cup-asia-2025	Senior Men -63kg	R32	307	HUANG Kefen	CHN	SRITIMONGKOL Napat	THA	PTF	2:0
wt-presidents-cup-asia-2025	Senior Men -63kg	R32	407	HOSSEINPOUR Alirez	IRI	BEGIMBETOV Amanbol	KAZ	PTF	2:0
wt-presidents-cup-asia-2025	Senior Men -63kg	R32	108	ZHANG Hao	CHN	ALKHAWAHR Mustafa	KSA	PTF	2:0
wt-presidents-cup-asia-2025	Senior Men -63kg	R32	208	GANTULGA Enkhbayar	MGL	MASSIMINO Christia	AUS	PTF	2:0
wt-presidents-cup-asia-2025	Senior Men -63kg	R16	224	ALIMORADIAN Ali As	IRI	SUMMERFIELD Matthe	AUS	PTF	2:0
wt-presidents-cup-asia-2025	Senior Men -63kg	R16	324	HUANG Kefen	CHN	GAZEZ Nurbek	KAZ	PTF	2:0
wt-presidents-cup-asia-2025	Senior Men -63kg	R16	424	HOSSEINPOUR Alirez	IRI	ZHANG Hao	CHN	PTF	2:0
wt-presidents-cup-asia-2025	Senior Men -63kg	R16	125	JANG Jun	KOR	GANTULGA Enkhbayar	MGL	PTF	2:0
wt-presidents-cup-asia-2025	Senior Men -63kg	QF	439	HUANG Kefen	CHN	ALIMORADIAN Ali As	IRI	PTF	2:0
wt-presidents-cup-asia-2025	Senior Men -63kg	QF	140	JANG Jun	KOR	HOSSEINPOUR Alirez	IRI	PTF	2:0
wt-presidents-cup-asia-2025	Senior Men -63kg	SF	347	JANG Jun	KOR	HUANG Kefen	CHN	PTF	2:0
wt-presidents-cup-asia-2025	Senior Men -63kg	F	251	JANG Jun	KOR	ABABAKIROV Samirkh	KAZ	PTF	2:0
wt-presidents-cup-asia-2025	Senior Men -58kg	R64	404	LI Qihao	CHN	MIRAYIMOV Mirdiyor	UZB	PTF	2:1
wt-presidents-cup-asia-2025	Senior Men -58kg	R32	219	YANG Huichan	KOR	LI Qihao	CHN	PTF	2:0
wt-presidents-cup-asia-2025	Senior Men -58kg	R32	319	YODRAK Thanakrit	THA	PUT Fu Cern	MAS	PTF	2:0
wt-presidents-cup-asia-2025	Senior Men -58kg	R32	419	AKBI Alisher	KAZ	PAN Kuei-an	TPE	PTF	2:1
wt-presidents-cup-asia-2025	Senior Men -58kg	R32	120	CAMUA Benjamin	AUS	HU Hongxiang	CHN	PTF	2:1
wt-presidents-cup-asia-2025	Senior Men -58kg	R32	220	LEE Jaeuk	KOR	TLEULES Tamirlan	KAZ	PTF	2:0
wt-presidents-cup-asia-2025	Senior Men -58kg	R32	320	OTAJONOV Omonjon	UZB	BIST Sumit	NEP	PTF	2:0
wt-presidents-cup-asia-2025	Senior Men -58kg	R32	420	MAHAMAD Sirawit	THA	KIM Junseong	KOR	PTF	2:0
wt-presidents-cup-asia-2025	Senior Men -58kg	R32	121	ZANDI Abolfazl	IRI	CAO Daoguang	CHN	PTF	2:0
wt-presidents-cup-asia-2025	Senior Men -58kg	R16	237	YANG Huichan	KOR	YODRAK Thanakrit	THA	PTF	2:0
wt-presidents-cup-asia-2025	Senior Men -58kg	R16	337	CAMUA Benjamin	AUS	AKBI Alisher	KAZ	PTF	2:0
wt-presidents-cup-asia-2025	Senior Men -58kg	R16	437	LEE Jaeuk	KOR	OTAJONOV Omonjon	UZB	PTF	2:0
wt-presidents-cup-asia-2025	Senior Men -58kg	R16	138	ZANDI Abolfazl	IRI	MAHAMAD Sirawit	THA	PTF	2:0
wt-presidents-cup-asia-2025	Senior Men -58kg	QF	246	YANG Huichan	KOR	CAMUA Benjamin	AUS	PTF	2:0
wt-presidents-cup-asia-2025	Senior Men -58kg	QF	346	ZANDI Abolfazl	IRI	LEE Jaeuk	KOR	PTF	2:0
wt-presidents-cup-asia-2025	Senior Men -58kg	SF	450	YANG Huichan	KOR	ZANDI Abolfazl	IRI	PTF	2:1
wt-presidents-cup-asia-2025	Senior Men -58kg	R64	105	WANG Nuoyan	CHN	JIANG Liuxin	CHN	PTF	2:0
wt-presidents-cup-asia-2025	Senior Men -58kg	R32	221	JIANG Rui	CHN	MANSUROV Kamronbek	UZB	PTF	2:0
wt-presidents-cup-asia-2025	Senior Men -58kg	R32	321	BAE Jun-seo	KOR	YU Junsong	CHN	PTF	2:0
wt-presidents-cup-asia-2025	Senior Men -58kg	R32	421	MOTTA Damon	AUS	TRAN Trinh Trong	VIE	PTF	2:1
wt-presidents-cup-asia-2025	Senior Men -58kg	R32	122	KIM Jongmyeong	KOR	PARK Min Kyu	KOR	PTF	2:0
wt-presidents-cup-asia-2025	Senior Men -58kg	R32	222	KIM Si Yun	KOR	WONG Si Long	MAC	PTF	2:0
wt-presidents-cup-asia-2025	Senior Men -58kg	R32	322	ORALKHANOV Bektore	KAZ	TOGYZBAYEV Konysbe	KAZ	PTF	2:0
wt-presidents-cup-asia-2025	Senior Men -58kg	R32	422	KHASSAN Yerbolat	KAZ	SAINBILEG Gan-erde	MGL	PTF	2:0
wt-presidents-cup-asia-2025	Senior Men -58kg	R32	123	WANG Nuoyan	CHN	SIM Junho	KOR	PTF	2:0
wt-presidents-cup-asia-2025	Senior Men -58kg	R16	238	BAE Jun-seo	KOR	JIANG Rui	CHN	PTF	2:0
wt-presidents-cup-asia-2025	Senior Men -58kg	R16	338	KIM Jongmyeong	KOR	MOTTA Damon	AUS	PTF	2:0
wt-presidents-cup-asia-2025	Senior Men -58kg	R16	438	KIM Si Yun	KOR	ORALKHANOV Bektore	KAZ	PTF	2:0
wt-presidents-cup-asia-2025	Senior Men -58kg	R16	139	WANG Nuoyan	CHN	KHASSAN Yerbolat	KAZ	PTF	2:0
wt-presidents-cup-asia-2025	Senior Men -58kg	QF	446	BAE Jun-seo	KOR	KIM Jongmyeong	KOR	PTF	2:1
wt-presidents-cup-asia-2025	Senior Men -58kg	QF	147	KIM Si Yun	KOR	WANG Nuoyan	CHN	PTF	2:1
wt-presidents-cup-asia-2025	Senior Men -58kg	SF	151	BAE Jun-seo	KOR	KIM Si Yun	KOR	PTF	2:0
wt-presidents-cup-asia-2025	Senior Men -58kg	F	153	YANG Huichan	KOR	BAE Jun-seo	KOR	PTF	2:1
wt-presidents-cup-asia-2025	Senior Men -54kg	R32	308	HAMDI Riad Nasser	KSA	CHAU Nathan	AUS	PTF	2:0
wt-presidents-cup-asia-2025	Senior Men -54kg	R32	408	KLUCHEV Asadbek	KAZ	GRANIER-AMEUR Aika	AUS	PTF	2:1
wt-presidents-cup-asia-2025	Senior Men -54kg	R32	109	HASSAN Muteb	KSA	ADILET Kazbayev	KAZ	PTF	2:0
wt-presidents-cup-asia-2025	Senior Men -54kg	R32	209	RAZMIAN Mehdi	IRI	ALMUSHRAF Abdullah	KSA	PTF	2:0
wt-presidents-cup-asia-2025	Senior Men -54kg	R32	309	LEE Bae Hyeon	KOR	SERIK Artur	KAZ	PTF	2:0
wt-presidents-cup-asia-2025	Senior Men -54kg	R32	409	TAECHARATTANAWIBOO	THA	CHEN Jiacheng	CHN	PTF	2:0
wt-presidents-cup-asia-2025	Senior Men -54kg	R32	110	TILANI Mohammad Pa	IRI	KADIRKULOV Begzod	KAZ	PTF	2:0
wt-presidents-cup-asia-2025	Senior Men -54kg	R32	210	QIAN Jiacai	CHN	OHARA Ryusei	JPN	PTF	2:1
wt-presidents-cup-asia-2025	Senior Men -54kg	R16	225	HAMDI Riad Nasser	KSA	KLUCHEV Asadbek	KAZ	PTF	2:0
wt-presidents-cup-asia-2025	Senior Men -54kg	R16	325	RAZMIAN Mehdi	IRI	HASSAN Muteb	KSA	PTF	2:0
wt-presidents-cup-asia-2025	Senior Men -54kg	R16	425	TAECHARATTANAWIBOO	THA	LEE Bae Hyeon	KOR	PTF	2:1
wt-presidents-cup-asia-2025	Senior Men -54kg	R16	126	QIAN Jiacai	CHN	TILANI Mohammad Pa	IRI	PTF	2:0
wt-presidents-cup-asia-2025	Senior Men -54kg	QF	240	RAZMIAN Mehdi	IRI	HAMDI Riad Nasser	KSA	PTF	2:0
wt-presidents-cup-asia-2025	Senior Men -54kg	QF	340	QIAN Jiacai	CHN	TAECHARATTANAWIBOO	THA	PTF	2:1
wt-presidents-cup-asia-2025	Senior Men -54kg	SF	447	QIAN Jiacai	CHN	RAZMIAN Mehdi	IRI	PTF	2:0
wt-presidents-cup-asia-2025	Senior Men -54kg	R32	310	ALDAOUD Ja'afar	JOR	YONDONJAMTS Purevd	MGL	PTF	2:0
wt-presidents-cup-asia-2025	Senior Men -54kg	R32	410	YENSEGENOV Yerkebu	KAZ	HAJI Abrar	BRU	PTF	2:0
wt-presidents-cup-asia-2025	Senior Men -54kg	R32	111	DUISENBEK Aziret	KAZ	PANG Keston	SGP	PTF	2:0
wt-presidents-cup-asia-2025	Senior Men -54kg	R32	211	KHUDAYBERDIEV Jakh	UZB	CHAN Iek Hei	MAC	PTF	2:0
wt-presidents-cup-asia-2025	Senior Men -54kg	R32	311	JABBARI Barbod	IRI	VALIZADEH Yasin	IRI	PTF	
wt-presidents-cup-asia-2025	Senior Men -54kg	R32	411	ZIYAEE Saman	IRI	LI Ci En	TPE	PTF	2:0
wt-presidents-cup-asia-2025	Senior Men -54kg	R32	112	DANGNOK Nattaporn	THA	KITADE Tatsuya	JPN	PTF	2:0
wt-presidents-cup-asia-2025	Senior Men -54kg	R32	212	SEO Eunsu	KOR	FANG Zheng	CHN	RSC	2:1
wt-presidents-cup-asia-2025	Senior Men -54kg	R16	226	ALDAOUD Ja'afar	JOR	YENSEGENOV Yerkebu	KAZ	PTF	2:0
wt-presidents-cup-asia-2025	Senior Men -54kg	R16	326	KHUDAYBERDIEV Jakh	UZB	DUISENBEK Aziret	KAZ	PTF	2:0
wt-presidents-cup-asia-2025	Senior Men -54kg	R16	426	JABBARI Barbod	IRI	ZIYAEE Saman	IRI	PTF	2:0
wt-presidents-cup-asia-2025	Senior Men -54kg	R16	127	SEO Eunsu	KOR	DANGNOK Nattaporn	THA	PTF	2:0
wt-presidents-cup-asia-2025	Senior Men -54kg	QF	440	KHUDAYBERDIEV Jakh	UZB	ALDAOUD Ja'afar	JOR	PTF	2:0
wt-presidents-cup-asia-2025	Senior Men -54kg	QF	141	JABBARI Barbod	IRI	SEO Eunsu	KOR	PTF	2:1
wt-presidents-cup-asia-2025	Senior Men -54kg	SF	148	KHUDAYBERDIEV Jakh	UZB	JABBARI Barbod	IRI	PTF	2:0
wt-presidents-cup-asia-2025	Senior Men -54kg	F	351	KHUDAYBERDIEV Jakh	UZB	QIAN Jiacai	CHN	PTF	2:0
wt-presidents-cup-asia-2025	Senior Women -73kg	R16	231	ZHAO Zitong	CHN	TRAN Anh Ngan	VIE	PTF	2:0
wt-presidents-cup-asia-2025	Senior Women -73kg	R16	331	JIANG Chunyu	CHN	OH Seungju	KOR	PTF	2:0
wt-presidents-cup-asia-2025	Senior Women -73kg	R16	431	SUN Jiahui	CHN	ABO-ALRUB Rama	JOR	PTF	2:0
wt-presidents-cup-asia-2025	Senior Women -73kg	R16	132	YOON Do Hee	KOR	NGUYEN Thi My Dung	VIE	PTF	2:0
wt-presidents-cup-asia-2025	Senior Women -73kg	QF	243	ZHAO Zitong	CHN	JIANG Chunyu	CHN	PTF	2:0
wt-presidents-cup-asia-2025	Senior Women -73kg	QF	343	YOON Do Hee	KOR	SUN Jiahui	CHN	PTF	2:0
wt-presidents-cup-asia-2025	Senior Women -73kg	SF	249	YOON Do Hee	KOR	ZHAO Zitong	CHN	PTF	2:0
wt-presidents-cup-asia-2025	Senior Women -73kg	R16	232	LAURIN Althea	FRA	MOEINI Fatemeh	IRI	PTF	2:0
wt-presidents-cup-asia-2025	Senior Women -73kg	R16	332	MIRHOSSEINI Melika	IRI	LI Chen	CHN	PTF	2:0
wt-presidents-cup-asia-2025	Senior Women -73kg	R16	432	NOH Huiseung	KOR	MAKHMUTOVA Nazym	KAZ	PTF	2:1
wt-presidents-cup-asia-2025	Senior Women -73kg	R16	133	XIAO Shunan	CHN	YUAN Zhijing	CHN	PTF	
wt-presidents-cup-asia-2025	Senior Women -73kg	QF	443	LAURIN Althea	FRA	MIRHOSSEINI Melika	IRI	PTF	
wt-presidents-cup-asia-2025	Senior Women -73kg	QF	144	XIAO Shunan	CHN	NOH Huiseung	KOR	PTF	2:0
wt-presidents-cup-asia-2025	Senior Women -73kg	SF	349	LAURIN Althea	FRA	XIAO Shunan	CHN	PTF	2:0
wt-presidents-cup-asia-2025	Senior Women -73kg	F	252	LAURIN Althea	FRA	YOON Do Hee	KOR	PTF	2:0
wt-presidents-cup-asia-2025	Senior Women -67kg	R32	312	YANG Jiawei	CHN	BAC Thi Khiem	VIE	PTF	2:0
wt-presidents-cup-asia-2025	Senior Women -67kg	R32	412	MURRAY Rebecca	AUS	SHEN Zinuo	CHN	PTF	2:1
wt-presidents-cup-asia-2025	Senior Women -67kg	R32	113	CHEN Kexin	CHN	ENKHCHIMEG Ganzori	MGL	PTF	2:0
wt-presidents-cup-asia-2025	Senior Women -67kg	R16	227	SOBIRJONOVA Ozoda	UZB	YANG Jiawei	CHN	PTF	2:0
wt-presidents-cup-asia-2025	Senior Women -67kg	R16	327	KHUSSAINOVA Nuray	KAZ	ALRAWASHDEH Razan	JOR	PTF	2:0
wt-presidents-cup-asia-2025	Senior Women -67kg	R16	427	HONG Hyo Rim	KOR	MURRAY Rebecca	AUS	PTF	2:0
wt-presidents-cup-asia-2025	Senior Women -67kg	R16	128	CHEN Kexin	CHN	XING Jiani	CHN	PTF	2:0
wt-presidents-cup-asia-2025	Senior Women -67kg	QF	241	SOBIRJONOVA Ozoda	UZB	KHUSSAINOVA Nuray	KAZ	PTF	2:0
wt-presidents-cup-asia-2025	Senior Women -67kg	QF	341	HONG Hyo Rim	KOR	CHEN Kexin	CHN	PTF	2:0
wt-presidents-cup-asia-2025	Senior Women -67kg	SF	248	SOBIRJONOVA Ozoda	UZB	HONG Hyo Rim	KOR	PTF	2:0
wt-presidents-cup-asia-2025	Senior Women -67kg	R32	213	ZHU Yingyue	CHN	CHIU Shao Hsuan	TPE	PTF	2:1
wt-presidents-cup-asia-2025	Senior Women -67kg	R32	313	YEOM Eun Been	KOR	SAPARKHAN Ayazhan	KAZ	PTF	2:0
wt-presidents-cup-asia-2025	Senior Women -67kg	R16	228	MORADI Saghar	IRI	ZHU Yingyue	CHN	PTF	2:0
wt-presidents-cup-asia-2025	Senior Women -67kg	R16	328	VALINEJAD Yalda	IRI	WANG Wei-chia	TPE	PTF	2:0
wt-presidents-cup-asia-2025	Senior Women -67kg	R16	428	KWAK Min-ju	KOR	CHEN Xuyan	CHN	PTF	2:0
wt-presidents-cup-asia-2025	Senior Women -67kg	R16	129	YEOM Eun Been	KOR	SONG Jie	CHN	WDR	
wt-presidents-cup-asia-2025	Senior Women -67kg	QF	441	MORADI Saghar	IRI	VALINEJAD Yalda	IRI	PTF	2:0
wt-presidents-cup-asia-2025	Senior Women -67kg	QF	142	KWAK Min-ju	KOR	YEOM Eun Been	KOR	PTF	2:0
wt-presidents-cup-asia-2025	Senior Women -67kg	SF	348	KWAK Min-ju	KOR	MORADI Saghar	IRI	PTF	2:0
wt-presidents-cup-asia-2025	Senior Women -67kg	F	451	SOBIRJONOVA Ozoda	UZB	KWAK Min-ju	KOR	PTF	2:1
wt-presidents-cup-asia-2025	Senior Women -62kg	R32	413	KIM Yumin	KOR	PHAM Ngoc Cham	VIE	PTF	2:1
wt-presidents-cup-asia-2025	Senior Women -62kg	R32	114	LUO Zongshi	CHN	LEE Hanna	KOR	PTF	2:1
wt-presidents-cup-asia-2025	Senior Women -62kg	R32	214	LEE Gaeun	KOR	ISSINA Zhazira	KAZ	PTF	2:0
wt-presidents-cup-asia-2025	Senior Women -62kg	R16	229	TONGCHAN Sasikarn	THA	KIM Yumin	KOR	PTF	2:0
wt-presidents-cup-asia-2025	Senior Women -62kg	R16	329	ADILBEKKYZY Aisha	KAZ	KHAYITOVA Sevinch	UZB	PTF	2:0
wt-presidents-cup-asia-2025	Senior Women -62kg	R16	429	LUO Zongshi	CHN	IORSS Kawehi	FPO	PTF	2:1
wt-presidents-cup-asia-2025	Senior Women -62kg	R16	130	VALIZADEH Nastaran	IRI	LEE Gaeun	KOR	PTF	2:1
wt-presidents-cup-asia-2025	Senior Women -62kg	QF	242	TONGCHAN Sasikarn	THA	ADILBEKKYZY Aisha	KAZ	PTF	2:0
wt-presidents-cup-asia-2025	Senior Women -62kg	QF	342	LUO Zongshi	CHN	VALIZADEH Nastaran	IRI	PTF	2:0
wt-presidents-cup-asia-2025	Senior Women -62kg	SF	448	LUO Zongshi	CHN	TONGCHAN Sasikarn	THA	PTF	2:0
wt-presidents-cup-asia-2025	Senior Women -62kg	R32	314	WANG Chengyi	CHN	NASIRI Aynaz	IRI	PTF	2:0
wt-presidents-cup-asia-2025	Senior Women -62kg	R32	414	GU Wenjing	CHN	SUH Tanya	KOR	PTF	2:0
wt-presidents-cup-asia-2025	Senior Women -62kg	R32	115	KIM Yun-yeong	KOR	ABUTAY Fatikha	KAZ	PTF	2:0
wt-presidents-cup-asia-2025	Senior Women -62kg	R16	230	ZHOU Lijun	CHN	WANG Chengyi	CHN	PTF	2:0
wt-presidents-cup-asia-2025	Senior Women -62kg	R16	330	GU Wenjing	CHN	AIMUKASHEVA Kamila	KAZ	PTF	2:0
wt-presidents-cup-asia-2025	Senior Women -62kg	R16	430	CHANG Jui-en	TPE	TAUKENOVA Aida	KAZ	PTF	2:0
wt-presidents-cup-asia-2025	Senior Women -62kg	R16	131	KIM Yun-yeong	KOR	BLEWITT Gabriella	AUS	PTF	
wt-presidents-cup-asia-2025	Senior Women -62kg	QF	442	ZHOU Lijun	CHN	GU Wenjing	CHN	PTF	2:0
wt-presidents-cup-asia-2025	Senior Women -62kg	QF	143	KIM Yun-yeong	KOR	CHANG Jui-en	TPE	PTF	2:1
wt-presidents-cup-asia-2025	Senior Women -62kg	SF	149	ZHOU Lijun	CHN	KIM Yun-yeong	KOR	PTF	2:0
wt-presidents-cup-asia-2025	Senior Women -62kg	F	152	LUO Zongshi	CHN	ZHOU Lijun	CHN	PTF	2:0
wt-presidents-cup-asia-2025	Senior Women +73kg	R16	233	OSIPOVA Svetlana	UZB	KAIMOVA Evgeniya	KAZ	PTF	2:0
wt-presidents-cup-asia-2025	Senior Women +73kg	R16	333	ASADI Zeinab	IRI	WANG Xinqi	CHN	PTF	2:1
wt-presidents-cup-asia-2025	Senior Women +73kg	R16	433	MU Wenzhe	CHN	AN Hyobin	KOR	PTF	2:0
wt-presidents-cup-asia-2025	Senior Women +73kg	R16	134	TKEBAEVA Meruert	KAZ	ZHOU Zeqi	CHN	WDR	
wt-presidents-cup-asia-2025	Senior Women +73kg	QF	244	OSIPOVA Svetlana	UZB	ASADI Zeinab	IRI	PTF	2:0
wt-presidents-cup-asia-2025	Senior Women +73kg	QF	344	MU Wenzhe	CHN	TKEBAEVA Meruert	KAZ	PTF	2:0
wt-presidents-cup-asia-2025	Senior Women +73kg	SF	449	MU Wenzhe	CHN	OSIPOVA Svetlana	UZB	PTF	2:1
wt-presidents-cup-asia-2025	Senior Women +73kg	R16	234	ZHAO Ziting	CHN	AVOULETTE Solene	FRA	PTF	2:1
wt-presidents-cup-asia-2025	Senior Women +73kg	R16	334	WANG Mengqi	CHN	LU Yanpei	CHN	PTF	2:0
wt-presidents-cup-asia-2025	Senior Women +73kg	R16	434	MIRTADJIEVA Iroda	UZB	ZHANG Sujuan	CHN	PTF	2:1
wt-presidents-cup-asia-2025	Senior Women +73kg	R16	135	XU Lei	CHN	SONG Da Bin	KOR	PTF	2:0
wt-presidents-cup-asia-2025	Senior Women +73kg	QF	444	ZHAO Ziting	CHN	WANG Mengqi	CHN	PTF	2:1
wt-presidents-cup-asia-2025	Senior Women +73kg	QF	145	XU Lei	CHN	MIRTADJIEVA Iroda	UZB	PTF	2:0
wt-presidents-cup-asia-2025	Senior Women +73kg	SF	150	XU Lei	CHN	ZHAO Ziting	CHN	PTF	2:0
wt-presidents-cup-asia-2025	Senior Women +73kg	F	352	MU Wenzhe	CHN	XU Lei	CHN	PTF	2:0
wt-presidents-cup-asia-2025	Senior Men -87kg	R32	102	KWON Giwon	KOR	LU Peng	CHN	PTF	2:0
wt-presidents-cup-asia-2025	Senior Men -87kg	R16	312	BOUZID Ismael	FRA	KWON Giwon	KOR	PTF	2:0
wt-presidents-cup-asia-2025	Senior Men -87kg	R16	412	AHMADI Ali	IRI	OH Jihoon	KOR	PTF	2:0
wt-presidents-cup-asia-2025	Senior Men -87kg	R16	113	SALAEV Shukhrat	UZB	ELSHARABATY Saleh	JOR	PTF	2:0
wt-presidents-cup-asia-2025	Senior Men -87kg	R16	213	MENG Mingkuan	CHN	ALMABROUK Ali Mabr	KSA	PTF	1:0
wt-presidents-cup-asia-2025	Senior Men -87kg	QF	228	AHMADI Ali	IRI	BOUZID Ismael	FRA	PTF	2:0
wt-presidents-cup-asia-2025	Senior Men -87kg	QF	328	SALAEV Shukhrat	UZB	MENG Mingkuan	CHN	PTF	2:1
wt-presidents-cup-asia-2025	Senior Men -87kg	SF	236	SALAEV Shukhrat	UZB	AHMADI Ali	IRI	PTF	2:0
wt-presidents-cup-asia-2025	Senior Men -87kg	R32	202	LYU Kuk Hwan	KOR	KARIMBOEV Shokhjak	UZB	PTF	2:1
wt-presidents-cup-asia-2025	Senior Men -87kg	R16	313	MYRZABAYEV Nurlan	KAZ	BARKHORDARI Mehran	IRI	PTF	1:0
wt-presidents-cup-asia-2025	Senior Men -87kg	R16	413	YAZDANI Mohammad H	IRI	KOZHAKHMET Nurkana	KAZ	PTF	2:0
wt-presidents-cup-asia-2025	Senior Men -87kg	R16	114	ZHURABOEV Yodgorbe	UZB	ZUBER Muhammad Sya	MAS	PTF	2:0
wt-presidents-cup-asia-2025	Senior Men -87kg	R16	214	KIM Woojin	KOR	LYU Kuk Hwan	KOR	PTF	2:0
wt-presidents-cup-asia-2025	Senior Men -87kg	QF	428	YAZDANI Mohammad H	IRI	MYRZABAYEV Nurlan	KAZ	PTF	1:0
wt-presidents-cup-asia-2025	Senior Men -87kg	QF	129	ZHURABOEV Yodgorbe	UZB	KIM Woojin	KOR	PTF	2:0
wt-presidents-cup-asia-2025	Senior Men -87kg	SF	336	YAZDANI Mohammad H	IRI	ZHURABOEV Yodgorbe	UZB	PTF	2:0
wt-presidents-cup-asia-2025	Senior Men -87kg	F	240	YAZDANI Mohammad H	IRI	SALAEV Shukhrat	UZB	PTF	2:0
wt-presidents-cup-asia-2025	Senior Men -80kg	R32	302	PARK Ji-min	KOR	CAI Zhaoxun	CHN	PTF	2:0
wt-presidents-cup-asia-2025	Senior Men -80kg	R32	402	HOSSEINI Mirhashem	IRI	WANG Xin	CHN	PTF	2:0
wt-presidents-cup-asia-2025	Senior Men -80kg	R16	314	JAYSUNOV Jasurbek	UZB	PARK Ji-min	KOR	PTF	2:1
wt-presidents-cup-asia-2025	Senior Men -80kg	R16	414	NGUYEN Huu Viet	VIE	HAMEDI Tareg Ali M	KSA	PTF	2:1
wt-presidents-cup-asia-2025	Senior Men -80kg	R16	115	KANGYEON Seo	KOR	SWEENEY Liam	AUS	PTF	2:0
wt-presidents-cup-asia-2025	Senior Men -80kg	R16	215	HOSSEINI Mirhashem	IRI	KIM Jung Je	KOR	PTF	2:0
wt-presidents-cup-asia-2025	Senior Men -80kg	QF	229	JAYSUNOV Jasurbek	UZB	NGUYEN Huu Viet	VIE	PTF	2:0
wt-presidents-cup-asia-2025	Senior Men -80kg	QF	329	KANGYEON Seo	KOR	HOSSEINI Mirhashem	IRI	PTF	2:0
wt-presidents-cup-asia-2025	Senior Men -80kg	SF	436	JAYSUNOV Jasurbek	UZB	KANGYEON Seo	KOR	PTF	2:1
wt-presidents-cup-asia-2025	Senior Men -80kg	R32	103	KIM Jae Beom	KOR	ZAHEDI Mohammad Ho	IRI	PTF	2:1
wt-presidents-cup-asia-2025	Senior Men -80kg	R32	203	JUNSANG Park	KOR	DUAN Junnan	CHN	PTF	2:0
wt-presidents-cup-asia-2025	Senior Men -80kg	R16	315	TOLEUGALI Batyrkha	KAZ	KIM Jae Beom	KOR	PTF	2:0
wt-presidents-cup-asia-2025	Senior Men -80kg	R16	415	WANG Guoqing	CHN	GANIYEV Mergen	KAZ	PTF	2:0
wt-presidents-cup-asia-2025	Senior Men -80kg	R16	116	LI Yang	CHN	LING Weijia	CHN	PTF	2:0
wt-presidents-cup-asia-2025	Senior Men -80kg	R16	216	JUNSANG Park	KOR	HUNG Jiun-yi	TPE	PTF	2:1
wt-presidents-cup-asia-2025	Senior Men -80kg	QF	429	TOLEUGALI Batyrkha	KAZ	WANG Guoqing	CHN	PTF	2:0
wt-presidents-cup-asia-2025	Senior Men -80kg	QF	130	JUNSANG Park	KOR	LI Yang	CHN	PTF	2:0
wt-presidents-cup-asia-2025	Senior Men -80kg	SF	137	JUNSANG Park	KOR	TOLEUGALI Batyrkha	KAZ	PTF	2:0
wt-presidents-cup-asia-2025	Senior Men -80kg	F	340	JAYSUNOV Jasurbek	UZB	JUNSANG Park	KOR	PTF	2:0
wt-presidents-cup-asia-2025	Senior Men -74kg	R64	101	TUSMATOV Shakhboz	UZB	KIM Hyun-woo	KOR	PTF	2:0
wt-presidents-cup-asia-2025	Senior Men -74kg	R64	201	SADEGHIAN Amir Rez	IRI	MURATKAN Yelnur	KAZ	PTF	2:0
wt-presidents-cup-asia-2025	Senior Men -74kg	R32	308	ORYNBASSAR Maksat	KAZ	TUSMATOV Shakhboz	UZB	PTF	2:1
wt-presidents-cup-asia-2025	Senior Men -74kg	R32	408	SEO Kang-eun	KOR	MALIK Merey	KAZ	PTF	2:0
wt-presidents-cup-asia-2025	Senior Men -74kg	R32	109	KIM Dohyeon	KOR	BIN Hasham Bandar	KSA	PTF	2:0
wt-presidents-cup-asia-2025	Senior Men -74kg	R32	209	KANG Jaegwon	KOR	BEYZAEE Amirhossei	IRI	PTF	2:0
wt-presidents-cup-asia-2025	Senior Men -74kg	R32	309	BAHLOOOL Ahmad	PLE	BHANDARI Aashis	NEP	PTF	2:0
wt-presidents-cup-asia-2025	Senior Men -74kg	R32	409	KATOH Takato	JPN	KANG Dongmin	KOR	PTF	2:0
wt-presidents-cup-asia-2025	Senior Men -74kg	R32	110	ZHAO Haolan	CHN	BEKASSYL Yergesh	KAZ	PTF	1:0
wt-presidents-cup-asia-2025	Senior Men -74kg	R32	210	SADEGHIAN Amir Rez	IRI	MERCER Jack Woody	THA	PTF	2:1
wt-presidents-cup-asia-2025	Senior Men -74kg	R16	226	SEO Kang-eun	KOR	ORYNBASSAR Maksat	KAZ	PTF	2:1
wt-presidents-cup-asia-2025	Senior Men -74kg	R16	326	KIM Dohyeon	KOR	KANG Jaegwon	KOR	PTF	2:1
wt-presidents-cup-asia-2025	Senior Men -74kg	R16	426	KATOH Takato	JPN	BAHLOOOL Ahmad	PLE	PTF	2:1
wt-presidents-cup-asia-2025	Senior Men -74kg	R16	127	SADEGHIAN Amir Rez	IRI	ZHAO Haolan	CHN	PTF	2:0
wt-presidents-cup-asia-2025	Senior Men -74kg	QF	235	SEO Kang-eun	KOR	KIM Dohyeon	KOR	PTF	2:0
wt-presidents-cup-asia-2025	Senior Men -74kg	QF	335	SADEGHIAN Amir Rez	IRI	KATOH Takato	JPN	PTF	2:0
wt-presidents-cup-asia-2025	Senior Men -74kg	SF	439	SADEGHIAN Amir Rez	IRI	SEO Kang-eun	KOR	PTF	2:0
wt-presidents-cup-asia-2025	Senior Men -74kg	R64	301	OMIRBEKOV Altair	KAZ	DO Anh Tuan	VIE	PTF	2:0
wt-presidents-cup-asia-2025	Senior Men -74kg	R64	401	XIANG Qizhang	CHN	RASSULIULY Dinmukh	KAZ	PTF	2:0
wt-presidents-cup-asia-2025	Senior Men -74kg	R32	310	IORSS Rahiti	FPO	OMIRBEKOV Altair	KAZ	PTF	2:0
wt-presidents-cup-asia-2025	Senior Men -74kg	R32	410	HSIEH Tsung Yu	TPE	TLEUGABYLOV Adil	KAZ	PTF	2:1
wt-presidents-cup-asia-2025	Senior Men -74kg	R32	111	BAKHTIARI Amir Sin	IRI	KIM Yongju	KOR	PTF	1:0
wt-presidents-cup-asia-2025	Senior Men -74kg	R32	211	KHOSHRAVESH Ali	IRI	CELIN Lyve-stone	FRA	PTF	2:0
wt-presidents-cup-asia-2025	Senior Men -74kg	R32	311	LEE Sang Ryeol	KOR	YANG Jiwoo	KOR	PTF	2:1
wt-presidents-cup-asia-2025	Senior Men -74kg	R32	411	KIM Taewook	KOR	LEE Jinwook	KOR	PTF	2:1
wt-presidents-cup-asia-2025	Senior Men -74kg	R32	112	JEON Gyu Ho	KOR	RYOO Jin	KOR	PTF	2:1
wt-presidents-cup-asia-2025	Senior Men -74kg	R32	212	XIANG Qizhang	CHN	KOSIMKHOJIEV Najmi	UZB	PTF	2:1
wt-presidents-cup-asia-2025	Senior Men -74kg	R16	227	HSIEH Tsung Yu	TPE	IORSS Rahiti	FPO	PTF	2:0
wt-presidents-cup-asia-2025	Senior Men -74kg	R16	327	BAKHTIARI Amir Sin	IRI	KHOSHRAVESH Ali	IRI	PTF	2:0
wt-presidents-cup-asia-2025	Senior Men -74kg	R16	427	LEE Sang Ryeol	KOR	KIM Taewook	KOR	PTF	2:1
wt-presidents-cup-asia-2025	Senior Men -74kg	R16	128	XIANG Qizhang	CHN	JEON Gyu Ho	KOR	PTF	2:1
wt-presidents-cup-asia-2025	Senior Men -74kg	QF	435	BAKHTIARI Amir Sin	IRI	HSIEH Tsung Yu	TPE	PTF	2:1
wt-presidents-cup-asia-2025	Senior Men -74kg	QF	136	XIANG Qizhang	CHN	LEE Sang Ryeol	KOR	PTF	2:0
wt-presidents-cup-asia-2025	Senior Men -74kg	SF	140	BAKHTIARI Amir Sin	IRI	XIANG Qizhang	CHN	PTF	2:1
wt-presidents-cup-asia-2025	Senior Men -74kg	F	142	BAKHTIARI Amir Sin	IRI	SADEGHIAN Amir Rez	IRI	PTF	2:1
wt-presidents-cup-asia-2025	Senior Men +87kg	R16	324	KANG Sanghyun	KOR	YANG Junyoung	KOR	PTF	1:1
wt-presidents-cup-asia-2025	Senior Men +87kg	R16	424	RAHMANIRAD Amirmoh	IRI	LIU Guohao	CHN	PTF	2:0
wt-presidents-cup-asia-2025	Senior Men +87kg	R16	125	SONG Zhaoxiang	CHN	HUANG Yu-jen	TPE	PTF	2:1
wt-presidents-cup-asia-2025	Senior Men +87kg	QF	234	MAVLONOV Marat	UZB	KANG Sanghyun	KOR	PTF	1:1
wt-presidents-cup-asia-2025	Senior Men +87kg	QF	334	SONG Zhaoxiang	CHN	RAHMANIRAD Amirmoh	IRI	PTF	2:1
wt-presidents-cup-asia-2025	Senior Men +87kg	SF	239	MAVLONOV Marat	UZB	SONG Zhaoxiang	CHN	PTF	2:1
wt-presidents-cup-asia-2025	Senior Men +87kg	R16	225	LI Mingsi	CHN	CHOI Unseo	KOR	PTF	2:1
wt-presidents-cup-asia-2025	Senior Men +87kg	R16	325	TANG Hao	CHN	WANG Yaoxi	CHN	PTF	2:1
wt-presidents-cup-asia-2025	Senior Men +87kg	R16	425	FATHI Saeid	IRI	ZHAO Jiongpu	CHN	PTF	2:0
wt-presidents-cup-asia-2025	Senior Men +87kg	R16	126	STILLEY Aiden	AUS	SUHAIMI Muhammad L	MAS	PTF	2:0
wt-presidents-cup-asia-2025	Senior Men +87kg	QF	434	TANG Hao	CHN	LI Mingsi	CHN	PTF	2:0
wt-presidents-cup-asia-2025	Senior Men +87kg	QF	135	FATHI Saeid	IRI	STILLEY Aiden	AUS	PTF	2:0
wt-presidents-cup-asia-2025	Senior Men +87kg	SF	339	TANG Hao	CHN	FATHI Saeid	IRI	PTF	2:0
wt-presidents-cup-asia-2025	Senior Men +87kg	F	441	MAVLONOV Marat	UZB	TANG Hao	CHN	PTF	2:0
wt-presidents-cup-asia-2025	Senior Women -57kg	R32	303	LIN Siying	CHN	TRAN Thi Anh Tuyet	VIE	PTF	2:0
wt-presidents-cup-asia-2025	Senior Women -57kg	R16	316	CARABIN Kanelya	FRA	LIN Siying	CHN	PTF	2:0
wt-presidents-cup-asia-2025	Senior Women -57kg	R16	416	CHEN Lin	CHN	ABDUVALIEVA Shabon	UZB	PTF	2:1
wt-presidents-cup-asia-2025	Senior Women -57kg	R16	117	AHN Hye Young	KOR	HYMER Stacey	AUS	PTF	2:1
wt-presidents-cup-asia-2025	Senior Women -57kg	R16	217	DAI Zongyuan	CHN	SEVOSTYANOVA Mariy	KAZ	PTF	2:0
wt-presidents-cup-asia-2025	Senior Women -57kg	QF	230	CHEN Lin	CHN	CARABIN Kanelya	FRA	PTF	2:1
wt-presidents-cup-asia-2025	Senior Women -57kg	QF	330	DAI Zongyuan	CHN	AHN Hye Young	KOR	PTF	2:0
wt-presidents-cup-asia-2025	Senior Women -57kg	SF	237	CHEN Lin	CHN	DAI Zongyuan	CHN	PTF	2:1
wt-presidents-cup-asia-2025	Senior Women -57kg	R32	403	KANAT Almira	KAZ	A. Joweil	PLE	PTF	2:0
wt-presidents-cup-asia-2025	Senior Women -57kg	R32	104	ASASEH Kosar	IRI	YANG Qingmei	CHN	PTF	2:1
wt-presidents-cup-asia-2025	Senior Women -57kg	R16	317	KANAT Almira	KAZ	LIN Wei-chun	TPE	PTF	2:1
wt-presidents-cup-asia-2025	Senior Women -57kg	R16	417	MIRABZALOVA Madina	UZB	KIM Nanhee	KOR	PTF	2:0
wt-presidents-cup-asia-2025	Senior Women -57kg	R16	118	ZHANG Chuling	CHN	KAZNABEK Nuray	KAZ	PTF	2:0
wt-presidents-cup-asia-2025	Senior Women -57kg	R16	218	KIM Gahyeon	KOR	ASASEH Kosar	IRI	PTF	2:0
wt-presidents-cup-asia-2025	Senior Women -57kg	QF	430	MIRABZALOVA Madina	UZB	KANAT Almira	KAZ	PTF	2:0
wt-presidents-cup-asia-2025	Senior Women -57kg	QF	131	KIM Gahyeon	KOR	ZHANG Chuling	CHN	PTF	2:0
wt-presidents-cup-asia-2025	Senior Women -57kg	SF	337	KIM Gahyeon	KOR	MIRABZALOVA Madina	UZB	PTF	2:1
wt-presidents-cup-asia-2025	Senior Women -57kg	F	440	KIM Gahyeon	KOR	CHEN Lin	CHN	PTF	2:0
wt-presidents-cup-asia-2025	Senior Women -53kg	R32	204	KIYANICHANDEH Nahi	IRI	KIM Siwoo	KOR	PTF	2:0
wt-presidents-cup-asia-2025	Senior Women -53kg	R32	304	ZUO Ju	CHN	NARBAYEVA Yasmina	KAZ	PTF	2:0
wt-presidents-cup-asia-2025	Senior Women -53kg	R32	404	KARAJANOVA Aziza	KAZ	GUO Qing	CHN	PTF	2:0
wt-presidents-cup-asia-2025	Senior Women -53kg	R16	318	KIYANICHANDEH Nahi	IRI	ABUTALEB Dunya Ali	KSA	PTF	2:0
wt-presidents-cup-asia-2025	Senior Women -53kg	R16	418	NEMATZADEH Mobina	IRI	ZAYNIDDINOVA Laylo	UZB	PTF	2:0
wt-presidents-cup-asia-2025	Senior Women -53kg	R16	119	ZUO Ju	CHN	SUNDETBAY Aidana	KAZ	PTF	2:0
wt-presidents-cup-asia-2025	Senior Women -53kg	R16	219	KARAJANOVA Aziza	KAZ	SU Po-ya	TPE	PTF	2:0
wt-presidents-cup-asia-2025	Senior Women -53kg	QF	231	NEMATZADEH Mobina	IRI	KIYANICHANDEH Nahi	IRI	PTF	2:1
wt-presidents-cup-asia-2025	Senior Women -53kg	QF	331	KARAJANOVA Aziza	KAZ	ZUO Ju	CHN	PTF	2:1
wt-presidents-cup-asia-2025	Senior Women -53kg	SF	437	NEMATZADEH Mobina	IRI	KARAJANOVA Aziza	KAZ	PTF	2:0
wt-presidents-cup-asia-2025	Senior Women -53kg	R32	105	TRUONG Thi Kim Tuy	VIE	WASSANA Natkamon	THA	PTF	2:0
wt-presidents-cup-asia-2025	Senior Women -53kg	R32	205	NGUYEN Thi Loan	VIE	AKBERGEN Shamshat	KAZ	PTF	2:0
wt-presidents-cup-asia-2025	Senior Women -53kg	R32	305	SEO Yeowon	KOR	XU Xinyu	CHN	PTF	2:0
wt-presidents-cup-asia-2025	Senior Women -53kg	R16	319	WANG Xiaolu	CHN	TRUONG Thi Kim Tuy	VIE	PTF	2:0
wt-presidents-cup-asia-2025	Senior Women -53kg	R16	419	NGUYEN Thi Loan	VIE	NISHIDA Mao	JPN	PTF	2:0
wt-presidents-cup-asia-2025	Senior Women -53kg	R16	120	JONGKOLRATTANAWATT	THA	TAN Nichelle	SGP	PTF	2:0
wt-presidents-cup-asia-2025	Senior Women -53kg	R16	220	SEO Yeowon	KOR	KATOH Yuzuho	JPN	PTF	2:0
wt-presidents-cup-asia-2025	Senior Women -53kg	QF	431	WANG Xiaolu	CHN	NGUYEN Thi Loan	VIE	PTF	2:1
wt-presidents-cup-asia-2025	Senior Women -53kg	QF	132	SEO Yeowon	KOR	JONGKOLRATTANAWATT	THA	PTF	1:1
wt-presidents-cup-asia-2025	Senior Women -53kg	SF	138	SEO Yeowon	KOR	WANG Xiaolu	CHN	PTF	2:1
wt-presidents-cup-asia-2025	Senior Women -53kg	F	141	NEMATZADEH Mobina	IRI	SEO Yeowon	KOR	RSC	1:1
wt-presidents-cup-asia-2025	Senior Women -49kg	R32	405	HAN Nayeon	KOR	TAIROVA Ramina	KAZ	PTF	2:0
wt-presidents-cup-asia-2025	Senior Women -49kg	R32	106	TAMBYRAJAH Saffron	AUS	KHASANOVA Laylo	UZB	PTF	2:1
wt-presidents-cup-asia-2025	Senior Women -49kg	R32	206	AKHMEDOVA Nodira	KAZ	KISHIDA Ruka	JPN	PTF	2:0
wt-presidents-cup-asia-2025	Senior Women -49kg	R32	306	NOORI Parnian	IRI	NGUYEN Thi Mai	VIE	PTF	2:1
wt-presidents-cup-asia-2025	Senior Women -49kg	R32	406	FU Xiaolu	CHN	KIM Hyang-gi	KOR	PTF	2:1
wt-presidents-cup-asia-2025	Senior Women -49kg	R16	320	MA Jingyue	CHN	HAN Nayeon	KOR	PTF	2:0
wt-presidents-cup-asia-2025	Senior Women -49kg	R16	420	AKHMEDOVA Nodira	KAZ	TAMBYRAJAH Saffron	AUS	PTF	2:0
wt-presidents-cup-asia-2025	Senior Women -49kg	R16	121	MOMENZADEH Mahla	IRI	NOORI Parnian	IRI	PTF	2:0
wt-presidents-cup-asia-2025	Senior Women -49kg	R16	221	FU Xiaolu	CHN	FOFANA Mah Teninba	FRA	PTF	2:0
wt-presidents-cup-asia-2025	Senior Women -49kg	QF	232	MA Jingyue	CHN	AKHMEDOVA Nodira	KAZ	PTF	2:0
wt-presidents-cup-asia-2025	Senior Women -49kg	QF	332	MOMENZADEH Mahla	IRI	FU Xiaolu	CHN	PTF	2:1
wt-presidents-cup-asia-2025	Senior Women -49kg	SF	238	MA Jingyue	CHN	MOMENZADEH Mahla	IRI	PTF	2:0
wt-presidents-cup-asia-2025	Senior Women -49kg	R32	107	JEONG Hye In	KOR	LU Qiuyi	CHN	PTF	2:1
wt-presidents-cup-asia-2025	Senior Women -49kg	R32	207	BAKISHEVA Rita	KAZ	LUONG Thanh Trang	VIE	PTF	2:0
wt-presidents-cup-asia-2025	Senior Women -49kg	R32	307	TANGIROVA Dilnoza	UZB	MOTTA Bianca	AUS	PTF	2:0
wt-presidents-cup-asia-2025	Senior Women -49kg	R32	407	ZHANG Qintong	CHN	CHOI Jia	KOR	PTF	1:1
wt-presidents-cup-asia-2025	Senior Women -49kg	R16	321	BAUYRZHANOVA Nuray	KAZ	JEONG Hye In	KOR	PTF	2:1
wt-presidents-cup-asia-2025	Senior Women -49kg	R16	421	YANG Sai	CHN	BAKISHEVA Rita	KAZ	PTF	2:0
wt-presidents-cup-asia-2025	Senior Women -49kg	R16	122	KAPANOVA Botakoz	KAZ	TANGIROVA Dilnoza	UZB	PTF	2:0
wt-presidents-cup-asia-2025	Senior Women -49kg	R16	222	SEEKEN Kamonchanok	THA	ZHANG Qintong	CHN	PTF	2:0
wt-presidents-cup-asia-2025	Senior Women -49kg	QF	432	YANG Sai	CHN	BAUYRZHANOVA Nuray	KAZ	PTF	2:0
wt-presidents-cup-asia-2025	Senior Women -49kg	QF	133	SEEKEN Kamonchanok	THA	KAPANOVA Botakoz	KAZ	PTF	2:1
wt-presidents-cup-asia-2025	Senior Women -49kg	SF	338	SEEKEN Kamonchanok	THA	YANG Sai	CHN	PTF	2:0
wt-presidents-cup-asia-2025	Senior Women -49kg	F	241	MA Jingyue	CHN	SEEKEN Kamonchanok	THA	PTF	2:0
wt-presidents-cup-asia-2025	Senior Women -46kg	R32	108	LEE Yumin	KOR	BASSAM Nour	PLE	PTF	2:0
wt-presidents-cup-asia-2025	Senior Women -46kg	R16	322	LEE Yumin	KOR	OKAZAKI Hinata	JPN	PTF	2:0
wt-presidents-cup-asia-2025	Senior Women -46kg	R16	422	SHIRI Sogand	IRI	PARK Seojeong	KOR	PTF	2:1
wt-presidents-cup-asia-2025	Senior Women -46kg	R16	123	HUANG Ying Hsuan	TPE	SHIN Su-in	KOR	PTF	2:1
wt-presidents-cup-asia-2025	Senior Women -46kg	R16	223	WANG Shiyi	CHN	MUNKHTUGS Suvd-erd	MGL	PTF	2:0
wt-presidents-cup-asia-2025	Senior Women -46kg	QF	233	LEE Yumin	KOR	SHIRI Sogand	IRI	PTF	2:0
wt-presidents-cup-asia-2025	Senior Women -46kg	QF	333	HUANG Ying Hsuan	TPE	WANG Shiyi	CHN	PTF	2:0
wt-presidents-cup-asia-2025	Senior Women -46kg	SF	438	LEE Yumin	KOR	HUANG Ying Hsuan	TPE	PTF	2:1
wt-presidents-cup-asia-2025	Senior Women -46kg	R32	208	NASIRI Saeideh	IRI	KUMARTAYEVA Aidana	KAZ	PTF	2:1
wt-presidents-cup-asia-2025	Senior Women -46kg	R16	323	POOLKERD Patcharak	THA	ERTAYEVA Nodira	KAZ	PTF	2:0
wt-presidents-cup-asia-2025	Senior Women -46kg	R16	423	SHONIYOZOVA Madina	UZB	ALSHARIF Taiba Kha	KSA	PTF	2:0
wt-presidents-cup-asia-2025	Senior Women -46kg	R16	124	YE Xiaoting	CHN	ALKHAWAHR Rahmah A	KSA	PTF	2:0
wt-presidents-cup-asia-2025	Senior Women -46kg	R16	224	NASIRI Saeideh	IRI	OKAMOTO Ruka	JPN	PTF	2:0
wt-presidents-cup-asia-2025	Senior Women -46kg	QF	433	POOLKERD Patcharak	THA	SHONIYOZOVA Madina	UZB	PTF	2:0
wt-presidents-cup-asia-2025	Senior Women -46kg	QF	134	NASIRI Saeideh	IRI	YE Xiaoting	CHN	PTF	2:1
wt-presidents-cup-asia-2025	Senior Women -46kg	SF	139	NASIRI Saeideh	IRI	POOLKERD Patcharak	THA	PTF	2:1
wt-presidents-cup-asia-2025	Senior Women -46kg	F	341	NASIRI Saeideh	IRI	LEE Yumin	KOR	PTF	2:0
asian-open-2026	Senior Women -46kg	R32	201	MAHARANI Siti	INA	PUSPA RINJANI Pradinda	INA	PTF	2:0
asian-open-2026	Senior Women -46kg	R32	301	SUZUKI Koharu	JPN	APRIANI Syivana	INA	PTF	2:0
asian-open-2026	Senior Women -46kg	R32	202	NATHAGRACIA AZZAHRA Aurel	INA	DEWI Divia	INA	PTF	2:0
asian-open-2026	Senior Women -46kg	R32	302	GODARA Janvi	IND	PRATIWI Thalitha	INA	PTF	2:0
asian-open-2026	Senior Women -46kg	R16	306	LAHOOD Juliet	AUS	MAHARANI Siti	INA	PTF	2:0
asian-open-2026	Senior Women -46kg	R16	207	CARLOS Caitlin Julia	PHI	SUZUKI Koharu	JPN	PTF	2:0
asian-open-2026	Senior Women -46kg	R16	307	VIRMANSYAH Kamilia	INA	NATHAGRACIA AZZAHRA Aurel	INA	PTF	2:0
asian-open-2026	Senior Women -46kg	R16	208	GODARA Janvi	IND	LABIBAH Alika	INA	PTF	2:0
asian-open-2026	Senior Women -46kg	QF	319	LAHOOD Juliet	AUS	CARLOS Caitlin Julia	PHI	PTF	2:0
asian-open-2026	Senior Women -46kg	QF	320	VIRMANSYAH Kamilia	INA	GODARA Janvi	IND	PTF	2:0
asian-open-2026	Senior Women -46kg	SF	226	LAHOOD Juliet	AUS	VIRMANSYAH Kamilia	INA	PTF	2:0
asian-open-2026	Senior Women -46kg	R32	203	ALAMANDA Fortuna	INA	ATALIE Gendis Kirana	INA		
asian-open-2026	Senior Women -46kg	R32	303	PANGGABEAN Sarah Maria	INA	JANNAH Zahratul	INA		
asian-open-2026	Senior Women -46kg	R32	204	FONSECA Caliana	USA	WALISUNDARA MUDIYANSELAGE Nethmi Ka	UNK		
asian-open-2026	Senior Women -46kg	R32	304	AGHNIA Az-zahra Violin	INA	ADINEGORO Andreana	INA	PTF	2:0
asian-open-2026	Senior Women -46kg	R16	308	MA Sum Yi	HKG	ALAMANDA Fortuna	INA	PTF	2:0
asian-open-2026	Senior Women -46kg	R16	209	PANGGABEAN Sarah Maria	INA	ALEXANDRA Rayinda Syah	INA		
asian-open-2026	Senior Women -46kg	R16	309	TOMITA Chisaki	JPN	FONSECA Caliana	USA	PTF	2:1
asian-open-2026	Senior Women -46kg	R16	210	LAU Tsz Wan	HKG	AGHNIA Az-zahra Violin	INA	PTF	2:0
asian-open-2026	Senior Women -46kg	QF	321	PANGGABEAN Sarah Maria	INA	MA Sum Yi	HKG		
asian-open-2026	Senior Women -46kg	QF	219	TOMITA Chisaki	JPN	LAU Tsz Wan	HKG	PTF	2:0
asian-open-2026	Senior Women -46kg	SF	329	TOMITA Chisaki	JPN	PANGGABEAN Sarah Maria	INA	PTF	2:1
asian-open-2026	Senior Women -46kg	F	231	LAHOOD Juliet	AUS	TOMITA Chisaki	JPN	PTF	2:0
asian-open-2026	Senior Women -49kg	R32	205	DWI PUTRI Winda	INA	VILLASENOR Bobbi Monique	USA	PTF	2:0
asian-open-2026	Senior Women -49kg	R16	311	OKAMOTO Ruka	JPN	DWI PUTRI Winda	INA	PTF	2:0
asian-open-2026	Senior Women -49kg	R16	212	JEON Mihyeon	KOR	W KADIR Ikja Artina	INA	PTF	2:0
asian-open-2026	Senior Women -49kg	R16	312	CASTEL Felicity Jana	PHI	LAM Siu Wai	HKG	PTF	2:0
asian-open-2026	Senior Women -49kg	R16	213	Vaishnave	IND	LARASATI Keysha Az Zahra	INA	PTF	2:0
asian-open-2026	Senior Women -49kg	QF	323	OKAMOTO Ruka	JPN	JEON Mihyeon	KOR	PTF	2:0
asian-open-2026	Senior Women -49kg	QF	221	CASTEL Felicity Jana	PHI	Vaishnave	IND	PTF	2:0
asian-open-2026	Senior Women -49kg	SF	227	OKAMOTO Ruka	JPN	CASTEL Felicity Jana	PHI	PTF	2:0
asian-open-2026	Senior Women -49kg	R32	305	ALIYKA Putri	INA	HAIRA Ighfirna	INA	PTF	2:0
asian-open-2026	Senior Women -49kg	R32	206	CHETIA Nayatri	IND	KEISHA AZZAHRA Queenita	INA	PTF	2:0
asian-open-2026	Senior Women -49kg	R16	313	ALIYKA Putri	INA	NURUL ISLAMI Refa	INA	PTF	2:1
asian-open-2026	Senior Women -49kg	R16	214	SOFYAN Nazwa	INA	JAYAWARDHANA MUDIYANSELAGE	UNK	PTF	2:0
asian-open-2026	Senior Women -49kg	R16	314	AN Byeo Ri	KOR	KHAN Zoya	IND	PTF	2:0
asian-open-2026	Senior Women -49kg	R16	215	BAT-ERDENE Uchral	MGL	CHETIA Nayatri	IND		
asian-open-2026	Senior Women -49kg	QF	324	ALIYKA Putri	INA	SOFYAN Nazwa	INA	PTF	2:0
asian-open-2026	Senior Women -49kg	QF	222	BAT-ERDENE Uchral	MGL	AN Byeo Ri	KOR		
asian-open-2026	Senior Women -49kg	SF	230	BAT-ERDENE Uchral	MGL	ALIYKA Putri	INA		
asian-open-2026	Senior Women -49kg	F	233	OKAMOTO Ruka	JPN	BAT-ERDENE Uchral	MGL	PTF	2:0
asian-open-2026	Senior Women -57kg	R16	117	NAM Yurim	KOR	CADILENA Rhiyanne Agatha Shay	PHI	PTF	2:0
asian-open-2026	Senior Women -57kg	R16	217	HAPSARI Aura Gita	INA	KAMILAH Alsa	INA	PTF	2:1
asian-open-2026	Senior Women -57kg	R16	118	LAMANDA Silvana	INA	TSE Wing Chi	HKG	PTF	2:0
asian-open-2026	Senior Women -57kg	QF	124	HYMER Stacey	AUS	NAM Yurim	KOR	PTF	2:0
asian-open-2026	Senior Women -57kg	QF	224	LAMANDA Silvana	INA	HAPSARI Aura Gita	INA	PTF	2:0
asian-open-2026	Senior Women -57kg	SF	129	LAMANDA Silvana	INA	HYMER Stacey	AUS	PTF	2:0
asian-open-2026	Senior Women -57kg	R16	218	YANTHI I Gusti Ayu Agung Darma	INA	RAMADHANI Nia	INA	PTF	2:1
asian-open-2026	Senior Women -57kg	R16	317	SONAWANE Ishwari	IND	LOW Xin Er Daycia	SGP		
asian-open-2026	Senior Women -57kg	R16	318	RAMADANI Aqila	INA	SAFIRA Jihan	INA		
asian-open-2026	Senior Women -57kg	QF	125	SONAWANE Ishwari	IND	YANTHI I Gusti Ayu Agung Darma	INA		
asian-open-2026	Senior Women -57kg	QF	225	RAMADANI Aqila	INA	MURATA Lila Ardian	JPN		
asian-open-2026	Senior Women -57kg	SF	229	RAMADANI Aqila	INA	SONAWANE Ishwari	IND		
asian-open-2026	Senior Women -57kg	F	235	RAMADANI Aqila	INA	LAMANDA Silvana	INA	PTF	2:0
asian-open-2026	Senior Men -74kg	R32	101	BAGUS RAMA DWISATRIA I Gusti	INA	YADAV Nishit	IND	PTF	2:0
asian-open-2026	Senior Men -74kg	R32	102	RAHMATULLAH Ariq Alfatih Ageng	INA	JAIN Arjun	IND	PTF	2:0
asian-open-2026	Senior Men -74kg	R32	103	ALZAYED Panduaji	INA	HAPU ARACHCHILAGE Ashan Maduka	SRI	PTF	2:0
asian-open-2026	Senior Men -74kg	R16	106	TAM Ching Nam	HKG	BAGUS RAMA DWISATRIA I Gusti	INA	PTF	2:0
asian-open-2026	Senior Men -74kg	R16	107	ALFARISI Arizul	INA	SAPUTRA Ihlas	INA	PTF	2:1
asian-open-2026	Senior Men -74kg	R16	108	IZARIK Daniel	SVK	RAHMATULLAH Ariq Alfatih Ageng	INA	PTF	2:0
asian-open-2026	Senior Men -74kg	R16	109	LAM Ka Hei Tank	HKG	ALZAYED Panduaji	INA	PTF	2:0
asian-open-2026	Senior Men -74kg	QF	119	TAM Ching Nam	HKG	ALFARISI Arizul	INA	PTF	2:0
asian-open-2026	Senior Men -74kg	QF	322	IZARIK Daniel	SVK	LAM Ka Hei Tank	HKG	PTF	2:0
asian-open-2026	Senior Men -74kg	SF	126	IZARIK Daniel	SVK	TAM Ching Nam	HKG	PTF	2:0
asian-open-2026	Senior Men -74kg	R32	104	JUNIO Cyvir	PHI	FEBRIANTO Afif	INA	PTF	2:0
asian-open-2026	Senior Men -74kg	R32	105	SINGH Rahul	IND	DHARMA DUTA Dewa Gede Tri	INA	PTF	2:1
asian-open-2026	Senior Men -74kg	R16	110	JUNIO Cyvir	PHI	QAIKAL Aru	INA	PTF	2:0
asian-open-2026	Senior Men -74kg	R16	310	PRASETYO Dhimas	INA	OMIRBEKOV Altair	KAZ		
asian-open-2026	Senior Men -74kg	R16	111	AZHAR Salim	INA	ISBACH Faliqul	INA	PTF	2:1
asian-open-2026	Senior Men -74kg	R16	211	ABDUSALAMOV Magomed	RUS	SINGH Rahul	IND		
asian-open-2026	Senior Men -74kg	QF	120	JUNIO Cyvir	PHI	PRASETYO Dhimas	INA	PTF	2:0
asian-open-2026	Senior Men -74kg	QF	220	ABDUSALAMOV Magomed	RUS	AZHAR Salim	INA		
asian-open-2026	Senior Men -74kg	SF	127	ABDUSALAMOV Magomed	RUS	JUNIO Cyvir	PHI		
asian-open-2026	Senior Men -74kg	F	232	ABDUSALAMOV Magomed	RUS	IZARIK Daniel	SVK		
asian-open-2026	Senior Men -80kg	R16	112	SASTAMA Edgar	INA	NURZY Valdo Caesar	INA	PTF	2:0
asian-open-2026	Senior Men -80kg	R16	113	AL GIFARI Muhammad	INA	DELOS SANTOS Marcus Neil	PHI	PTF	2:1
asian-open-2026	Senior Men -80kg	R16	114	HOODA Akshay	IND	AL HAQQI Muhammad Faiz	INA	PTF	2:0
asian-open-2026	Senior Men -80kg	QF	121	SASTAMA Edgar	INA	HAMEDI Tareg Ali M	KSA	PTF	2:0
asian-open-2026	Senior Men -80kg	QF	122	HOODA Akshay	IND	AL GIFARI Muhammad	INA	PTF	2:0
asian-open-2026	Senior Men -80kg	SF	128	HOODA Akshay	IND	SASTAMA Edgar	INA	PTF	2:0
asian-open-2026	Senior Men -80kg	R16	115	MARIPOV Abdurakhmon	KAZ	SUSILO Arya Danu	INA	PTF	2:0
asian-open-2026	Senior Men -80kg	R16	116	NARAYANA DIVTA I Nyoman	INA	TAUFIQURRAHMAN Muhammad	INA		
asian-open-2026	Senior Men -80kg	R16	216	PRIYAM Piyush	IND	HABIBURIZKI Avicenna	INA	PTF	2:0
asian-open-2026	Senior Men -80kg	QF	123	MARIPOV Abdurakhmon	KAZ	NARAYANA DIVTA I Nyoman	INA	PTF	2:0
asian-open-2026	Senior Men -80kg	QF	223	RAIHAN FADHILA Mhd	INA	PRIYAM Piyush	IND		
asian-open-2026	Senior Men -80kg	SF	228	RAIHAN FADHILA Mhd	INA	MARIPOV Abdurakhmon	KAZ		
asian-open-2026	Senior Men -80kg	F	234	RAIHAN FADHILA Mhd	INA	HOODA Akshay	IND		
asian-open-2026	Senior Men +87kg	R16	315	SAEED Hamzah Omar	PAK	RATHOD Manjeet Singh	IND	PTF	2:0
asian-open-2026	Senior Men +87kg	QF	325	SAEED Hamzah Omar	PAK	STILLEY Aiden	AUS	PTF	2:1
asian-open-2026	Senior Men +87kg	QF	326	FAADIHILLAH Ezar	INA	ARMANTO Nicholas	INA	PTF	2:0
asian-open-2026	Senior Men +87kg	SF	330	SAEED Hamzah Omar	PAK	FAADIHILLAH Ezar	INA	PTF	2:0
asian-open-2026	Senior Men +87kg	R16	316	ARACHMAN Mohammad	INA	HUSSAIN Mohamed Ashiff	IND		
asian-open-2026	Senior Men +87kg	QF	327	WARKEY Benaya Rafael	INA	WIJIYATMAKA Dimas Bagas Praband	UNK	PTF	2:0
asian-open-2026	Senior Men +87kg	QF	328	HANUSOVSKY Richard	SVK	ARACHMAN Mohammad	INA		
asian-open-2026	Senior Men +87kg	SF	130	HANUSOVSKY Richard	SVK	WARKEY Benaya Rafael	INA		
asian-open-2026	Senior Men +87kg	F	236	SAEED Hamzah Omar	PAK	HANUSOVSKY Richard	SVK	PTF	2:0
asian-open-2026	Senior Women -62kg	R16	108	BLEWITT Gabriella	AUS	KIM Hye Ryeong	KOR	PTF	2:0
asian-open-2026	Senior Women -62kg	R16	208	DEWI Oktavia	INA	PHURAILATPAM Gharluxmi	IND	PTF	2:0
asian-open-2026	Senior Women -62kg	R16	308	TRI HAPSARI Della	INA	CACILDES VINOTHKANNA Annsofna	SRI	PTF	2:1
asian-open-2026	Senior Women -62kg	R16	109	KUMARI Peehu	IND	LUM Shanice Bei Xin	SGP	PTF	2:0
asian-open-2026	Senior Women -62kg	QF	118	BLEWITT Gabriella	AUS	DEWI Oktavia	INA	PTF	2:0
asian-open-2026	Senior Women -62kg	QF	218	KUMARI Peehu	IND	TRI HAPSARI Della	INA	PTF	2:0
asian-open-2026	Senior Women -62kg	SF	126	BLEWITT Gabriella	AUS	KUMARI Peehu	IND	PTF	2:0
asian-open-2026	Senior Women -62kg	R16	209	TIURMA BERTHA HUTAPEA Marcia	INA	PERMATA Ni Made	INA		
asian-open-2026	Senior Women -62kg	R16	309	PIRENANINGTYAS Reininda	INA	INAYAH Inayah	INA		
asian-open-2026	Senior Women -62kg	R16	110	POETRI ISKANDAR Ingrid	SGP	HO Cathy Minly	HKG		
asian-open-2026	Senior Women -62kg	R16	210	SURJANTO Raffaya	INA	PUTRI Hayananda	INA		
asian-open-2026	Senior Women -62kg	QF	318	PIRENANINGTYAS Reininda	INA	TIURMA BERTHA HUTAPEA Marcia	INA		
asian-open-2026	Senior Women -62kg	QF	119	POETRI ISKANDAR Ingrid	SGP	SURJANTO Raffaya	INA		
asian-open-2026	Senior Women -62kg	SF	226	POETRI ISKANDAR Ingrid	SGP	PIRENANINGTYAS Reininda	INA		
asian-open-2026	Senior Women -62kg	F	230	BLEWITT Gabriella	AUS	POETRI ISKANDAR Ingrid	SGP	PTF	2:0
asian-open-2026	Senior Women -67kg	R16	213	KHAN Sania	IND	LAM Tsz Ching	HKG	PTF	2:0
asian-open-2026	Senior Women -67kg	QF	320	KHAN Sania	IND	JAVIER Jizyl	PHI	PTF	2:0
asian-open-2026	Senior Women -67kg	QF	121	PARK Jeong-hyeon	KOR	PRATIWI Emanuela Grace Masyu	INA	PTF	2:0
asian-open-2026	Senior Women -67kg	SF	227	PARK Jeong-hyeon	KOR	KHAN Sania	IND	PTF	2:1
asian-open-2026	Senior Women -67kg	R16	313	LIM Su Min	KOR	WIDIA NINGRUM Sekar Embun	INA	PTF	2:0
asian-open-2026	Senior Women -67kg	R16	114	BAJAJ Magan	IND	JAYANTI Dwi	INA	PTF	2:0
asian-open-2026	Senior Women -67kg	QF	221	LIM Su Min	KOR	AURA Nabila	INA	PTF	2:0
asian-open-2026	Senior Women -67kg	QF	321	BAJAJ Magan	IND	SARI Varas Indah	INA	PTF	2:0
asian-open-2026	Senior Women -67kg	SF	327	LIM Su Min	KOR	BAJAJ Magan	IND	PTF	2:0
asian-open-2026	Senior Women -67kg	F	232	LIM Su Min	KOR	PARK Jeong-hyeon	KOR	PTF	2:0
asian-open-2026	Senior Women +73kg	QF	223	STEWART Reba	AUS	PERMATA SARI Indah	INA	PTF	2:0
asian-open-2026	Senior Women +73kg	QF	323	BARUA Rodali	IND	RENIEDO Ashley Rose	PHI	PTF	2:0
asian-open-2026	Senior Women +73kg	SF	328	STEWART Reba	AUS	BARUA Rodali	IND	PTF	2:0
asian-open-2026	Senior Women +73kg	QF	124	ANTIL Himanshi	IND	SARI Syaida	INA	PTF	2:1
asian-open-2026	Senior Women +73kg	QF	224	YADAV Jyoti	IND	WIBOWO Amelia Putri	INA	PTF	2:0
asian-open-2026	Senior Women +73kg	SF	129	YADAV Jyoti	IND	ANTIL Himanshi	IND	PTF	2:0
asian-open-2026	Senior Women +73kg	F	234	STEWART Reba	AUS	YADAV Jyoti	IND	PTF	2:0
asian-open-2026	Senior Men -58kg	R32	101	DAMOPOLII Moch Rizky Pratama	INA	SITORUS PANE Anggi Syahputra S	INA	PTF	2:1
asian-open-2026	Senior Men -58kg	R32	201	CHAVEZ Ethan Jervey Dayne	PHI	AKBAR Muhammad Prana	INA	PTF	2:0
asian-open-2026	Senior Men -58kg	R32	301	YADAV Shubh	IND	MEIDITO RIFKI Rama	INA	PTF	2:0
asian-open-2026	Senior Men -58kg	R32	102	SASTRA Putu Ryan Angga Pratama	INA	RASYA ABHINAYA Muhammad	INA	PTF	2:0
asian-open-2026	Senior Men -58kg	R32	202	CHAN Hin Hang	HKG	MER Ankit	IND	PTF	2:1
asian-open-2026	Senior Men -58kg	R16	310	ALMUSHRAF Abdullah Essa A	KSA	DAMOPOLII Moch Rizky Pratama	INA	PTF	2:0
asian-open-2026	Senior Men -58kg	R16	111	YADAV Shubh	IND	CHAVEZ Ethan Jervey Dayne	PHI	PTF	2:0
asian-open-2026	Senior Men -58kg	R16	211	SASTRA Putu Ryan Angga Pratama	INA	SERHALAY Jeremiah	NED	PTF	2:0
asian-open-2026	Senior Men -58kg	R16	311	CHAN Hin Hang	HKG	INDRAYANA Ariqfallah Rasyid	INA	PTF	2:1
asian-open-2026	Senior Men -58kg	QF	219	YADAV Shubh	IND	ALMUSHRAF Abdullah Essa A	KSA	PTF	2:0
asian-open-2026	Senior Men -58kg	QF	319	CHAN Hin Hang	HKG	SASTRA Putu Ryan Angga Pratama	INA	PTF	2:0
asian-open-2026	Senior Men -58kg	SF	326	YADAV Shubh	IND	CHAN Hin Hang	HKG	PTF	2:1
asian-open-2026	Senior Men -58kg	R32	302	MAHAR Nishant	IND	DHARMAWAN Kemal Yusuf	INA	PTF	2:0
asian-open-2026	Senior Men -58kg	R32	103	RAMADHAN Frans Dwiki	INA	DWI YANDY Andi Muhammad Dzul Iqram	INA		
asian-open-2026	Senior Men -58kg	R32	203	YONDONJAMTS Purevdash	MGL	AZCA JAYANINGRAT Muhammad	INA		
asian-open-2026	Senior Men -58kg	R32	303	RAHMAD Andi	INA	SANTOSO Alvino	INA	PTF	2:0
asian-open-2026	Senior Men -58kg	R32	104	CURATA Kurt Mykel	PHI	IUDIN Irsyad	INA	PTF	2:0
asian-open-2026	Senior Men -58kg	R32	204	AKBAR Muhammad	INA	YASRI Affandi Syawal	INA	PTF	2:0
asian-open-2026	Senior Men -58kg	R16	112	CHIOK Chun Yin	HKG	MAHAR Nishant	IND	PTF	2:0
asian-open-2026	Senior Men -58kg	R16	212	YONDONJAMTS Purevdash	MGL	RAMADHAN Frans Dwiki	INA		
asian-open-2026	Senior Men -58kg	R16	312	CURATA Kurt Mykel	PHI	RAHMAD Andi	INA	PTF	2:0
asian-open-2026	Senior Men -58kg	R16	113	HAMDI Riad Nasser A	KSA	AKBAR Muhammad	INA	PTF	2:0
asian-open-2026	Senior Men -58kg	QF	120	YONDONJAMTS Purevdash	MGL	CHIOK Chun Yin	HKG		
asian-open-2026	Senior Men -58kg	QF	220	HAMDI Riad Nasser A	KSA	CURATA Kurt Mykel	PHI	PTF	2:0
asian-open-2026	Senior Men -58kg	SF	127	HAMDI Riad Nasser A	KSA	YONDONJAMTS Purevdash	MGL	PTF	2:0
asian-open-2026	Senior Men -58kg	F	231	HAMDI Riad Nasser A	KSA	YADAV Shubh	IND	PTF	2:0
asian-open-2026	Senior Men -68kg	R32	304	NOVEAN Aga	INA	HILMI Muhammad Mustofa	INA	PTF	2:1
asian-open-2026	Senior Men -68kg	R32	105	GANTULGA Enkhbayar	MGL	DEEPANSHU Deepanshu	IND	PTF	2:1
asian-open-2026	Senior Men -68kg	R32	205	ATALLAH Rava	INA	KUMAR Akhil	IND	PTF	2:0
asian-open-2026	Senior Men -68kg	R32	305	KUSUMA Sakti Yudhajaya Permata	INA	PAVANANTHARASA Tharmilan	SRI	PTF	2:1
asian-open-2026	Senior Men -68kg	R32	106	ANDY CHUNG Ming Pong	HKG	SALSABIL H ALI Thoriqh Hilbram	INA	PTF	2:0
asian-open-2026	Senior Men -68kg	R16	214	NIKOLOVSKI Xavier	AUS	NOVEAN Aga	INA	PTF	2:0
asian-open-2026	Senior Men -68kg	R16	314	GANTULGA Enkhbayar	MGL	ATALLAH Rava	INA	PTF	2:0
asian-open-2026	Senior Men -68kg	R16	115	GILBUENA Sturdy Jay	PHI	KUSUMA Sakti Yudhajaya Permata	INA	PTF	2:0
asian-open-2026	Senior Men -68kg	R16	215	SUMMERFIELD Matthew	AUS	ANDY CHUNG Ming Pong	HKG	PTF	2:0
asian-open-2026	Senior Men -68kg	QF	122	NIKOLOVSKI Xavier	AUS	GANTULGA Enkhbayar	MGL	PTF	2:0
asian-open-2026	Senior Men -68kg	QF	222	SUMMERFIELD Matthew	AUS	GILBUENA Sturdy Jay	PHI	PTF	2:0
asian-open-2026	Senior Men -68kg	SF	128	SUMMERFIELD Matthew	AUS	NIKOLOVSKI Xavier	AUS	PTF	2:1
asian-open-2026	Senior Men -68kg	R32	206	TAN Nigel	SGP	AVATAR M Aqil	INA	PTF	2:0
asian-open-2026	Senior Men -68kg	R32	306	PUTRA Arga	INA	YEE Liming	SGP	PTF	2:0
asian-open-2026	Senior Men -68kg	R32	107	RAI Rishi	IND	PRAYUDI Zahitd	INA	PTF	2:0
asian-open-2026	Senior Men -68kg	R32	207	UMARO Meazza Faza	INA	FADHILA Rizqy	INA	PTF	2:0
asian-open-2026	Senior Men -68kg	R32	307	RAIHAN Muhammad Bassam	INA	RACHA Jericho Muhammad	INA	PTF	2:0
asian-open-2026	Senior Men -68kg	R16	315	Dinesh	IND	TAN Nigel	SGP	PTF	2:0
asian-open-2026	Senior Men -68kg	R16	116	PUTRA Arga	INA	DARMAYOGA I Gusti Bagus Agung	UNK	PTF	2:0
asian-open-2026	Senior Men -68kg	R16	216	UMARO Meazza Faza	INA	RAI Rishi	IND	PTF	2:0
asian-open-2026	Senior Men -68kg	R16	316	LO Wai Fung	HKG	RAIHAN Muhammad Bassam	INA	PTF	2:1
asian-open-2026	Senior Men -68kg	QF	322	PUTRA Arga	INA	Dinesh	IND	PTF	2:1
asian-open-2026	Senior Men -68kg	QF	123	LO Wai Fung	HKG	UMARO Meazza Faza	INA	PTF	2:0
asian-open-2026	Senior Men -68kg	SF	228	LO Wai Fung	HKG	PUTRA Arga	INA	PTF	2:0
asian-open-2026	Senior Men -68kg	F	233	SUMMERFIELD Matthew	AUS	LO Wai Fung	HKG		
asian-open-2026	Senior Men -87kg	R16	117	SETYAPUTRA Adhetian	INA	HUTAGALUNG Rhaditya Keola Namora	INA	PTF	2:0
asian-open-2026	Senior Men -87kg	QF	324	HOERMANN Vincent	GER	SETYAPUTRA Adhetian	INA	PTF	2:0
asian-open-2026	Senior Men -87kg	QF	125	KAISER Adrian	INA	VIJAYRAN Lakshay	IND	PTF	2:0
asian-open-2026	Senior Men -87kg	SF	229	KAISER Adrian	INA	HOERMANN Vincent	GER	PTF	2:0
asian-open-2026	Senior Men -87kg	R16	217	PATEL Shashank Singh	IND	ADHIPRATAMA Poetra	INA	PTF	2:0
asian-open-2026	Senior Men -87kg	R16	317	NAUVAL Ossanando	INA	Rishabh	IND	PTF	2:0
asian-open-2026	Senior Men -87kg	QF	225	KOZHAKHMET Nurkanat	KAZ	PATEL Shashank Singh	IND		
asian-open-2026	Senior Men -87kg	QF	325	BUDIN Vladislav	RUS	NAUVAL Ossanando	INA	PTF	2:0
asian-open-2026	Senior Men -87kg	SF	329	BUDIN Vladislav	RUS	KOZHAKHMET Nurkanat	KAZ	PTF	2:0
asian-open-2026	Senior Men -87kg	F	235	BUDIN Vladislav	RUS	KAISER Adrian	INA	PTF	2:0
el-hassan-open-2026	Senior Men -54kg	R16	301	DIB Michael	LBN	MANASIR Ahmad	JOR	PTF	2:0
el-hassan-open-2026	Senior Men -54kg	R16	302	ELSISI Alieldin	KSA	ALMANAA Hamed	JOR	PTF	2:0
el-hassan-open-2026	Senior Men -54kg	QF	310	ALHUSAMI Anas	JOR	DIB Michael	LBN	PTF	2:0
el-hassan-open-2026	Senior Men -54kg	QF	311	ALAMANASEER Yamen	JOR	ELSISI Alieldin	KSA	PTF	2:0
el-hassan-open-2026	Senior Men -54kg	SF	322	ALHUSAMI Anas	JOR	ALAMANASEER Yamen	JOR	RSC	2:0
el-hassan-open-2026	Senior Men -54kg	R16	303	ALHUNAITY Othman	JOR	MOHAMED Waleed	BRN	PTF	2:0
el-hassan-open-2026	Senior Men -54kg	R16	304	ALDAOUD Ja'afar	JOR	ALRAWASHDEH Laith	JOR	PTF	2:0
el-hassan-open-2026	Senior Men -54kg	QF	312	ALHUNAITY Othman	JOR	HAMDAN Shahen	JOR	PTF	2:0
el-hassan-open-2026	Senior Men -54kg	QF	313	ALDAOUD Ja'afar	JOR	ALSHADAT Qutaiba	JOR	PTF	2:0
el-hassan-open-2026	Senior Men -54kg	SF	323	ALDAOUD Ja'afar	JOR	ALHUNAITY Othman	JOR	WDR	2:0
el-hassan-open-2026	Senior Men -54kg	F	328	ALDAOUD Ja'afar	JOR	ALHUSAMI Anas	JOR	PTF	2:0
el-hassan-open-2026	Senior Men -58kg	R32	201	OSAMA HUSSEIEN Mohamed	EGY	EYADZAMEL Suleiman	JOR	PTF	2:0
el-hassan-open-2026	Senior Men -58kg	R16	203	OSAMA HUSSEIEN Mohamed	EGY	MAGOMEDOV Kurbanmagomed	RUS	PTF	2:0
el-hassan-open-2026	Senior Men -58kg	R16	204	AL-SHARQI Mohammed Aref	JOR	YASER ESSA Omar	TRT	PTF	2:0
el-hassan-open-2026	Senior Men -58kg	R16	205	ZARIFEH Marc	LBN	IBRAHIM Najeeb	JOR	PTF	2:0
el-hassan-open-2026	Senior Men -58kg	R16	206	KHALIL Ahmed	JOR	ALOTAIBY Sanad	JOR	PTF	2:0
el-hassan-open-2026	Senior Men -58kg	QF	215	OSAMA HUSSEIEN Mohamed	EGY	AL-SHARQI Mohammed Aref	JOR	PTF	2:0
el-hassan-open-2026	Senior Men -58kg	QF	216	ZARIFEH Marc	LBN	KHALIL Ahmed	JOR	PTF	2:0
el-hassan-open-2026	Senior Men -58kg	SF	221	OSAMA HUSSEIEN Mohamed	EGY	ZARIFEH Marc	LBN	PTF	2:0
el-hassan-open-2026	Senior Men -58kg	R16	207	ALARMETI Husam	JOR	WAEL MUSTAFA Obada	JOR	WDR	2:0
el-hassan-open-2026	Senior Men -58kg	R16	208	SWAR Hussain	BRN	ABUHALTAM Abdulkareem	JOR	PTF	2:0
el-hassan-open-2026	Senior Men -58kg	R16	209	ELWALID MAHDY Khaled	EGY	AL-LOUZI Radad	JOR	PTF	2:0
el-hassan-open-2026	Senior Men -58kg	R16	210	AL BULUSHI Al Muhanad	OMA	JARADAT Ahmed	JOR	PTF	2:1
el-hassan-open-2026	Senior Men -58kg	QF	217	ALARMETI Husam	JOR	SWAR Hussain	BRN	RSC	2:0
el-hassan-open-2026	Senior Men -58kg	QF	218	ELWALID MAHDY Khaled	EGY	AL BULUSHI Al Muhanad	OMA	RSC	2:0
el-hassan-open-2026	Senior Men -58kg	SF	222	ELWALID MAHDY Khaled	EGY	ALARMETI Husam	JOR	PTF	2:0
el-hassan-open-2026	Senior Men -58kg	F	224	OSAMA HUSSEIEN Mohamed	EGY	ELWALID MAHDY Khaled	EGY	PTF	0:2
el-hassan-open-2026	Senior Men -63kg	R32	101	HASSAN KAMAL Yahia	EGY	EMAD SALHEIH Abd-Alrhman	JOR	PTF	2:1
el-hassan-open-2026	Senior Men -63kg	R16	103	MAGOMEDOV Shamil	RUS	HASSAN KAMAL Yahia	EGY	PTF	2:0
el-hassan-open-2026	Senior Men -63kg	R16	104	KOUDSI Raphael	LBN	YOUSIF Mahmoud Bassam	JOR	PTF	2:1
el-hassan-open-2026	Senior Men -63kg	R16	105	ALFAHMAWI Khaled	JOR	ABU AFEEFA Ezz Aldeen	JOR	PTF	2:0
el-hassan-open-2026	Senior Men -63kg	R16	106	ALJAEIDI Omar	JOR	AHMAD Rashed	JOR	WDR	2:0
el-hassan-open-2026	Senior Men -63kg	QF	116	KOUDSI Raphael	LBN	MAGOMEDOV Shamil	RUS	PTF	2:1
el-hassan-open-2026	Senior Men -63kg	QF	117	ALFAHMAWI Khaled	JOR	ALJAEIDI Omar	JOR	PTF	2:0
el-hassan-open-2026	Senior Men -63kg	SF	124	KOUDSI Raphael	LBN	ALFAHMAWI Khaled	JOR	PTF	2:0
el-hassan-open-2026	Senior Men -63kg	R32	102	IBRAHIM SHAIKH Mohammad	PLE	ALMASRI Khalil	JOR	PTF	2:0
el-hassan-open-2026	Senior Men -63kg	R16	107	HISHAM MOHAMED Ahmed	EGY	ABUSROUR Eyas	JOR	PTF	2:0
el-hassan-open-2026	Senior Men -63kg	R16	108	ALTARYREH Mahmoud	JOR	ZARIFEH Peter	LBN	PTF	2:0
el-hassan-open-2026	Senior Men -63kg	R16	109	SHLOUL Tareq	JOR	MAGABLEH Solaiman	JOR	PTF	2:0
el-hassan-open-2026	Senior Men -63kg	R16	110	KHALED MOHAMMED RIZK ABDUL MAJID K	EGY	IBRAHIM SHAIKH Mohammad	PLE	PTF	2:0
el-hassan-open-2026	Senior Men -63kg	QF	118	HISHAM MOHAMED Ahmed	EGY	ALTARYREH Mahmoud	JOR	PTF	2:0
el-hassan-open-2026	Senior Men -63kg	QF	119	SHLOUL Tareq	JOR	KHALED MOHAMMED RIZK ABDUL MAJID K	EGY	PTF	2:1
el-hassan-open-2026	Senior Men -63kg	SF	125	SHLOUL Tareq	JOR	HISHAM MOHAMED Ahmed	EGY	PTF	2:0
el-hassan-open-2026	Senior Men -63kg	F	128	SHLOUL Tareq	JOR	KOUDSI Raphael	LBN	PTF	2:0
el-hassan-open-2026	Senior Men -68kg	R16	501	MUHAMMAD FATHY Omar	EGY	AHMED Akam Farman	IRQ	PTF	2:1
el-hassan-open-2026	Senior Men -68kg	QF	506	MUHAMMAD FATHY Omar	EGY	AL ZU'BI Anas	JOR	PTF	2:1
el-hassan-open-2026	Senior Men -68kg	QF	507	YOUSIF Yazan	JOR	ALHUSSEIN Mahmoud	TRT	PTF	2:0
el-hassan-open-2026	Senior Men -68kg	SF	518	YOUSIF Yazan	JOR	MUHAMMAD FATHY Omar	EGY	PTF	2:1
el-hassan-open-2026	Senior Men -68kg	QF	508	JAGHOUB Amro	JOR	ALKHLAILAH Majed	JOR	PTF	2:0
el-hassan-open-2026	Senior Men -68kg	QF	509	YASER ISMAIL Omar	PLE	MAQABLEH Rashed	JOR	RSC	2:0
el-hassan-open-2026	Senior Men -68kg	SF	519	YASER ISMAIL Omar	PLE	JAGHOUB Amro	JOR	RSC	2:0
el-hassan-open-2026	Senior Men -68kg	F	524	YASER ISMAIL Omar	PLE	YOUSIF Yazan	JOR	PTF	2:0
el-hassan-open-2026	Senior Men -74kg	R16	401	ALIEV Ali	RUS	WAEL MOHAMED MOSTAFA ELSAYED Karim	EGY	PTF	2:0
el-hassan-open-2026	Senior Men -74kg	QF	409	ALIEV Ali	RUS	OTHMAN Mohammad	JOR	PTF	2:0
el-hassan-open-2026	Senior Men -74kg	QF	410	ALASSAF Mothana	JOR	ALHLO Mostafa	JOR	PTF	2:0
el-hassan-open-2026	Senior Men -74kg	SF	421	ALIEV Ali	RUS	ALASSAF Mothana	JOR	RSC	2:0
el-hassan-open-2026	Senior Men -74kg	R16	402	DAR ALI Mohmmad	JOR	OSTA Abboud	LBN	PTF	2:0
el-hassan-open-2026	Senior Men -74kg	QF	411	ALASSAF Mohammad Yaser	JOR	A Aj	USA	PTF	2:0
el-hassan-open-2026	Senior Men -74kg	QF	412	ALHEDDI Abdulla	BRN	DAR ALI Mohmmad	JOR	PTF	2:1
el-hassan-open-2026	Senior Men -74kg	SF	422	ALASSAF Mohammad Yaser	JOR	ALHEDDI Abdulla	BRN	PTF	2:0
el-hassan-open-2026	Senior Men -74kg	F	427	ALIEV Ali	RUS	ALASSAF Mohammad Yaser	JOR	PTF	2:0
el-hassan-open-2026	Senior Men -80kg	R16	403	RAWY Ahmad	EGY	OMAROV Magomedrasul	RUS	PTF	2:0
el-hassan-open-2026	Senior Men -80kg	QF	413	ALADARBI Mohammad	JOR	RAWY Ahmad	EGY	PTF	2:1
el-hassan-open-2026	Senior Men -80kg	QF	414	NAFOUHK Abdallah	JOR	ALSIDDEH Ahmad	JOR	PTF	2:0
el-hassan-open-2026	Senior Men -80kg	SF	423	ALADARBI Mohammad	JOR	NAFOUHK Abdallah	JOR	RSC	1:0
el-hassan-open-2026	Senior Men -80kg	QF	415	ABU-AWAD Abdullah	JOR	QATTMEER Mohammad	JOR	PTF	2:1
el-hassan-open-2026	Senior Men -80kg	QF	416	YAGHMOOR Yazan	JOR	RAIDY Peter	LBN	PTF	2:0
el-hassan-open-2026	Senior Men -80kg	SF	424	YAGHMOOR Yazan	JOR	ABU-AWAD Abdullah	JOR	PTF	2:0
el-hassan-open-2026	Senior Men -80kg	F	428	ALADARBI Mohammad	JOR	YAGHMOOR Yazan	JOR	PTF	2:1
el-hassan-open-2026	Senior Men -87kg	R16	502	ALKHAZALAH Ali	JOR	ALRAWASHDEH Mosaeb	JOR	PTF	2:0
el-hassan-open-2026	Senior Men -87kg	QF	510	BICER Enbiya Taha	TUR	ALKHAZALAH Ali	JOR	WDR	
el-hassan-open-2026	Senior Men -87kg	QF	511	ELSHARABATY Saleh	JOR	BASHAR Mohammad	JOR	WDR	
el-hassan-open-2026	Senior Men -87kg	SF	520	BICER Enbiya Taha	TUR	ELSHARABATY Saleh	JOR	PTF	2:1
el-hassan-open-2026	Senior Men -87kg	R16	503	ALHLO Omar	JOR	ASFOUR Mo'men	JOR	WDR	
el-hassan-open-2026	Senior Men -87kg	QF	512	ALQAISI Sa'ed	JOR	AL-ASEF Jabr	JOR	PTF	2:0
el-hassan-open-2026	Senior Men -87kg	QF	513	ELSHEIKH Adham	EGY	ALHLO Omar	JOR	PTF	2:0
el-hassan-open-2026	Senior Men -87kg	SF	521	ELSHEIKH Adham	EGY	ALQAISI Sa'ed	JOR	PTF	2:0
el-hassan-open-2026	Senior Men -87kg	F	525	BICER Enbiya Taha	TUR	ELSHEIKH Adham	EGY	PTF	2:0
el-hassan-open-2026	Senior Men +87kg	QF	307	ALEZAZI Mjd	JOR	ALRTHOOM Odai	JOR	PTF	2:0
el-hassan-open-2026	Senior Men +87kg	SF	320	ESSAM MOHIUDDIN Abdullah	EGY	ALEZAZI Mjd	JOR	PTF	2:0
el-hassan-open-2026	Senior Men +87kg	QF	308	KAMAL Lawand Shamsaddin	IRQ	JALAL MAHMOUD Yanal	JOR	PTF	2:1
el-hassan-open-2026	Senior Men +87kg	QF	309	RAAD Charbel	LBN	MANSOUR Mutaz	JOR	PTF	2:0
el-hassan-open-2026	Senior Men +87kg	SF	321	RAAD Charbel	LBN	KAMAL Lawand Shamsaddin	IRQ	PTF	2:1
el-hassan-open-2026	Senior Men +87kg	F	327	ESSAM MOHIUDDIN Abdullah	EGY	RAAD Charbel	LBN	PTF	2:0
el-hassan-open-2026	Senior Women -46kg	R16	504	AL-ABDALLAT Fatima	JOR	ALSHAMMARI Sahaf Matar A	KSA	PTF	2:0
el-hassan-open-2026	Senior Women -46kg	QF	514	AL-ABDALLAT Fatima	JOR	IBRAHIM Maria	LBN	PTF	2:0
el-hassan-open-2026	Senior Women -46kg	QF	515	ALLIDAWI Tiya	JOR	BUALLAY Khadija	BRN	PTF	2:0
el-hassan-open-2026	Senior Women -46kg	SF	522	AL-ABDALLAT Fatima	JOR	ALLIDAWI Tiya	JOR	PTF	2:0
el-hassan-open-2026	Senior Women -46kg	R16	505	HAMZEH Layan	JOR	HARIB AL-HINAI Umaima	OMA	PTF	2:0
el-hassan-open-2026	Senior Women -46kg	QF	516	HAMZEH Sadeen	JOR	ALBURESHEED Mariam	BRN	PTF	2:0
el-hassan-open-2026	Senior Women -46kg	QF	517	ALI RABIA ABD ELAZIZ Hanin	EGY	HAMZEH Layan	JOR	PTF	2:0
el-hassan-open-2026	Senior Women -46kg	SF	523	ALI RABIA ABD ELAZIZ Hanin	EGY	HAMZEH Sadeen	JOR	PTF	2:0
el-hassan-open-2026	Senior Women -46kg	F	526	ALI RABIA ABD ELAZIZ Hanin	EGY	AL-ABDALLAT Fatima	JOR	PTF	2:1
el-hassan-open-2026	Senior Women -49kg	QF	111	BINTHANI Yara	BRN	BASSAM ALDARDOUK Nour	PLE	PTF	2:0
el-hassan-open-2026	Senior Women -49kg	SF	220.1	BINTHANI Yara	BRN	ALSHAIKH QASEM Toleen	JOR	RSC	2:0
el-hassan-open-2026	Senior Women -49kg	QF	112	F. M. YASEEN Rahaf	PLE	AHMED Fatima	BRN	PTF	2:1
el-hassan-open-2026	Senior Women -49kg	QF	113	HOSSAM Malak	EGY	KALAWADH Fatema	BRN	PTF	2:0
el-hassan-open-2026	Senior Women -49kg	SF	220.2	HOSSAM Malak	EGY	F. M. YASEEN Rahaf	PLE	PTF	2:0
el-hassan-open-2026	Senior Women -49kg	F	527	HOSSAM Malak	EGY	BINTHANI Yara	BRN	PTF	2:0
el-hassan-open-2026	Senior Women -53kg	R16	305	ABI FARAH Ella	LBN	A. SH. SALEH Abrar	PLE	PTF	2:0
el-hassan-open-2026	Senior Women -53kg	QF	314	ABI FARAH Ella	LBN	ALBATAYNEH Saja	JOR	PTF	2:0
el-hassan-open-2026	Senior Women -53kg	QF	315	SROUR Rahaf	JOR	ABI HAYLA Demi	LBN	PTF	2:0
el-hassan-open-2026	Senior Women -53kg	SF	427.1	SROUR Rahaf	JOR	ABI FARAH Ella	LBN	PTF	2:1
el-hassan-open-2026	Senior Women -53kg	R16	306	ABI HEYLA Mandy	LBN	ALBUSTANJI Nolah	JOR	PTF	2:0
el-hassan-open-2026	Senior Women -53kg	QF	316	KHATTAB Jana	EGY	YASEEN Yara Mohammad	JOR	PTF	2:0
el-hassan-open-2026	Senior Women -53kg	QF	317	ABI HEYLA Mandy	LBN	ALTORMAN Mariam Abd Alhaleem	JOR	PTF	2:0
el-hassan-open-2026	Senior Women -53kg	SF	524.1	KHATTAB Jana	EGY	ABI HEYLA Mandy	LBN	PTF	2:0
el-hassan-open-2026	Senior Women -53kg	F	329	KHATTAB Jana	EGY	SROUR Rahaf	JOR	PTF	2:1
el-hassan-open-2026	Senior Women -57kg	QF	114	ALMANASEER Jana	JOR	ABDELQADER Aana	JOR	PTF	2:1
el-hassan-open-2026	Senior Women -57kg	SF	426.1	KHIRFAN Fadia	JOR	ALMANASEER Jana	JOR	WDR	
el-hassan-open-2026	Senior Women -57kg	QF	115	ABUDAHAB Jood	JOR	ALHASSAN ALHINIDE Talah	TRT	PTF	2:0
el-hassan-open-2026	Senior Women -57kg	SF	426.2	ABUDAHAB Jood	JOR	AL SAWA'EER Tamara	JOR	PTF	2:0
el-hassan-open-2026	Senior Women -57kg	F	429	KHIRFAN Fadia	JOR	ABUDAHAB Jood	JOR	WDR	
el-hassan-open-2026	Senior Women -62kg	QF	404	ALKHADRA Sahab Mohammad Maher	JOR	BANIHANI Remas	JOR	PTF	2:0
el-hassan-open-2026	Senior Women -62kg	SF	417	YIGITALP Hatice Pinar	TUR	ALKHADRA Sahab Mohammad Maher	JOR	PTF	2:0
el-hassan-open-2026	Senior Women -62kg	SF	418	ABUJAISH Sara	JOR	ABI HANNA Celena	LBN	PTF	2:0
el-hassan-open-2026	Senior Women -62kg	F	425	YIGITALP Hatice Pinar	TUR	ABUJAISH Sara	JOR	PTF	2:0
el-hassan-open-2026	Senior Women -67kg	R16	202	ALBURASHAID Lulwa	BRN	AL SALHI Shatha	JOR	PTF	2:0
el-hassan-open-2026	Senior Women -67kg	QF	211	ALRAWASHDEH Razan Mohammed	JOR	ALBURASHAID Lulwa	BRN	RSC	2:0
el-hassan-open-2026	Senior Women -67kg	QF	212	MOUSA Shams	JOR	SELAWI Nada	JOR	PTF	2:1
el-hassan-open-2026	Senior Women -67kg	SF	219	ALRAWASHDEH Razan Mohammed	JOR	MOUSA Shams	JOR	WDR	
el-hassan-open-2026	Senior Women -67kg	QF	213	ALHALAYQA Lamees	JOR	ALA'A ALJA'AFREH Leen	JOR	WDR	
el-hassan-open-2026	Senior Women -67kg	QF	214	ERYQAT Lijin	JOR	SABAGH Rama	JOR	WDR	
el-hassan-open-2026	Senior Women -67kg	SF	220	ALHALAYQA Lamees	JOR	ERYQAT Lijin	JOR	PTF	2:1
el-hassan-open-2026	Senior Women -67kg	F	223	ALRAWASHDEH Razan Mohammed	JOR	ALHALAYQA Lamees	JOR	PTF	2:0
el-hassan-open-2026	Senior Women -73kg	QF	405	HOMAIMAT Reema	JOR	TAIFOUR Sahar	JOR	WDR	
el-hassan-open-2026	Senior Women -73kg	QF	406	ABO-ALRUB Rama	JOR	WERS Dania	JOR	DSQ	
el-hassan-open-2026	Senior Women -73kg	SF	419	ABO-ALRUB Rama	JOR	HOMAIMAT Reema	JOR	WDR	
el-hassan-open-2026	Senior Women -73kg	QF	407	ALSHAMMARI Mays Matar Abdulhadi	KSA	AL ASSAF Duha	JOR	WDR	
el-hassan-open-2026	Senior Women -73kg	QF	408	MUSTAFA Hanan	JOR	ALASHQAR Malak	JOR	PTF	2:1
el-hassan-open-2026	Senior Women -73kg	SF	420	MUSTAFA Hanan	JOR	ALSHAMMARI Mays Matar Abdulhadi	KSA	WDR	
el-hassan-open-2026	Senior Women -73kg	F	426	ABO-ALRUB Rama	JOR	MUSTAFA Hanan	JOR	PTF	2:0
el-hassan-open-2026	Senior Women +73kg	SF	318	WERES Salma	JOR	SWAIS Donya	JOR	PTF	2:0
el-hassan-open-2026	Senior Women +73kg	SF	319	ALADWAN Raha	JOR	ALSHARFA Salam	JOR	PTF	2:1
el-hassan-open-2026	Senior Women +73kg	F	326	ALADWAN Raha	JOR	WERES Salma	JOR	PTF	2:1
