kazakhstan-open-2026	Senior Men -54kg	R32		BELAVYI Mikita	BLR	NURGAZY Alibek	KAZ	PTF	2:1
kazakhstan-open-2026	Senior Men -54kg	R32		JENDOUBI Ayoub	TUN	LI Mikhail	UZB	PTF	2:0
kazakhstan-open-2026	Senior Men -54kg	R32		KAZLOU Aliaksandr	BLR	YENSEPBAY Timur	KAZ	PTF	2:0
kazakhstan-open-2026	Senior Men -54kg	R32		MUSSAPIR Abylaikhan	KAZ	ZHYLYSBEKOV Aisultan	KAZ	PTF	2:0
kazakhstan-open-2026	Senior Men -54kg	R32		MUTLAQ Suaod	KUW	BEN YAGHLENE Ayoub	TUN	PTF	2:1
kazakhstan-open-2026	Senior Men -54kg	R32		ODILOV Yosinbek	UZB	ASHEN Yedige	KAZ	PTF	2:0
kazakhstan-open-2026	Senior Men -54kg	R32		SAGYNDYK Nurassyl	KAZ	ADELBAYEV Ramin	KAZ	PTF	2:0
kazakhstan-open-2026	Senior Men -54kg	R32		SALIMOV Bekhruz	UZB	ISMAIL Margulan	KAZ	PTF	2:0
kazakhstan-open-2026	Senior Men -54kg	R32		SHAPULATOV Bakhodir	KAZ	ABUBAKIR Ali	KAZ	PTF	2:0
kazakhstan-open-2026	Senior Men -54kg	R32		TOYINBEK Daniyar	KAZ	MIRZAKARIMOV Mirislom	KAZ	PTF	2:0
kazakhstan-open-2026	Senior Men -54kg	R32		TRABELSI Amen allah	TUN	ZHUMABAY Assylzhan	KAZ	PTF	2:0
kazakhstan-open-2026	Senior Men -54kg	R32		YELALDI Kaan	TUR	ANUARBEKULY Tungyshbay	KAZ	PTF	2:0
kazakhstan-open-2026	Senior Men -54kg	R32		YELIBAI Rinat	KAZ	SHAKIZAT Ansar	KAZ	PTF	2:0
kazakhstan-open-2026	Senior Men -54kg	R32		ZOGHLAMI Mohamed amine	TUN	OTARGALI Magzhan	KAZ	PTF	2:0
kazakhstan-open-2026	Senior Men -54kg	R16		BELAVYI Mikita	BLR	TRABELSI Amen allah	TUN	PTF	2:1
kazakhstan-open-2026	Senior Men -54kg	R16		JENDOUBI Ayoub	TUN	ZOGHLAMI Mohamed amine	TUN	PTF	2:1
kazakhstan-open-2026	Senior Men -54kg	R16		KAZLOU Aliaksandr	BLR	MUSSAPIR Abylaikhan	KAZ	PTF	2:1
kazakhstan-open-2026	Senior Men -54kg	R16		KHUDAYBERDIEV Jakhongir	UZB	TOYINBEK Daniyar	KAZ	PTF	2:0
kazakhstan-open-2026	Senior Men -54kg	R16		ODILOV Yosinbek	UZB	BALAKHNEEV Dmitriy	RUS	PTF	2:1
kazakhstan-open-2026	Senior Men -54kg	R16		SAGYNDYK Nurassyl	KAZ	MUTLAQ Suaod	KUW	PTF	2:0
kazakhstan-open-2026	Senior Men -54kg	R16		SHAPULATOV Bakhodir	KAZ	YELIBAI Rinat	KAZ	PTF	2:0
kazakhstan-open-2026	Senior Men -54kg	R16		YELALDI Kaan	TUR	SALIMOV Bekhruz	UZB	PTF	2:0
kazakhstan-open-2026	Senior Men -54kg	QF		JENDOUBI Ayoub	TUN	KAZLOU Aliaksandr	BLR	PTF	2:0
kazakhstan-open-2026	Senior Men -54kg	QF		KHUDAYBERDIEV Jakhongir	UZB	SAGYNDYK Nurassyl	KAZ	PTF	2:0
kazakhstan-open-2026	Senior Men -54kg	QF		SHAPULATOV Bakhodir	KAZ	ODILOV Yosinbek	UZB	PTF	2:1
kazakhstan-open-2026	Senior Men -54kg	QF		YELALDI Kaan	TUR	BELAVYI Mikita	BLR	PTF	2:0
kazakhstan-open-2026	Senior Men -54kg	SF		KHUDAYBERDIEV Jakhongir	UZB	JENDOUBI Ayoub	TUN	PTF	2:0
kazakhstan-open-2026	Senior Men -54kg	SF		YELALDI Kaan	TUR	SHAPULATOV Bakhodir	KAZ	PTF	2:0
kazakhstan-open-2026	Senior Men -54kg	F		YELALDI Kaan	TUR	KHUDAYBERDIEV Jakhongir	UZB	PTF	2:1
kazakhstan-open-2026	Senior Men -58kg	R32		ASYMBEK UULU Alisher	KGZ	MAROZ Uladzimir	BLR	PTF	2:1
kazakhstan-open-2026	Senior Men -58kg	R32		BROSTOVSKIY Konstantin	UZB	BUREHMA Ali	KUW	PTF	2:0
kazakhstan-open-2026	Senior Men -58kg	R32		CAMOGLU Furkan ubeyde	TUR	GRIGORYAN Davit	ARM	PTF	2:0
kazakhstan-open-2026	Senior Men -58kg	R32		ISSAMEDIN Bauyrzhan	KAZ	MANSUROV Kamronbek	UZB	PTF	2:1
kazakhstan-open-2026	Senior Men -58kg	R32		KURU Alihan	TUR	ALHUNAIF Khaled	KUW	PTF	2:0
kazakhstan-open-2026	Senior Men -58kg	R32		MAGOMEDOV Kurbanmagomed	RUS	RAKHAT Zhaksylyk	KAZ	PTF	2:0
kazakhstan-open-2026	Senior Men -58kg	R32		MAKAS Maksim	BLR	ISMAIL Sanzhar	KAZ	PTF	2:0
kazakhstan-open-2026	Senior Men -58kg	R32		MARATULY Margulan	KAZ	ABDUJABBOROV Umarali	UZB	PTF	2:0
kazakhstan-open-2026	Senior Men -58kg	R32		NASIRAHMADI Amirmohammad	IRI	AMANGELDIYEV Almaz	KAZ	PTF	2:0
kazakhstan-open-2026	Senior Men -58kg	R32		SALMI Adem	TUN	NIKITSIN Pavel	BLR	PTF	2:0
kazakhstan-open-2026	Senior Men -58kg	R32		SAMANDAROV Asadbek	UZB	MUNKHBAYAR Enkhdul	MGL	PTF	2:0
kazakhstan-open-2026	Senior Men -58kg	R32		SERIKOV Islam	KAZ	KLUCHEV Asadbek	KAZ	PTF	2:0
kazakhstan-open-2026	Senior Men -58kg	R32		YENSEGENOV Yerkebulan	KAZ	KAIYRGAZY Mansur	KAZ	PTF	2:0
kazakhstan-open-2026	Senior Men -58kg	R16		BADEM Yusuf	TUR	ASYMBEK UULU Alisher	KGZ	PTF	2:0
kazakhstan-open-2026	Senior Men -58kg	R16		CAMOGLU Furkan ubeyde	TUR	BROSTOVSKIY Konstantin	UZB	PTF	2:0
kazakhstan-open-2026	Senior Men -58kg	R16		ISLAMOV Zhavokhirkhon	KAZ	MAKAS Maksim	BLR	PTF	2:0
kazakhstan-open-2026	Senior Men -58kg	R16		ISSAMEDIN Bauyrzhan	KAZ	KURU Alihan	TUR	PTF	2:0
kazakhstan-open-2026	Senior Men -58kg	R16		KAPLAN Enes	TUR	YENSEGENOV Yerkebulan	KAZ	PTF	2:1
kazakhstan-open-2026	Senior Men -58kg	R16		MAGOMEDOV Kurbanmagomed	RUS	SALMI Adem	TUN	PTF	2:0
kazakhstan-open-2026	Senior Men -58kg	R16		NASIRAHMADI Amirmohammad	IRI	MARATULY Margulan	KAZ	PTF	2:0
kazakhstan-open-2026	Senior Men -58kg	R16		SAMANDAROV Asadbek	UZB	SERIKOV Islam	KAZ	PTF	2:1
kazakhstan-open-2026	Senior Men -58kg	QF		CAMOGLU Furkan ubeyde	TUR	BADEM Yusuf	TUR	PTF	2:0
kazakhstan-open-2026	Senior Men -58kg	QF		ISLAMOV Zhavokhirkhon	KAZ	NASIRAHMADI Amirmohammad	IRI	PTF	2:1
kazakhstan-open-2026	Senior Men -58kg	QF		KAPLAN Enes	TUR	MAGOMEDOV Kurbanmagomed	RUS	PTF	2:0
kazakhstan-open-2026	Senior Men -58kg	QF		SAMANDAROV Asadbek	UZB	ISSAMEDIN Bauyrzhan	KAZ	PTF	2:1
kazakhstan-open-2026	Senior Men -58kg	SF		CAMOGLU Furkan ubeyde	TUR	SAMANDAROV Asadbek	UZB	PTF	2:0
kazakhstan-open-2026	Senior Men -58kg	SF		ISLAMOV Zhavokhirkhon	KAZ	KAPLAN Enes	TUR	PTF	2:1
kazakhstan-open-2026	Senior Men -58kg	F		CAMOGLU Furkan ubeyde	TUR	ISLAMOV Zhavokhirkhon	KAZ	PTF	2:1
kazakhstan-open-2026	Senior Men -63kg	R64		BESAEV Azat	RUS	KERIMBAY Madiyar	KAZ	PTF	2:1
kazakhstan-open-2026	Senior Men -63kg	R64		KAN Danil	KAZ	RAJAPBAEV Jamshid	UZB	PTF	2:1
kazakhstan-open-2026	Senior Men -63kg	R64		MAKHMUT Muhammedali	KAZ	GAZIEV Gamzat	RUS	PTF	2:1
kazakhstan-open-2026	Senior Men -63kg	R64		OTAJONOV Omonjon	UZB	MAKHMUT Nurali	KAZ	PTF	2:1
kazakhstan-open-2026	Senior Men -63kg	R64		RAHMANI AZIZI Taha	IRI	SHVED Yauheni	BLR	PTF	2:0
kazakhstan-open-2026	Senior Men -63kg	R64		TAZHIBAYEV Akzhol	KAZ	TASHPULATOV Sultonbek	UZB	PTF	2:0
kazakhstan-open-2026	Senior Men -63kg	R32		ALIMZHANOV Zharas	KAZ	AKBI Alisher	KAZ	PTF	2:0
kazakhstan-open-2026	Senior Men -63kg	R32		ALTYBAEV Aidin	KGZ	SHRAMUK Uladzimir	BLR	PTF	2:1
kazakhstan-open-2026	Senior Men -63kg	R32		ALZUWAIN ALMHEIRI Abdelaziz	UAE	GURTSIEV Georgii	BLR	WDR	1:0
kazakhstan-open-2026	Senior Men -63kg	R32		AYDOGAN Hamza osman	TUR	KAN Danil	KAZ	PTF	2:0
kazakhstan-open-2026	Senior Men -63kg	R32		BAKYTZHANULY Bekzhan	KAZ	RAKHYMBEK Rauan	KAZ	PTF	2:1
kazakhstan-open-2026	Senior Men -63kg	R32		BANDAREVICH Maksim	BLR	BESAEV Azat	RUS	PTF	2:0
kazakhstan-open-2026	Senior Men -63kg	R32		DOLGIYEV Akramat	KAZ	KOBYLINSKI Bartosz	POL	PTF	2:1
kazakhstan-open-2026	Senior Men -63kg	R32		ISRAILOV Zhassurbek	KAZ	MAGOMEDOV Magomedgadzhi	RUS	PTF	2:0
kazakhstan-open-2026	Senior Men -63kg	R32		MAGOMEDOV Gashim	AZE	MAKHMUT Muhammedali	KAZ	PTF	2:0
kazakhstan-open-2026	Senior Men -63kg	R32		MAGOMEDOV Shamil	RUS	ABILKASSYM Abdulla	KAZ	PTF	2:1
kazakhstan-open-2026	Senior Men -63kg	R32		MERGANBAY Abylaikhan	KAZ	BITSUEV Kantemir	RUS	PTF	2:0
kazakhstan-open-2026	Senior Men -63kg	R32		NAZAROV Nazarali	UZB	OTAJONOV Omonjon	UZB	PTF	2:0
kazakhstan-open-2026	Senior Men -63kg	R32		OSIN Maksim	RUS	RAHMANI AZIZI Taha	IRI	PTF	2:0
kazakhstan-open-2026	Senior Men -63kg	R32		OTEGEN Askar	KAZ	YELEMESSOV Medet	KAZ	PTF	2:0
kazakhstan-open-2026	Senior Men -63kg	R32		PARK Tae-joon	KOR	KHASSAN Yerbolat	KAZ	PTF	2:0
kazakhstan-open-2026	Senior Men -63kg	R32		TLEULES Tamirlan	KAZ	TAZHIBAYEV Akzhol	KAZ	PTF	2:0
kazakhstan-open-2026	Senior Men -63kg	R16		AYDOGAN Hamza osman	TUR	ISRAILOV Zhassurbek	KAZ	PTF	2:1
kazakhstan-open-2026	Senior Men -63kg	R16		BANDAREVICH Maksim	BLR	ALTYBAEV Aidin	KGZ	PTF	2:0
kazakhstan-open-2026	Senior Men -63kg	R16		DOLGIYEV Akramat	KAZ	ALIMZHANOV Zharas	KAZ	PTF	2:0
kazakhstan-open-2026	Senior Men -63kg	R16		MAGOMEDOV Gashim	AZE	ALZUWAIN ALMHEIRI Abdelaziz	UAE	PTF	2:0
kazakhstan-open-2026	Senior Men -63kg	R16		NAZAROV Nazarali	UZB	BAKYTZHANULY Bekzhan	KAZ	PTF	2:1
kazakhstan-open-2026	Senior Men -63kg	R16		OSIN Maksim	RUS	MERGANBAY Abylaikhan	KAZ	PTF	2:0
kazakhstan-open-2026	Senior Men -63kg	R16		OTEGEN Askar	KAZ	TLEULES Tamirlan	KAZ	PTF	2:1
kazakhstan-open-2026	Senior Men -63kg	R16		PARK Tae-joon	KOR	MAGOMEDOV Shamil	RUS	PTF	2:1
kazakhstan-open-2026	Senior Men -63kg	QF		BANDAREVICH Maksim	BLR	MAGOMEDOV Gashim	AZE	PTF	2:0
kazakhstan-open-2026	Senior Men -63kg	QF		NAZAROV Nazarali	UZB	DOLGIYEV Akramat	KAZ	PTF	2:0
kazakhstan-open-2026	Senior Men -63kg	QF		OSIN Maksim	RUS	OTEGEN Askar	KAZ	PTF	2:0
kazakhstan-open-2026	Senior Men -63kg	QF		PARK Tae-joon	KOR	AYDOGAN Hamza osman	TUR	PTF	2:1
kazakhstan-open-2026	Senior Men -63kg	SF		NAZAROV Nazarali	UZB	BANDAREVICH Maksim	BLR	PTF	2:1
kazakhstan-open-2026	Senior Men -63kg	SF		PARK Tae-joon	KOR	OSIN Maksim	RUS	PTF	2:1
kazakhstan-open-2026	Senior Men -63kg	F		PARK Tae-joon	KOR	NAZAROV Nazarali	UZB	PTF	2:0
kazakhstan-open-2026	Senior Men -68kg	R32		ABABAKIROV Samirkhon	KAZ	MIRAMBEKULY Meiirzhan	KAZ	PTF	2:0
kazakhstan-open-2026	Senior Men -68kg	R32		ABDULKADYROV Magomedrasul	RUS	SHAUROU Uladzislau	BLR	PTF	2:0
kazakhstan-open-2026	Senior Men -68kg	R32		BAGOV Idar	RUS	KURBANOV Shamsiddin	UZB	PTF	2:0
kazakhstan-open-2026	Senior Men -68kg	R32		BEGIMBETOV Amanbol	KAZ	BOLATULY Beket	KAZ	PTF	2:1
kazakhstan-open-2026	Senior Men -68kg	R32		BIRIMBAY Eldar	KAZ	YERMENTAYEV Arslan	KAZ	PTF	2:0
kazakhstan-open-2026	Senior Men -68kg	R32		BOUJEMAI Fares	TUN	HROMAU Uladzislau	BLR	PTF	2:0
kazakhstan-open-2026	Senior Men -68kg	R32		GAZEZ Nurbek	KAZ	TSOY Artur	KAZ	PTF	2:0
kazakhstan-open-2026	Senior Men -68kg	R32		JENDOUBI Mohamed khalil	TUN	DAYIOGLU Omer faruk	TUR	PTF	2:0
kazakhstan-open-2026	Senior Men -68kg	R32		KASSANOV Izyat	KAZ	TASMURAT Beibarys	KAZ	PTF	2:0
kazakhstan-open-2026	Senior Men -68kg	R32		MIATLITSKI Matsvei	BLR	RUSTAMOV Kozimjon	UZB	PTF	2:1
kazakhstan-open-2026	Senior Men -68kg	R32		NABIEV Ayyubkhon	UZB	GURBANOV Marat	RUS	PTF	2:0
kazakhstan-open-2026	Senior Men -68kg	R32		ORALKHANOV Bektore	KAZ	GANTULGA Enkhbayar	MGL	PTF	2:1
kazakhstan-open-2026	Senior Men -68kg	R32		ORYNBEK Sultanbek	KAZ	ADILKHANOV Zhasulan	KAZ	PTF	2:0
kazakhstan-open-2026	Senior Men -68kg	R32		RECBER Hakan	TUR	DEINICHENKO Aleksandr	RUS	PTF	2:0
kazakhstan-open-2026	Senior Men -68kg	R32		SERIKBAEV Jakhangir	UZB	NURDAULET Temirbay	KAZ	PTF	2:1
kazakhstan-open-2026	Senior Men -68kg	R16		ABABAKIROV Samirkhon	KAZ	NABIEV Ayyubkhon	UZB	PTF	2:1
kazakhstan-open-2026	Senior Men -68kg	R16		BAGOV Idar	RUS	RECBER Hakan	TUR	PTF	2:0
kazakhstan-open-2026	Senior Men -68kg	R16		BIRIMBAY Eldar	KAZ	KASSANOV Izyat	KAZ	PTF	2:0
kazakhstan-open-2026	Senior Men -68kg	R16		BOUJEMAI Fares	TUN	SERIKBAEV Jakhangir	UZB	PTF	2:0
kazakhstan-open-2026	Senior Men -68kg	R16		DANILOV Ilia	RUS	ABDULKADYROV Magomedrasul	RUS	PTF	2:0
kazakhstan-open-2026	Senior Men -68kg	R16		GAZEZ Nurbek	KAZ	MIATLITSKI Matsvei	BLR	PTF	2:0
kazakhstan-open-2026	Senior Men -68kg	R16		JENDOUBI Mohamed khalil	TUN	BEGIMBETOV Amanbol	KAZ	PTF	2:0
kazakhstan-open-2026	Senior Men -68kg	R16		ORALKHANOV Bektore	KAZ	ORYNBEK Sultanbek	KAZ	PTF	2:1
kazakhstan-open-2026	Senior Men -68kg	QF		ABABAKIROV Samirkhon	KAZ	GAZEZ Nurbek	KAZ	PTF	2:0
kazakhstan-open-2026	Senior Men -68kg	QF		BAGOV Idar	RUS	ORALKHANOV Bektore	KAZ	PTF	2:1
kazakhstan-open-2026	Senior Men -68kg	QF		BOUJEMAI Fares	TUN	BIRIMBAY Eldar	KAZ	PTF	2:1
kazakhstan-open-2026	Senior Men -68kg	QF		JENDOUBI Mohamed khalil	TUN	DANILOV Ilia	RUS	PTF	2:0
kazakhstan-open-2026	Senior Men -68kg	SF		ABABAKIROV Samirkhon	KAZ	JENDOUBI Mohamed khalil	TUN	RSC	2:1
kazakhstan-open-2026	Senior Men -68kg	SF		BOUJEMAI Fares	TUN	BAGOV Idar	RUS	PTF	2:1
kazakhstan-open-2026	Senior Men -68kg	F		ABABAKIROV Samirkhon	KAZ	BOUJEMAI Fares	TUN	PTF	2:0
kazakhstan-open-2026	Senior Men -74kg	R64		BAKYTZHANULY Bekarys	KAZ	AZATULY Nurdaulet	KAZ	PTF	2:1
kazakhstan-open-2026	Senior Men -74kg	R64		YERMEKBAY Alibek	KAZ	ABILKASSYM Akhmetkhan	KAZ	PTF	2:0
kazakhstan-open-2026	Senior Men -74kg	R64		YUN Mir	KOR	KAIRGALIYEV Ali	KAZ	PTF	2:0
kazakhstan-open-2026	Senior Men -74kg	R32		ABDUSALAMOV Magomed	RUS	YUN Mir	KOR	PTF	2:1
kazakhstan-open-2026	Senior Men -74kg	R32		BABAKHIN Artsiom	BLR	KAMIT Manir	KAZ	PTF	2:0
kazakhstan-open-2026	Senior Men -74kg	R32		DABYSSOV Ali	KAZ	ZIDI Khaled	CAN	PTF	2:0
kazakhstan-open-2026	Senior Men -74kg	R32		ERER Berkay	TUR	ORYNBASSAR Yerassyl	KAZ	PTF	2:0
kazakhstan-open-2026	Senior Men -74kg	R32		GUERMITI Badreeddine	TUN	SALIMOV Vasif	AZE	PTF	2:0
kazakhstan-open-2026	Senior Men -74kg	R32		KALHOR Reza	IRI	ORYNGALI Daulet	KAZ	PTF	2:0
kazakhstan-open-2026	Senior Men -74kg	R32		KORPE Omer furkan	TUR	BAKYTZHANULY Bekarys	KAZ	PTF	2:0
kazakhstan-open-2026	Senior Men -74kg	R32		KOSIMKHOJIEV Najmiddin	UZB	YERMEKBAY Alibek	KAZ	PTF	2:0
kazakhstan-open-2026	Senior Men -74kg	R32		MUKHAMETKARYMOV Anuar	KAZ	MAGOMEDOV Magomed	RUS	PTF	2:0
kazakhstan-open-2026	Senior Men -74kg	R32		MUZAFFAROV Mironshokhmirzo	UZB	TALIPOV Rasul	KAZ	PTF	2:0
kazakhstan-open-2026	Senior Men -74kg	R32		ORYNBASSAR Maksat	KAZ	KRAJEWSKI Kacper	POL	PTF	2:0
kazakhstan-open-2026	Senior Men -74kg	R32		POLAT Mehmet kani	TUR	ZHOLMURAT Alisher	KAZ	PTF	2:0
kazakhstan-open-2026	Senior Men -74kg	R32		RAJABOV Islombek	UZB	BOZORGISHOOB Danial	IRI	PTF	2:0
kazakhstan-open-2026	Senior Men -74kg	R32		RAKHIMOLLIYEV Daulet	KAZ	SHAMAKHAN Mustafa	KAZ	PTF	2:0
kazakhstan-open-2026	Senior Men -74kg	R32		RAMAZANOV Khanmagomed	RUS	GALIYEV Alisher	KAZ	PTF	2:0
kazakhstan-open-2026	Senior Men -74kg	R32		TUKHLIBOEV Diyorbek	UZB	PANASENKOV Kirill	RUS	PTF	2:0
kazakhstan-open-2026	Senior Men -74kg	R16		ABDUSALAMOV Magomed	RUS	MUKHAMETKARYMOV Anuar	KAZ	PTF	2:0
kazakhstan-open-2026	Senior Men -74kg	R16		ERER Berkay	TUR	MUZAFFAROV Mironshokhmirzo	UZB	PTF	2:1
kazakhstan-open-2026	Senior Men -74kg	R16		KALHOR Reza	IRI	BABAKHIN Artsiom	BLR	PTF	2:0
kazakhstan-open-2026	Senior Men -74kg	R16		KORPE Omer furkan	TUR	DABYSSOV Ali	KAZ	PTF	2:0
kazakhstan-open-2026	Senior Men -74kg	R16		ORYNBASSAR Maksat	KAZ	RAJABOV Islombek	UZB	PTF	2:0
kazakhstan-open-2026	Senior Men -74kg	R16		POLAT Mehmet kani	TUR	TUKHLIBOEV Diyorbek	UZB	PTF	2:0
kazakhstan-open-2026	Senior Men -74kg	R16		RAKHIMOLLIYEV Daulet	KAZ	KOSIMKHOJIEV Najmiddin	UZB	PTF	2:1
kazakhstan-open-2026	Senior Men -74kg	R16		RAMAZANOV Khanmagomed	RUS	GUERMITI Badreeddine	TUN	PTF	2:0
kazakhstan-open-2026	Senior Men -74kg	QF		ABDUSALAMOV Magomed	RUS	RAMAZANOV Khanmagomed	RUS	PTF	2:0
kazakhstan-open-2026	Senior Men -74kg	QF		ERER Berkay	TUR	RAKHIMOLLIYEV Daulet	KAZ	PTF	2:0
kazakhstan-open-2026	Senior Men -74kg	QF		KALHOR Reza	IRI	ORYNBASSAR Maksat	KAZ	PTF	2:1
kazakhstan-open-2026	Senior Men -74kg	QF		POLAT Mehmet kani	TUR	KORPE Omer furkan	TUR	PTF	2:0
kazakhstan-open-2026	Senior Men -74kg	SF		ABDUSALAMOV Magomed	RUS	POLAT Mehmet kani	TUR	PTF	2:0
kazakhstan-open-2026	Senior Men -74kg	SF		KALHOR Reza	IRI	ERER Berkay	TUR	PTF	2:0
kazakhstan-open-2026	Senior Men -74kg	F		KALHOR Reza	IRI	ABDUSALAMOV Magomed	RUS	PTF	2:0
kazakhstan-open-2026	Senior Men -80kg	R16		AGHAYEV Javad	AZE	YILDIZ Muhammed emin	TUR	PTF	2:0
kazakhstan-open-2026	Senior Men -80kg	R16		GANIYEV Mergen	KAZ	SONG Haram	KOR	PTF	2:1
kazakhstan-open-2026	Senior Men -80kg	R16		HAMEDI Tareg ali m	KSA	ALIYEV Eljan	AZE	PTF	2:0
kazakhstan-open-2026	Senior Men -80kg	R16		KILIC Yigithan	TUR	BEKASSYL Yergesh	KAZ	PTF	2:0
kazakhstan-open-2026	Senior Men -80kg	R16		KUSSETOV Batyrkhan	KAZ	OMAROV Magomedrasul	RUS	PTF	2:0
kazakhstan-open-2026	Senior Men -80kg	R16		MARIPOV Abdurakhmon	KAZ	OMIRBEKOV Altair	KAZ	PTF	2:0
kazakhstan-open-2026	Senior Men -80kg	QF		GANIYEV Mergen	KAZ	HAMEDI Tareg ali m	KSA	PTF	2:0
kazakhstan-open-2026	Senior Men -80kg	QF		JAYSUNOV Jasurbek	UZB	KUSSETOV Batyrkhan	KAZ	PTF	2:0
kazakhstan-open-2026	Senior Men -80kg	QF		KILIC Yigithan	TUR	MARIPOV Abdurakhmon	KAZ	PTF	2:0
kazakhstan-open-2026	Senior Men -80kg	QF		TURAVINAU Raman	BLR	AGHAYEV Javad	AZE	PTF	2:0
kazakhstan-open-2026	Senior Men -80kg	SF		JAYSUNOV Jasurbek	UZB	KILIC Yigithan	TUR	PTF	2:0
kazakhstan-open-2026	Senior Men -80kg	SF		TURAVINAU Raman	BLR	GANIYEV Mergen	KAZ	PTF	2:0
kazakhstan-open-2026	Senior Men -80kg	F		TURAVINAU Raman	BLR	JAYSUNOV Jasurbek	UZB	PTF	2:0
kazakhstan-open-2026	Senior Men -87kg	R16		BICER Enbiya taha	TUR	KARIMBOEV Shokhjakhon	UZB	PTF	2:1
kazakhstan-open-2026	Senior Men -87kg	R16		KAMINSKII Vsevolod	RUS	YURKOU Daniil	BLR	PTF	2:0
kazakhstan-open-2026	Senior Men -87kg	R16		KATOUSI Firas	TUN	ISMAIL Abdelazim	KAZ	PTF	2:0
kazakhstan-open-2026	Senior Men -87kg	R16		KOZHAKHMET Nurkanat	KAZ	TORSHAYEV Ramazan	KAZ	PTF	2:0
kazakhstan-open-2026	Senior Men -87kg	R16		MYRZABAYEV Nurlan	KAZ	KONAK Ilhan	TUR	PTF	2:0
kazakhstan-open-2026	Senior Men -87kg	QF		KAMINSKII Vsevolod	RUS	MYRZABAYEV Nurlan	KAZ	PTF	2:0
kazakhstan-open-2026	Senior Men -87kg	QF		KATOUSI Firas	TUN	ZHURABOEV Yodgorbek	UZB	PTF	2:0
kazakhstan-open-2026	Senior Men -87kg	QF		KOZHAKHMET Nurkanat	KAZ	BUDIN Vladislav	RUS	PTF	2:0
kazakhstan-open-2026	Senior Men -87kg	QF		TOLEUGALI Batyrkhan	KAZ	BICER Enbiya taha	TUR	PTF	2:0
kazakhstan-open-2026	Senior Men -87kg	SF		KATOUSI Firas	TUN	KAMINSKII Vsevolod	RUS	PTF	2:1
kazakhstan-open-2026	Senior Men -87kg	SF		TOLEUGALI Batyrkhan	KAZ	KOZHAKHMET Nurkanat	KAZ	PTF	2:0
kazakhstan-open-2026	Senior Men -87kg	F		TOLEUGALI Batyrkhan	KAZ	KATOUSI Firas	TUN	PTF	2:0
kazakhstan-open-2026	Senior Men +87kg	R16		DEMIRCIOGLU Huseyin berat	TUR	NURGAZIN Meiir	KAZ	PTF	2:0
kazakhstan-open-2026	Senior Men +87kg	R16		IFAOUI Motaz	TUN	GAFAROV Eltaj	AZE	PTF	2:0
kazakhstan-open-2026	Senior Men +87kg	R16		KHASSENOV Bauyrzhan	KAZ	SERIK Zharkyn	KAZ	PTF	2:0
kazakhstan-open-2026	Senior Men +87kg	R16		MAVLONOV Marat	UZB	MYRZAKHMET Sanzhar	KAZ	PTF	2:0
kazakhstan-open-2026	Senior Men +87kg	R16		PLONIS Artsiom	BLR	NURGAZY Bekarys	KAZ	PTF	2:0
kazakhstan-open-2026	Senior Men +87kg	R16		SHODMONOV Khudoynazar	UZB	KRIUCHKOV Nikta	RUS	PTF	2:0
kazakhstan-open-2026	Senior Men +87kg	R16		TARCHYLA Aliaksei	BLR	BAT-ERDENE Belgutei	MGL	PTF	2:1
kazakhstan-open-2026	Senior Men +87kg	QF		DEMIRCIOGLU Huseyin berat	TUR	KHASSENOV Bauyrzhan	KAZ	PTF	2:1
kazakhstan-open-2026	Senior Men +87kg	QF		KABLAN Beibarys	KAZ	SHODMONOV Khudoynazar	UZB	PTF	2:0
kazakhstan-open-2026	Senior Men +87kg	QF		MAVLONOV Marat	UZB	TARCHYLA Aliaksei	BLR	PTF	2:0
kazakhstan-open-2026	Senior Men +87kg	QF		PLONIS Artsiom	BLR	IFAOUI Motaz	TUN	PTF	2:0
kazakhstan-open-2026	Senior Men +87kg	SF		KABLAN Beibarys	KAZ	DEMIRCIOGLU Huseyin berat	TUR	PTF	2:1
kazakhstan-open-2026	Senior Men +87kg	SF		MAVLONOV Marat	UZB	PLONIS Artsiom	BLR	PTF	2:1
kazakhstan-open-2026	Senior Men +87kg	F		KABLAN Beibarys	KAZ	MAVLONOV Marat	UZB	PTF	2:0
kazakhstan-open-2026	Senior Women -46kg	R16		GURBUZ Zehra	TUR	ZHARKYNBAY KYZY Gulnur	KGZ	PTF	2:0
kazakhstan-open-2026	Senior Women -46kg	R16		KHEDHIRI Israa	TUN	OTARGALI Zere	KAZ	PTF	2:0
kazakhstan-open-2026	Senior Women -46kg	R16		MIRBEKOVA Albina	KGZ	IZTELEUOVA Hadiya	KAZ	PTF	2:0
kazakhstan-open-2026	Senior Women -46kg	R16		OMIRZAK Togzhan	KAZ	KASSYMZHAN Danira	KAZ	PTF	2:0
kazakhstan-open-2026	Senior Women -46kg	R16		VALINEZHAD Hasti	IRI	PUGANTSOVA Yarina	KAZ	PTF	2:1
kazakhstan-open-2026	Senior Women -46kg	R16		ZHELEU Akbota	KAZ	YUSSUPBAYEVA Diana	KAZ	PTF	2:0
kazakhstan-open-2026	Senior Women -46kg	QF		AKBAROVA Minaya	AZE	KHEDHIRI Israa	TUN	PTF	2:0
kazakhstan-open-2026	Senior Women -46kg	QF		GURBUZ Zehra	TUR	OMIRZAK Togzhan	KAZ	PTF	2:0
kazakhstan-open-2026	Senior Women -46kg	QF		KESGIN Tuvanna nazli	TUR	MIRBEKOVA Albina	KGZ	PTF	2:1
kazakhstan-open-2026	Senior Women -46kg	QF		VALINEZHAD Hasti	IRI	ZHELEU Akbota	KAZ	PTF	2:0
kazakhstan-open-2026	Senior Women -46kg	SF		AKBAROVA Minaya	AZE	GURBUZ Zehra	TUR	PTF	2:0
kazakhstan-open-2026	Senior Women -46kg	SF		VALINEZHAD Hasti	IRI	KESGIN Tuvanna nazli	TUR	PTF	2:1
kazakhstan-open-2026	Senior Women -46kg	F		AKBAROVA Minaya	AZE	VALINEZHAD Hasti	IRI	PTF	2:1
kazakhstan-open-2026	Senior Women -49kg	R32		GOGEBAKAN Emine	TUR	KAIBULLA Gulnaz	KAZ	PTF	2:0
kazakhstan-open-2026	Senior Women -49kg	R32		PLAKHIKH Varvara	BLR	BAHODIROVA Mushtariybonu	UZB	PTF	2:0
kazakhstan-open-2026	Senior Women -49kg	R32		SHERALIEVA Raziia	KGZ	NAZAROVA Symbat	KAZ	PTF	2:0
kazakhstan-open-2026	Senior Women -49kg	R32		TASKIN Zeynep	TUR	SHONIYOZOVA Madina	UZB	PTF	2:0
kazakhstan-open-2026	Senior Women -49kg	R32		TSE Sum yi	HKG	BIMETOVA Rukhshona	KAZ	PTF	2:1
kazakhstan-open-2026	Senior Women -49kg	R32		ZHANDILDINOVA Adel	KAZ	ZHAMALBEKOVA Kuralay	KAZ	PTF	2:0
kazakhstan-open-2026	Senior Women -49kg	R16		AKGUL Elif sude	TUR	TASKIN Zeynep	TUR	PTF	2:0
kazakhstan-open-2026	Senior Women -49kg	R16		BAKISHEVA Rita	KAZ	KUMARTAYEVA Aidana	KAZ	PTF	2:1
kazakhstan-open-2026	Senior Women -49kg	R16		BAUYRZHANOVA Nuray	KAZ	TSE Sum yi	HKG	PTF	2:0
kazakhstan-open-2026	Senior Women -49kg	R16		GOGEBAKAN Emine	TUR	GODARZI Rozhan	IRI	PTF	2:1
kazakhstan-open-2026	Senior Women -49kg	R16		MEDVEDEVA Galina	RUS	SHERALIEVA Raziia	KGZ	PTF	2:0
kazakhstan-open-2026	Senior Women -49kg	R16		PLAKHIKH Varvara	BLR	BAT-ERDENE Uchral	MGL	PTF	2:0
kazakhstan-open-2026	Senior Women -49kg	R16		ROGOZINA Irina	RUS	ZHANDILDINOVA Adel	KAZ	PTF	2:0
kazakhstan-open-2026	Senior Women -49kg	R16		STRUNETS Maryia	BLR	ZHUMABEK Nuraiym	KAZ	PTF	2:0
kazakhstan-open-2026	Senior Women -49kg	QF		BAKISHEVA Rita	KAZ	AKGUL Elif sude	TUR	PTF	2:1
kazakhstan-open-2026	Senior Women -49kg	QF		BAUYRZHANOVA Nuray	KAZ	PLAKHIKH Varvara	BLR	PTF	2:0
kazakhstan-open-2026	Senior Women -49kg	QF		GOGEBAKAN Emine	TUR	ROGOZINA Irina	RUS	PTF	2:0
kazakhstan-open-2026	Senior Women -49kg	QF		MEDVEDEVA Galina	RUS	STRUNETS Maryia	BLR	PTF	2:1
kazakhstan-open-2026	Senior Women -49kg	SF		BAUYRZHANOVA Nuray	KAZ	BAKISHEVA Rita	KAZ	PTF	2:0
kazakhstan-open-2026	Senior Women -49kg	SF		GOGEBAKAN Emine	TUR	MEDVEDEVA Galina	RUS	PTF	2:1
kazakhstan-open-2026	Senior Women -49kg	F		GOGEBAKAN Emine	TUR	BAUYRZHANOVA Nuray	KAZ	PTF	2:0
kazakhstan-open-2026	Senior Women -53kg	R32		SAPARALIYEVA Ayaulym	KAZ	ABDULLAH Azeen yousef m	KSA	PTF	2:0
kazakhstan-open-2026	Senior Women -53kg	R16		ABDIKADYR Aruzhan	KAZ	SHERALY Tangsulu	KAZ	PTF	2:0
kazakhstan-open-2026	Senior Women -53kg	R16		AKHMEDOVA Nodira	KAZ	BALMAKHANBET Aruna	KAZ	PTF	2:1
kazakhstan-open-2026	Senior Women -53kg	R16		BAUYRZHANOVA Ayana	KAZ	IDRISSOVA Tomiris	KAZ	PTF	2:0
kazakhstan-open-2026	Senior Women -53kg	R16		BEN AOUN Ouhoud	TUN	SAPARALIYEVA Ayaulym	KAZ	PTF	2:0
kazakhstan-open-2026	Senior Women -53kg	R16		GUSEINOVA Aziza	RUS	BATTOGTOKH Tsengelbayar	MGL	PTF	2:0
kazakhstan-open-2026	Senior Women -53kg	R16		KASYMOVA Sabina	KAZ	DHAHRI Ikram	TUN	PTF	2:0
kazakhstan-open-2026	Senior Women -53kg	R16		KHASANOVA Laylo	UZB	BATTSEREN Munkhjin	MGL	PTF	2:1
kazakhstan-open-2026	Senior Women -53kg	R16		RAFAEL Marzhan	KAZ	KHAN Sofiya	UZB	PTF	2:1
kazakhstan-open-2026	Senior Women -53kg	QF		ABDIKADYR Aruzhan	KAZ	GUSEINOVA Aziza	RUS	WDR	2:0
kazakhstan-open-2026	Senior Women -53kg	QF		AKHMEDOVA Nodira	KAZ	KASYMOVA Sabina	KAZ	PTF	2:0
kazakhstan-open-2026	Senior Women -53kg	QF		BEN AOUN Ouhoud	TUN	BAUYRZHANOVA Ayana	KAZ	PTF	2:0
kazakhstan-open-2026	Senior Women -53kg	QF		KHASANOVA Laylo	UZB	RAFAEL Marzhan	KAZ	PTF	2:0
kazakhstan-open-2026	Senior Women -53kg	SF		AKHMEDOVA Nodira	KAZ	ABDIKADYR Aruzhan	KAZ	PTF	2:0
kazakhstan-open-2026	Senior Women -53kg	SF		KHASANOVA Laylo	UZB	BEN AOUN Ouhoud	TUN	PTF	2:1
kazakhstan-open-2026	Senior Women -53kg	F		KHASANOVA Laylo	UZB	AKHMEDOVA Nodira	KAZ	PTF	2:0
kazakhstan-open-2026	Senior Women -57kg	R32		KAMALOVA Aminakhon	UZB	SUNDETBAY Aidana	KAZ	PTF	2:0
kazakhstan-open-2026	Senior Women -57kg	R32		KORGAN Bakytnur	KAZ	BOLATBEK Inkar	KAZ	PTF	2:1
kazakhstan-open-2026	Senior Women -57kg	R32		SAROKINA Uladzislava	BLR	SABIR Aidana	KAZ	PTF	2:0
kazakhstan-open-2026	Senior Women -57kg	R32		SHOROKHOVA Ekaterina	RUS	DERBES Meruert	KAZ	PTF	2:1
kazakhstan-open-2026	Senior Women -57kg	R16		ABDUVALIEVA Shabona	UZB	CHAN Yeuk yu	HKG	PTF	2:0
kazakhstan-open-2026	Senior Women -57kg	R16		DILER Ruya	TUR	ISSINA Zhazira	KAZ	PTF	2:0
kazakhstan-open-2026	Senior Women -57kg	R16		ILGUN Hatice kubra	TUR	KORGAN Bakytnur	KAZ	PTF	2:0
kazakhstan-open-2026	Senior Women -57kg	R16		KAZNABEK Togzhan	KAZ	IZMIR Hayrunnisa	TUR	PTF	2:0
kazakhstan-open-2026	Senior Women -57kg	R16		MIRABZALOVA Madina	UZB	SAROKINA Uladzislava	BLR	PTF	2:0
kazakhstan-open-2026	Senior Women -57kg	R16		SEVOSTYANOVA Mariya	KAZ	SHOROKHOVA Ekaterina	RUS	PTF	2:0
kazakhstan-open-2026	Senior Women -57kg	R16		VITKO Yuliya	BLR	KAMALOVA Aminakhon	UZB	PTF	2:0
kazakhstan-open-2026	Senior Women -57kg	R16		ZDOR Kseniia	RUS	SOUFI MARIV Rozhan	IRI	PTF	2:0
kazakhstan-open-2026	Senior Women -57kg	QF		ILGUN Hatice kubra	TUR	ABDUVALIEVA Shabona	UZB	PTF	2:0
kazakhstan-open-2026	Senior Women -57kg	QF		KAZNABEK Togzhan	KAZ	MIRABZALOVA Madina	UZB	PTF	2:1
kazakhstan-open-2026	Senior Women -57kg	QF		VITKO Yuliya	BLR	DILER Ruya	TUR	PTF	2:1
kazakhstan-open-2026	Senior Women -57kg	QF		ZDOR Kseniia	RUS	SEVOSTYANOVA Mariya	KAZ	PTF	2:0
kazakhstan-open-2026	Senior Women -57kg	SF		ILGUN Hatice kubra	TUR	KAZNABEK Togzhan	KAZ	PTF	2:0
kazakhstan-open-2026	Senior Women -57kg	SF		VITKO Yuliya	BLR	ZDOR Kseniia	RUS	PTF	2:1
kazakhstan-open-2026	Senior Women -57kg	F		ILGUN Hatice kubra	TUR	VITKO Yuliya	BLR	PTF	2:0
kazakhstan-open-2026	Senior Women -62kg	R32		BADMAEVA Dayana	RUS	BAIMENOVA Akerke	KAZ	PTF	2:1
kazakhstan-open-2026	Senior Women -62kg	R32		KAZNABEK Nuray	KAZ	LAW Sin yi	HKG	PTF	2:0
kazakhstan-open-2026	Senior Women -62kg	R32		SMIRNOVA Anastasiya	BLR	GAFUROVA Shakzoda	KAZ	PTF	2:0
kazakhstan-open-2026	Senior Women -62kg	R32		UKTAMJONOVA Mohidil	UZB	LEE Eunmi	KOR	PTF	2:1
kazakhstan-open-2026	Senior Women -62kg	R16		ADILBEKKYZY Aisha	KAZ	PATRATII Alesia	KGZ	PTF	2:0
kazakhstan-open-2026	Senior Women -62kg	R16		ASKAR Ayaulym	KAZ	AIMUKASHEVA Kamila	KAZ	WDR	1:0
kazakhstan-open-2026	Senior Women -62kg	R16		AZIZOVA Diyorakhon	UZB	GOGEBAKAN Huru gokce	TUR	PTF	2:0
kazakhstan-open-2026	Senior Women -62kg	R16		BLIZNIAKOVA Margarita	RUS	KAZNABEK Nuray	KAZ	PTF	2:0
kazakhstan-open-2026	Senior Women -62kg	R16		KHAYITOVA Sevinch	UZB	UKTAMJONOVA Mohidil	UZB	PTF	2:1
kazakhstan-open-2026	Senior Women -62kg	R16		TOUMI Chaima	TUN	SMYCHKOVA Valeryia	BLR	PTF	2:1
kazakhstan-open-2026	Senior Women -62kg	R16		WAFA Masghouni	TUN	BADMAEVA Dayana	RUS	PTF	2:0
kazakhstan-open-2026	Senior Women -62kg	R16		YIGITALP Hatice pinar	TUR	SMIRNOVA Anastasiya	BLR	PTF	2:0
kazakhstan-open-2026	Senior Women -62kg	QF		ADILBEKKYZY Aisha	KAZ	KHAYITOVA Sevinch	UZB	PTF	2:1
kazakhstan-open-2026	Senior Women -62kg	QF		BLIZNIAKOVA Margarita	RUS	ASKAR Ayaulym	KAZ	PTF	2:1
kazakhstan-open-2026	Senior Women -62kg	QF		WAFA Masghouni	TUN	AZIZOVA Diyorakhon	UZB	PTF	2:0
kazakhstan-open-2026	Senior Women -62kg	QF		YIGITALP Hatice pinar	TUR	TOUMI Chaima	TUN	PTF	2:0
kazakhstan-open-2026	Senior Women -62kg	SF		BLIZNIAKOVA Margarita	RUS	ADILBEKKYZY Aisha	KAZ	PTF	2:0
kazakhstan-open-2026	Senior Women -62kg	SF		WAFA Masghouni	TUN	YIGITALP Hatice pinar	TUR	PTF	2:0
kazakhstan-open-2026	Senior Women -62kg	F		WAFA Masghouni	TUN	BLIZNIAKOVA Margarita	RUS	PTF	2:1
kazakhstan-open-2026	Senior Women -67kg	R16		MOTLOKH Sofiia	RUS	PROKOPCHUK Veronika	KAZ	PTF	2:0
kazakhstan-open-2026	Senior Women -67kg	R16		NAIMANBAYEVA Aruzhan	KAZ	KOLBAYEVA Bexulu	KAZ	PTF	2:0
kazakhstan-open-2026	Senior Women -67kg	R16		TAUKENOVA Aida	KAZ	NAVITSKAIA Darya	BLR	PTF	2:1
kazakhstan-open-2026	Senior Women -67kg	R16		TURLIBEKOVA Jasmina	UZB	SAPARKHAN Ayazhan	KAZ	PTF	2:0
kazakhstan-open-2026	Senior Women -67kg	R16		ZAFER Isil	TUR	KURMANOVA Adelya	KAZ	PTF	2:0
kazakhstan-open-2026	Senior Women -67kg	R16		ZIABLITCEVA Anna	RUS	MEDOUNI Zina	TUN	PTF	2:0
kazakhstan-open-2026	Senior Women -67kg	QF		MOTLOKH Sofiia	RUS	NAIMANBAYEVA Aruzhan	KAZ	PTF	2:0
kazakhstan-open-2026	Senior Women -67kg	QF		SKVORTSOVA Kira	RUS	TAUKENOVA Aida	KAZ	PTF	2:0
kazakhstan-open-2026	Senior Women -67kg	QF		SOBIRJONOVA Ozoda	UZB	TURLIBEKOVA Jasmina	UZB	PTF	2:0
kazakhstan-open-2026	Senior Women -67kg	QF		ZAFER Isil	TUR	ZIABLITCEVA Anna	RUS	PTF	2:0
kazakhstan-open-2026	Senior Women -67kg	SF		SKVORTSOVA Kira	RUS	MOTLOKH Sofiia	RUS	PTF	2:0
kazakhstan-open-2026	Senior Women -67kg	SF		SOBIRJONOVA Ozoda	UZB	ZAFER Isil	TUR	PTF	2:0
kazakhstan-open-2026	Senior Women -67kg	F		SOBIRJONOVA Ozoda	UZB	SKVORTSOVA Kira	RUS	PTF	2:0
kazakhstan-open-2026	Senior Women -73kg	R16		CETINEL Ceren	TUR	YARASHUK Darya	BLR	PTF	2:0
kazakhstan-open-2026	Senior Women -73kg	R16		KAREPOVA Irina	RUS	ZHUMAN Zhanerke	KAZ	PTF	2:0
kazakhstan-open-2026	Senior Women -73kg	R16		KENGESBEK Nurly	KAZ	ERNAZAROVA Feruza	UZB	PTF	2:0
kazakhstan-open-2026	Senior Women -73kg	R16		OMAROVA Sabina	RUS	TURAROVA Nurriza	KAZ	PTF	2:0
kazakhstan-open-2026	Senior Women -73kg	QF		CETINEL Ceren	TUR	MAKHMUTOVA Nazym	KAZ	PTF	2:0
kazakhstan-open-2026	Senior Women -73kg	QF		KAREPOVA Irina	RUS	SABER Dunya bushuaib a	KSA	PTF	2:0
kazakhstan-open-2026	Senior Women -73kg	QF		SKAPROVSKA Valeriia	RUS	KENGESBEK Nurly	KAZ	PTF	2:0
kazakhstan-open-2026	Senior Women -73kg	QF		UZUNCAVDAR Sude yaren	TUR	OMAROVA Sabina	RUS	PTF	2:0
kazakhstan-open-2026	Senior Women -73kg	SF		CETINEL Ceren	TUR	KAREPOVA Irina	RUS	RSC	2:0
kazakhstan-open-2026	Senior Women -73kg	SF		UZUNCAVDAR Sude yaren	TUR	SKAPROVSKA Valeriia	RUS	PTF	2:0
kazakhstan-open-2026	Senior Women -73kg	F		UZUNCAVDAR Sude yaren	TUR	CETINEL Ceren	TUR	PTF	2:1
kazakhstan-open-2026	Senior Women +73kg	R16		YDYRYS Altynshash	KAZ	TKEBAEVA Meruert	KAZ	PTF	2:0
kazakhstan-open-2026	Senior Women +73kg	R16		YERKASSIMOVA Axaule	KAZ	BAIDAULETOVA Adelina	KAZ	PTF	2:0
kazakhstan-open-2026	Senior Women +73kg	QF		ADEBAIO Kristina	RUS	YERKASSIMOVA Axaule	KAZ	PTF	2:1
kazakhstan-open-2026	Senior Women +73kg	QF		KAVUKCUOGLU Zehra begum	TUR	MIKHALCHUK Palina	BLR	PTF	2:1
kazakhstan-open-2026	Senior Women +73kg	QF		KUS AYDIN Nafia	TUR	YDYRYS Altynshash	KAZ	PTF	2:0
kazakhstan-open-2026	Senior Women +73kg	QF		MUSLIMOVA Linara	RUS	MIRTADJIEVA Iroda	UZB	PTF	2:1
kazakhstan-open-2026	Senior Women +73kg	SF		ADEBAIO Kristina	RUS	MUSLIMOVA Linara	RUS	WDR	1:0
kazakhstan-open-2026	Senior Women +73kg	SF		KAVUKCUOGLU Zehra begum	TUR	KUS AYDIN Nafia	TUR	PTF	2:1
kazakhstan-open-2026	Senior Women +73kg	F		KAVUKCUOGLU Zehra begum	TUR	ADEBAIO Kristina	RUS	PTF	2:1
