swiss-open-2026	Senior Men -54kg	DIAWARA Abdoul aziz aboubacar	GUI	3
swiss-open-2026	Senior Men -54kg	HASSANI Abdul ali	SUI	
swiss-open-2026	Senior Men -54kg	ALKHALDI Musaad ali j	KSA	
swiss-open-2026	Senior Men -54kg	ALESIO CAPOLINI Mathis	FRA	1
swiss-open-2026	Senior Men -54kg	OWEN Haddad	FRA	3
swiss-open-2026	Senior Men -54kg	MAMMADOV Khidir	AZE	
swiss-open-2026	Senior Men -54kg	PASHCOVSKY Tom	ISR	2
swiss-open-2026	Senior Men -54kg	GARCIA Noah	POR	
swiss-open-2026	Senior Men -58kg	VASILIC Todor	SRB	
swiss-open-2026	Senior Men -58kg	TRABELSI Amen allah	TUN	
swiss-open-2026	Senior Men -58kg	OMRI Abdoullah	TUN	3
swiss-open-2026	Senior Men -58kg	DEDEGBE Nelson	FRA	
swiss-open-2026	Senior Men -58kg	MISSOSSI Nzamba nzamba	GAB	
swiss-open-2026	Senior Men -58kg	BARASH Tomer	ISR	2
swiss-open-2026	Senior Men -58kg	VILELA Nolhan	FRA	
swiss-open-2026	Senior Men -58kg	DRACHMAN Yoav	ISR	
swiss-open-2026	Senior Men -58kg	RODRIGUEZ Cesar	MEX	
swiss-open-2026	Senior Men -58kg	ABDEL HALIM Khaled	GER	
swiss-open-2026	Senior Men -58kg	GRANDA TACO Pablo vinicio	ESP	
swiss-open-2026	Senior Men -58kg	HEIDARY Hamidreza	SUI	
swiss-open-2026	Senior Men -58kg	LANG Matthias	GER	
swiss-open-2026	Senior Men -58kg	MEHLMANN Daniel	GER	3
swiss-open-2026	Senior Men -58kg	NITSAS Christos rafail	GER	
swiss-open-2026	Senior Men -58kg	KNECHT Nicolas	GER	
swiss-open-2026	Senior Men -58kg	GARCIA Angel jesus	SUI	
swiss-open-2026	Senior Men -58kg	TENTONI Achille	SMR	
swiss-open-2026	Senior Men -58kg	N'GAIDE Idriss	FRA	1
swiss-open-2026	Senior Men -63kg	SALMI Adem	TUN	1
swiss-open-2026	Senior Men -63kg	AMATI Federico	SMR	
swiss-open-2026	Senior Men -63kg	PAGLIARA Matteo	ITA	
swiss-open-2026	Senior Men -63kg	EBRAHIMI Alireza	SUI	
swiss-open-2026	Senior Men -63kg	AKHLAGI Mohammad asif	SUI	
swiss-open-2026	Senior Men -63kg	VUKOTIC Danilo	SRB	
swiss-open-2026	Senior Men -63kg	VOGEL Eric	GER	
swiss-open-2026	Senior Men -63kg	BELLO MUNOZ David	ESP	3
swiss-open-2026	Senior Men -63kg	MAHARLAMLI Fuad	AZE	
swiss-open-2026	Senior Men -63kg	KLJAJIC Nikola	SRB	3
swiss-open-2026	Senior Men -63kg	GARCIA Iker	ESP	
swiss-open-2026	Senior Men -63kg	IVANOVIC Sergej	SRB	
swiss-open-2026	Senior Men -63kg	CASELLA Oscar	SUI	
swiss-open-2026	Senior Men -63kg	MEMETI Dionis	SUI	
swiss-open-2026	Senior Men -63kg	NAWROZI Sawlat ali	SUI	
swiss-open-2026	Senior Men -63kg	FIBY Daniel	AUT	
swiss-open-2026	Senior Men -63kg	MIRZOIEV Samir	UKR	2
swiss-open-2026	Senior Men -63kg	OZKAYA Imran	GER	
swiss-open-2026	Senior Men -68kg	ALAPHILIPPE Souleyman	FRA	1
swiss-open-2026	Senior Men -68kg	ZEHETNER Felix	AUT	
swiss-open-2026	Senior Men -68kg	DAXNER Leonard	AUT	
swiss-open-2026	Senior Men -68kg	AL GHOTANY Yahya	TRT	
swiss-open-2026	Senior Men -68kg	AZIZI Alisina	SUI	3
swiss-open-2026	Senior Men -68kg	ANDERSEN Patrick	DEN	
swiss-open-2026	Senior Men -68kg	ABAD EXPOSITO Iker	ESP	
swiss-open-2026	Senior Men -68kg	CAVUSMAN Aslan eymen	GER	
swiss-open-2026	Senior Men -68kg	ALELEW Feras faisal	KSA	
swiss-open-2026	Senior Men -68kg	BOURHALLA Nour	SUI	
swiss-open-2026	Senior Men -68kg	VAN VULPEN Jesse	NED	3
swiss-open-2026	Senior Men -68kg	MEYER Leon	GER	
swiss-open-2026	Senior Men -68kg	MORADI Mohammad	AUT	
swiss-open-2026	Senior Men -68kg	MANDIC Milos	SRB	2
swiss-open-2026	Senior Men -74kg	BURUSIC Marko	SRB	
swiss-open-2026	Senior Men -74kg	AGHAYEV Javad	AZE	1
swiss-open-2026	Senior Men -74kg	KOHLMAIER Makar	GER	
swiss-open-2026	Senior Men -74kg	GUILLET Erawan	FRA	3
swiss-open-2026	Senior Men -74kg	NOORI Rashed	SUI	
swiss-open-2026	Senior Men -74kg	OMRANI Ayoub	TUN	
swiss-open-2026	Senior Men -74kg	MENDONCA Pedro	POR	
swiss-open-2026	Senior Men -74kg	HAKOBYAN Alexander	ESP	
swiss-open-2026	Senior Men -74kg	KRIVISHKIY Nimrod	ISR	2
swiss-open-2026	Senior Men -74kg	WEISS Philip julian	GER	
swiss-open-2026	Senior Men -74kg	SUBOTIC Vojin	SRB	
swiss-open-2026	Senior Men -74kg	MITSOS Dimitrios	GRE	3
swiss-open-2026	Senior Men -74kg	LUKIC Nikola	SRB	
swiss-open-2026	Senior Men -80kg	TAKOV Stefan	SRB	1
swiss-open-2026	Senior Men -80kg	PANTIS Patrick	AUT	
swiss-open-2026	Senior Men -80kg	VITKOVIC Nikola	SRB	
swiss-open-2026	Senior Men -80kg	COLAK Nayan can	GER	3
swiss-open-2026	Senior Men -80kg	SAMA Amed	GHA	
swiss-open-2026	Senior Men -80kg	GALLAND Warrick	SUI	
swiss-open-2026	Senior Men -80kg	MOHAMMAD Ahmad	GER	
swiss-open-2026	Senior Men -80kg	VESTERLUND Linus	SWE	3
swiss-open-2026	Senior Men -80kg	DEGILA Francois david	FRA	
swiss-open-2026	Senior Men -80kg	EL HAJ KHALIL Mohamad	GER	
swiss-open-2026	Senior Men -80kg	ODINAEV Rustam	SRB	2
swiss-open-2026	Senior Men -80kg	CORAZZA Lukas	AUT	
swiss-open-2026	Senior Men -80kg	SWEENEY Liam	AUS	
swiss-open-2026	Senior Men -87kg	ABEDINI Mehdi	TRT	1
swiss-open-2026	Senior Men -87kg	OVONO ELLA Regis davy	GAB	
swiss-open-2026	Senior Men -87kg	SULEYMANOV Taleh	AZE	
swiss-open-2026	Senior Men -87kg	THEOCHAROUS Andreas	CYP	
swiss-open-2026	Senior Men -87kg	STOJANOVIC Stefan	SRB	3
swiss-open-2026	Senior Men -87kg	AJDUKOVIC Dimitrije	SRB	2
swiss-open-2026	Senior Men -87kg	MARTIN Sebastian	GER	
swiss-open-2026	Senior Men -87kg	TRIEBEL Robert	GER	
swiss-open-2026	Senior Men -87kg	HOERMANN Vincent	GER	3
swiss-open-2026	Senior Men +87kg	TOURE Mouhameth	SEN	
swiss-open-2026	Senior Men +87kg	ABBASIPOUYA Abolfazl	TRT	1
swiss-open-2026	Senior Men +87kg	RUDERMAN Ilia	ISR	3
swiss-open-2026	Senior Men +87kg	ALSAUD Hussain ali a	KSA	2
swiss-open-2026	Senior Men +87kg	BAK Frederik	DEN	3
swiss-open-2026	Senior Women -46kg	STURARI Alessia	ITA	2
swiss-open-2026	Senior Women -46kg	BALLARIN Andrea sofia	ITA	3
swiss-open-2026	Senior Women -46kg	KIRTSELIS Aina	FIN	3
swiss-open-2026	Senior Women -46kg	AKBAROVA Minaya	AZE	1
swiss-open-2026	Senior Women -49kg	MATA Maya	USA	1
swiss-open-2026	Senior Women -49kg	CHATZIGEORGIOU Maria	GER	3
swiss-open-2026	Senior Women -49kg	RUCKER Greta	GER	
swiss-open-2026	Senior Women -49kg	NESHER Yarden	ISR	2
swiss-open-2026	Senior Women -49kg	MOROCHA Sofia	ISR	
swiss-open-2026	Senior Women -49kg	BRAJOVIC Iva	SRB	3
swiss-open-2026	Senior Women -49kg	HURTADO TAPIA Jireh	BOL	
swiss-open-2026	Senior Women -53kg	DANIEL Melina	USA	1
swiss-open-2026	Senior Women -53kg	KARIMI Nuria	AUT	
swiss-open-2026	Senior Women -53kg	SHWARTZ Maya	ISR	
swiss-open-2026	Senior Women -53kg	ENTEZARI Nazila	TRT	
swiss-open-2026	Senior Women -53kg	FREIERMUTH Janina	SUI	
swiss-open-2026	Senior Women -53kg	PAGANI Iris vasiliki	GRE	3
swiss-open-2026	Senior Women -53kg	GIRE Ines	FRA	2
swiss-open-2026	Senior Women -53kg	BYRNE Ruby	IRL	
swiss-open-2026	Senior Women -53kg	SANGARE Mariam	MLI	
swiss-open-2026	Senior Women -53kg	BINENSTOCK Naama	ISR	
swiss-open-2026	Senior Women -53kg	OJA Vera	FIN	
swiss-open-2026	Senior Women -53kg	KAMKASOUMPHOU Lenya	FRA	3
swiss-open-2026	Senior Women -57kg	ROVITHIS Anastasia	GER	2
swiss-open-2026	Senior Women -57kg	KAMKASOUMPHOU Alliyah	FRA	
swiss-open-2026	Senior Women -57kg	CAUSSE Estelle	FRA	
swiss-open-2026	Senior Women -57kg	ADREGO Ana	POR	
swiss-open-2026	Senior Women -57kg	KORCHI Manal	SUI	
swiss-open-2026	Senior Women -57kg	BANGURA Aisha	GER	3
swiss-open-2026	Senior Women -57kg	STOJANOVIC Nina	SRB	
swiss-open-2026	Senior Women -57kg	GARCIA MARQUINA Sofia	ESP	3
swiss-open-2026	Senior Women -57kg	SEVO Milica	SRB	
swiss-open-2026	Senior Women -57kg	WOLF Emilie cecile	GER	
swiss-open-2026	Senior Women -57kg	ASIRI Atheer awadh	KSA	
swiss-open-2026	Senior Women -57kg	VILLEGAS Fabiola guadalupe	MEX	1
swiss-open-2026	Senior Women -62kg	LANGOUSTE-ASSOUMAYA Lyhana	FRA	3
swiss-open-2026	Senior Women -62kg	MUTHANNA Lateen omar	KSA	
swiss-open-2026	Senior Women -62kg	INHULSEN Kendra	GER	
swiss-open-2026	Senior Women -62kg	SEVO Tamara	SRB	
swiss-open-2026	Senior Women -62kg	ZECIROVIC Nina	SRB	2
swiss-open-2026	Senior Women -62kg	FRANCESCHI Francesca maria	FRA	3
swiss-open-2026	Senior Women -62kg	KOENIGSECKER Valerie	AUT	
swiss-open-2026	Senior Women -62kg	SPINAROVA Anna	CZE	
swiss-open-2026	Senior Women -62kg	ARRONDO BELLOSO Ariadna	ESP	
swiss-open-2026	Senior Women -62kg	KICEMA Helena	CRO	1
swiss-open-2026	Senior Women -67kg	PERISIC Aleksandra	SRB	2
swiss-open-2026	Senior Women -67kg	ABDEL FATTAH Sarah	AUT	
swiss-open-2026	Senior Women -67kg	JANSSEN Elyssa	GER	3
swiss-open-2026	Senior Women -67kg	ĐOKOVIĆ Ines	SRB	3
swiss-open-2026	Senior Women -67kg	NISNEVICH Anna	ISR	
swiss-open-2026	Senior Women -67kg	TARIK A BANGASH Lamar	KSA	
swiss-open-2026	Senior Women -67kg	RUCINSKI Viktoria	GER	1
swiss-open-2026	Senior Women -73kg	HOERMANN Emily	GER	3
swiss-open-2026	Senior Women -73kg	HELDNER Laura	SUI	
swiss-open-2026	Senior Women -73kg	HUTZEN Hanna	GER	
swiss-open-2026	Senior Women -73kg	VALENTINO Viviana	GER	2
swiss-open-2026	Senior Women -73kg	AKIN Selina	GER	
swiss-open-2026	Senior Women -73kg	ZECIROVIC Ema	SRB	3
swiss-open-2026	Senior Women -73kg	TESIC Nadja	SRB	1
swiss-open-2026	Senior Women -73kg	PETROVIC Iva	SRB	
swiss-open-2026	Senior Women +73kg	VROEGH Nielle	NED	1
swiss-open-2026	Senior Women +73kg	GONZALEZ Maria	VEN	3
swiss-open-2026	Senior Women +73kg	BINOVA Alice	CZE	2
swiss-open-2026	Senior Women +73kg	AYANG Veronica mbang esono	GEQ	3
