EventID	Division	Athlete	NOC	Placement
presidents-cup-america-2026	Senior Men -87kg	MEIRELLES Arthur	BRA	2
presidents-cup-america-2026	Senior Men -87kg	NWOGBAGA Ifunanya	USA	
presidents-cup-america-2026	Senior Men -87kg	CHUA James	USA	
presidents-cup-america-2026	Senior Men -87kg	DASENT-THOMSON Dan	TTO	
presidents-cup-america-2026	Senior Men -87kg	CASTRO Sebastian	PER	
presidents-cup-america-2026	Senior Men -87kg	BERNARDEZ Wilmer	HON	
presidents-cup-america-2026	Senior Men -87kg	RAMOS Juan Luis	CHI	
presidents-cup-america-2026	Senior Men -87kg	ROMERO Bruno	MEX	3
presidents-cup-america-2026	Senior Men -87kg	SOUZA Allif	BRA	
presidents-cup-america-2026	Senior Men -87kg	MUTZ Gerald	USA	
presidents-cup-america-2026	Senior Men -87kg	DI Mateo	ARG	
presidents-cup-america-2026	Senior Men -87kg	ALVAREZ Luis	VEN	
presidents-cup-america-2026	Senior Men -87kg	OSORIO Yesid F.	PUR	
presidents-cup-america-2026	Senior Men -87kg	GONCALVES Luiz Edu	BRA	3
presidents-cup-america-2026	Senior Men -87kg	SOLO Maicol Stiwar	COL	
presidents-cup-america-2026	Senior Men -87kg	SOW Abou	USA	
presidents-cup-america-2026	Senior Men -87kg	CASTILLO Sergio	USA	
presidents-cup-america-2026	Senior Men -87kg	GONZÁLEZ Gabriel	WT	
presidents-cup-america-2026	Senior Men -87kg	CECIL Chaney	USA	
presidents-cup-america-2026	Senior Men -87kg	HUYNH Kevin	USA	
presidents-cup-america-2026	Senior Men -87kg	CORRO Thiago Joaqu	ARG	
presidents-cup-america-2026	Senior Men -87kg	ANDRADE Hassani	PER	
presidents-cup-america-2026	Senior Men -87kg	RODRIGUEZ Michael	USA	1
presidents-cup-america-2026	Senior Men -80kg	CHURCHILL Joaquin	CHI	2
presidents-cup-america-2026	Senior Men -80kg	MERCIER Charlélie	CAN	
presidents-cup-america-2026	Senior Men -80kg	GOMEZTAGLE Uriel	MEX	
presidents-cup-america-2026	Senior Men -80kg	POLICELI Santino	ARG	
presidents-cup-america-2026	Senior Men -80kg	GONZALEZ Federico	URU	
presidents-cup-america-2026	Senior Men -80kg	BOURIEL Ayoub	CAN	
presidents-cup-america-2026	Senior Men -80kg	ORTOGALLI Kaua	BRA	
presidents-cup-america-2026	Senior Men -80kg	VILLA Jose Anderso	ECU	
presidents-cup-america-2026	Senior Men -80kg	ASSIS Vinicius	BRA	
presidents-cup-america-2026	Senior Men -80kg	SOTO Luis German	COL	
presidents-cup-america-2026	Senior Men -80kg	YOUNG Isaiah	USA	3
presidents-cup-america-2026	Senior Men -80kg	RODRIGUES Henrique	BRA	3
presidents-cup-america-2026	Senior Men -80kg	TEIXEIRA Ryan Henr	BRA	
presidents-cup-america-2026	Senior Men -80kg	HURTADO Jose Migue	MEX	
presidents-cup-america-2026	Senior Men -80kg	SOTO Amaury	PUR	
presidents-cup-america-2026	Senior Men -80kg	TREJOS Miguel	COL	
presidents-cup-america-2026	Senior Men -80kg	ROBLETO David	NCA	
presidents-cup-america-2026	Senior Men -80kg	FLORES Alejandro	WT	
presidents-cup-america-2026	Senior Men -80kg	NAVA Ruben	MEX	
presidents-cup-america-2026	Senior Men -80kg	RODRIGUES Andreyck	BRA	
presidents-cup-america-2026	Senior Men -80kg	NICKOLAS Cj	USA	1
presidents-cup-america-2026	Senior Men -74kg	RODRIGUES Victor	USA	1
presidents-cup-america-2026	Senior Men -74kg	DIAZ Luis Miguel	DOM	
presidents-cup-america-2026	Senior Men -74kg	LAM Ka Hei Tank	HKG	
presidents-cup-america-2026	Senior Men -74kg	AMARAL Matheus Leo	BRA	
presidents-cup-america-2026	Senior Men -74kg	QUINTEROS Damian M	ARG	
presidents-cup-america-2026	Senior Men -74kg	SHANAFELT Noah	USA	
presidents-cup-america-2026	Senior Men -74kg	ALVES Joao Paulo	BRA	
presidents-cup-america-2026	Senior Men -74kg	MOSTELLER Barron	USA	
presidents-cup-america-2026	Senior Men -74kg	FABI Enzo	CAN	
presidents-cup-america-2026	Senior Men -74kg	DOS Daniel Rogerio	BRA	
presidents-cup-america-2026	Senior Men -74kg	PAZ David Felipe	COL	
presidents-cup-america-2026	Senior Men -74kg	FRUTUOSO Joao Vito	BRA	
presidents-cup-america-2026	Senior Men -74kg	ROMMEL Luis Ricard	PER	
presidents-cup-america-2026	Senior Men -74kg	PONTES Edival	BRA	3
presidents-cup-america-2026	Senior Men -74kg	MAZZANTI Santino	ARG	
presidents-cup-america-2026	Senior Men -74kg	PELLERIN Vincent	CAN	
presidents-cup-america-2026	Senior Men -74kg	ALEXANDER Daniel	USA	
presidents-cup-america-2026	Senior Men -74kg	BENITEZ Adrian	PUR	
presidents-cup-america-2026	Senior Men -74kg	CASAS Iker	MEX	2
presidents-cup-america-2026	Senior Men -74kg	AURORA Franco	PER	
presidents-cup-america-2026	Senior Men -74kg	TAYLOR Finn	CAN	
presidents-cup-america-2026	Senior Men -74kg	MCCRAY Josiah	ISV	
presidents-cup-america-2026	Senior Men -74kg	LOPEZ-ZACAPALA Fer	USA	
presidents-cup-america-2026	Senior Men -74kg	GIRAO Gabriel	USA	
presidents-cup-america-2026	Senior Men -74kg	LALOAN Sean Jaylen	HAI	
presidents-cup-america-2026	Senior Men -74kg	PONCE Gabriel	CHI	
presidents-cup-america-2026	Senior Men -74kg	RUIZ Angel Cristob	MEX	
presidents-cup-america-2026	Senior Men -74kg	RODRIGUES Diego	BRA	
presidents-cup-america-2026	Senior Men -74kg	GARCIA Juan Andres	COL	
presidents-cup-america-2026	Senior Men -74kg	PEREIRA Gabriel	BRA	
presidents-cup-america-2026	Senior Men -74kg	MORALES Ignacio	CHI	3
presidents-cup-america-2026	Senior Men -74kg	CERDA Natan	ARG	
presidents-cup-america-2026	Senior Men -74kg	RIBEIRO Nickollas	BRA	
presidents-cup-america-2026	Senior Men -74kg	TAM Ching Nam	HKG	
presidents-cup-america-2026	Senior Men -68kg	RODRIGUEZ Maikol	USA	1
presidents-cup-america-2026	Senior Men -68kg	WILCOX Sheldon	USA	
presidents-cup-america-2026	Senior Men -68kg	FERREIRA João Vito	BRA	
presidents-cup-america-2026	Senior Men -68kg	FREDRICKS Justin	USA	
presidents-cup-america-2026	Senior Men -68kg	GONZALES Julio Jos	PER	
presidents-cup-america-2026	Senior Men -68kg	PARK Braven	CAN	
presidents-cup-america-2026	Senior Men -68kg	SANDOVAL Renato Jo	PER	
presidents-cup-america-2026	Senior Men -68kg	PERRON Olivier	CAN	
presidents-cup-america-2026	Senior Men -68kg	LOPEZ Matias	URU	
presidents-cup-america-2026	Senior Men -68kg	ROMERO Ian	PAN	
presidents-cup-america-2026	Senior Men -68kg	SARDINHA Mateus	BRA	
presidents-cup-america-2026	Senior Men -68kg	TAPIA Vicente	CHI	
presidents-cup-america-2026	Senior Men -68kg	GOMEZ Leonardo	MEX	
presidents-cup-america-2026	Senior Men -68kg	HUAMANI Leandro	PER	
presidents-cup-america-2026	Senior Men -68kg	STANG Thiago Valen	ARG	
presidents-cup-america-2026	Senior Men -68kg	ALMEIDA Fillipe	BRA	3
presidents-cup-america-2026	Senior Men -68kg	HILAL Ali	CAN	
presidents-cup-america-2026	Senior Men -68kg	SOUZA João Victor	BRA	3
presidents-cup-america-2026	Senior Men -68kg	FORTIN Jacob	CAN	
presidents-cup-america-2026	Senior Men -68kg	CHAVEZ Matias	MEX	
presidents-cup-america-2026	Senior Men -68kg	PANOTES Jordan	USA	
presidents-cup-america-2026	Senior Men -68kg	SUAREZ Aaron Aleja	BRA	
presidents-cup-america-2026	Senior Men -68kg	FLORES Diego	CHI	
presidents-cup-america-2026	Senior Men -68kg	DE Luis	PUR	
presidents-cup-america-2026	Senior Men -68kg	GARRIDO Jhon Deivi	COL	
presidents-cup-america-2026	Senior Men -68kg	ACUÑA Jose Luis	ARG	2
presidents-cup-america-2026	Senior Men -68kg	CARRASQUILLO Gael	PUR	
presidents-cup-america-2026	Senior Men -68kg	VALDES David	MEX	
presidents-cup-america-2026	Senior Men -68kg	GOMEZ Daniel Felip	COL	
presidents-cup-america-2026	Senior Men -68kg	GOMES João Vitor	BRA	
presidents-cup-america-2026	Senior Men -68kg	DE Nicolas Emmanue	DOM	
presidents-cup-america-2026	Senior Men -68kg	HARRIS Khalfani	USA	
presidents-cup-america-2026	Senior Men -68kg	JUMANAN Marc-danie	USA	
presidents-cup-america-2026	Senior Men -68kg	PEDRAZA Jeshuath	VEN	
presidents-cup-america-2026	Senior Men -63kg	LIRA Victor August	BRA	
presidents-cup-america-2026	Senior Men -63kg	MATTHAUS Carlos	BRA	
presidents-cup-america-2026	Senior Men -63kg	ANDY Ming Pong	HKG	
presidents-cup-america-2026	Senior Men -63kg	SILVA Luis Paulo	BRA	
presidents-cup-america-2026	Senior Men -63kg	FLORES Arian	PER	
presidents-cup-america-2026	Senior Men -63kg	PEREZ Erik	USA	3
presidents-cup-america-2026	Senior Men -63kg	ALVES Gabriel Bera	BRA	
presidents-cup-america-2026	Senior Men -63kg	SILVA Alisson Cauã	BRA	
presidents-cup-america-2026	Senior Men -63kg	QUIÑÓNEZ Noah	DOM	
presidents-cup-america-2026	Senior Men -63kg	HERNANDEZ Bastian	CHI	
presidents-cup-america-2026	Senior Men -63kg	CAMPBELL Israel	PAN	
presidents-cup-america-2026	Senior Men -63kg	PEREIRA Gleidson G	BRA	
presidents-cup-america-2026	Senior Men -63kg	NAZARIO Edgardo	PUR	
presidents-cup-america-2026	Senior Men -63kg	GRANT Gavin	USA	
presidents-cup-america-2026	Senior Men -63kg	CORTES Carlos	MEX	
presidents-cup-america-2026	Senior Men -63kg	YEREMYAN Styopa	ARM	
presidents-cup-america-2026	Senior Men -63kg	FERREIRA Kauan	BRA	
presidents-cup-america-2026	Senior Men -63kg	MINER Nathen	USA	
presidents-cup-america-2026	Senior Men -63kg	MAICA Carlos	CHI	
presidents-cup-america-2026	Senior Men -63kg	CORONADO James	PAN	
presidents-cup-america-2026	Senior Men -63kg	RODRIGUEZ Joaquin	PER	
presidents-cup-america-2026	Senior Men -63kg	KIM Seung Ju	CAN	
presidents-cup-america-2026	Senior Men -63kg	YUPANQUI Fabian	PER	
presidents-cup-america-2026	Senior Men -63kg	PUMA Jose	PER	
presidents-cup-america-2026	Senior Men -63kg	HEFFELFINGER-GARCI	PUR	
presidents-cup-america-2026	Senior Men -63kg	RASHWAN Dawood	CAN	
presidents-cup-america-2026	Senior Men -63kg	GRANADO Yohandri	VEN	2
presidents-cup-america-2026	Senior Men -63kg	BARETTA Eduardo	BRA	
presidents-cup-america-2026	Senior Men -63kg	CHEBLI Zineddine	CAN	
presidents-cup-america-2026	Senior Men -63kg	CASTILLO Alejandro	PER	
presidents-cup-america-2026	Senior Men -63kg	CHAMORRO Isaac Ben	ARG	
presidents-cup-america-2026	Senior Men -63kg	CHUMBIRAY Jose Mig	PER	
presidents-cup-america-2026	Senior Men -63kg	RODRIGUEZ Alejandr	PER	
presidents-cup-america-2026	Senior Men -63kg	FUENZALIDA Pedro	CHI	
presidents-cup-america-2026	Senior Men -63kg	ROJAS Iker Josue	ECU	
presidents-cup-america-2026	Senior Men -63kg	FERREIRA Vitor	BRA	
presidents-cup-america-2026	Senior Men -63kg	TOLEDO Bruno Yuji	BRA	
presidents-cup-america-2026	Senior Men -63kg	CORTES Guillermo M	MEX	3
presidents-cup-america-2026	Senior Men -63kg	BOLAÑOS Benjamin	PER	
presidents-cup-america-2026	Senior Men -63kg	MOJICA Nathan Joab	WT	
presidents-cup-america-2026	Senior Men -63kg	ALLEN Chris	USA	
presidents-cup-america-2026	Senior Men -63kg	MILLAN David	MEX	1
presidents-cup-america-2026	Senior Men -63kg	SEIKE Matheus Ryui	BRA	
presidents-cup-america-2026	Senior Men -63kg	PEÑALBA Adrian	PAN	
presidents-cup-america-2026	Senior Men -63kg	RODRÍGUEZ Erick Ed	MEX	
presidents-cup-america-2026	Senior Men -63kg	ROSARIO Alejandro	DOM	
presidents-cup-america-2026	Senior Men -63kg	ROSS Julius Thomas	USA	
presidents-cup-america-2026	Senior Men -63kg	RAMOS Gabriel	BRA	
presidents-cup-america-2026	Senior Men -63kg	BARRETO Raymiguel	PER	
presidents-cup-america-2026	Senior Men -63kg	TORREJON Daniel	PER	
presidents-cup-america-2026	Senior Men -63kg	FRENKEL Eric	USA	
presidents-cup-america-2026	Senior Men -63kg	SILVA Pedro	BRA	
presidents-cup-america-2026	Senior Men -63kg	DOS Guilherme	BRA	
presidents-cup-america-2026	Senior Men -63kg	CHAN Kin Fung	HKG	
presidents-cup-america-2026	Senior Men -58kg	TORRES Daniel Esti	COL	
presidents-cup-america-2026	Senior Men -58kg	VASCONCELOS Yago	BRA	
presidents-cup-america-2026	Senior Men -58kg	RODRIGUES Marcio M	BRA	
presidents-cup-america-2026	Senior Men -58kg	LANCHEROS Herlhy	COL	
presidents-cup-america-2026	Senior Men -58kg	NUÑEZ Lautaro	ARG	
presidents-cup-america-2026	Senior Men -58kg	CHAN Hin Hang	HKG	
presidents-cup-america-2026	Senior Men -58kg	BANKS Robert	USA	
presidents-cup-america-2026	Senior Men -58kg	RODRIGUEZ Ilay	PUR	2
presidents-cup-america-2026	Senior Men -58kg	NORETTO Cole	USA	
presidents-cup-america-2026	Senior Men -58kg	QUINTAL Pedro	MEX	
presidents-cup-america-2026	Senior Men -58kg	LEE Colin	USA	
presidents-cup-america-2026	Senior Men -58kg	CHIOK Chun Yin	HKG	3
presidents-cup-america-2026	Senior Men -58kg	JEAN-BAPTISTE Greg	HAI	
presidents-cup-america-2026	Senior Men -58kg	MOREJON Julian Dav	ECU	
presidents-cup-america-2026	Senior Men -58kg	PASHNIN Mark	CAN	
presidents-cup-america-2026	Senior Men -58kg	RODRIGUEZ Cesar	MEX	
presidents-cup-america-2026	Senior Men -58kg	SARDINHA Pedro	BRA	
presidents-cup-america-2026	Senior Men -58kg	LOAYZA Hary Sebast	PER	
presidents-cup-america-2026	Senior Men -58kg	CABRERA Javier	PER	
presidents-cup-america-2026	Senior Men -58kg	ROJAS Damian	CHI	
presidents-cup-america-2026	Senior Men -58kg	MAZZANTI Adriano	ARG	
presidents-cup-america-2026	Senior Men -58kg	MAGAÑA Guillermo J	MEX	
presidents-cup-america-2026	Senior Men -58kg	BRINDAMOHAN Nithan	CAN	
presidents-cup-america-2026	Senior Men -58kg	MELO Paulo	BRA	
presidents-cup-america-2026	Senior Men -58kg	FONSECA Gabriel	BRA	
presidents-cup-america-2026	Senior Men -58kg	ESPINOLA Ignacio	ARG	
presidents-cup-america-2026	Senior Men -58kg	PEREIRA Daniel	BRA	
presidents-cup-america-2026	Senior Men -58kg	ABARCA Gerardo Joe	PER	
presidents-cup-america-2026	Senior Men -58kg	GONZALEZ Joiner	VEN	
presidents-cup-america-2026	Senior Men -58kg	DE Moises Eduardo	DOM	
presidents-cup-america-2026	Senior Men -58kg	RIVERO Aharon Mart	URU	
presidents-cup-america-2026	Senior Men -58kg	WEEKES Jeremi	PUR	
presidents-cup-america-2026	Senior Men -58kg	HERNÁNDEZ Steven	MEX	
presidents-cup-america-2026	Senior Men -58kg	VASCONCELOS Saulo	BRA	
presidents-cup-america-2026	Senior Men -58kg	HOEFLING Nicholas	CAN	1
presidents-cup-america-2026	Senior Men -58kg	PEREZ Zaid Yael	MEX	
presidents-cup-america-2026	Senior Men -58kg	LASSO Sebastian	PAN	
presidents-cup-america-2026	Senior Men -58kg	RIOS Agustin	CHI	3
presidents-cup-america-2026	Senior Men -58kg	CORREA Cristian Da	ARG	
presidents-cup-america-2026	Senior Men -58kg	PORTILLO Alexander	CAN	
presidents-cup-america-2026	Senior Men -58kg	SAABEDRA Trinidad	USA	
presidents-cup-america-2026	Senior Men -58kg	MC Dominique	WT	
presidents-cup-america-2026	Senior Men -58kg	DA Gabriel	BRA	
presidents-cup-america-2026	Senior Men -58kg	ARFA Mohamed	CAN	
presidents-cup-america-2026	Senior Men -58kg	GARRIDO Brayan	COL	
presidents-cup-america-2026	Senior Men -58kg	SILVA Wallex Andes	BRA	
presidents-cup-america-2026	Senior Men -58kg	SALIM Sharif Gerge	HUN	
presidents-cup-america-2026	Senior Men -54kg	DE Giovanni Aubin	BRA	
presidents-cup-america-2026	Senior Men -54kg	PASTOR Edgardo	PAN	
presidents-cup-america-2026	Senior Men -54kg	BERUBE Zachary	CAN	
presidents-cup-america-2026	Senior Men -54kg	NATIVIDADE Cesar A	BRA	
presidents-cup-america-2026	Senior Men -54kg	MARQUES Pablo Yuri	BRA	
presidents-cup-america-2026	Senior Men -54kg	MEDINA Alejandro	USA	
presidents-cup-america-2026	Senior Men -54kg	GONZALEZ-CAMPOS Lu	PUR	
presidents-cup-america-2026	Senior Men -54kg	CAEZ José G	PUR	
presidents-cup-america-2026	Senior Men -54kg	MORENO Franco Javi	PER	2
presidents-cup-america-2026	Senior Men -54kg	MIDENCE Derek Davi	HON	
presidents-cup-america-2026	Senior Men -54kg	VASQUEZ Gaston	CHI	
presidents-cup-america-2026	Senior Men -54kg	CHAVEZ Zaid Gabrie	MEX	3
presidents-cup-america-2026	Senior Men -54kg	IMBODEN Leonel	ARG	
presidents-cup-america-2026	Senior Men -54kg	MONARDEZ Benjamin	CHI	
presidents-cup-america-2026	Senior Men -54kg	GORY Ryan	USA	
presidents-cup-america-2026	Senior Men -54kg	ZECUA Carlos Mauri	MEX	
presidents-cup-america-2026	Senior Men -54kg	TANG Hin Lok	HKG	
presidents-cup-america-2026	Senior Men -54kg	MELO Saimon Jose	BRA	
presidents-cup-america-2026	Senior Men -54kg	CANETE Arian Natha	USA	
presidents-cup-america-2026	Senior Men -54kg	GUN Youngsuk Ethan	USA	1
presidents-cup-america-2026	Senior Men -54kg	COTA Roberto	MEX	
presidents-cup-america-2026	Senior Men -54kg	IGNACIO Michael	USA	
presidents-cup-america-2026	Senior Men -54kg	RAMOS Matias Benja	PER	
presidents-cup-america-2026	Senior Men -54kg	BONET Sebastian	ARG	
presidents-cup-america-2026	Senior Men -54kg	GILLIARD Matheus	BRA	
presidents-cup-america-2026	Senior Men -54kg	JURI Jeremias Andr	CHI	
presidents-cup-america-2026	Senior Men -54kg	RODRIGUES Leandro	BRA	
presidents-cup-america-2026	Senior Men -54kg	LUCIANO Joaquin Pa	USA	
presidents-cup-america-2026	Senior Men -54kg	AZEVEDO Klebenilso	BRA	
presidents-cup-america-2026	Senior Men -54kg	MARQUES Flavio	BRA	
presidents-cup-america-2026	Senior Men -54kg	RAMIREZ Daniel Jah	COL	
presidents-cup-america-2026	Senior Men -54kg	MENEZES André	BRA	
presidents-cup-america-2026	Senior Men -54kg	FIGUEROA Carlos	MEX	
presidents-cup-america-2026	Senior Men -54kg	MARTINE Ryan	HAI	
presidents-cup-america-2026	Senior Men -54kg	BERUBE Maxime	CAN	
presidents-cup-america-2026	Senior Men -54kg	VAZQUEZ Axel Danie	MEX	
presidents-cup-america-2026	Senior Men -54kg	CHAU Ngai Long	HKG	3
presidents-cup-america-2026	Senior Men +87kg	SINCLAIR Ronan	CAN	
presidents-cup-america-2026	Senior Men +87kg	HOLDER Chioke	BAR	
presidents-cup-america-2026	Senior Men +87kg	OCHOA Diego Rodrig	MEX	
presidents-cup-america-2026	Senior Men +87kg	ALVES Pedro Arthur	BRA	1
presidents-cup-america-2026	Senior Men +87kg	GOMEZ Lyan Gonzalo	ARG	
presidents-cup-america-2026	Senior Men +87kg	MARTINS Icaro Migu	BRA	3
presidents-cup-america-2026	Senior Men +87kg	SILVA Cesar Daniel	COL	
presidents-cup-america-2026	Senior Men +87kg	NASCIMENTO João Vi	BRA	
presidents-cup-america-2026	Senior Men +87kg	PEREIRA Patrik	BRA	
presidents-cup-america-2026	Senior Men +87kg	RUALES Santiago	COL	
presidents-cup-america-2026	Senior Men +87kg	STEWART Jordan	CAN	
presidents-cup-america-2026	Senior Men +87kg	SANSORES Carlos	MEX	2
presidents-cup-america-2026	Senior Men +87kg	NAZARENO Cesar	ECU	
presidents-cup-america-2026	Senior Men +87kg	TANSINI Pedro Henr	BRA	
presidents-cup-america-2026	Senior Men +87kg	COLON Sebastian Ki	PER	
presidents-cup-america-2026	Senior Men +87kg	CARLO Nicholas	USA	
presidents-cup-america-2026	Senior Men +87kg	LEBEL Aubert	CAN	
presidents-cup-america-2026	Senior Men +87kg	WEBB Julian	WT	
presidents-cup-america-2026	Senior Men +87kg	NIEVES Victor Manu	PUR	
presidents-cup-america-2026	Senior Men +87kg	SOTO Miguel Angel	MEX	
presidents-cup-america-2026	Senior Men +87kg	MACAGNAN Luiz Feli	BRA	
presidents-cup-america-2026	Senior Men +87kg	LARA Emmanuel	MEX	
presidents-cup-america-2026	Senior Men +87kg	HEALY Jonathan	USA	3
presidents-cup-america-2026	Senior Women -73kg	OLIVEIRA Mikaela	BRA	2
presidents-cup-america-2026	Senior Women -73kg	CHAN Leanna	USA	
presidents-cup-america-2026	Senior Women -73kg	PORTIGLIOTTI Livia	BRA	
presidents-cup-america-2026	Senior Women -73kg	PEZZO Giorgia	CAN	
presidents-cup-america-2026	Senior Women -73kg	TOLEDO Ludymilla	BRA	
presidents-cup-america-2026	Senior Women -73kg	CARTAGENA Mayra Ma	HON	
presidents-cup-america-2026	Senior Women -73kg	RIVAS Victoria	ARG	3
presidents-cup-america-2026	Senior Women -73kg	LEE Ava Soon	HAI	1
presidents-cup-america-2026	Senior Women -73kg	LEON Gabriela	MEX	
presidents-cup-america-2026	Senior Women -73kg	AGUIRRE Fernanda	CHI	
presidents-cup-america-2026	Senior Women -73kg	LEWIS Kylie	USA	
presidents-cup-america-2026	Senior Women -73kg	CHARRON Alexandra	CAN	
presidents-cup-america-2026	Senior Women -73kg	PAZ Kiara Nikol	COL	3
presidents-cup-america-2026	Senior Women -67kg	MACEDO Sandy	BRA	
presidents-cup-america-2026	Senior Women -67kg	MCGRADE Anna	USA	
presidents-cup-america-2026	Senior Women -67kg	SARMIENTO Natalia	MEX	3
presidents-cup-america-2026	Senior Women -67kg	VASQUEZ Eliana	PER	
presidents-cup-america-2026	Senior Women -67kg	RUIZ Brenda Anahi	ARG	
presidents-cup-america-2026	Senior Women -67kg	SOLTERO Leslie	MEX	
presidents-cup-america-2026	Senior Women -67kg	REILLY Megan	USA	
presidents-cup-america-2026	Senior Women -67kg	SILVA Ivana Elen	BRA	
presidents-cup-america-2026	Senior Women -67kg	CHUA Chloe	USA	1
presidents-cup-america-2026	Senior Women -67kg	ANDRIC Leonarda	CAN	3
presidents-cup-america-2026	Senior Women -67kg	GALLARDO Claudia	CHI	
presidents-cup-america-2026	Senior Women -67kg	MARTINIC Priscila	ARG	
presidents-cup-america-2026	Senior Women -67kg	RAMIREZ Laura	COL	
presidents-cup-america-2026	Senior Women -67kg	GNIEDZIEJKO Jessic	USA	
presidents-cup-america-2026	Senior Women -67kg	BEAULIEU Gabrielle	CAN	2
presidents-cup-america-2026	Senior Women -67kg	ALVAREZ Milagros L	URU	
presidents-cup-america-2026	Senior Women -67kg	TITONELI Milena	BRA	
presidents-cup-america-2026	Senior Women -62kg	SANTOS Caroline	BRA	3
presidents-cup-america-2026	Senior Women -62kg	RUIZ Arantxa	MEX	
presidents-cup-america-2026	Senior Women -62kg	MONJE Monserrat	CHI	
presidents-cup-america-2026	Senior Women -62kg	BREWSTER Ella	CAN	
presidents-cup-america-2026	Senior Women -62kg	ZAPATERO Valeria A	MEX	
presidents-cup-america-2026	Senior Women -62kg	MORALES Britney Li	CUB	
presidents-cup-america-2026	Senior Women -62kg	MORONES Eloïse	CAN	
presidents-cup-america-2026	Senior Women -62kg	RODRIGUEZ Karla Le	MEX	
presidents-cup-america-2026	Senior Women -62kg	STEIN Gabriele	BRA	
presidents-cup-america-2026	Senior Women -62kg	MONTANO Alisson	ESA	
presidents-cup-america-2026	Senior Women -62kg	DE Rafaella	BRA	
presidents-cup-america-2026	Senior Women -62kg	DE Isadora	BRA	
presidents-cup-america-2026	Senior Women -62kg	LEE Jessica Lynn	HAI	2
presidents-cup-america-2026	Senior Women -62kg	DEATON Danica	USA	
presidents-cup-america-2026	Senior Women -62kg	CARNEIRO Celydiene	BRA	
presidents-cup-america-2026	Senior Women -62kg	SCHARDOSIN Giovann	BRA	3
presidents-cup-america-2026	Senior Women -62kg	POIRE Aurelie	CAN	
presidents-cup-america-2026	Senior Women -62kg	LEITE Ana Carolina	BRA	
presidents-cup-america-2026	Senior Women -62kg	CHAVEZ Maria Ferna	MEX	
presidents-cup-america-2026	Senior Women -62kg	MALAGON Laura Nata	COL	
presidents-cup-america-2026	Senior Women -62kg	GREENWOOD Makayla	USA	
presidents-cup-america-2026	Senior Women -62kg	SANTERRE Frederiqu	CAN	
presidents-cup-america-2026	Senior Women -62kg	ISAAC Liz Mariana	COL	
presidents-cup-america-2026	Senior Women -62kg	MACEA Aleysha	ARU	
presidents-cup-america-2026	Senior Women -62kg	URBINA Camila	CHI	
presidents-cup-america-2026	Senior Women -62kg	FAZEKAS Isabella	USA	
presidents-cup-america-2026	Senior Women -62kg	MINA Mell	ECU	1
presidents-cup-america-2026	Senior Women -57kg	PACHECO Maria Clar	BRA	1
presidents-cup-america-2026	Senior Women -57kg	PLAZAS Lyda	CHI	
presidents-cup-america-2026	Senior Women -57kg	MILLER Montana	USA	
presidents-cup-america-2026	Senior Women -57kg	PEREZ Andrea	PAN	
presidents-cup-america-2026	Senior Women -57kg	DUARTE Chiara Agos	ARG	
presidents-cup-america-2026	Senior Women -57kg	RISSI Maria Eduard	BRA	
presidents-cup-america-2026	Senior Women -57kg	GOMEZ Valentina	COL	
presidents-cup-america-2026	Senior Women -57kg	CAPETILLO Carolina	MEX	
presidents-cup-america-2026	Senior Women -57kg	LOPES Giovanna Vit	BRA	
presidents-cup-america-2026	Senior Women -57kg	DELGADO Andrea	PUR	
presidents-cup-america-2026	Senior Women -57kg	CLEONARES Ana Paul	PER	
presidents-cup-america-2026	Senior Women -57kg	MEDINA Juliana	PUR	
presidents-cup-america-2026	Senior Women -57kg	BINIMELIS Dailyn P	CHI	3
presidents-cup-america-2026	Senior Women -57kg	DELGADO Valentina	MEX	
presidents-cup-america-2026	Senior Women -57kg	SALGADO Zaira Paul	MEX	
presidents-cup-america-2026	Senior Women -57kg	REYNAUD Nicole	PER	
presidents-cup-america-2026	Senior Women -57kg	SOTO Isuangelis	PUR	
presidents-cup-america-2026	Senior Women -57kg	AYALA Marely Loret	MEX	
presidents-cup-america-2026	Senior Women -57kg	LINDO Neshi Lee	WT	
presidents-cup-america-2026	Senior Women -57kg	DILLON Faith	USA	2
presidents-cup-america-2026	Senior Women -57kg	LORENZANA Larisa	ESA	
presidents-cup-america-2026	Senior Women -57kg	URETA Rocio	CHI	
presidents-cup-america-2026	Senior Women -57kg	GUEVARA Jazmin	CHI	
presidents-cup-america-2026	Senior Women -57kg	CORDOVA Lyneth	PER	
presidents-cup-america-2026	Senior Women -57kg	BROOKS Brenda	PAN	
presidents-cup-america-2026	Senior Women -57kg	JIMENEZ Regina	MEX	
presidents-cup-america-2026	Senior Women -57kg	BUSTOS Marianela	CHI	
presidents-cup-america-2026	Senior Women -57kg	DE Nariam	PUR	
presidents-cup-america-2026	Senior Women -57kg	VILLEGAS Fabiola G	MEX	
presidents-cup-america-2026	Senior Women -57kg	SEPULVEDA María Ju	ARG	
presidents-cup-america-2026	Senior Women -57kg	AHN Iana	USA	
presidents-cup-america-2026	Senior Women -57kg	NUNES Karolyne	BRA	
presidents-cup-america-2026	Senior Women -57kg	RICO Berenice	MEX	
presidents-cup-america-2026	Senior Women -57kg	SALDAÑA Angelyn Sm	COL	
presidents-cup-america-2026	Senior Women -57kg	MACHADO Lara	BRA	
presidents-cup-america-2026	Senior Women -57kg	CATTAROZZI Milena	ARG	
presidents-cup-america-2026	Senior Women -57kg	BORDA Sharol Shoma	PER	
presidents-cup-america-2026	Senior Women -57kg	PARK Skylar	CAN	3
presidents-cup-america-2026	Senior Women -53kg	BARROS Nivea	BRA	
presidents-cup-america-2026	Senior Women -53kg	SHUMSKY Sofia	USA	
presidents-cup-america-2026	Senior Women -53kg	CARPENTIER Vicky	CAN	
presidents-cup-america-2026	Senior Women -53kg	KHAN Laila	CAN	3
presidents-cup-america-2026	Senior Women -53kg	QUIÑONES Javiera	CHI	
presidents-cup-america-2026	Senior Women -53kg	MORONÈS Béatrice	CAN	
presidents-cup-america-2026	Senior Women -53kg	PRIETO Angie Natal	COL	
presidents-cup-america-2026	Senior Women -53kg	MENDEZ Karen Miche	COL	
presidents-cup-america-2026	Senior Women -53kg	LORENZO Renata Mer	MEX	
presidents-cup-america-2026	Senior Women -53kg	CHOI Ashley	USA	
presidents-cup-america-2026	Senior Women -53kg	MENDOZA Padme Abig	MEX	
presidents-cup-america-2026	Senior Women -53kg	CELORIO Vania Judi	MEX	
presidents-cup-america-2026	Senior Women -53kg	ALMEIDA Ana Clara	BRA	
presidents-cup-america-2026	Senior Women -53kg	CONTRERAS Renata	CHI	
presidents-cup-america-2026	Senior Women -53kg	PEDROZO Beatriz	BRA	1
presidents-cup-america-2026	Senior Women -53kg	DUMAS Mathilde	CAN	
presidents-cup-america-2026	Senior Women -53kg	DANIEL Melina	USA	
presidents-cup-america-2026	Senior Women -53kg	FERRERIRA Nadia	MEX	2
presidents-cup-america-2026	Senior Women -53kg	GOMEZ Isidora	CHI	
presidents-cup-america-2026	Senior Women -53kg	BEZERRA Camila	BRA	
presidents-cup-america-2026	Senior Women -53kg	OLIVEIRA Rayssa	BRA	
presidents-cup-america-2026	Senior Women -53kg	WEBER Logan	USA	
presidents-cup-america-2026	Senior Women -53kg	MONTAÑEZ Sofia	MEX	
presidents-cup-america-2026	Senior Women -53kg	ESPINOZA Danya Mic	MEX	
presidents-cup-america-2026	Senior Women -53kg	SANCHO Laura	WT	
presidents-cup-america-2026	Senior Women -53kg	TOSI Emily	CAN	
presidents-cup-america-2026	Senior Women -53kg	GARZON Marjorie Da	ECU	
presidents-cup-america-2026	Senior Women -53kg	SALCEDO Edileny	DOM	
presidents-cup-america-2026	Senior Women -53kg	BAEZ Sofia	PUR	
presidents-cup-america-2026	Senior Women -53kg	CABRERA Beira	PUR	
presidents-cup-america-2026	Senior Women -53kg	RICARD Maude	CAN	
presidents-cup-america-2026	Senior Women -53kg	ALMENDAREZ Ashley	HON	
presidents-cup-america-2026	Senior Women -53kg	ROSSI Larissa Nasc	BRA	3
presidents-cup-america-2026	Senior Women -49kg	GOSCH Camilly	BRA	1
presidents-cup-america-2026	Senior Women -49kg	SEGURA Amy	PER	
presidents-cup-america-2026	Senior Women -49kg	MARQUES Camila Mar	ARG	
presidents-cup-america-2026	Senior Women -49kg	OROZCO Angelique	CAN	
presidents-cup-america-2026	Senior Women -49kg	PEIXOTO Laura Beat	BRA	
presidents-cup-america-2026	Senior Women -49kg	CAMPUSANO Rosa Mar	DOM	
presidents-cup-america-2026	Senior Women -49kg	MONELL Alondra	PUR	
presidents-cup-america-2026	Senior Women -49kg	MATA Maya	USA	
presidents-cup-america-2026	Senior Women -49kg	SILVA Zelzin Virid	MEX	
presidents-cup-america-2026	Senior Women -49kg	DE Nicholle	BRA	
presidents-cup-america-2026	Senior Women -49kg	ZAMBRANO Andrea Ma	MEX	
presidents-cup-america-2026	Senior Women -49kg	GONZALEZ Diana Lau	MEX	
presidents-cup-america-2026	Senior Women -49kg	RAMIREZ Andrea	COL	3
presidents-cup-america-2026	Senior Women -49kg	SOUZA Daniela Paol	MEX	2
presidents-cup-america-2026	Senior Women -49kg	ASTAPENKA Alisa	CHI	
presidents-cup-america-2026	Senior Women -49kg	MENDEZ Barbara Reg	MEX	
presidents-cup-america-2026	Senior Women -49kg	DA Maria Luiza	BRA	
presidents-cup-america-2026	Senior Women -49kg	GRIPPOLI Maria Sar	URU	
presidents-cup-america-2026	Senior Women -49kg	YAMADA Trinity	USA	
presidents-cup-america-2026	Senior Women -49kg	SILVA Lis Danielle	BRA	
presidents-cup-america-2026	Senior Women -49kg	PETERSON Ceili	GUY	
presidents-cup-america-2026	Senior Women -49kg	AYVAZYAN Melanie G	ARM	
presidents-cup-america-2026	Senior Women -49kg	DOURADO Jhennifer	BRA	
presidents-cup-america-2026	Senior Women -49kg	KAFADAR Josipa	CAN	3
presidents-cup-america-2026	Senior Women -49kg	RODRIGUEZ Priscila	ARG	
presidents-cup-america-2026	Senior Women -49kg	GALLO Lucero Shecc	MEX	
presidents-cup-america-2026	Senior Women -49kg	ROMERO Jazleen	USA	
presidents-cup-america-2026	Senior Women -46kg	BASSETT Jaycee	WT	
presidents-cup-america-2026	Senior Women -46kg	GONÇALVES Anna	BRA	
presidents-cup-america-2026	Senior Women -46kg	MUÑOZ Darling	CHI	
presidents-cup-america-2026	Senior Women -46kg	PEREZ Jennyffer Al	MEX	
presidents-cup-america-2026	Senior Women -46kg	GOEBEL Crosby	USA	2
presidents-cup-america-2026	Senior Women -46kg	QUINTAL Ana Sayuri	MEX	
presidents-cup-america-2026	Senior Women -46kg	YUPANQUI Nayeli	PER	
presidents-cup-america-2026	Senior Women -46kg	ROSALES Gabriela	VEN	
presidents-cup-america-2026	Senior Women -46kg	ABARCA Cinthya A.	PER	
presidents-cup-america-2026	Senior Women -46kg	MUND Deeksha	USA	
presidents-cup-america-2026	Senior Women -46kg	PADILLA Samira	PER	
presidents-cup-america-2026	Senior Women -46kg	AZEVEDO Ariele Euc	BRA	
presidents-cup-america-2026	Senior Women -46kg	RAMIREZ Danna Isab	COL	3
presidents-cup-america-2026	Senior Women -46kg	ALERS Alannis Mich	PUR	
presidents-cup-america-2026	Senior Women -46kg	CALDERON Katherine	PER	
presidents-cup-america-2026	Senior Women -46kg	PADILLA Damaris Ai	PER	
presidents-cup-america-2026	Senior Women -46kg	SILVA Julia	BRA	1
presidents-cup-america-2026	Senior Women -46kg	SUAREZ Alessandra	PER	
presidents-cup-america-2026	Senior Women -46kg	NATTO Alexandra	JAM	
presidents-cup-america-2026	Senior Women -46kg	MARTINS Giovanna	BRA	
presidents-cup-america-2026	Senior Women -46kg	CUADROS Nicholle A	PER	
presidents-cup-america-2026	Senior Women -46kg	LARREYNAGA Marjori	ESA	
presidents-cup-america-2026	Senior Women -46kg	PEREIRA Emily Edua	BRA	
presidents-cup-america-2026	Senior Women -46kg	GOMEZ Nayeli	CHI	
presidents-cup-america-2026	Senior Women -46kg	MONARDEZ Agustina	CHI	
presidents-cup-america-2026	Senior Women -46kg	GONZALEZ Samantha	MEX	3
presidents-cup-america-2026	Senior Women -46kg	HERNANDEZ Fernanda	MEX	
presidents-cup-america-2026	Senior Women +73kg	ALADE Naomi	USA	1
presidents-cup-america-2026	Senior Women +73kg	LUKIC Maya	CAN	
presidents-cup-america-2026	Senior Women +73kg	WEEKES Crystal	PUR	
presidents-cup-america-2026	Senior Women +73kg	VASCONCELOS Elis	BRA	3
presidents-cup-america-2026	Senior Women +73kg	ROMAN Naishka	PUR	
presidents-cup-america-2026	Senior Women +73kg	PEREIRA Raiany	BRA	3
presidents-cup-america-2026	Senior Women +73kg	FRADL Maelynn Emil	ARU	
presidents-cup-america-2026	Senior Women +73kg	FUENTES Lisa Juani	ARG	
presidents-cup-america-2026	Senior Women +73kg	VIANA Alena	USA	2
presidents-cup-america-2026	Senior Women +73kg	GLORIA Mosquera	COL	
