kazakhstan-open-2026	Senior Men -54kg	YELALDI Kaan	TUR	1
kazakhstan-open-2026	Senior Men -54kg	KHUDAYBERDIEV Jakhongir	UZB	2
kazakhstan-open-2026	Senior Men -54kg	SHAPULATOV Bakhodir	KAZ	3
kazakhstan-open-2026	Senior Men -54kg	JENDOUBI Ayoub	TUN	3
kazakhstan-open-2026	Senior Men -54kg	ABUBAKIR Ali	KAZ	
kazakhstan-open-2026	Senior Men -54kg	ADELBAYEV Ramin	KAZ	
kazakhstan-open-2026	Senior Men -54kg	ANUARBEKULY Tungyshbay	KAZ	
kazakhstan-open-2026	Senior Men -54kg	ASHEN Yedige	KAZ	
kazakhstan-open-2026	Senior Men -54kg	BALAKHNEEV Dmitriy	RUS	
kazakhstan-open-2026	Senior Men -54kg	BELAVYI Mikita	BLR	
kazakhstan-open-2026	Senior Men -54kg	BEN YAGHLENE Ayoub	TUN	
kazakhstan-open-2026	Senior Men -54kg	ISMAIL Margulan	KAZ	
kazakhstan-open-2026	Senior Men -54kg	KAZLOU Aliaksandr	BLR	
kazakhstan-open-2026	Senior Men -54kg	LI Mikhail	UZB	
kazakhstan-open-2026	Senior Men -54kg	MIRZAKARIMOV Mirislom	KAZ	
kazakhstan-open-2026	Senior Men -54kg	MUSSAPIR Abylaikhan	KAZ	
kazakhstan-open-2026	Senior Men -54kg	MUTLAQ Suaod	KUW	
kazakhstan-open-2026	Senior Men -54kg	NURGAZY Alibek	KAZ	
kazakhstan-open-2026	Senior Men -54kg	ODILOV Yosinbek	UZB	
kazakhstan-open-2026	Senior Men -54kg	OTARGALI Magzhan	KAZ	
kazakhstan-open-2026	Senior Men -54kg	SAGYNDYK Nurassyl	KAZ	
kazakhstan-open-2026	Senior Men -54kg	SALIMOV Bekhruz	UZB	
kazakhstan-open-2026	Senior Men -54kg	SHAKIZAT Ansar	KAZ	
kazakhstan-open-2026	Senior Men -54kg	TOYINBEK Daniyar	KAZ	
kazakhstan-open-2026	Senior Men -54kg	TRABELSI Amen allah	TUN	
kazakhstan-open-2026	Senior Men -54kg	YELIBAI Rinat	KAZ	
kazakhstan-open-2026	Senior Men -54kg	YENSEPBAY Timur	KAZ	
kazakhstan-open-2026	Senior Men -54kg	ZHUMABAY Assylzhan	KAZ	
kazakhstan-open-2026	Senior Men -54kg	ZHYLYSBEKOV Aisultan	KAZ	
kazakhstan-open-2026	Senior Men -54kg	ZOGHLAMI Mohamed amine	TUN	
kazakhstan-open-2026	Senior Men -58kg	CAMOGLU Furkan ubeyde	TUR	1
kazakhstan-open-2026	Senior Men -58kg	ISLAMOV Zhavokhirkhon	KAZ	2
kazakhstan-open-2026	Senior Men -58kg	KAPLAN Enes	TUR	3
kazakhstan-open-2026	Senior Men -58kg	SAMANDAROV Asadbek	UZB	3
kazakhstan-open-2026	Senior Men -58kg	ABDUJABBOROV Umarali	UZB	
kazakhstan-open-2026	Senior Men -58kg	ALHUNAIF Khaled	KUW	
kazakhstan-open-2026	Senior Men -58kg	AMANGELDIYEV Almaz	KAZ	
kazakhstan-open-2026	Senior Men -58kg	ASYMBEK UULU Alisher	KGZ	
kazakhstan-open-2026	Senior Men -58kg	BADEM Yusuf	TUR	
kazakhstan-open-2026	Senior Men -58kg	BROSTOVSKIY Konstantin	UZB	
kazakhstan-open-2026	Senior Men -58kg	BUREHMA Ali	KUW	
kazakhstan-open-2026	Senior Men -58kg	GRIGORYAN Davit	ARM	
kazakhstan-open-2026	Senior Men -58kg	ISMAIL Sanzhar	KAZ	
kazakhstan-open-2026	Senior Men -58kg	ISSAMEDIN Bauyrzhan	KAZ	
kazakhstan-open-2026	Senior Men -58kg	KAIYRGAZY Mansur	KAZ	
kazakhstan-open-2026	Senior Men -58kg	KLUCHEV Asadbek	KAZ	
kazakhstan-open-2026	Senior Men -58kg	KURU Alihan	TUR	
kazakhstan-open-2026	Senior Men -58kg	MAGOMEDOV Kurbanmagomed	RUS	
kazakhstan-open-2026	Senior Men -58kg	MAKAS Maksim	BLR	
kazakhstan-open-2026	Senior Men -58kg	MANSUROV Kamronbek	UZB	
kazakhstan-open-2026	Senior Men -58kg	MARATULY Margulan	KAZ	
kazakhstan-open-2026	Senior Men -58kg	MAROZ Uladzimir	BLR	
kazakhstan-open-2026	Senior Men -58kg	MUNKHBAYAR Enkhdul	MGL	
kazakhstan-open-2026	Senior Men -58kg	NASIRAHMADI Amirmohammad	IRI	
kazakhstan-open-2026	Senior Men -58kg	NIKITSIN Pavel	BLR	
kazakhstan-open-2026	Senior Men -58kg	RAKHAT Zhaksylyk	KAZ	
kazakhstan-open-2026	Senior Men -58kg	SALMI Adem	TUN	
kazakhstan-open-2026	Senior Men -58kg	SERIKOV Islam	KAZ	
kazakhstan-open-2026	Senior Men -58kg	YENSEGENOV Yerkebulan	KAZ	
kazakhstan-open-2026	Senior Men -63kg	PARK Tae-joon	KOR	1
kazakhstan-open-2026	Senior Men -63kg	NAZAROV Nazarali	UZB	2
kazakhstan-open-2026	Senior Men -63kg	BANDAREVICH Maksim	BLR	3
kazakhstan-open-2026	Senior Men -63kg	OSIN Maksim	RUS	3
kazakhstan-open-2026	Senior Men -63kg	ABILKASSYM Abdulla	KAZ	
kazakhstan-open-2026	Senior Men -63kg	AKBI Alisher	KAZ	
kazakhstan-open-2026	Senior Men -63kg	ALIMZHANOV Zharas	KAZ	
kazakhstan-open-2026	Senior Men -63kg	ALTYBAEV Aidin	KGZ	
kazakhstan-open-2026	Senior Men -63kg	ALZUWAIN ALMHEIRI Abdelaziz	UAE	
kazakhstan-open-2026	Senior Men -63kg	AYDOGAN Hamza osman	TUR	
kazakhstan-open-2026	Senior Men -63kg	BAKYTZHANULY Bekzhan	KAZ	
kazakhstan-open-2026	Senior Men -63kg	BESAEV Azat	RUS	
kazakhstan-open-2026	Senior Men -63kg	BITSUEV Kantemir	RUS	
kazakhstan-open-2026	Senior Men -63kg	DOLGIYEV Akramat	KAZ	
kazakhstan-open-2026	Senior Men -63kg	GAZIEV Gamzat	RUS	
kazakhstan-open-2026	Senior Men -63kg	GURTSIEV Georgii	BLR	
kazakhstan-open-2026	Senior Men -63kg	ISRAILOV Zhassurbek	KAZ	
kazakhstan-open-2026	Senior Men -63kg	KAN Danil	KAZ	
kazakhstan-open-2026	Senior Men -63kg	KERIMBAY Madiyar	KAZ	
kazakhstan-open-2026	Senior Men -63kg	KHASSAN Yerbolat	KAZ	
kazakhstan-open-2026	Senior Men -63kg	KOBYLINSKI Bartosz	POL	
kazakhstan-open-2026	Senior Men -63kg	MAGOMEDOV Gashim	AZE	
kazakhstan-open-2026	Senior Men -63kg	MAGOMEDOV Magomedgadzhi	RUS	
kazakhstan-open-2026	Senior Men -63kg	MAGOMEDOV Shamil	RUS	
kazakhstan-open-2026	Senior Men -63kg	MAKHMUT Muhammedali	KAZ	
kazakhstan-open-2026	Senior Men -63kg	MAKHMUT Nurali	KAZ	
kazakhstan-open-2026	Senior Men -63kg	MERGANBAY Abylaikhan	KAZ	
kazakhstan-open-2026	Senior Men -63kg	OTAJONOV Omonjon	UZB	
kazakhstan-open-2026	Senior Men -63kg	OTEGEN Askar	KAZ	
kazakhstan-open-2026	Senior Men -63kg	RAHMANI AZIZI Taha	IRI	
kazakhstan-open-2026	Senior Men -63kg	RAJAPBAEV Jamshid	UZB	
kazakhstan-open-2026	Senior Men -63kg	RAKHYMBEK Rauan	KAZ	
kazakhstan-open-2026	Senior Men -63kg	SHRAMUK Uladzimir	BLR	
kazakhstan-open-2026	Senior Men -63kg	SHVED Yauheni	BLR	
kazakhstan-open-2026	Senior Men -63kg	TASHPULATOV Sultonbek	UZB	
kazakhstan-open-2026	Senior Men -63kg	TAZHIBAYEV Akzhol	KAZ	
kazakhstan-open-2026	Senior Men -63kg	TLEULES Tamirlan	KAZ	
kazakhstan-open-2026	Senior Men -63kg	YELEMESSOV Medet	KAZ	
kazakhstan-open-2026	Senior Men -68kg	ABABAKIROV Samirkhon	KAZ	1
kazakhstan-open-2026	Senior Men -68kg	BOUJEMAI Fares	TUN	2
kazakhstan-open-2026	Senior Men -68kg	BAGOV Idar	RUS	3
kazakhstan-open-2026	Senior Men -68kg	JENDOUBI Mohamed khalil	TUN	3
kazakhstan-open-2026	Senior Men -68kg	ABDULKADYROV Magomedrasul	RUS	
kazakhstan-open-2026	Senior Men -68kg	ADILKHANOV Zhasulan	KAZ	
kazakhstan-open-2026	Senior Men -68kg	BEGIMBETOV Amanbol	KAZ	
kazakhstan-open-2026	Senior Men -68kg	BIRIMBAY Eldar	KAZ	
kazakhstan-open-2026	Senior Men -68kg	BOLATULY Beket	KAZ	
kazakhstan-open-2026	Senior Men -68kg	DANILOV Ilia	RUS	
kazakhstan-open-2026	Senior Men -68kg	DAYIOGLU Omer faruk	TUR	
kazakhstan-open-2026	Senior Men -68kg	DEINICHENKO Aleksandr	RUS	
kazakhstan-open-2026	Senior Men -68kg	GANTULGA Enkhbayar	MGL	
kazakhstan-open-2026	Senior Men -68kg	GAZEZ Nurbek	KAZ	
kazakhstan-open-2026	Senior Men -68kg	GURBANOV Marat	RUS	
kazakhstan-open-2026	Senior Men -68kg	HROMAU Uladzislau	BLR	
kazakhstan-open-2026	Senior Men -68kg	KASSANOV Izyat	KAZ	
kazakhstan-open-2026	Senior Men -68kg	KURBANOV Shamsiddin	UZB	
kazakhstan-open-2026	Senior Men -68kg	MIATLITSKI Matsvei	BLR	
kazakhstan-open-2026	Senior Men -68kg	MIRAMBEKULY Meiirzhan	KAZ	
kazakhstan-open-2026	Senior Men -68kg	NABIEV Ayyubkhon	UZB	
kazakhstan-open-2026	Senior Men -68kg	NURDAULET Temirbay	KAZ	
kazakhstan-open-2026	Senior Men -68kg	ORALKHANOV Bektore	KAZ	
kazakhstan-open-2026	Senior Men -68kg	ORYNBEK Sultanbek	KAZ	
kazakhstan-open-2026	Senior Men -68kg	RECBER Hakan	TUR	
kazakhstan-open-2026	Senior Men -68kg	RUSTAMOV Kozimjon	UZB	
kazakhstan-open-2026	Senior Men -68kg	SERIKBAEV Jakhangir	UZB	
kazakhstan-open-2026	Senior Men -68kg	SHAUROU Uladzislau	BLR	
kazakhstan-open-2026	Senior Men -68kg	TASMURAT Beibarys	KAZ	
kazakhstan-open-2026	Senior Men -68kg	TSOY Artur	KAZ	
kazakhstan-open-2026	Senior Men -68kg	YERMENTAYEV Arslan	KAZ	
kazakhstan-open-2026	Senior Men -74kg	KALHOR Reza	IRI	1
kazakhstan-open-2026	Senior Men -74kg	ABDUSALAMOV Magomed	RUS	2
kazakhstan-open-2026	Senior Men -74kg	ERER Berkay	TUR	3
kazakhstan-open-2026	Senior Men -74kg	POLAT Mehmet kani	TUR	3
kazakhstan-open-2026	Senior Men -74kg	ABILKASSYM Akhmetkhan	KAZ	
kazakhstan-open-2026	Senior Men -74kg	AZATULY Nurdaulet	KAZ	
kazakhstan-open-2026	Senior Men -74kg	BABAKHIN Artsiom	BLR	
kazakhstan-open-2026	Senior Men -74kg	BAKYTZHANULY Bekarys	KAZ	
kazakhstan-open-2026	Senior Men -74kg	BOZORGISHOOB Danial	IRI	
kazakhstan-open-2026	Senior Men -74kg	DABYSSOV Ali	KAZ	
kazakhstan-open-2026	Senior Men -74kg	GALIYEV Alisher	KAZ	
kazakhstan-open-2026	Senior Men -74kg	GUERMITI Badreeddine	TUN	
kazakhstan-open-2026	Senior Men -74kg	KAIRGALIYEV Ali	KAZ	
kazakhstan-open-2026	Senior Men -74kg	KAMIT Manir	KAZ	
kazakhstan-open-2026	Senior Men -74kg	KORPE Omer furkan	TUR	
kazakhstan-open-2026	Senior Men -74kg	KOSIMKHOJIEV Najmiddin	UZB	
kazakhstan-open-2026	Senior Men -74kg	KRAJEWSKI Kacper	POL	
kazakhstan-open-2026	Senior Men -74kg	MAGOMEDOV Magomed	RUS	
kazakhstan-open-2026	Senior Men -74kg	MUKHAMETKARYMOV Anuar	KAZ	
kazakhstan-open-2026	Senior Men -74kg	MUZAFFAROV Mironshokhmirzo	UZB	
kazakhstan-open-2026	Senior Men -74kg	ORYNBASSAR Maksat	KAZ	
kazakhstan-open-2026	Senior Men -74kg	ORYNBASSAR Yerassyl	KAZ	
kazakhstan-open-2026	Senior Men -74kg	ORYNGALI Daulet	KAZ	
kazakhstan-open-2026	Senior Men -74kg	PANASENKOV Kirill	RUS	
kazakhstan-open-2026	Senior Men -74kg	RAJABOV Islombek	UZB	
kazakhstan-open-2026	Senior Men -74kg	RAKHIMOLLIYEV Daulet	KAZ	
kazakhstan-open-2026	Senior Men -74kg	RAMAZANOV Khanmagomed	RUS	
kazakhstan-open-2026	Senior Men -74kg	SALIMOV Vasif	AZE	
kazakhstan-open-2026	Senior Men -74kg	SHAMAKHAN Mustafa	KAZ	
kazakhstan-open-2026	Senior Men -74kg	TALIPOV Rasul	KAZ	
kazakhstan-open-2026	Senior Men -74kg	TUKHLIBOEV Diyorbek	UZB	
kazakhstan-open-2026	Senior Men -74kg	YERMEKBAY Alibek	KAZ	
kazakhstan-open-2026	Senior Men -74kg	YUN Mir	KOR	
kazakhstan-open-2026	Senior Men -74kg	ZHOLMURAT Alisher	KAZ	
kazakhstan-open-2026	Senior Men -74kg	ZIDI Khaled	CAN	
kazakhstan-open-2026	Senior Men -80kg	TURAVINAU Raman	BLR	1
kazakhstan-open-2026	Senior Men -80kg	JAYSUNOV Jasurbek	UZB	2
kazakhstan-open-2026	Senior Men -80kg	GANIYEV Mergen	KAZ	3
kazakhstan-open-2026	Senior Men -80kg	KILIC Yigithan	TUR	3
kazakhstan-open-2026	Senior Men -80kg	AGHAYEV Javad	AZE	
kazakhstan-open-2026	Senior Men -80kg	ALIYEV Eljan	AZE	
kazakhstan-open-2026	Senior Men -80kg	BEKASSYL Yergesh	KAZ	
kazakhstan-open-2026	Senior Men -80kg	HAMEDI Tareg ali m	KSA	
kazakhstan-open-2026	Senior Men -80kg	KUSSETOV Batyrkhan	KAZ	
kazakhstan-open-2026	Senior Men -80kg	MARIPOV Abdurakhmon	KAZ	
kazakhstan-open-2026	Senior Men -80kg	OMAROV Magomedrasul	RUS	
kazakhstan-open-2026	Senior Men -80kg	OMIRBEKOV Altair	KAZ	
kazakhstan-open-2026	Senior Men -80kg	SONG Haram	KOR	
kazakhstan-open-2026	Senior Men -80kg	YILDIZ Muhammed emin	TUR	
kazakhstan-open-2026	Senior Men -87kg	TOLEUGALI Batyrkhan	KAZ	1
kazakhstan-open-2026	Senior Men -87kg	KATOUSI Firas	TUN	2
kazakhstan-open-2026	Senior Men -87kg	KOZHAKHMET Nurkanat	KAZ	3
kazakhstan-open-2026	Senior Men -87kg	KAMINSKII Vsevolod	RUS	3
kazakhstan-open-2026	Senior Men -87kg	BICER Enbiya taha	TUR	
kazakhstan-open-2026	Senior Men -87kg	BUDIN Vladislav	RUS	
kazakhstan-open-2026	Senior Men -87kg	ISMAIL Abdelazim	KAZ	
kazakhstan-open-2026	Senior Men -87kg	KARIMBOEV Shokhjakhon	UZB	
kazakhstan-open-2026	Senior Men -87kg	KONAK Ilhan	TUR	
kazakhstan-open-2026	Senior Men -87kg	MYRZABAYEV Nurlan	KAZ	
kazakhstan-open-2026	Senior Men -87kg	TORSHAYEV Ramazan	KAZ	
kazakhstan-open-2026	Senior Men -87kg	YURKOU Daniil	BLR	
kazakhstan-open-2026	Senior Men -87kg	ZHURABOEV Yodgorbek	UZB	
kazakhstan-open-2026	Senior Men +87kg	KABLAN Beibarys	KAZ	1
kazakhstan-open-2026	Senior Men +87kg	MAVLONOV Marat	UZB	2
kazakhstan-open-2026	Senior Men +87kg	PLONIS Artsiom	BLR	3
kazakhstan-open-2026	Senior Men +87kg	DEMIRCIOGLU Huseyin berat	TUR	3
kazakhstan-open-2026	Senior Men +87kg	BAT-ERDENE Belgutei	MGL	
kazakhstan-open-2026	Senior Men +87kg	GAFAROV Eltaj	AZE	
kazakhstan-open-2026	Senior Men +87kg	IFAOUI Motaz	TUN	
kazakhstan-open-2026	Senior Men +87kg	KHASSENOV Bauyrzhan	KAZ	
kazakhstan-open-2026	Senior Men +87kg	KRIUCHKOV Nikta	RUS	
kazakhstan-open-2026	Senior Men +87kg	MYRZAKHMET Sanzhar	KAZ	
kazakhstan-open-2026	Senior Men +87kg	NURGAZIN Meiir	KAZ	
kazakhstan-open-2026	Senior Men +87kg	NURGAZY Bekarys	KAZ	
kazakhstan-open-2026	Senior Men +87kg	SERIK Zharkyn	KAZ	
kazakhstan-open-2026	Senior Men +87kg	SHODMONOV Khudoynazar	UZB	
kazakhstan-open-2026	Senior Men +87kg	TARCHYLA Aliaksei	BLR	
kazakhstan-open-2026	Senior Women -46kg	AKBAROVA Minaya	AZE	1
kazakhstan-open-2026	Senior Women -46kg	VALINEZHAD Hasti	IRI	2
kazakhstan-open-2026	Senior Women -46kg	GURBUZ Zehra	TUR	3
kazakhstan-open-2026	Senior Women -46kg	KESGIN Tuvanna nazli	TUR	3
kazakhstan-open-2026	Senior Women -46kg	IZTELEUOVA Hadiya	KAZ	
kazakhstan-open-2026	Senior Women -46kg	KASSYMZHAN Danira	KAZ	
kazakhstan-open-2026	Senior Women -46kg	KHEDHIRI Israa	TUN	
kazakhstan-open-2026	Senior Women -46kg	MIRBEKOVA Albina	KGZ	
kazakhstan-open-2026	Senior Women -46kg	OMIRZAK Togzhan	KAZ	
kazakhstan-open-2026	Senior Women -46kg	OTARGALI Zere	KAZ	
kazakhstan-open-2026	Senior Women -46kg	PUGANTSOVA Yarina	KAZ	
kazakhstan-open-2026	Senior Women -46kg	YUSSUPBAYEVA Diana	KAZ	
kazakhstan-open-2026	Senior Women -46kg	ZHARKYNBAY KYZY Gulnur	KGZ	
kazakhstan-open-2026	Senior Women -46kg	ZHELEU Akbota	KAZ	
kazakhstan-open-2026	Senior Women -49kg	GOGEBAKAN Emine	TUR	1
kazakhstan-open-2026	Senior Women -49kg	BAUYRZHANOVA Nuray	KAZ	2
kazakhstan-open-2026	Senior Women -49kg	MEDVEDEVA Galina	RUS	3
kazakhstan-open-2026	Senior Women -49kg	BAKISHEVA Rita	KAZ	3
kazakhstan-open-2026	Senior Women -49kg	AKGUL Elif sude	TUR	
kazakhstan-open-2026	Senior Women -49kg	BAHODIROVA Mushtariybonu	UZB	
kazakhstan-open-2026	Senior Women -49kg	BAT-ERDENE Uchral	MGL	
kazakhstan-open-2026	Senior Women -49kg	BIMETOVA Rukhshona	KAZ	
kazakhstan-open-2026	Senior Women -49kg	GODARZI Rozhan	IRI	
kazakhstan-open-2026	Senior Women -49kg	KAIBULLA Gulnaz	KAZ	
kazakhstan-open-2026	Senior Women -49kg	KUMARTAYEVA Aidana	KAZ	
kazakhstan-open-2026	Senior Women -49kg	NAZAROVA Symbat	KAZ	
kazakhstan-open-2026	Senior Women -49kg	PLAKHIKH Varvara	BLR	
kazakhstan-open-2026	Senior Women -49kg	ROGOZINA Irina	RUS	
kazakhstan-open-2026	Senior Women -49kg	SHERALIEVA Raziia	KGZ	
kazakhstan-open-2026	Senior Women -49kg	SHONIYOZOVA Madina	UZB	
kazakhstan-open-2026	Senior Women -49kg	STRUNETS Maryia	BLR	
kazakhstan-open-2026	Senior Women -49kg	TASKIN Zeynep	TUR	
kazakhstan-open-2026	Senior Women -49kg	TSE Sum yi	HKG	
kazakhstan-open-2026	Senior Women -49kg	ZHAMALBEKOVA Kuralay	KAZ	
kazakhstan-open-2026	Senior Women -49kg	ZHANDILDINOVA Adel	KAZ	
kazakhstan-open-2026	Senior Women -49kg	ZHUMABEK Nuraiym	KAZ	
kazakhstan-open-2026	Senior Women -53kg	KHASANOVA Laylo	UZB	1
kazakhstan-open-2026	Senior Women -53kg	AKHMEDOVA Nodira	KAZ	2
kazakhstan-open-2026	Senior Women -53kg	ABDIKADYR Aruzhan	KAZ	3
kazakhstan-open-2026	Senior Women -53kg	BEN AOUN Ouhoud	TUN	3
kazakhstan-open-2026	Senior Women -53kg	ABDULLAH Azeen yousef m	KSA	
kazakhstan-open-2026	Senior Women -53kg	BALMAKHANBET Aruna	KAZ	
kazakhstan-open-2026	Senior Women -53kg	BATTOGTOKH Tsengelbayar	MGL	
kazakhstan-open-2026	Senior Women -53kg	BATTSEREN Munkhjin	MGL	
kazakhstan-open-2026	Senior Women -53kg	BAUYRZHANOVA Ayana	KAZ	
kazakhstan-open-2026	Senior Women -53kg	DHAHRI Ikram	TUN	
kazakhstan-open-2026	Senior Women -53kg	GUSEINOVA Aziza	RUS	
kazakhstan-open-2026	Senior Women -53kg	IDRISSOVA Tomiris	KAZ	
kazakhstan-open-2026	Senior Women -53kg	KASYMOVA Sabina	KAZ	
kazakhstan-open-2026	Senior Women -53kg	KHAN Sofiya	UZB	
kazakhstan-open-2026	Senior Women -53kg	RAFAEL Marzhan	KAZ	
kazakhstan-open-2026	Senior Women -53kg	SAPARALIYEVA Ayaulym	KAZ	
kazakhstan-open-2026	Senior Women -53kg	SHERALY Tangsulu	KAZ	
kazakhstan-open-2026	Senior Women -57kg	ILGUN Hatice kubra	TUR	1
kazakhstan-open-2026	Senior Women -57kg	VITKO Yuliya	BLR	2
kazakhstan-open-2026	Senior Women -57kg	ZDOR Kseniia	RUS	3
kazakhstan-open-2026	Senior Women -57kg	KAZNABEK Togzhan	KAZ	3
kazakhstan-open-2026	Senior Women -57kg	ABDUVALIEVA Shabona	UZB	
kazakhstan-open-2026	Senior Women -57kg	BOLATBEK Inkar	KAZ	
kazakhstan-open-2026	Senior Women -57kg	CHAN Yeuk yu	HKG	
kazakhstan-open-2026	Senior Women -57kg	DERBES Meruert	KAZ	
kazakhstan-open-2026	Senior Women -57kg	DILER Ruya	TUR	
kazakhstan-open-2026	Senior Women -57kg	ISSINA Zhazira	KAZ	
kazakhstan-open-2026	Senior Women -57kg	IZMIR Hayrunnisa	TUR	
kazakhstan-open-2026	Senior Women -57kg	KAMALOVA Aminakhon	UZB	
kazakhstan-open-2026	Senior Women -57kg	KORGAN Bakytnur	KAZ	
kazakhstan-open-2026	Senior Women -57kg	MIRABZALOVA Madina	UZB	
kazakhstan-open-2026	Senior Women -57kg	SABIR Aidana	KAZ	
kazakhstan-open-2026	Senior Women -57kg	SAROKINA Uladzislava	BLR	
kazakhstan-open-2026	Senior Women -57kg	SEVOSTYANOVA Mariya	KAZ	
kazakhstan-open-2026	Senior Women -57kg	SHOROKHOVA Ekaterina	RUS	
kazakhstan-open-2026	Senior Women -57kg	SOUFI MARIV Rozhan	IRI	
kazakhstan-open-2026	Senior Women -57kg	SUNDETBAY Aidana	KAZ	
kazakhstan-open-2026	Senior Women -62kg	WAFA Masghouni	TUN	1
kazakhstan-open-2026	Senior Women -62kg	BLIZNIAKOVA Margarita	RUS	2
kazakhstan-open-2026	Senior Women -62kg	YIGITALP Hatice pinar	TUR	3
kazakhstan-open-2026	Senior Women -62kg	ADILBEKKYZY Aisha	KAZ	3
kazakhstan-open-2026	Senior Women -62kg	AIMUKASHEVA Kamila	KAZ	
kazakhstan-open-2026	Senior Women -62kg	ASKAR Ayaulym	KAZ	
kazakhstan-open-2026	Senior Women -62kg	AZIZOVA Diyorakhon	UZB	
kazakhstan-open-2026	Senior Women -62kg	BADMAEVA Dayana	RUS	
kazakhstan-open-2026	Senior Women -62kg	BAIMENOVA Akerke	KAZ	
kazakhstan-open-2026	Senior Women -62kg	GAFUROVA Shakzoda	KAZ	
kazakhstan-open-2026	Senior Women -62kg	GOGEBAKAN Huru gokce	TUR	
kazakhstan-open-2026	Senior Women -62kg	KAZNABEK Nuray	KAZ	
kazakhstan-open-2026	Senior Women -62kg	KHAYITOVA Sevinch	UZB	
kazakhstan-open-2026	Senior Women -62kg	LAW Sin yi	HKG	
kazakhstan-open-2026	Senior Women -62kg	LEE Eunmi	KOR	
kazakhstan-open-2026	Senior Women -62kg	PATRATII Alesia	KGZ	
kazakhstan-open-2026	Senior Women -62kg	SMIRNOVA Anastasiya	BLR	
kazakhstan-open-2026	Senior Women -62kg	SMYCHKOVA Valeryia	BLR	
kazakhstan-open-2026	Senior Women -62kg	TOUMI Chaima	TUN	
kazakhstan-open-2026	Senior Women -62kg	UKTAMJONOVA Mohidil	UZB	
kazakhstan-open-2026	Senior Women -67kg	SOBIRJONOVA Ozoda	UZB	1
kazakhstan-open-2026	Senior Women -67kg	SKVORTSOVA Kira	RUS	2
kazakhstan-open-2026	Senior Women -67kg	ZAFER Isil	TUR	3
kazakhstan-open-2026	Senior Women -67kg	MOTLOKH Sofiia	RUS	3
kazakhstan-open-2026	Senior Women -67kg	KOLBAYEVA Bexulu	KAZ	
kazakhstan-open-2026	Senior Women -67kg	KURMANOVA Adelya	KAZ	
kazakhstan-open-2026	Senior Women -67kg	MEDOUNI Zina	TUN	
kazakhstan-open-2026	Senior Women -67kg	NAIMANBAYEVA Aruzhan	KAZ	
kazakhstan-open-2026	Senior Women -67kg	NAVITSKAIA Darya	BLR	
kazakhstan-open-2026	Senior Women -67kg	PROKOPCHUK Veronika	KAZ	
kazakhstan-open-2026	Senior Women -67kg	SAPARKHAN Ayazhan	KAZ	
kazakhstan-open-2026	Senior Women -67kg	TAUKENOVA Aida	KAZ	
kazakhstan-open-2026	Senior Women -67kg	TURLIBEKOVA Jasmina	UZB	
kazakhstan-open-2026	Senior Women -67kg	ZIABLITCEVA Anna	RUS	
kazakhstan-open-2026	Senior Women -73kg	UZUNCAVDAR Sude yaren	TUR	1
kazakhstan-open-2026	Senior Women -73kg	CETINEL Ceren	TUR	2
kazakhstan-open-2026	Senior Women -73kg	SKAPROVSKA Valeriia	RUS	3
kazakhstan-open-2026	Senior Women -73kg	KAREPOVA Irina	RUS	3
kazakhstan-open-2026	Senior Women -73kg	ERNAZAROVA Feruza	UZB	
kazakhstan-open-2026	Senior Women -73kg	KENGESBEK Nurly	KAZ	
kazakhstan-open-2026	Senior Women -73kg	MAKHMUTOVA Nazym	KAZ	
kazakhstan-open-2026	Senior Women -73kg	OMAROVA Sabina	RUS	
kazakhstan-open-2026	Senior Women -73kg	SABER Dunya bushuaib a	KSA	
kazakhstan-open-2026	Senior Women -73kg	TURAROVA Nurriza	KAZ	
kazakhstan-open-2026	Senior Women -73kg	YARASHUK Darya	BLR	
kazakhstan-open-2026	Senior Women -73kg	ZHUMAN Zhanerke	KAZ	
kazakhstan-open-2026	Senior Women +73kg	KAVUKCUOGLU Zehra begum	TUR	1
kazakhstan-open-2026	Senior Women +73kg	ADEBAIO Kristina	RUS	2
kazakhstan-open-2026	Senior Women +73kg	MUSLIMOVA Linara	RUS	3
kazakhstan-open-2026	Senior Women +73kg	KUS AYDIN Nafia	TUR	3
kazakhstan-open-2026	Senior Women +73kg	BAIDAULETOVA Adelina	KAZ	
kazakhstan-open-2026	Senior Women +73kg	MIKHALCHUK Palina	BLR	
kazakhstan-open-2026	Senior Women +73kg	MIRTADJIEVA Iroda	UZB	
kazakhstan-open-2026	Senior Women +73kg	TKEBAEVA Meruert	KAZ	
kazakhstan-open-2026	Senior Women +73kg	YDYRYS Altynshash	KAZ	
kazakhstan-open-2026	Senior Women +73kg	YERKASSIMOVA Axaule	KAZ	
