presidents-cup-america-2025	Senior Men -87kg	R16	120	STEWART Jordan	CAN	RAMOS Juan Luis	CHI		1:0
presidents-cup-america-2025	Senior Men -87kg	R16	121	ALEJANDRO-VARGAS Diego	PUR	CHAN Jack	BRA		2:1
presidents-cup-america-2025	Senior Men -87kg	R16	122	SOUZA Allif	BRA	OSORIO Yesid F.	PUR		2:0
presidents-cup-america-2025	Senior Men -87kg	R16	123	MARTINS Icaro Miguel	BRA	CORRO Thiago Joaqu	ARG		2:0
presidents-cup-america-2025	Senior Men -87kg	R16	124	NAVARRO Oscar	MEX	GONZALEZ Gabriel	WT		2:0
presidents-cup-america-2025	Senior Men -87kg	R16	125	GONCALVES Luiz Eduardo	BRA	CHAVEZ Josue	PER		2:0
presidents-cup-america-2025	Senior Men -87kg	R16	126	RAMIREZ Victor Arm	MEX	HENRY Jonathan	USA		2:0
presidents-cup-america-2025	Senior Men -87kg	R16	127	SOUZA Leandro	BRA	RODRIGUEZ Michael c.	USA		2:0
presidents-cup-america-2025	Senior Men -87kg	QF	132	ALEJANDRO-VARGAS Diego	PUR	STEWART Jordan	CAN		2:1
presidents-cup-america-2025	Senior Men -87kg	QF	133	MARTINS Icaro Miguel	BRA	SOUZA Allif	BRA		2:0
presidents-cup-america-2025	Senior Men -87kg	QF	134	GONCALVES Luiz Eduardo	BRA	NAVARRO Oscar	MEX		1:0
presidents-cup-america-2025	Senior Men -87kg	QF	135	SOUZA Leandro	BRA	RAMIREZ Victor Arm	MEX		2:0
presidents-cup-america-2025	Senior Men -87kg	SF	138	MARTINS Icaro Miguel	BRA	ALEJANDRO-VARGAS Diego	PUR		2:0
presidents-cup-america-2025	Senior Men -87kg	SF	139	GONCALVES Luiz Eduardo	BRA	SOUZA Leandro	BRA		2:1
presidents-cup-america-2025	Senior Men -87kg	F	141	MARTINS Icaro Miguel	BRA	GONCALVES Luiz Eduardo	BRA		2:0
presidents-cup-america-2025	Senior Men -80kg	R32	1001	BOURIEL Ayoub	CAN	RIBEIRO Nickollas	BRA		2:0
presidents-cup-america-2025	Senior Men -80kg	R32	1002	ANDRADE Hassani	PER	LARA Francisco	ESA		2:1
presidents-cup-america-2025	Senior Men -80kg	R32	1003	FLORES Alejandro	WT	GOMEZTAGLE Uriel	MEX		
presidents-cup-america-2025	Senior Men -80kg	R32	1004	DI Mateo	ARG	POTVIN Maxime	CAN		2:0
presidents-cup-america-2025	Senior Men -80kg	R32	1005	MEIRELLES Arthur	BRA	PARK Tae Ku	CAN		2:0
presidents-cup-america-2025	Senior Men -80kg	R32	1006	MERCIER Charlelie	CAN	CORONADO Axel Javi	MEX		2:1
presidents-cup-america-2025	Senior Men -80kg	R32	1007	HILAL Yassine	CAN	HURTADO Jose Migue	MEX		2:0
presidents-cup-america-2025	Senior Men -80kg	R32	1008	NDE Aurele Tcheh	CAN	CANALES Ian Pablo	MEX		2:0
presidents-cup-america-2025	Senior Men -80kg	R16	1017	CHURCHILL Joaquin	CHI	BOURIEL Ayoub	CAN		2:0
presidents-cup-america-2025	Senior Men -80kg	R16	1018	SEALY. Brandon	JAM	ANDRADE Hassani	PER		2:0
presidents-cup-america-2025	Senior Men -80kg	R16	1019	CASAS Iker	MEX	FLORES Alejandro	WT		2:0
presidents-cup-america-2025	Senior Men -80kg	R16	1020	TREJOS Miguel	COL	DI Mateo	ARG		2:0
presidents-cup-america-2025	Senior Men -80kg	R16	1021	MEIRELLES Arthur	BRA	GONZALEZ Alejandro	PUR		2:0
presidents-cup-america-2025	Senior Men -80kg	R16	1022	YOUNG Isaiah	USA	MERCIER Charlelie	CAN		2:0
presidents-cup-america-2025	Senior Men -80kg	R16	1023	RODRIGUES Diego	BRA	HILAL Yassine	CAN		
presidents-cup-america-2025	Senior Men -80kg	R16	1024	RODRIGUES Henrique Marques	BRA	NDE Aurele Tcheh	CAN		2:0
presidents-cup-america-2025	Senior Men -80kg	QF	1033	CHURCHILL Joaquin	CHI	SEALY. Brandon	JAM		2:0
presidents-cup-america-2025	Senior Men -80kg	QF	1034	TREJOS Miguel	COL	CASAS Iker	MEX		2:0
presidents-cup-america-2025	Senior Men -80kg	QF	1035	YOUNG Isaiah	USA	MEIRELLES Arthur	BRA		2:0
presidents-cup-america-2025	Senior Men -80kg	QF	1036	RODRIGUES Henrique Marques	BRA	RODRIGUES Diego	BRA		2:0
presidents-cup-america-2025	Senior Men -80kg	SF	1041	CHURCHILL Joaquin	CHI	TREJOS Miguel	COL		2:1
presidents-cup-america-2025	Senior Men -80kg	SF	1042	RODRIGUES Henrique Marques	BRA	YOUNG Isaiah	USA		2:1
presidents-cup-america-2025	Senior Men -80kg	F	1045	RODRIGUES Henrique Marques	BRA	CHURCHILL Joaquin	CHI		2:0
presidents-cup-america-2025	Senior Men -74kg	R32	901	POLICELI Santino	ARG	MCCRAY Josiah	USA		2:0
presidents-cup-america-2025	Senior Men -74kg	R32	902	ROMMEL Luis Ricard	PER	BENITEZ Adrian	PUR		2:0
presidents-cup-america-2025	Senior Men -74kg	R32	903	WILCOX Sheldon	USA	DOS Daniel Rogerio	BRA		2:0
presidents-cup-america-2025	Senior Men -74kg	R32	904	SAENZ Martin Javie	ECU	PINAS Samaki	SUR		2:0
presidents-cup-america-2025	Senior Men -74kg	R32	905	DE Nicolas	BRA	CHUMPITAZ Juan Jes	PER		2:0
presidents-cup-america-2025	Senior Men -74kg	R32	906	SOTO Juan Jose	WT	GOMEZ Jaime Andres	PUR		
presidents-cup-america-2025	Senior Men -74kg	R16	907	RODRIGUES Victor	USA	POLICELI Santino	ARG		2:0
presidents-cup-america-2025	Senior Men -74kg	R16	908	SILVA Henrique	BRA	BENAOUDA Zakaria	CAN		2:0
presidents-cup-america-2025	Senior Men -74kg	R16	909	BECERRA Mario	CHI	ROMMEL Luis Ricard	PER		2:1
presidents-cup-america-2025	Senior Men -74kg	R16	910	WILCOX Sheldon	USA	GONZALEZ Federico	URU		2:0
presidents-cup-america-2025	Senior Men -74kg	R16	911	NAVA Ruben	MEX	SAENZ Martin Javie	ECU		2:0
presidents-cup-america-2025	Senior Men -74kg	R16	912	PEREIRA Gabriel	BRA	DE Nicolas	BRA		2:0
presidents-cup-america-2025	Senior Men -74kg	R16	913	DA Fabio Junior	BRA	GARCIA Juan Andres	COL		2:1
presidents-cup-america-2025	Senior Men -74kg	R16	914	PONTES Edival	BRA	SOTO Juan Jose	WT		2:1
presidents-cup-america-2025	Senior Men -74kg	QF	920	RODRIGUES Victor	USA	SILVA Henrique	BRA		2:0
presidents-cup-america-2025	Senior Men -74kg	QF	921	WILCOX Sheldon	USA	BECERRA Mario	CHI		2:0
presidents-cup-america-2025	Senior Men -74kg	QF	922	PEREIRA Gabriel	BRA	NAVA Ruben	MEX		2:0
presidents-cup-america-2025	Senior Men -74kg	QF	923	PONTES Edival	BRA	DA Fabio Junior	BRA		2:0
presidents-cup-america-2025	Senior Men -74kg	SF	928	RODRIGUES Victor	USA	WILCOX Sheldon	USA		2:0
presidents-cup-america-2025	Senior Men -74kg	SF	929	PONTES Edival	BRA	PEREIRA Gabriel	BRA		2:0
presidents-cup-america-2025	Senior Men -74kg	F	932	PONTES Edival	BRA	RODRIGUES Victor	USA		2:0
presidents-cup-america-2025	Senior Men -68kg	R64	401	MENDOZA Misael	PER	ROBLES Jose Eduard	MEX		2:0
presidents-cup-america-2025	Senior Men -68kg	R64	402	PARK Braven	CAN	CRUZ Alejandro	MEX		2:0
presidents-cup-america-2025	Senior Men -68kg	R64	403	DE Marcos Toledo	BRA	ZIDI Khaled	CAN		2:0
presidents-cup-america-2025	Senior Men -68kg	R64	404	MOTTA Miguel Eduar	PER	LEON Erick Daniel	ECU		2:1
presidents-cup-america-2025	Senior Men -68kg	R64	405	MAZZANTI Santino	ARG	DOEBE Samero	SUR		2:1
presidents-cup-america-2025	Senior Men -68kg	R64	406	DA William	BRA	LA Anriger	VEN		2:0
presidents-cup-america-2025	Senior Men -68kg	R64	407	CORDERO Sebastian	PER	ARGUELLO Josue Gab	ECU		2:1
presidents-cup-america-2025	Senior Men -68kg	R64	408	RUVALCABA Adrian	MEX	GARCIA Gustavo And	PUR		2:0
presidents-cup-america-2025	Senior Men -68kg	R64	409	MENDES Alisson	BRA	FRANCO Andree Dani	PER		2:0
presidents-cup-america-2025	Senior Men -68kg	R64	410	AVROYA Noah	CAN	HUAMANI Leandro	PER		2:0
presidents-cup-america-2025	Senior Men -68kg	R32	411	SOUZA Joao Victor	BRA	MENDOZA Misael	PER		2:0
presidents-cup-america-2025	Senior Men -68kg	R32	412	DOS Guilherme	BRA	LOPEZ Matias	URU		2:1
presidents-cup-america-2025	Senior Men -68kg	R32	413	PARK Braven	CAN	FORTIN Jacob	CAN		2:0
presidents-cup-america-2025	Senior Men -68kg	R32	414	AVILA Daniel Aleja	MEX	DE Marcos Toledo	BRA		2:0
presidents-cup-america-2025	Senior Men -68kg	R32	415	ALMEIDA Fillipe	BRA	MOTTA Miguel Eduar	PER		2:1
presidents-cup-america-2025	Senior Men -68kg	R32	416	DE Luis	PUR	COBOS Alejandro	MEX		2:0
presidents-cup-america-2025	Senior Men -68kg	R32	417	HILAL Ali	CAN	DOS Vytor	BRA		2:0
presidents-cup-america-2025	Senior Men -68kg	R32	418	OLIVERO Cristian	CHI	MAZZANTI Santino	ARG		2:0
presidents-cup-america-2025	Senior Men -68kg	R32	419	ACUNA Jose Luis	ARG	DA William	BRA		2:0
presidents-cup-america-2025	Senior Men -68kg	R32	420	DE Pedro Henrique	BRA	STANG Thiago Valen	ARG		2:0
presidents-cup-america-2025	Senior Men -68kg	R32	421	ROMERO Ian	PAN	MISIEDJAN Bendjino	SUR		2:0
presidents-cup-america-2025	Senior Men -68kg	R32	422	GARRIDO Jhon Deivi	COL	CORDERO Sebastian	PER		2:0
presidents-cup-america-2025	Senior Men -68kg	R32	423	HARRIS Khalfani	USA	RUVALCABA Adrian	MEX		2:0
presidents-cup-america-2025	Senior Men -68kg	R32	424	MENDES Alisson	BRA	DE Nicolas Emmanue	DOM		2:1
presidents-cup-america-2025	Senior Men -68kg	R32	425	FABI Enzo	CAN	MIRANDA Martin	GUA		2:0
presidents-cup-america-2025	Senior Men -68kg	R32	426	RODRIGUEZ Maikol	USA	AVROYA Noah	CAN		2:0
presidents-cup-america-2025	Senior Men -68kg	R16	427	SOUZA Joao Victor	BRA	DOS Guilherme	BRA		2:0
presidents-cup-america-2025	Senior Men -68kg	R16	428	PARK Braven	CAN	AVILA Daniel Aleja	MEX		2:1
presidents-cup-america-2025	Senior Men -68kg	R16	429	ALMEIDA Fillipe	BRA	DE Luis	PUR		2:0
presidents-cup-america-2025	Senior Men -68kg	R16	430	OLIVERO Cristian	CHI	HILAL Ali	CAN		2:0
presidents-cup-america-2025	Senior Men -68kg	R16	431	ACUNA Jose Luis	ARG	DE Pedro Henrique	BRA		2:0
presidents-cup-america-2025	Senior Men -68kg	R16	432	GARRIDO Jhon Deivi	COL	ROMERO Ian	PAN		2:0
presidents-cup-america-2025	Senior Men -68kg	R16	433	MENDES Alisson	BRA	HARRIS Khalfani	USA		
presidents-cup-america-2025	Senior Men -68kg	R16	434	RODRIGUEZ Maikol	USA	FABI Enzo	CAN		2:0
presidents-cup-america-2025	Senior Men -68kg	QF	435	SOUZA Joao Victor	BRA	PARK Braven	CAN		2:0
presidents-cup-america-2025	Senior Men -68kg	QF	436	OLIVERO Cristian	CHI	ALMEIDA Fillipe	BRA		2:0
presidents-cup-america-2025	Senior Men -68kg	QF	437	GARRIDO Jhon Deivi	COL	ACUNA Jose Luis	ARG		2:1
presidents-cup-america-2025	Senior Men -68kg	QF	438	RODRIGUEZ Maikol	USA	MENDES Alisson	BRA		2:0
presidents-cup-america-2025	Senior Men -68kg	SF	439	SOUZA Joao Victor	BRA	OLIVERO Cristian	CHI		2:1
presidents-cup-america-2025	Senior Men -68kg	SF	440	RODRIGUEZ Maikol	USA	GARRIDO Jhon Deivi	COL		2:0
presidents-cup-america-2025	Senior Men -68kg	F	441	SOUZA Joao Victor	BRA	RODRIGUEZ Maikol	USA		2:1
presidents-cup-america-2025	Senior Men -63kg	R64	301	AQUINO Duvan	PUR	RACHAEL Paulo Henr	BRA		2:1
presidents-cup-america-2025	Senior Men -63kg	R64	302	CASTILLO Alejandro	PER	COSTA Arthur	BRA		2:0
presidents-cup-america-2025	Senior Men -63kg	R64	303	YOON Christopher	USA	VERA Jorge	CHI		2:0
presidents-cup-america-2025	Senior Men -63kg	R64	304	BENNIE Sidney Mich	TTO	CARRASQUILLO Gael	PUR		2:0
presidents-cup-america-2025	Senior Men -63kg	R64	305	PULIDO Juan Lucas	COL	RODRIGUEZ Joaquin	PER		2:0
presidents-cup-america-2025	Senior Men -63kg	R64	306	KLABER Jourde	ARU	GODOLPHIN Lito	USA		2:0
presidents-cup-america-2025	Senior Men -63kg	R64	307	MUNOZ Ari	CHI	SALAS Olman	WT		2:0
presidents-cup-america-2025	Senior Men -63kg	R64	308	FLORES Diego	CHI	CUBERO Leyner Fabr	WT		2:1
presidents-cup-america-2025	Senior Men -63kg	R64	309	ALBA Juan-sebastia	CAN	RAYAS Alejandro	USA		2:1
presidents-cup-america-2025	Senior Men -63kg	R64	310	PENALBA Adrian	PAN	FLORES Arian	PER		2:0
presidents-cup-america-2025	Senior Men -63kg	R64	311	VALDES David	MEX	HEFFELFINGER-GARCI	PUR		2:0
presidents-cup-america-2025	Senior Men -63kg	R64	312	BRITTON Shane	CAN	RAMIREZ Mauricio	ECU		2:1
presidents-cup-america-2025	Senior Men -63kg	R64	313	ALLEN Chris	USA	LABRIOLA Francisco	ARG		2:0
presidents-cup-america-2025	Senior Men -63kg	R64	314	RODRIGUEZ Alejandr	PER	NAZARIO Edgardo	PUR		2:0
presidents-cup-america-2025	Senior Men -63kg	R64	315	MATTHAUS Carlos	BRA	LEW Michah	SUR		2:0
presidents-cup-america-2025	Senior Men -63kg	R32	316	RAMOS Gabriel	BRA	AQUINO Duvan	PUR		2:0
presidents-cup-america-2025	Senior Men -63kg	R32	317	SALVATIERRA Carlos	GUA	LESYK Kaden	CAN		2:1
presidents-cup-america-2025	Senior Men -63kg	R32	318	CASTILLO Alejandro	PER	SALEH James	CAN		2:0
presidents-cup-america-2025	Senior Men -63kg	R32	319	GOMEZ Daniel Felip	COL	YOON Christopher	USA		2:1
presidents-cup-america-2025	Senior Men -63kg	R32	320	BARETTA Eduardo	BRA	BENNIE Sidney Mich	TTO		2:0
presidents-cup-america-2025	Senior Men -63kg	R32	321	NAVEA Sebastian	CHI	PULIDO Juan Lucas	COL		2:0
presidents-cup-america-2025	Senior Men -63kg	R32	322	FERREIRA Kauan	BRA	KLABER Jourde	ARU		2:0
presidents-cup-america-2025	Senior Men -63kg	R32	323	SANTIAGO Jose Dani	PUR	MUNOZ Ari	CHI		2:0
presidents-cup-america-2025	Senior Men -63kg	R32	324	MILLAN David	MEX	FLORES Diego	CHI		2:0
presidents-cup-america-2025	Senior Men -63kg	R32	325	CONTRERAS Aaron	CHI	ALBA Juan-sebastia	CAN		2:0
presidents-cup-america-2025	Senior Men -63kg	R32	326	KIM Seung Ju	CAN	PENALBA Adrian	PAN		2:0
presidents-cup-america-2025	Senior Men -63kg	R32	327	VALDES David	MEX	CHANG Yohan	CAN		2:0
presidents-cup-america-2025	Senior Men -63kg	R32	328	BRITTON Shane	CAN	GUIZAR Alejandro	MEX		2:0
presidents-cup-america-2025	Senior Men -63kg	R32	329	ALLEN Chris	USA	YUPANQUI Fabian	PER		2:0
presidents-cup-america-2025	Senior Men -63kg	R32	330	RODRIGUEZ Alejandr	PER	PELAEZ Fernando	MEX		2:1
presidents-cup-america-2025	Senior Men -63kg	R32	331	BAGOV Idar	AIN	MATTHAUS Carlos	BRA		2:0
presidents-cup-america-2025	Senior Men -63kg	R16	332	RAMOS Gabriel	BRA	SALVATIERRA Carlos	GUA		2:0
presidents-cup-america-2025	Senior Men -63kg	R16	333	GOMEZ Daniel Felip	COL	CASTILLO Alejandro	PER		2:0
presidents-cup-america-2025	Senior Men -63kg	R16	334	BARETTA Eduardo	BRA	NAVEA Sebastian	CHI		2:0
presidents-cup-america-2025	Senior Men -63kg	R16	335	SANTIAGO Jose Dani	PUR	FERREIRA Kauan	BRA		2:1
presidents-cup-america-2025	Senior Men -63kg	R16	336	MILLAN David	MEX	CONTRERAS Aaron	CHI		2:1
presidents-cup-america-2025	Senior Men -63kg	R16	337	VALDES David	MEX	KIM Seung Ju	CAN		2:0
presidents-cup-america-2025	Senior Men -63kg	R16	338	BRITTON Shane	CAN	ALLEN Chris	USA		2:0
presidents-cup-america-2025	Senior Men -63kg	R16	339	BAGOV Idar	AIN	RODRIGUEZ Alejandr	PER		2:0
presidents-cup-america-2025	Senior Men -63kg	QF	340	RAMOS Gabriel	BRA	GOMEZ Daniel Felip	COL		2:0
presidents-cup-america-2025	Senior Men -63kg	QF	341	BARETTA Eduardo	BRA	SANTIAGO Jose Dani	PUR		2:0
presidents-cup-america-2025	Senior Men -63kg	QF	342	VALDES David	MEX	MILLAN David	MEX		2:0
presidents-cup-america-2025	Senior Men -63kg	QF	343	BAGOV Idar	AIN	BRITTON Shane	CAN		2:0
presidents-cup-america-2025	Senior Men -63kg	SF	344	BARETTA Eduardo	BRA	RAMOS Gabriel	BRA		2:1
presidents-cup-america-2025	Senior Men -63kg	SF	345	BAGOV Idar	AIN	VALDES David	MEX		2:1
presidents-cup-america-2025	Senior Men -63kg	F	346	BARETTA Eduardo	BRA	BAGOV Idar	AIN		2:1
presidents-cup-america-2025	Senior Men -58kg	R64	201	NAVARRETE Fabricio antonio	PER	CORRALES Mauricio	WT		2:0
presidents-cup-america-2025	Senior Men -58kg	R64	202	ALVAREZ Melvy	USA	SALAS Victor Andre	PER		2:0
presidents-cup-america-2025	Senior Men -58kg	R64	203	MORALES Edrick	PUR	NUNES Lucas	BRA		2:0
presidents-cup-america-2025	Senior Men -58kg	R64	204	NORETTO Cole	USA	VIVEROS Pedro Raul	MEX		2:0
presidents-cup-america-2025	Senior Men -58kg	R64	205	BARRETO Raymiguel	PER	RIOS Ivan	PAN		2:0
presidents-cup-america-2025	Senior Men -58kg	R32	206	HOEFLING Nicholas	CAN	NAVARRETE Fabricio antonio	PER		2:0
presidents-cup-america-2025	Senior Men -58kg	R32	207	PUMA Jose	PER	MIRANDA Adrian	ECU		2:0
presidents-cup-america-2025	Senior Men -58kg	R32	208	PEREIRA Daniel	BRA	PASHNIN Mark	CAN		2:1
presidents-cup-america-2025	Senior Men -58kg	R32	209	ROJAS Iker Josue	ECU	DE Moises Eduardo	DOM		2:0
presidents-cup-america-2025	Senior Men -58kg	R32	210	CORTES Carlos	MEX	ALVAREZ Melvy	USA		2:0
presidents-cup-america-2025	Senior Men -58kg	R32	211	HERNANDEZ Arturo	MEX	RAMOS Jorge	CHI		2:0
presidents-cup-america-2025	Senior Men -58kg	R32	212	TOLEDO Bruno Yuji	BRA	FUENTES David	GUA		2:0
presidents-cup-america-2025	Senior Men -58kg	R32	213	MORALES Edrick	PUR	CUNNINGHAM William	USA		2:1
presidents-cup-america-2025	Senior Men -58kg	R32	214	SILVA Alisson Caua	BRA	NORETTO Cole	USA		2:1
presidents-cup-america-2025	Senior Men -58kg	R32	215	RAMOS. Brandon	PUR	CAEZ Jose G	PUR		2:0
presidents-cup-america-2025	Senior Men -58kg	R32	216	NUNEZ Lautaro	ARG	MOTA Joao Victor	BRA		2:0
presidents-cup-america-2025	Senior Men -58kg	R32	217	OCHOA Jefferson	COL	ESPINOLA Ignacio	ARG		2:0
presidents-cup-america-2025	Senior Men -58kg	R32	218	RIOS Agustin	CHI	GONZALEZ Joiner	VEN		2:0
presidents-cup-america-2025	Senior Men -58kg	R32	219	VASCONCELOS Yago	BRA	WEEKES Jeremi	PUR		2:1
presidents-cup-america-2025	Senior Men -58kg	R32	220	SGHIR Anas	CAN	JEAN-BAPTISTE Gregory	HAI		2:0
presidents-cup-america-2025	Senior Men -58kg	R32	221	MELO Paulo	BRA	BARRETO Raymiguel	PER		2:0
presidents-cup-america-2025	Senior Men -58kg	R16	222	HOEFLING Nicholas	CAN	PUMA Jose	PER		2:0
presidents-cup-america-2025	Senior Men -58kg	R16	223	PEREIRA Daniel	BRA	ROJAS Iker Josue	ECU		2:1
presidents-cup-america-2025	Senior Men -58kg	R16	224	CORTES Carlos	MEX	HERNANDEZ Arturo	MEX		2:0
presidents-cup-america-2025	Senior Men -58kg	R16	225	MORALES Edrick	PUR	TOLEDO Bruno Yuji	BRA		2:1
presidents-cup-america-2025	Senior Men -58kg	R16	226	SILVA Alisson Caua	BRA	RAMOS. Brandon	PUR		2:0
presidents-cup-america-2025	Senior Men -58kg	R16	227	OCHOA Jefferson	COL	NUNEZ Lautaro	ARG		2:0
presidents-cup-america-2025	Senior Men -58kg	R16	228	RIOS Agustin	CHI	VASCONCELOS Yago	BRA		2:1
presidents-cup-america-2025	Senior Men -58kg	R16	229	MELO Paulo	BRA	SGHIR Anas	CAN		2:0
presidents-cup-america-2025	Senior Men -58kg	QF	230	HOEFLING Nicholas	CAN	PEREIRA Daniel	BRA		2:0
presidents-cup-america-2025	Senior Men -58kg	QF	231	CORTES Carlos	MEX	MORALES Edrick	PUR		2:0
presidents-cup-america-2025	Senior Men -58kg	QF	232	SILVA Alisson Caua	BRA	OCHOA Jefferson	COL		1:1
presidents-cup-america-2025	Senior Men -58kg	QF	233	MELO Paulo	BRA	RIOS Agustin	CHI		2:0
presidents-cup-america-2025	Senior Men -58kg	SF	234	HOEFLING Nicholas	CAN	CORTES Carlos	MEX		2:0
presidents-cup-america-2025	Senior Men -58kg	SF	235	MELO Paulo	BRA	SILVA Alisson Caua	BRA		2:0
presidents-cup-america-2025	Senior Men -58kg	F	236	HOEFLING Nicholas	CAN	MELO Paulo	BRA		2:1
presidents-cup-america-2025	Senior Men -54kg	R32	101	CAMPANA Carlos	MEX	PASTOR Edgardo	PAN		2:0
presidents-cup-america-2025	Senior Men -54kg	R32	102	BERUBE Maxime	CAN	ARIAS Alejandro Jo	WT		2:0
presidents-cup-america-2025	Senior Men -54kg	R32	103	ALVES Leonardo Emi	BRA	VASQUEZ Gaston	CHI		2:0
presidents-cup-america-2025	Senior Men -54kg	R32	104	CRUZ Kariel	PUR	NGUYEN Alexis	CAN		2:0
presidents-cup-america-2025	Senior Men -54kg	R32	105	MORENO Franco Javi	PER	LAFRATTI Maximo	ARG		2:1
presidents-cup-america-2025	Senior Men -54kg	R32	106	CHAVEZ Zaid Gabrie	MEX	QUISPILLOCLLA Fabr	PER		2:0
presidents-cup-america-2025	Senior Men -54kg	R32	107	BONET Sebastian	ARG	ECHAVARRI Sebastian	MEX		2:0
presidents-cup-america-2025	Senior Men -54kg	R32	108	HERNANDEZ Edgar Emmanuel	MEX	BERUBE Zachary	CAN		2:0
presidents-cup-america-2025	Senior Men -54kg	R32	109	NATIVIDADE Cesar A	BRA	BANKS Robert	USA		2:0
presidents-cup-america-2025	Senior Men -54kg	R32	110	AZEVEDO Klebenilso	BRA	ABARCA Gerardo Joe	PER		2:0
presidents-cup-america-2025	Senior Men -54kg	R32	111	GUIZAR Manuel	MEX	RODRIGUEZ Juan	PER		2:0
presidents-cup-america-2025	Senior Men -54kg	R16	112	GUN Youngsuk Ethan	USA	CAMPANA Carlos	MEX		2:0
presidents-cup-america-2025	Senior Men -54kg	R16	113	ALVES Leonardo Emi	BRA	BERUBE Maxime	CAN		2:0
presidents-cup-america-2025	Senior Men -54kg	R16	114	GARCIA Angelberto	MEX	CRUZ Kariel	PUR		2:0
presidents-cup-america-2025	Senior Men -54kg	R16	115	MORENO Franco Javi	PER	CANETE Arian nathan	USA		2:1
presidents-cup-america-2025	Senior Men -54kg	R16	116	GILLIARD Matheus	BRA	CHAVEZ Zaid Gabrie	MEX		2:0
presidents-cup-america-2025	Senior Men -54kg	R16	117	HERNANDEZ Edgar Emmanuel	MEX	BONET Sebastian	ARG		2:0
presidents-cup-america-2025	Senior Men -54kg	R16	118	NATIVIDADE Cesar A	BRA	AZEVEDO Klebenilso	BRA		2:1
presidents-cup-america-2025	Senior Men -54kg	R16	119	DE Giovanni Aubin	BRA	GUIZAR Manuel	MEX		2:0
presidents-cup-america-2025	Senior Men -54kg	QF	128	GUN Youngsuk Ethan	USA	ALVES Leonardo Emi	BRA		2:1
presidents-cup-america-2025	Senior Men -54kg	QF	129	GARCIA Angelberto	MEX	MORENO Franco Javi	PER		2:0
presidents-cup-america-2025	Senior Men -54kg	QF	130	HERNANDEZ Edgar Emmanuel	MEX	GILLIARD Matheus	BRA		2:0
presidents-cup-america-2025	Senior Men -54kg	QF	131	DE Giovanni Aubin	BRA	NATIVIDADE Cesar A	BRA		2:0
presidents-cup-america-2025	Senior Men -54kg	SF	136	GARCIA Angelberto	MEX	GUN Youngsuk Ethan	USA		2:0
presidents-cup-america-2025	Senior Men -54kg	SF	137	DE Giovanni Aubin	BRA	HERNANDEZ Edgar Emmanuel	MEX		2:0
presidents-cup-america-2025	Senior Men -54kg	F	140	DE Giovanni Aubin	BRA	GARCIA Angelberto	MEX		2:1
presidents-cup-america-2025	Senior Men +87kg	R16	725	NIEVES Victor Manu	PUR	MUNOZ Franco	CHI		2:1
presidents-cup-america-2025	Senior Men +87kg	R16	726	PEREIRA Patrik	BRA	CASTILLO Joshua Da	PER		
presidents-cup-america-2025	Senior Men +87kg	R16	727	ALVES Pedro Arthur	BRA	JORDAN Bravo Ceden	ECU		2:0
presidents-cup-america-2025	Senior Men +87kg	R16	728	WEBB Julian	WT	THIAM Mamadou bassirou	CAN		
presidents-cup-america-2025	Senior Men +87kg	R16	729	BATISTA Erick Vini	BRA	HOLDER Chioke	BAR		2:1
presidents-cup-america-2025	Senior Men +87kg	QF	734	HEALY Jonathan	USA	NIEVES Victor Manu	PUR		2:0
presidents-cup-america-2025	Senior Men +87kg	QF	735	PEREIRA Patrik	BRA	ALVES Pedro Arthur	BRA		2:0
presidents-cup-america-2025	Senior Men +87kg	QF	736	LARIN Vladislav	AIN	WEBB Julian	WT		2:0
presidents-cup-america-2025	Senior Men +87kg	QF	737	SANSORES Carlos	MEX	BATISTA Erick Vini	BRA		2:0
presidents-cup-america-2025	Senior Men +87kg	SF	740	HEALY Jonathan	USA	PEREIRA Patrik	BRA		2:0
presidents-cup-america-2025	Senior Men +87kg	SF	741	LARIN Vladislav	AIN	SANSORES Carlos	MEX		2:0
presidents-cup-america-2025	Senior Men +87kg	F	743	LARIN Vladislav	AIN	HEALY Jonathan	USA		2:0
presidents-cup-america-2025	Senior Women -73kg	R16	816	TAMEZ Victoria	MEX	ROJAS Kayla	WT		2:0
presidents-cup-america-2025	Senior Women -73kg	R16	817	WEEKES Crystal	PUR	BENAVIDES Ludy Jan	ECU		2:0
presidents-cup-america-2025	Senior Women -73kg	R16	818	KOSMYCHEVA Anastasiia	AIN	ALARCON Camila	CHI		2:0
presidents-cup-america-2025	Senior Women -73kg	R16	819	RIVAS Victoria	ARG	VELAZQUEZ Itzel	MEX		2:0
presidents-cup-america-2025	Senior Women -73kg	R16	820	DA Thaisa	BRA	VASQUEZ Eliana	PER		2:0
presidents-cup-america-2025	Senior Women -73kg	R16	821	HAZOURY Betsabe	DOM	GARZA Beatriz Gali	MEX		2:0
presidents-cup-america-2025	Senior Women -73kg	R16	822	OLIVEIRA Mikaela	BRA	SOLIS Natalie Stef	PER		2:0
presidents-cup-america-2025	Senior Women -73kg	QF	827	LEE Ava Soon	HAI	TAMEZ Victoria	MEX		2:1
presidents-cup-america-2025	Senior Women -73kg	QF	828	KOSMYCHEVA Anastasiia	AIN	WEEKES Crystal	PUR		2:0
presidents-cup-america-2025	Senior Women -73kg	QF	829	RIVAS Victoria	ARG	DA Thaisa	BRA		2:0
presidents-cup-america-2025	Senior Women -73kg	QF	830	OLIVEIRA Mikaela	BRA	HAZOURY Betsabe	DOM		2:0
presidents-cup-america-2025	Senior Women -73kg	SF	833	KOSMYCHEVA Anastasiia	AIN	LEE Ava Soon	HAI		2:0
presidents-cup-america-2025	Senior Women -73kg	SF	834	OLIVEIRA Mikaela	BRA	RIVAS Victoria	ARG		2:0
presidents-cup-america-2025	Senior Women -73kg	F	836	KOSMYCHEVA Anastasiia	AIN	OLIVEIRA Mikaela	BRA		2:0
presidents-cup-america-2025	Senior Women -67kg	R16	915	AGUIRRE Ana Maria	COL	CANO Maria	PER		2:0
presidents-cup-america-2025	Senior Women -67kg	R16	916	GALLARDO Claudia	CHI	MARTINIC Priscila	ARG		2:1
presidents-cup-america-2025	Senior Women -67kg	R16	917	LUKIC Maya	CAN	DIAZ Isabella	PUR		2:1
presidents-cup-america-2025	Senior Women -67kg	R16	918	MACEDO Sandy	BRA	LOVAGLIO Isabella	MEX		2:1
presidents-cup-america-2025	Senior Women -67kg	R16	919	SOLTERO Leslie	MEX	REBELO Beatriz	BRA		2:0
presidents-cup-america-2025	Senior Women -67kg	QF	924	TEACHOUT Kristina	USA	AGUIRRE Ana Maria	COL		2:0
presidents-cup-america-2025	Senior Women -67kg	QF	925	GALLARDO Claudia	CHI	LUKIC Maya	CAN		2:0
presidents-cup-america-2025	Senior Women -67kg	QF	926	MACEDO Sandy	BRA	BEAULIEU Gabrielle	CAN		2:0
presidents-cup-america-2025	Senior Women -67kg	QF	927	TITONELI Milena	BRA	SOLTERO Leslie	MEX		2:0
presidents-cup-america-2025	Senior Women -67kg	SF	930	TEACHOUT Kristina	USA	GALLARDO Claudia	CHI		2:1
presidents-cup-america-2025	Senior Women -67kg	SF	931	TITONELI Milena	BRA	MACEDO Sandy	BRA		
presidents-cup-america-2025	Senior Women -67kg	F	933	TITONELI Milena	BRA	TEACHOUT Kristina	USA		2:1
presidents-cup-america-2025	Senior Women -62kg	R32	1009	CARDENAS Lya	MEX	REYNAUD Nicole	PER		2:0
presidents-cup-america-2025	Senior Women -62kg	R32	1010	GNIEDZIEJKO Jessica	USA	ORTEGA Dailin Nair	COL		2:0
presidents-cup-america-2025	Senior Women -62kg	R32	1011	DE Isadora	BRA	BUSTOS Marianela	CHI		2:0
presidents-cup-america-2025	Senior Women -62kg	R32	1012	VILLEGAS Fabiola guadalupe	MEX	JOGLAR Nichole	PUR		2:0
presidents-cup-america-2025	Senior Women -62kg	R32	1013	CHARRON Alexandra	CAN	DA Driele	BRA		2:0
presidents-cup-america-2025	Senior Women -62kg	R32	1014	HAYLETT Sahai	USA	MEDINA Juliana	PUR		2:0
presidents-cup-america-2025	Senior Women -62kg	R32	1015	MONTANO Alisson	ESA	BONGSOMENGGOLO Yade	SUR		2:0
presidents-cup-america-2025	Senior Women -62kg	R32	1016	MORALES Maria Cele	PAN	CERVANTES Luz Nohe	MEX		2:0
presidents-cup-america-2025	Senior Women -62kg	R16	1025	MINA Mell	ECU	CARDENAS Lya	MEX		2:0
presidents-cup-america-2025	Senior Women -62kg	R16	1026	CARNEIRO Celydiene	BRA	GNIEDZIEJKO Jessica	USA		2:1
presidents-cup-america-2025	Senior Women -62kg	R16	1027	ANDRIC Leonarda	CAN	DE Isadora	BRA		2:0
presidents-cup-america-2025	Senior Women -62kg	R16	1028	VILLEGAS Fabiola guadalupe	MEX	SANTERRE Frederiqu	CAN		2:0
presidents-cup-america-2025	Senior Women -62kg	R16	1029	CHARRON Alexandra	CAN	RUIZ Brenda Anahi	ARG		2:1
presidents-cup-america-2025	Senior Women -62kg	R16	1030	DEATON Danica	USA	HAYLETT Sahai	USA		2:0
presidents-cup-america-2025	Senior Women -62kg	R16	1031	MONTANO Alisson	ESA	SOTO Isuangelis	PUR		2:0
presidents-cup-america-2025	Senior Women -62kg	R16	1032	BREWSTER Ella	CAN	MORALES Maria Cele	PAN		2:0
presidents-cup-america-2025	Senior Women -62kg	QF	1037	MINA Mell	ECU	CARNEIRO Celydiene	BRA		2:0
presidents-cup-america-2025	Senior Women -62kg	QF	1038	ANDRIC Leonarda	CAN	VILLEGAS Fabiola guadalupe	MEX		2:1
presidents-cup-america-2025	Senior Women -62kg	QF	1039	CHARRON Alexandra	CAN	DEATON Danica	USA		2:1
presidents-cup-america-2025	Senior Women -62kg	QF	1040	BREWSTER Ella	CAN	MONTANO Alisson	ESA		2:0
presidents-cup-america-2025	Senior Women -62kg	SF	1043	ANDRIC Leonarda	CAN	MINA Mell	ECU		2:0
presidents-cup-america-2025	Senior Women -62kg	SF	1044	BREWSTER Ella	CAN	CHARRON Alexandra	CAN		2:0
presidents-cup-america-2025	Senior Women -62kg	F	1046	BREWSTER Ella	CAN	ANDRIC Leonarda	CAN		2:1
presidents-cup-america-2025	Senior Women -57kg	R32	701	PACHECO Maria Clara	BRA	SEPULVEDA Maria Ju	ARG		2:0
presidents-cup-america-2025	Senior Women -57kg	R32	702	SELLAS Jathmarilys	PUR	DOS Maria Eduarda	BRA		2:0
presidents-cup-america-2025	Senior Women -57kg	R32	703	ROCHA Liz	BRA	VAZQUEZ Amanda	PUR		2:0
presidents-cup-america-2025	Senior Women -57kg	R32	704	URETA Rocio	CHI	DELGADO Andrea	PUR		2:0
presidents-cup-america-2025	Senior Women -57kg	R32	705	JIMENEZ Regina	MEX	ST-PIERRE Alycia	CAN		2:1
presidents-cup-america-2025	Senior Women -57kg	R32	706	MALAGON Laura Nata	COL	CACERES Camila	PER		2:0
presidents-cup-america-2025	Senior Women -57kg	R32	707	LINDO Neshi Lee	WT	VAN Serena	SUR		2:0
presidents-cup-america-2025	Senior Women -57kg	R32	708	POIRE Aurelie	CAN	LIMA Vitoria	BRA		2:0
presidents-cup-america-2025	Senior Women -57kg	R32	709	DILLON Faith	USA	BAEZ Sofia	PUR		2:0
presidents-cup-america-2025	Senior Women -57kg	R32	710	LEITE Ana Carolina	BRA	FLORES Hermaliz	PUR		2:0
presidents-cup-america-2025	Senior Women -57kg	R32	711	LIMATE Jesica Paol	COL	BOMMERSBACH Luci	USA		2:0
presidents-cup-america-2025	Senior Women -57kg	R32	712	MILLER Montana	USA	CHAVEZ Jazmin	MEX		2:0
presidents-cup-america-2025	Senior Women -57kg	R32	713	SALGADO Zaira Paul	MEX	GARRIDO Mia Suyai	ARG		2:0
presidents-cup-america-2025	Senior Women -57kg	R32	714	ERICE Constanza	CHI	RIBEIRO Maria Edua	BRA		2:1
presidents-cup-america-2025	Senior Women -57kg	R32	715	ARENAS Camila	PER	MARTINEZ Adriana C	BOL		2:1
presidents-cup-america-2025	Senior Women -57kg	R32	716	PARK Skylar	CAN	PORTIGLIOTTI Fabia	BRA		2:0
presidents-cup-america-2025	Senior Women -57kg	R16	717	PACHECO Maria Clara	BRA	SELLAS Jathmarilys	PUR		2:0
presidents-cup-america-2025	Senior Women -57kg	R16	718	ROCHA Liz	BRA	URETA Rocio	CHI		2:0
presidents-cup-america-2025	Senior Women -57kg	R16	719	JIMENEZ Regina	MEX	MALAGON Laura Nata	COL		2:0
presidents-cup-america-2025	Senior Women -57kg	R16	720	LINDO Neshi Lee	WT	POIRE Aurelie	CAN		2:0
presidents-cup-america-2025	Senior Women -57kg	R16	721	DILLON Faith	USA	LEITE Ana Carolina	BRA		2:0
presidents-cup-america-2025	Senior Women -57kg	R16	722	MILLER Montana	USA	LIMATE Jesica Paol	COL		2:0
presidents-cup-america-2025	Senior Women -57kg	R16	723	SALGADO Zaira Paul	MEX	ERICE Constanza	CHI		2:0
presidents-cup-america-2025	Senior Women -57kg	R16	724	PARK Skylar	CAN	ARENAS Camila	PER		2:0
presidents-cup-america-2025	Senior Women -57kg	QF	730	PACHECO Maria Clara	BRA	ROCHA Liz	BRA		2:0
presidents-cup-america-2025	Senior Women -57kg	QF	731	LINDO Neshi Lee	WT	JIMENEZ Regina	MEX		
presidents-cup-america-2025	Senior Women -57kg	QF	732	DILLON Faith	USA	MILLER Montana	USA		2:0
presidents-cup-america-2025	Senior Women -57kg	QF	733	PARK Skylar	CAN	SALGADO Zaira Paul	MEX		2:1
presidents-cup-america-2025	Senior Women -57kg	SF	738	PACHECO Maria Clara	BRA	LINDO Neshi Lee	WT		2:0
presidents-cup-america-2025	Senior Women -57kg	SF	739	DILLON Faith	USA	PARK Skylar	CAN		2:1
presidents-cup-america-2025	Senior Women -57kg	F	742	PACHECO Maria Clara	BRA	DILLON Faith	USA		2:1
presidents-cup-america-2025	Senior Women -53kg	R32	501	PEDROZO Beatriz	BRA	MARTINEZ Ninoshka	PUR		2:0
presidents-cup-america-2025	Senior Women -53kg	R32	502	NUNEZ Jordana	CAN	ALMEIDA Ana Clara	BRA		2:0
presidents-cup-america-2025	Senior Women -53kg	R32	503	BETANCOURTH Natali	COL	VILLA Soraya	USA		2:0
presidents-cup-america-2025	Senior Women -53kg	R32	504	CARPENTIER Vicky	CAN	YAN Allison	USA		2:0
presidents-cup-america-2025	Senior Women -53kg	R32	505	CABRERA Beira	PUR	PENA Jackeline	MEX		2:0
presidents-cup-america-2025	Senior Women -53kg	R32	506	MONTANEZ Sofia	MEX	MICHELENA Arianna	PUR		2:0
presidents-cup-america-2025	Senior Women -53kg	R32	507	FERLA Ana Clara	BRA	CHIRINOS Jaimar Sa	ARU		2:0
presidents-cup-america-2025	Senior Women -53kg	R32	508	DUMAS Mathilde	CAN	GALLARDO Francisca	CHI		2:1
presidents-cup-america-2025	Senior Women -53kg	R32	509	SANCHO Laura	WT	OTTO Riley	USA		2:1
presidents-cup-america-2025	Senior Women -53kg	R32	510	PEREIRA Maria Gabr	BRA	PEREZ Daniela	GUA		2:0
presidents-cup-america-2025	Senior Women -53kg	R32	511	MUNIZ Kaylee N	PUR	GARZON Marjorie Da	ECU		2:0
presidents-cup-america-2025	Senior Women -53kg	R16	512	PEDROZO Beatriz	BRA	DANIEL Melina	USA		2:0
presidents-cup-america-2025	Senior Women -53kg	R16	513	NUNEZ Jordana	CAN	BETANCOURTH Natali	COL		2:0
presidents-cup-america-2025	Senior Women -53kg	R16	514	GALLO Lucero Sheccid	MEX	CARPENTIER Vicky	CAN		2:1
presidents-cup-america-2025	Senior Women -53kg	R16	515	BEZERRA Camila	BRA	CABRERA Beira	PUR		2:0
presidents-cup-america-2025	Senior Women -53kg	R16	516	KHAN Laila	CAN	MONTANEZ Sofia	MEX		2:0
presidents-cup-america-2025	Senior Women -53kg	R16	517	DUMAS Mathilde	CAN	FERLA Ana Clara	BRA		2:1
presidents-cup-america-2025	Senior Women -53kg	R16	518	SANCHO Laura	WT	PEREIRA Maria Gabr	BRA		2:0
presidents-cup-america-2025	Senior Women -53kg	R16	519	BARROS Nivea	BRA	MUNIZ Kaylee N	PUR		2:0
presidents-cup-america-2025	Senior Women -53kg	QF	523	NUNEZ Jordana	CAN	PEDROZO Beatriz	BRA		2:0
presidents-cup-america-2025	Senior Women -53kg	QF	524	GALLO Lucero Sheccid	MEX	BEZERRA Camila	BRA		2:0
presidents-cup-america-2025	Senior Women -53kg	QF	525	KHAN Laila	CAN	DUMAS Mathilde	CAN		2:0
presidents-cup-america-2025	Senior Women -53kg	QF	526	BARROS Nivea	BRA	SANCHO Laura	WT		2:0
presidents-cup-america-2025	Senior Women -53kg	SF	531	GALLO Lucero Sheccid	MEX	NUNEZ Jordana	CAN		2:0
presidents-cup-america-2025	Senior Women -53kg	SF	532	KHAN Laila	CAN	BARROS Nivea	BRA		2:0
presidents-cup-america-2025	Senior Women -53kg	F	535	KHAN Laila	CAN	GALLO Lucero Sheccid	MEX		2:0
presidents-cup-america-2025	Senior Women -49kg	R32	601	GOMEZ Isidora	CHI	PICOS Ximena	MEX		2:1
presidents-cup-america-2025	Senior Women -49kg	R32	602	QUESADA Jordan	USA	CHAVEZ Shlomit	PER		2:1
presidents-cup-america-2025	Senior Women -49kg	R32	603	GRIPPOLI Maria Sara	URU	ALVAREZ Cynthia A.	PUR		2:0
presidents-cup-america-2025	Senior Women -49kg	R32	604	KAFADAR Josipa	CAN	GONZALEZ Kalenna	MEX		1:0
presidents-cup-america-2025	Senior Women -49kg	R32	605	SILVA Lis Danielle	BRA	NOHELIA Moreira Ve	ECU		2:0
presidents-cup-america-2025	Senior Women -49kg	R32	606	WAY Nicolle	GUA	CELORIO Vania Judi	MEX		1:0
presidents-cup-america-2025	Senior Women -49kg	R32	607	MATA Maya	USA	CRISOSTOMO Ana	PER		2:0
presidents-cup-america-2025	Senior Women -49kg	R32	608	SOUZA Daniela Paola	MEX	PORTERO Jeniffer J	ECU		2:0
presidents-cup-america-2025	Senior Women -49kg	R32	609	GUIMARAES Dangela	BRA	TOSI Emily	CAN		2:0
presidents-cup-america-2025	Senior Women -49kg	R32	610	AVROYA Amber	CAN	CONCEPCION Zaymar	PUR		2:0
presidents-cup-america-2025	Senior Women -49kg	R32	611	ZAMBRANO Andrea mariana	MEX	RODRIGUEZ Priscila	ARG		2:0
presidents-cup-america-2025	Senior Women -49kg	R32	612	GOSCH Camilly	BRA	ASTAPENKA Alisa	CHI		2:0
presidents-cup-america-2025	Senior Women -49kg	R32	613	SUAREZ Alessandra	PER	SANCHEZ Sarai	PUR		2:0
presidents-cup-america-2025	Senior Women -49kg	R32	614	CALDERON Katherine	PER	MONELL Alondra	PUR		2:1
presidents-cup-america-2025	Senior Women -49kg	R32	615	OCEGUERA Sophia	USA	KRAMM Thiara	ARG		2:0
presidents-cup-america-2025	Senior Women -49kg	R16	616	PETERSON Ceili	GUY	GOMEZ Isidora	CHI		2:0
presidents-cup-america-2025	Senior Women -49kg	R16	617	GRIPPOLI Maria Sara	URU	QUESADA Jordan	USA		2:0
presidents-cup-america-2025	Senior Women -49kg	R16	618	KAFADAR Josipa	CAN	SILVA Lis Danielle	BRA		2:0
presidents-cup-america-2025	Senior Women -49kg	R16	619	MATA Maya	USA	WAY Nicolle	GUA		2:0
presidents-cup-america-2025	Senior Women -49kg	R16	620	SOUZA Daniela Paola	MEX	GUIMARAES Dangela	BRA		2:0
presidents-cup-america-2025	Senior Women -49kg	R16	621	ZAMBRANO Andrea mariana	MEX	AVROYA Amber	CAN		2:1
presidents-cup-america-2025	Senior Women -49kg	R16	622	GOSCH Camilly	BRA	SUAREZ Alessandra	PER		2:0
presidents-cup-america-2025	Senior Women -49kg	R16	623	OCEGUERA Sophia	USA	CALDERON Katherine	PER		2:0
presidents-cup-america-2025	Senior Women -49kg	QF	624	GRIPPOLI Maria Sara	URU	PETERSON Ceili	GUY		2:0
presidents-cup-america-2025	Senior Women -49kg	QF	625	KAFADAR Josipa	CAN	MATA Maya	USA		2:1
presidents-cup-america-2025	Senior Women -49kg	QF	626	SOUZA Daniela Paola	MEX	ZAMBRANO Andrea mariana	MEX		2:0
presidents-cup-america-2025	Senior Women -49kg	QF	627	GOSCH Camilly	BRA	OCEGUERA Sophia	USA		
presidents-cup-america-2025	Senior Women -49kg	SF	628	KAFADAR Josipa	CAN	GRIPPOLI Maria Sara	URU		2:0
presidents-cup-america-2025	Senior Women -49kg	SF	629	SOUZA Daniela Paola	MEX	GOSCH Camilly	BRA		
presidents-cup-america-2025	Senior Women -49kg	F	630	SOUZA Daniela Paola	MEX	KAFADAR Josipa	CAN		2:1
presidents-cup-america-2025	Senior Women -46kg	R32	801	OLIVEIRA Alice Car	BRA	BERMUDEZ Alanis	PUR		2:0
presidents-cup-america-2025	Senior Women -46kg	R32	802	ALPIZAR Camila Zur	MEX	GAUDREAULT Leanne	CAN		2:0
presidents-cup-america-2025	Senior Women -46kg	R32	803	GONZALEZ Samantha	MEX	ALERS Alannis Mich	PUR		2:0
presidents-cup-america-2025	Senior Women -46kg	R32	804	ARELLANO Joana	MEX	QUINTANA Valentina	GUA		2:0
presidents-cup-america-2025	Senior Women -46kg	R32	805	DEBLASIO Alyssa	USA	TORRES Lineishka	PUR		2:0
presidents-cup-america-2025	Senior Women -46kg	R32	806	AHO Sophia	USA	ABARCA Cinthya A.	PER		2:1
presidents-cup-america-2025	Senior Women -46kg	R32	807	AQUINO Myah	PUR	SILVA Zelzin Virid	MEX		1:0
presidents-cup-america-2025	Senior Women -46kg	R16	808	BASSETT Jaycee	WT	OLIVEIRA Alice Car	BRA		2:0
presidents-cup-america-2025	Senior Women -46kg	R16	809	CARPENTIER Justine	CAN	GONCALVES Anna	BRA		2:0
presidents-cup-america-2025	Senior Women -46kg	R16	810	ALPIZAR Camila Zur	MEX	BRINDAMOHAN Sarangi	CAN		2:1
presidents-cup-america-2025	Senior Women -46kg	R16	811	GONZALEZ Samantha	MEX	OROZCO Angelique	CAN		2:0
presidents-cup-america-2025	Senior Women -46kg	R16	812	LLAUCA Camila	PER	ARELLANO Joana	MEX		2:1
presidents-cup-america-2025	Senior Women -46kg	R16	813	FONSECA Caliana	USA	DEBLASIO Alyssa	USA		2:0
presidents-cup-america-2025	Senior Women -46kg	R16	814	RAMIREZ Ana Natali	MEX	AHO Sophia	USA		2:0
presidents-cup-america-2025	Senior Women -46kg	R16	815	SILVA Julia	BRA	AQUINO Myah	PUR		2:0
presidents-cup-america-2025	Senior Women -46kg	QF	823	BASSETT Jaycee	WT	CARPENTIER Justine	CAN		1:0
presidents-cup-america-2025	Senior Women -46kg	QF	824	GONZALEZ Samantha	MEX	ALPIZAR Camila Zur	MEX		2:0
presidents-cup-america-2025	Senior Women -46kg	QF	825	FONSECA Caliana	USA	LLAUCA Camila	PER		2:1
presidents-cup-america-2025	Senior Women -46kg	QF	826	SILVA Julia	BRA	RAMIREZ Ana Natali	MEX		2:0
presidents-cup-america-2025	Senior Women -46kg	SF	831	BASSETT Jaycee	WT	GONZALEZ Samantha	MEX		2:0
presidents-cup-america-2025	Senior Women -46kg	SF	832	SILVA Julia	BRA	FONSECA Caliana	USA		2:0
presidents-cup-america-2025	Senior Women -46kg	F	835	BASSETT Jaycee	WT	SILVA Julia	BRA		2:0
presidents-cup-america-2025	Senior Women +73kg	R16	520	CORA Luz Quimey	ARG	BARRIOS Karina	MEX		2:1
presidents-cup-america-2025	Senior Women +73kg	R16	521	PEREIRA Raiany	BRA	GLORIA Mosquera	COL		2:0
presidents-cup-america-2025	Senior Women +73kg	R16	522	FRADL Maelynn emilee	ARU	RODRIGUEZ Camila	MEX		2:0
presidents-cup-america-2025	Senior Women +73kg	QF	527	ALADE Naomi	USA	CORA Luz Quimey	ARG		2:0
presidents-cup-america-2025	Senior Women +73kg	QF	528	VASCONCELOS Elis	BRA	ROMAN Naishka	PUR		2:1
presidents-cup-america-2025	Senior Women +73kg	QF	529	PEREIRA Raiany	BRA	VIANA Alena	USA		2:0
presidents-cup-america-2025	Senior Women +73kg	QF	530	GARCIA Paloma	MEX	FRADL Maelynn emilee	ARU		2:0
presidents-cup-america-2025	Senior Women +73kg	SF	533	ALADE Naomi	USA	VASCONCELOS Elis	BRA		2:0
presidents-cup-america-2025	Senior Women +73kg	SF	534	PEREIRA Raiany	BRA	GARCIA Paloma	MEX		2:0
presidents-cup-america-2025	Senior Women +73kg	F	536	PEREIRA Raiany	BRA	ALADE Naomi	USA		2:1
