american-open-east-2026	Senior Women -46kg	Ava WOOLFOLK	USA	2
american-open-east-2026	Senior Women -46kg	CROSBY GOEBEL	USA	1
american-open-east-2026	Senior Women -49kg	Cindy LIN	USA	3
american-open-east-2026	Senior Women -49kg	Soraya MIKHAIL	USA	
american-open-east-2026	Senior Women -49kg	JAZLEEN ROMERO	USA	1
american-open-east-2026	Senior Women -49kg	Erin CHO	USA	2
american-open-east-2026	Senior Women -49kg	Nathalee CRUZ	USA	
american-open-east-2026	Senior Women -49kg	River WINSLOW	USA	3
american-open-east-2026	Senior Women -49kg	LYNN MACH	USA	
american-open-east-2026	Senior Women -53kg	ARIANA CHRISTENSEN	USA	
american-open-east-2026	Senior Women -53kg	SOFIA SHUMSKY	USA	
american-open-east-2026	Senior Women -53kg	Leah MITELBERG	USA	2
american-open-east-2026	Senior Women -53kg	Fernanda ROMERO	USA	3
american-open-east-2026	Senior Women -53kg	GAIA CASTILLO	USA	
american-open-east-2026	Senior Women -53kg	Gabriela NOWAK	USA	
american-open-east-2026	Senior Women -53kg	Sophy CUTTER	USA	1
american-open-east-2026	Senior Women -53kg	VIKTORIA CHERNOLUTSKI	USA	
american-open-east-2026	Senior Women -53kg	Wenjia QU	USA	
american-open-east-2026	Senior Women -53kg	CAROLYN LEE	USA	
american-open-east-2026	Senior Women -53kg	Soraya VILLA	USA	3
american-open-east-2026	Senior Women -57kg	KAMDYN NEWSOME	USA	2
american-open-east-2026	Senior Women -57kg	Samantha GUIRACOCHA	USA	3
american-open-east-2026	Senior Women -57kg	MAKAYLA GREENWOOD	USA	1
american-open-east-2026	Senior Women -57kg	Caterina FULTON	USA	3
american-open-east-2026	Senior Women -62kg	ISABELLA FAZEKAS	USA	1
american-open-east-2026	Senior Women -62kg	JORDAN DALES	USA	
american-open-east-2026	Senior Women -62kg	KAYLA SHANAHAN	USA	3
american-open-east-2026	Senior Women -62kg	Shevana AU YANG	USA	
american-open-east-2026	Senior Women -62kg	Allison YAN	USA	2
american-open-east-2026	Senior Women -62kg	YOUNGSEO YI	USA	3
american-open-east-2026	Senior Women -67kg	MEGAN REILLY	USA	3
american-open-east-2026	Senior Women -67kg	LESLIE DANIELS	USA	2
american-open-east-2026	Senior Women -67kg	RUTH BRUMELS	USA	3
american-open-east-2026	Senior Women -67kg	JESSICA GNIEDZIEJKO	USA	1
american-open-east-2026	Senior Women -73kg	Yaeni LIM	USA	1
american-open-east-2026	Senior Women -73kg	Makhosazana SY SAVANE	USA	3
american-open-east-2026	Senior Women -73kg	KYLIE DEPKA	USA	2
american-open-east-2026	Senior Women +73kg	STEPHANIE DOUGLAS	USA	2
american-open-east-2026	Senior Women +73kg	Kallie KOCH	USA	3
american-open-east-2026	Senior Women +73kg	Christina KIBASSA-MALIBA	USA	1
american-open-east-2026	Senior Women +73kg	ALEXA SOLOMON	USA	3
american-open-east-2026	Senior Men -54kg	PAYTON VOGEL	USA	3
american-open-east-2026	Senior Men -54kg	Andrew JOHNSTON	USA	
american-open-east-2026	Senior Men -54kg	Robert BANKS III	USA	1
american-open-east-2026	Senior Men -54kg	GERALD LAURORE	USA	
american-open-east-2026	Senior Men -54kg	ALEXANDER NIEVES	USA	3
american-open-east-2026	Senior Men -54kg	MARCUS MCCALPIN	USA	2
american-open-east-2026	Senior Men -58kg	CHARLES ALEJO-DICKEY	USA	2
american-open-east-2026	Senior Men -58kg	ARAGORN CLEMENTE	USA	
american-open-east-2026	Senior Men -58kg	Triet TRAN	USA	
american-open-east-2026	Senior Men -58kg	Roosevelt MCCLENDON	USA	
american-open-east-2026	Senior Men -58kg	Jonny LIU	USA	
american-open-east-2026	Senior Men -58kg	JEAN LABATTE	USA	3
american-open-east-2026	Senior Men -58kg	OWEN ZHANG	USA	
american-open-east-2026	Senior Men -58kg	Yan RODRÍGUEZ	USA	
american-open-east-2026	Senior Men -58kg	LUKE DUROCHER	USA	
american-open-east-2026	Senior Men -58kg	JOSEPH MANG	USA	
american-open-east-2026	Senior Men -58kg	Michael HOYOS	USA	
american-open-east-2026	Senior Men -58kg	FABIO TAMAY	USA	
american-open-east-2026	Senior Men -58kg	TRINIDAD SAABEDRA	USA	1
american-open-east-2026	Senior Men -58kg	MELVY ALVAREZ	USA	
american-open-east-2026	Senior Men -58kg	DARIO BERNAL	USA	
american-open-east-2026	Senior Men -58kg	Ethan HANCE	USA	
american-open-east-2026	Senior Men -58kg	CHRISTOPHER FLORES	USA	3
american-open-east-2026	Senior Men -63kg	TAYLOR DULIN	USA	
american-open-east-2026	Senior Men -63kg	Rayane SOUMANA HAMANI	USA	2
american-open-east-2026	Senior Men -63kg	Ezra JU	USA	
american-open-east-2026	Senior Men -63kg	PIERCE BRUNO	USA	
american-open-east-2026	Senior Men -63kg	NOAH QUINONES-SCOTT	USA	3
american-open-east-2026	Senior Men -63kg	CHRISTOPHER YOON	USA	
american-open-east-2026	Senior Men -63kg	Tanner FRANCIS	USA	3
american-open-east-2026	Senior Men -63kg	Constantine KIM	USA	
american-open-east-2026	Senior Men -63kg	TYLER BALESTRACCI	USA	1
american-open-east-2026	Senior Men -68kg	NATHEN MINER	USA	2
american-open-east-2026	Senior Men -68kg	Leonardo FULTON	USA	
american-open-east-2026	Senior Men -68kg	Victory NWEZE	USA	
american-open-east-2026	Senior Men -68kg	JAY LIN	USA	3
american-open-east-2026	Senior Men -68kg	Colin CHOI	USA	
american-open-east-2026	Senior Men -68kg	BRYSON SHIN	USA	
american-open-east-2026	Senior Men -68kg	Alexander HEISLER	USA	3
american-open-east-2026	Senior Men -68kg	Oladipo OMOKANWAYE	USA	
american-open-east-2026	Senior Men -68kg	SHELDON WILCOX	USA	1
american-open-east-2026	Senior Men -74kg	DANIEL ALEXANDER	USA	3
american-open-east-2026	Senior Men -74kg	DAVID STARK	USA	
american-open-east-2026	Senior Men -74kg	Brayden COOK	USA	
american-open-east-2026	Senior Men -74kg	Gabriel ISAACS	USA	
american-open-east-2026	Senior Men -74kg	BENJAMIN PETERS	USA	2
american-open-east-2026	Senior Men -74kg	Van Alexandre YAO	USA	
american-open-east-2026	Senior Men -74kg	ABHISHEK NARANG	USA	1
american-open-east-2026	Senior Men -74kg	RYAN MOHAMADI	USA	
american-open-east-2026	Senior Men -74kg	Pawan KUMAR	USA	
american-open-east-2026	Senior Men -74kg	DAVIN JOHNSON	USA	3
american-open-east-2026	Senior Men -80kg	MORONI CASTILLO	USA	3
american-open-east-2026	Senior Men -80kg	AARON ISAACS	USA	1
american-open-east-2026	Senior Men -80kg	NICHOLAS YATES	USA	3
american-open-east-2026	Senior Men -80kg	Stavros MOUSTAKEAS	USA	2
american-open-east-2026	Senior Men -87kg	Esteban REYES CANALES	USA	3
american-open-east-2026	Senior Men -87kg	Yazid VAZQUEZ	USA	
american-open-east-2026	Senior Men -87kg	Robert FLEMING	USA	2
american-open-east-2026	Senior Men -87kg	IFUNANYA NWOGBAGA	USA	
american-open-east-2026	Senior Men -87kg	MARLON PEREZ	USA	1
american-open-east-2026	Senior Men -87kg	Jonathan HENRY	USA	3
american-open-east-2026	Senior Men +87kg	Frantz MOISE	USA	3
american-open-east-2026	Senior Men +87kg	Christian KIBASSA	USA	
american-open-east-2026	Senior Men +87kg	Connor GAUTHIER	USA	
american-open-east-2026	Senior Men +87kg	Robert SENEY	USA	
american-open-east-2026	Senior Men +87kg	Rez CHOWDHURY	USA	1
american-open-east-2026	Senior Men +87kg	Malik JENKINS	USA	
american-open-east-2026	Senior Men +87kg	BRIAN CHOI	USA	3
american-open-east-2026	Senior Men +87kg	MARCELINO PEREZ	USA	
american-open-east-2026	Senior Men +87kg	Bryan DAVIS	USA	2
american-open-east-2026	Senior Men +87kg	NICHOLAS CAGGIA	USA	
american-open-west-2026	Senior Women -46kg	CALIANA FONSECA	USA	1
american-open-west-2026	Senior Women -46kg	SHELLEY JOCEL DILAG	USA	
american-open-west-2026	Senior Women -46kg	Elizabeth LI	USA	3
american-open-west-2026	Senior Women -46kg	MARLENE TORRES	USA	3
american-open-west-2026	Senior Women -46kg	MELANIE GONZALES	USA	
american-open-west-2026	Senior Women -46kg	Gabby JEAN-BAPTISTO	USA	
american-open-west-2026	Senior Women -46kg	Gunnar SUMNER	USA	2
american-open-west-2026	Senior Women -49kg	Isabella NANNY	USA	3
american-open-west-2026	Senior Women -49kg	ALINA MARTIROSYAN	USA	2
american-open-west-2026	Senior Women -49kg	MONIQUE VILLASENOR	USA	
american-open-west-2026	Senior Women -49kg	KAYLEE KIM	USA	3
american-open-west-2026	Senior Women -49kg	ZHOE CHRISTIAN	USA	
american-open-west-2026	Senior Women -49kg	Trinity YAMADA	USA	1
american-open-west-2026	Senior Women -49kg	MAGGIE SHIBA	USA	
american-open-west-2026	Senior Women -53kg	Soraya VILLA	USA	1
american-open-west-2026	Senior Women -53kg	ENIDA MEHINOVIC	USA	3
american-open-west-2026	Senior Women -53kg	EDNA PEREZ	USA	
american-open-west-2026	Senior Women -53kg	SOPHIA OH	USA	3
american-open-west-2026	Senior Women -53kg	Ashly SOLIS	USA	
american-open-west-2026	Senior Women -53kg	IANA AHN	USA	2
american-open-west-2026	Senior Women -53kg	VALERIE LARSON	USA	
american-open-west-2026	Senior Women -57kg	GRACE SHIBA	USA	1
american-open-west-2026	Senior Women -57kg	Sydel NAVIDBAKHSH	USA	
american-open-west-2026	Senior Women -57kg	Michelle KHARE	USA	3
american-open-west-2026	Senior Women -57kg	Lexi SADLER	USA	
american-open-west-2026	Senior Women -57kg	RYAN ARAUJO	USA	2
american-open-west-2026	Senior Women -57kg	CAMILA RIVERO	USA	
american-open-west-2026	Senior Women -57kg	Mia LYDIA	USA	3
american-open-west-2026	Senior Women -62kg	CHRISTINA CHIMAL	USA	3
american-open-west-2026	Senior Women -62kg	CAITLYN COX	USA	1
american-open-west-2026	Senior Women -62kg	Emma CONNALLY	USA	
american-open-west-2026	Senior Women -62kg	GABRIELA DE JESUS	USA	
american-open-west-2026	Senior Women -62kg	Leslie Jasmine REI	USA	2
american-open-west-2026	Senior Women -62kg	SOPHIA MONARREZ	USA	
american-open-west-2026	Senior Women -62kg	ARA ZANDIEH	USA	3
american-open-west-2026	Senior Women -73kg	LEANNA CHAN	USA	1
american-open-west-2026	Senior Women -73kg	Michelle WARREN	USA	2
american-open-west-2026	Senior Men -54kg	JOAQUIN LUCIANO	USA	1
american-open-west-2026	Senior Men -54kg	NATHANIEL TAING	USA	
american-open-west-2026	Senior Men -54kg	ISAIAH GONZALES	USA	
american-open-west-2026	Senior Men -54kg	ALEJANDRO MEDINA	USA	3
american-open-west-2026	Senior Men -54kg	EDISON ROSBARSKY	USA	
american-open-west-2026	Senior Men -54kg	Ryan MARTINE	USA	3
american-open-west-2026	Senior Men -54kg	Carlos VARGAS	USA	
american-open-west-2026	Senior Men -54kg	MICHAEL IGNACIO	USA	2
american-open-west-2026	Senior Men -58kg	TRINIDAD SAABEDRA	USA	1
american-open-west-2026	Senior Men -58kg	NICHOLAS KNIGHT	USA	
american-open-west-2026	Senior Men -58kg	PRAHCHOMVONG THAY	USA	
american-open-west-2026	Senior Men -58kg	LESILI BERTELSEN	USA	3
american-open-west-2026	Senior Men -58kg	Ryan MILLER	USA	
american-open-west-2026	Senior Men -58kg	SERGI SERPUKHOVITINOV	USA	
american-open-west-2026	Senior Men -58kg	Jonny LIU	USA	
american-open-west-2026	Senior Men -58kg	FERNANDO PEREZ	USA	
american-open-west-2026	Senior Men -58kg	Dezman GALWAY	USA	
american-open-west-2026	Senior Men -58kg	Alejandro RAYAS	USA	2
american-open-west-2026	Senior Men -58kg	FELIX MONTIEL	USA	
american-open-west-2026	Senior Men -58kg	COLE NORETTO	USA	
american-open-west-2026	Senior Men -58kg	AIDAN NO	USA	
american-open-west-2026	Senior Men -58kg	JOSEPH MANG	USA	3
american-open-west-2026	Senior Men -63kg	RODRIGO NEGRETE	USA	
american-open-west-2026	Senior Men -63kg	Abd Alsalam ALOUBEADY	USA	2
american-open-west-2026	Senior Men -63kg	Angelo GARZA	USA	
american-open-west-2026	Senior Men -63kg	KENNETH KWON	USA	3
american-open-west-2026	Senior Men -63kg	Constantine KIM	USA	
american-open-west-2026	Senior Men -63kg	JACK BOMMERSBACH	USA	3
american-open-west-2026	Senior Men -63kg	Mandan SANDVEN	USA	
american-open-west-2026	Senior Men -63kg	ERIC FRENKEL	USA	1
american-open-west-2026	Senior Men -63kg	SANTIAGO ENRIQUE SANDEJAS	USA	
american-open-west-2026	Senior Men -63kg	CHRISTOPHER ALLEN	USA	
american-open-west-2026	Senior Men -68kg	JORDAN PANOTES	USA	3
american-open-west-2026	Senior Men -68kg	Gabriel SANDOVAL	USA	
american-open-west-2026	Senior Men -68kg	Jihoon HAN	USA	
american-open-west-2026	Senior Men -68kg	MARTIN MAMADALIEV	USA	
american-open-west-2026	Senior Men -68kg	MARC-DANIEL JUMANAN	USA	1
american-open-west-2026	Senior Men -68kg	Alexander HUNTER	USA	
american-open-west-2026	Senior Men -68kg	ERIC MORGAN	USA	3
american-open-west-2026	Senior Men -68kg	Matt JEAN-BAPTISTO	USA	
american-open-west-2026	Senior Men -68kg	RAY HUERTA	USA	2
american-open-west-2026	Senior Men -74kg	TIMOTHY SALAS	USA	3
american-open-west-2026	Senior Men -74kg	BENJAMIN REGALADO	USA	
american-open-west-2026	Senior Men -74kg	BARRON MOSTELLER	USA	1
american-open-west-2026	Senior Men -74kg	Emilio GONZALEZ	USA	3
american-open-west-2026	Senior Men -74kg	ALAN ORTIZ	USA	
american-open-west-2026	Senior Men -74kg	Namir SINGLETON	USA	2
american-open-west-2026	Senior Men -80kg	SERGIO CASTILLO	USA	2
american-open-west-2026	Senior Men -80kg	JOSHUA RIGG	USA	3
american-open-west-2026	Senior Men -80kg	DEVIN CASSELL	USA	3
american-open-west-2026	Senior Men -80kg	PETER SOKOLENKO	USA	1
american-open-west-2026	Senior Men -87kg	KEVIN HUYNH	USA	1
american-open-west-2026	Senior Men -87kg	Justin JIMENEZ	USA	2
american-open-west-2026	Senior Men -87kg	Yazid VAZQUEZ	USA	3
american-open-west-2026	Senior Men +87kg	NICHOLAS CARLO	USA	1
american-open-west-2026	Senior Men +87kg	Nicholas HO	USA	3
american-open-west-2026	Senior Men +87kg	BOBBY DARVISH	USA	
american-open-west-2026	Senior Men +87kg	KAI GOLDBLATT	USA	2
american-open-west-2026	Senior Men +87kg	NICHOLAS CAGGIA	USA	3
