presidents-cup-oceania-2026	Senior Men -54kg	R16	308	CHENG Yuen fung	HKG	CHAU Nathan	AUS	PTF	2:0
presidents-cup-oceania-2026	Senior Men -54kg	R16	309	OKAZAKI Seiji	JPN	PANG Keston	SGP	PTF	2:1
presidents-cup-oceania-2026	Senior Men -54kg	R16	310	CHAU Ngai long	HKG	COHEN Lior	AUS	PTF	2:0
presidents-cup-oceania-2026	Senior Men -54kg	R16	311	OHARA Keishin	JPN	INOUE Manato	JPN	PTF	2:0
presidents-cup-oceania-2026	Senior Men -54kg	R16	312	IWAKIRI Yuya	JPN	GREGORY-HUNT Ashton-lee	NZL	PTF	2:0
presidents-cup-oceania-2026	Senior Men -54kg	QF	321	DE MORAES Giovanni aubin	BRA	CHENG Yuen fung	HKG	PTF	2:0
presidents-cup-oceania-2026	Senior Men -54kg	QF	322	CHAU Ngai long	HKG	OKAZAKI Seiji	JPN	PTF	2:1
presidents-cup-oceania-2026	Senior Men -54kg	QF	323	HIDAYAT Aziz	INA	OHARA Keishin	JPN	PTF	2:0
presidents-cup-oceania-2026	Senior Men -54kg	QF	324	GUN Youngsuk ethan	USA	IWAKIRI Yuya	JPN	PTF	2:0
presidents-cup-oceania-2026	Senior Men -54kg	SF	329	DE MORAES Giovanni aubin	BRA	CHAU Ngai long	HKG	PTF	2:0
presidents-cup-oceania-2026	Senior Men -54kg	SF	330	GUN Youngsuk ethan	USA	HIDAYAT Aziz	INA	PTF	2:0
presidents-cup-oceania-2026	Senior Men -54kg	F	333	DE MORAES Giovanni aubin	BRA	GUN Youngsuk ethan	USA	PTF	2:1
presidents-cup-oceania-2026	Senior Men -58kg	R32	701	HEALY Seth	AUS	REEBY Bradley	AUS	PTF	2:0
presidents-cup-oceania-2026	Senior Men -58kg	R32	702	BRINDAMOHAN Nithan	CAN	KNIGHT Nicholas	TTO	PTF	2:0
presidents-cup-oceania-2026	Senior Men -58kg	R32	703	OKAMOTO Kai	JPN	DE Moises eduardo	DOM	PTF	2:0
presidents-cup-oceania-2026	Senior Men -58kg	R32	704	TREMBATH George	AUS	TIN YIU Chu	HKG	PTF	2:0
presidents-cup-oceania-2026	Senior Men -58kg	R32	705	OHARA Ryusei	JPN	LAY Dante carmelo	AUS		
presidents-cup-oceania-2026	Senior Men -58kg	R16	709	CHIOK Chun yin	HKG	HEALY Seth	AUS	PTF	2:0
presidents-cup-oceania-2026	Senior Men -58kg	R16	710	ALDAOUD Ja'afar	JOR	SMITH Noah	NZL	PTF	2:0
presidents-cup-oceania-2026	Senior Men -58kg	R16	711	BRINDAMOHAN Nithan	CAN	HAMDI Riad nasser a	KSA	PTF	2:0
presidents-cup-oceania-2026	Senior Men -58kg	R16	712	SALIM Sharif gergely	HUN	OKAMOTO Kai	JPN	PTF	2:0
presidents-cup-oceania-2026	Senior Men -58kg	R16	713	DE DIOS JOSE Alex	ESP	TREMBATH George	AUS	PTF	2:0
presidents-cup-oceania-2026	Senior Men -58kg	R16	714	CHEN Jiacheng	CHN	ONGGOSANUSI Clement	VAN	PTF	2:0
presidents-cup-oceania-2026	Senior Men -58kg	R16	715	ALMUSHRAF Abdullah essa a	KSA	MARTIN-MORANDEAU Thiago	NCD	PTF	2:0
presidents-cup-oceania-2026	Senior Men -58kg	R16	716	PAN Kuei-an	TPE	OHARA Ryusei	JPN	PTF	2:0
presidents-cup-oceania-2026	Senior Men -58kg	QF	721	ALDAOUD Ja'afar	JOR	CHIOK Chun yin	HKG	PTF	2:0
presidents-cup-oceania-2026	Senior Men -58kg	QF	722	SALIM Sharif gergely	HUN	BRINDAMOHAN Nithan	CAN	PTF	2:0
presidents-cup-oceania-2026	Senior Men -58kg	QF	723	CHEN Jiacheng	CHN	DE DIOS JOSE Alex	ESP	PTF	2:0
presidents-cup-oceania-2026	Senior Men -58kg	QF	724	ALMUSHRAF Abdullah essa a	KSA	PAN Kuei-an	TPE	PTF	2:0
presidents-cup-oceania-2026	Senior Men -58kg	SF	727	ALDAOUD Ja'afar	JOR	SALIM Sharif gergely	HUN	PTF	2:0
presidents-cup-oceania-2026	Senior Men -58kg	SF	728	CHEN Jiacheng	CHN	ALMUSHRAF Abdullah essa a	KSA	PTF	2:1
presidents-cup-oceania-2026	Senior Men -58kg	F	730	ALDAOUD Ja'afar	JOR	CHEN Jiacheng	CHN	PTF	2:0
presidents-cup-oceania-2026	Senior Men -63kg	R32	606	ZHAFIF Kavka	INA	MARTIN Jack	AUS	PTF	2:0
presidents-cup-oceania-2026	Senior Men -63kg	R32	607	CAO Geremy	AUS	HUNT Adin	AUS	PTF	2:0
presidents-cup-oceania-2026	Senior Men -63kg	R32	608	LIRA Victor augusto	BRA	MACO Ethan	AUS		
presidents-cup-oceania-2026	Senior Men -63kg	R32	706	ORCHARD Jack	AUS	YE Chung yui	HKG	PTF	2:0
presidents-cup-oceania-2026	Senior Men -63kg	R32	707	ALHALAWANI Zaid	JOR	LAYLAND Bradley	AUS	PTF	2:0
presidents-cup-oceania-2026	Senior Men -63kg	R32	708	BETTS Dustin	AUS	DOWN Harrison	AUS	RSC	2:1
presidents-cup-oceania-2026	Senior Men -63kg	R16	617	HUANG Cho-cheng	TPE	ZHAFIF Kavka	INA	PTF	2:0
presidents-cup-oceania-2026	Senior Men -63kg	R16	618	CHOY Aaron	AUS	CAO Geremy	AUS	PTF	2:0
presidents-cup-oceania-2026	Senior Men -63kg	R16	619	INOUE Shuki	JPN	WANG Hao tian (buddy)	AUS	PTF	2:0
presidents-cup-oceania-2026	Senior Men -63kg	R16	620	LIRA Victor augusto	BRA	MAEDA Hidetaka	JPN	PTF	2:0
presidents-cup-oceania-2026	Senior Men -63kg	R16	717	SUMMERFIELD Matthew	AUS	ORCHARD Jack	AUS	PTF	2:0
presidents-cup-oceania-2026	Senior Men -63kg	R16	718	YEH Chi-hsun	TPE	VITAPA Atiola johnson	TGA	PTF	2:0
presidents-cup-oceania-2026	Senior Men -63kg	R16	719	ALHALAWANI Zaid	JOR	BAYNE Karl	NZL	PTF	2:0
presidents-cup-oceania-2026	Senior Men -63kg	R16	720	CHAN Kin fung	HKG	BETTS Dustin	AUS	PTF	2:0
presidents-cup-oceania-2026	Senior Men -63kg	QF	625	HUANG Cho-cheng	TPE	CHOY Aaron	AUS	PTF	2:0
presidents-cup-oceania-2026	Senior Men -63kg	QF	626	LIRA Victor augusto	BRA	INOUE Shuki	JPN	PTF	2:1
presidents-cup-oceania-2026	Senior Men -63kg	QF	725	SUMMERFIELD Matthew	AUS	YEH Chi-hsun	TPE	PTF	2:0
presidents-cup-oceania-2026	Senior Men -63kg	QF	726	ALHALAWANI Zaid	JOR	CHAN Kin fung	HKG	PTF	2:1
presidents-cup-oceania-2026	Senior Men -63kg	SF	629	HUANG Cho-cheng	TPE	LIRA Victor augusto	BRA	PTF	2:0
presidents-cup-oceania-2026	Senior Men -63kg	SF	729	ALHALAWANI Zaid	JOR	SUMMERFIELD Matthew	AUS	PTF	2:1
presidents-cup-oceania-2026	Senior Men -63kg	F	631	HUANG Cho-cheng	TPE	ALHALAWANI Zaid	JOR	WDR	
presidents-cup-oceania-2026	Senior Men -68kg	R32	601	MASSIMINO Christian	AUS	CYPRIEN Vetea	NCD	PTF	2:0
presidents-cup-oceania-2026	Senior Men -68kg	R32	602	ANGELL Leonardo	AUS	LEE Jun	NZL	PTF	2:0
presidents-cup-oceania-2026	Senior Men -68kg	R32	603	SALIM Omar gergely	HUN	ORCHARD Lachlan	AUS	PTF	2:1
presidents-cup-oceania-2026	Senior Men -68kg	R32	604	BRECELY Beau	AUS	LAM Chak mun	HKG	PTF	2:1
presidents-cup-oceania-2026	Senior Men -68kg	R32	605	PAN Kuei en	TPE	CUSHING Tait	AUS		
presidents-cup-oceania-2026	Senior Men -68kg	R16	609	OLIVERO TORO Cristian	CHI	MASSIMINO Christian	AUS	PTF	2:0
presidents-cup-oceania-2026	Senior Men -68kg	R16	610	HILAL Ali	CAN	MOALA Venilaite samuel otto	TGA	PTF	2:0
presidents-cup-oceania-2026	Senior Men -68kg	R16	611	LO Wai fung	HKG	ANGELL Leonardo	AUS	PTF	2:0
presidents-cup-oceania-2026	Senior Men -68kg	R16	612	HSU Hao-yu	TPE	SALIM Omar gergely	HUN	PTF	2:0
presidents-cup-oceania-2026	Senior Men -68kg	R16	613	NIKOLOVSKI Xavier	AUS	BRECELY Beau	AUS	PTF	2:0
presidents-cup-oceania-2026	Senior Men -68kg	R16	614	TSURUOKA Rei	JPN	SABLJAK Lucas	AUS	PTF	2:1
presidents-cup-oceania-2026	Senior Men -68kg	R16	615	CHEN Yufan	CHN	CAI Yu-hao	TPE	PTF	2:0
presidents-cup-oceania-2026	Senior Men -68kg	R16	616	PAN Kuei en	TPE	SOUZA DINIZ Joao victor	BRA	PTF	2:1
presidents-cup-oceania-2026	Senior Men -68kg	QF	621	OLIVERO TORO Cristian	CHI	HILAL Ali	CAN	PTF	2:0
presidents-cup-oceania-2026	Senior Men -68kg	QF	622	HSU Hao-yu	TPE	LO Wai fung	HKG	PTF	2:1
presidents-cup-oceania-2026	Senior Men -68kg	QF	623	NIKOLOVSKI Xavier	AUS	TSURUOKA Rei	JPN	PTF	2:0
presidents-cup-oceania-2026	Senior Men -68kg	QF	624	CHEN Yufan	CHN	PAN Kuei en	TPE	PTF	2:0
presidents-cup-oceania-2026	Senior Men -68kg	SF	627	OLIVERO TORO Cristian	CHI	HSU Hao-yu	TPE	PTF	2:0
presidents-cup-oceania-2026	Senior Men -68kg	SF	628	NIKOLOVSKI Xavier	AUS	CHEN Yufan	CHN	PTF	2:1
presidents-cup-oceania-2026	Senior Men -68kg	F	630	OLIVERO TORO Cristian	CHI	NIKOLOVSKI Xavier	AUS	PTF	2:0
presidents-cup-oceania-2026	Senior Men -74kg	R32	502	HILAL Yassine	CAN	TAMAYAMA Koichi	JPN	PTF	2:0
presidents-cup-oceania-2026	Senior Men -74kg	R32	503	NIU Guansen	CHN	GIBSON Alexander	AUS		
presidents-cup-oceania-2026	Senior Men -74kg	R16	512	IORSS Rahiti	FPO	HILAL Yassine	CAN	PTF	2:1
presidents-cup-oceania-2026	Senior Men -74kg	R16	513	TAM Ching nam	HKG	PUERTOLLANO Jadon	NZL	PTF	2:0
presidents-cup-oceania-2026	Senior Men -74kg	R16	514	TSAI Sheng-liang	TPE	PRAKASH Nipesh	FIJ	PTF	2:0
presidents-cup-oceania-2026	Senior Men -74kg	R16	515	RAGHEB Taye	AUS	SUNG Wang shing	HKG	PTF	2:0
presidents-cup-oceania-2026	Senior Men -74kg	R16	516	KAREEM Zaid	JOR	MATIN Fida	AUS	PTF	2:0
presidents-cup-oceania-2026	Senior Men -74kg	R16	517	VYKOV Amir	RUS	ROWE Tane	AUS	PTF	2:0
presidents-cup-oceania-2026	Senior Men -74kg	R16	518	HUANG Yu jui	TPE	WATENE Maxwell	COK	PTF	2:0
presidents-cup-oceania-2026	Senior Men -74kg	R16	519	NIU Guansen	CHN	KATOH Takato	JPN	PTF	2:0
presidents-cup-oceania-2026	Senior Men -74kg	QF	524	IORSS Rahiti	FPO	TAM Ching nam	HKG	PTF	2:0
presidents-cup-oceania-2026	Senior Men -74kg	QF	525	TSAI Sheng-liang	TPE	RAGHEB Taye	AUS	PTF	2:0
presidents-cup-oceania-2026	Senior Men -74kg	QF	526	KAREEM Zaid	JOR	VYKOV Amir	RUS	PTF	2:1
presidents-cup-oceania-2026	Senior Men -74kg	QF	527	NIU Guansen	CHN	HUANG Yu jui	TPE	PTF	2:0
presidents-cup-oceania-2026	Senior Men -74kg	SF	530	IORSS Rahiti	FPO	TSAI Sheng-liang	TPE	PTF	2:0
presidents-cup-oceania-2026	Senior Men -74kg	SF	531	KAREEM Zaid	JOR	NIU Guansen	CHN	PTF	2:1
presidents-cup-oceania-2026	Senior Men -74kg	F	533	KAREEM Zaid	JOR	IORSS Rahiti	FPO	PTF	2:0
presidents-cup-oceania-2026	Senior Men -80kg	R32	501	MCMAHON Luke	AUS	HALLINAN Samuel	NZL	PTF	2:0
presidents-cup-oceania-2026	Senior Men -80kg	R16	504	CHURCHILL Joaquin	CHI	MCMAHON Luke	AUS	PTF	2:0
presidents-cup-oceania-2026	Senior Men -80kg	R16	505	MANSFIELD Zaine	AUS	DO. Jason	NCD	PTF	2:0
presidents-cup-oceania-2026	Senior Men -80kg	R16	506	SWEENEY Liam	AUS	OR Pak lam	GBR	PTF	2:0
presidents-cup-oceania-2026	Senior Men -80kg	R16	507	ALADARBI Mohammad	JOR	PRIHARTINI-ZONNEVELD Jacob	AUS	PTF	2:0
presidents-cup-oceania-2026	Senior Men -80kg	R16	508	MYTAREV Artem	RUS	TRANTER Angus	AUS	PTF	2:0
presidents-cup-oceania-2026	Senior Men -80kg	R16	509	HAMEDI Tareg ali m	KSA	RAIHAN FADHILA Mhd	INA	PTF	2:1
presidents-cup-oceania-2026	Senior Men -80kg	R16	510	SEJRANOVIC Leon	AUS	TUPOU Akuila	TGA	PTF	2:0
presidents-cup-oceania-2026	Senior Men -80kg	R16	511	HUNG Jiun-yi	TPE	ALLANSON Maverick	AUS	PTF	2:0
presidents-cup-oceania-2026	Senior Men -80kg	QF	520	CHURCHILL Joaquin	CHI	MANSFIELD Zaine	AUS	PTF	2:0
presidents-cup-oceania-2026	Senior Men -80kg	QF	521	ALADARBI Mohammad	JOR	SWEENEY Liam	AUS	PTF	2:1
presidents-cup-oceania-2026	Senior Men -80kg	QF	522	MYTAREV Artem	RUS	HAMEDI Tareg ali m	KSA	PTF	2:0
presidents-cup-oceania-2026	Senior Men -80kg	QF	523	HUNG Jiun-yi	TPE	SEJRANOVIC Leon	AUS	PTF	2:0
presidents-cup-oceania-2026	Senior Men -80kg	SF	528	CHURCHILL Joaquin	CHI	ALADARBI Mohammad	JOR	PTF	2:0
presidents-cup-oceania-2026	Senior Men -80kg	SF	529	MYTAREV Artem	RUS	HUNG Jiun-yi	TPE	PTF	2:0
presidents-cup-oceania-2026	Senior Men -80kg	F	532	CHURCHILL Joaquin	CHI	MYTAREV Artem	RUS	PTF	2:0
presidents-cup-oceania-2026	Senior Men -87kg	QF	216	MEIRELLES Arthur	BRA	STEWART Jobe	AUS	PTF	2:0
presidents-cup-oceania-2026	Senior Men -87kg	SF	225	MEIRELLES Arthur	BRA	ELSHARABATY Saleh	JOR	PTF	2:0
presidents-cup-oceania-2026	Senior Men -87kg	SF	226	CHEN Liang-hsi	TPE	EBATA Hidenori	JPN	PTF	2:1
presidents-cup-oceania-2026	Senior Men -87kg	F	231	MEIRELLES Arthur	BRA	CHEN Liang-hsi	TPE	PTF	2:1
presidents-cup-oceania-2026	Senior Men +87kg	QF	124	HUANG Yu-jen	TPE	FINAU Herwan	NCD	PTF	2:0
presidents-cup-oceania-2026	Senior Men +87kg	QF	125	STILLEY Aiden	AUS	DUGGAN Kayne	NZL	PTF	2:0
presidents-cup-oceania-2026	Senior Men +87kg	QF	126	LARIN Vladislav	RUS	SITAPA Isikeli	TGA	PTF	2:0
presidents-cup-oceania-2026	Senior Men +87kg	SF	129	AIUKAEV Rafail	RUS	HUANG Yu-jen	TPE	PTF	2:0
presidents-cup-oceania-2026	Senior Men +87kg	SF	130	LARIN Vladislav	RUS	STILLEY Aiden	AUS	PTF	2:0
presidents-cup-oceania-2026	Senior Men +87kg	F	132	AIUKAEV Rafail	RUS	LARIN Vladislav	RUS	PTF	2:0
presidents-cup-oceania-2026	Senior Women -46kg	R16	205	GOMEZ Chelsea	AUS	KAWASHIMA Nana	JPN	PTF	2:1
presidents-cup-oceania-2026	Senior Women -46kg	R16	206	CASTRO Christine	NZL	SEKIYA Kae	JPN	PTF	2:1
presidents-cup-oceania-2026	Senior Women -46kg	R16	207	LAHOOD Juliet	AUS	MA Sum yi	HKG	PTF	2:0
presidents-cup-oceania-2026	Senior Women -46kg	QF	217	BEKULOVA Milana	RUS	GOMEZ Chelsea	AUS	PTF	2:0
presidents-cup-oceania-2026	Senior Women -46kg	QF	218	WANG Chieh-ling	TPE	LAU Tsz wan	HKG	PTF	2:0
presidents-cup-oceania-2026	Senior Women -46kg	QF	219	OKAZAKI Hinata	JPN	CASTRO Christine	NZL	PTF	2:0
presidents-cup-oceania-2026	Senior Women -46kg	QF	220	LAHOOD Juliet	AUS	HUANG Ying hsuan	TPE	PTF	2:1
presidents-cup-oceania-2026	Senior Women -46kg	SF	227	BEKULOVA Milana	RUS	WANG Chieh-ling	TPE	PTF	2:0
presidents-cup-oceania-2026	Senior Women -46kg	SF	228	LAHOOD Juliet	AUS	OKAZAKI Hinata	JPN	PTF	2:1
presidents-cup-oceania-2026	Senior Women -46kg	F	232	BEKULOVA Milana	RUS	LAHOOD Juliet	AUS	PTF	2:0
presidents-cup-oceania-2026	Senior Women -49kg	R16	303	LI Mixue	CHN	LAM Siu wai	HKG	PTF	2:0
presidents-cup-oceania-2026	Senior Women -49kg	R16	304	OKAMOTO Ruka	JPN	DE ROBERTIS Valentina	AUS	PTF	2:0
presidents-cup-oceania-2026	Senior Women -49kg	R16	305	GOSCH CAMARGO Camilly	BRA	PAPPAS Ruby	AUS	PTF	2:0
presidents-cup-oceania-2026	Senior Women -49kg	R16	306	MURAKAMI China	JPN	OSHINDEN Sakura	JPN	PTF	2:0
presidents-cup-oceania-2026	Senior Women -49kg	R16	307	ANGELOVA Alisa	RUS	TAMBYRAJAH Saffron	AUS	PTF	2:0
presidents-cup-oceania-2026	Senior Women -49kg	QF	317	LIU You-yun	TPE	LI Mixue	CHN	PTF	2:0
presidents-cup-oceania-2026	Senior Women -49kg	QF	318	GOSCH CAMARGO Camilly	BRA	OKAMOTO Ruka	JPN	PTF	2:0
presidents-cup-oceania-2026	Senior Women -49kg	QF	319	MURAKAMI China	JPN	MEDVEDEVA Galina	RUS	PTF	2:0
presidents-cup-oceania-2026	Senior Women -49kg	QF	320	ANGELOVA Alisa	RUS	ATESLI Supharada	GER	PTF	2:1
presidents-cup-oceania-2026	Senior Women -49kg	SF	327	GOSCH CAMARGO Camilly	BRA	LIU You-yun	TPE	PTF	2:0
presidents-cup-oceania-2026	Senior Women -49kg	SF	328	ANGELOVA Alisa	RUS	MURAKAMI China	JPN	PTF	2:1
presidents-cup-oceania-2026	Senior Women -49kg	F	332	ANGELOVA Alisa	RUS	GOSCH CAMARGO Camilly	BRA	PTF	2:1
presidents-cup-oceania-2026	Senior Women -53kg	R32	201	JIANG Yi-syuan	TPE	ADAM Tasneem	AUS	PTF	2:0
presidents-cup-oceania-2026	Senior Women -53kg	R32	202	TAMANG Anjali	NEP	KHALIL Yasmin	AUS	PTF	2:0
presidents-cup-oceania-2026	Senior Women -53kg	R32	203	ABD ELMESSEH Miriam	AUS	YUEN Man ming	GBR	PTF	2:1
presidents-cup-oceania-2026	Senior Women -53kg	R32	204	CHAN Yeuk yu	HKG	CHRISTOFFEL Tamzin	AUS		
presidents-cup-oceania-2026	Senior Women -53kg	R16	208	ABUTALEB Dunya ali m	KSA	JIANG Yi-syuan	TPE	PTF	2:0
presidents-cup-oceania-2026	Senior Women -53kg	R16	209	MOTTA Bianca	AUS	SO Yuen ting	HKG	PTF	2:1
presidents-cup-oceania-2026	Senior Women -53kg	R16	210	ROSSI SANTOS Larissa nascimento	BRA	QUERUBIN Sofia	AUS	PTF	2:0
presidents-cup-oceania-2026	Senior Women -53kg	R16	211	HERBERTSON Reyna	AUS	TAMANG Anjali	NEP	PTF	2:0
presidents-cup-oceania-2026	Senior Women -53kg	R16	212	KATOH Yuzuho	JPN	ABD ELMESSEH Miriam	AUS	PTF	2:0
presidents-cup-oceania-2026	Senior Women -53kg	R16	213	CHIANG Chih yun	TPE	JIANG Yi-shan	TPE	PTF	2:0
presidents-cup-oceania-2026	Senior Women -53kg	R16	214	TAN Nichelle	SGP	MASIELLO Giuliana	AUS	PTF	2:0
presidents-cup-oceania-2026	Senior Women -53kg	R16	215	BARROS Nivea	BRA	CHAN Yeuk yu	HKG	PTF	2:0
presidents-cup-oceania-2026	Senior Women -53kg	QF	221	ABUTALEB Dunya ali m	KSA	MOTTA Bianca	AUS	PTF	2:0
presidents-cup-oceania-2026	Senior Women -53kg	QF	222	ROSSI SANTOS Larissa nascimento	BRA	HERBERTSON Reyna	AUS	PTF	2:1
presidents-cup-oceania-2026	Senior Women -53kg	QF	223	CHIANG Chih yun	TPE	KATOH Yuzuho	JPN	PTF	2:0
presidents-cup-oceania-2026	Senior Women -53kg	QF	224	BARROS Nivea	BRA	TAN Nichelle	SGP	PTF	2:1
presidents-cup-oceania-2026	Senior Women -53kg	SF	229	ABUTALEB Dunya ali m	KSA	ROSSI SANTOS Larissa nascimento	BRA	PTF	2:0
presidents-cup-oceania-2026	Senior Women -53kg	SF	230	BARROS Nivea	BRA	CHIANG Chih yun	TPE	PTF	2:1
presidents-cup-oceania-2026	Senior Women -53kg	F	233	ABUTALEB Dunya ali m	KSA	BARROS Nivea	BRA	PTF	2:0
presidents-cup-oceania-2026	Senior Women -57kg	R16	401	LAW Sin yi	HKG	EVANS Amarlie	AUS	PTF	2:0
presidents-cup-oceania-2026	Senior Women -57kg	QF	410	KHIRFAN Fadia	JOR	LAW Sin yi	HKG	PTF	2:0
presidents-cup-oceania-2026	Senior Women -57kg	QF	411	REZAIE Roja	GER	NISHIDA Mao	JPN	PTF	2:0
presidents-cup-oceania-2026	Senior Women -57kg	QF	412	ZDOR Kseniia	RUS	HYMER Stacey	AUS	PTF	2:1
presidents-cup-oceania-2026	Senior Women -57kg	QF	413	LIN Wei-chun	TPE	PAVIA Bianca	AUS	PTF	2:0
presidents-cup-oceania-2026	Senior Women -57kg	SF	422	KHIRFAN Fadia	JOR	REZAIE Roja	GER	PTF	2:0
presidents-cup-oceania-2026	Senior Women -57kg	SF	423	LIN Wei-chun	TPE	ZDOR Kseniia	RUS	PTF	2:1
presidents-cup-oceania-2026	Senior Women -57kg	F	428	KHIRFAN Fadia	JOR	LIN Wei-chun	TPE	PTF	2:0
presidents-cup-oceania-2026	Senior Women -62kg	R16	405	CLARK Mila	AUS	ABELA Rose letizia	AUS	PTF	2:0
presidents-cup-oceania-2026	Senior Women -62kg	R16	406	WANG Wei-chia	TPE	DONALDSON Belinda	AUS	PTF	2:0
presidents-cup-oceania-2026	Senior Women -62kg	R16	407	SITAPA Angel	TGA	NAVUGA NAITASI Lolohea	FIJ	PTF	2:0
presidents-cup-oceania-2026	Senior Women -62kg	R16	408	HORSELL Riley	AUS	FAN Phoebe	AUS	PTF	2:0
presidents-cup-oceania-2026	Senior Women -62kg	R16	409	STROEDER Madeline	CAN	OTTER Sophie	AUS	PTF	2:0
presidents-cup-oceania-2026	Senior Women -62kg	QF	418	BLEWITT Gabriella	AUS	CLARK Mila	AUS	PTF	2:0
presidents-cup-oceania-2026	Senior Women -62kg	QF	419	WANG Wei-chia	TPE	SITAPA Angel	TGA	PTF	2:0
presidents-cup-oceania-2026	Senior Women -62kg	QF	420	IORSS Kawehi	FPO	HORSELL Riley	AUS	PTF	2:0
presidents-cup-oceania-2026	Senior Women -62kg	QF	421	KHUZINA Liliia	RUS	STROEDER Madeline	CAN	PTF	2:0
presidents-cup-oceania-2026	Senior Women -62kg	SF	426	WANG Wei-chia	TPE	BLEWITT Gabriella	AUS	PTF	2:0
presidents-cup-oceania-2026	Senior Women -62kg	SF	427	KHUZINA Liliia	RUS	IORSS Kawehi	FPO	PTF	2:0
presidents-cup-oceania-2026	Senior Women -62kg	F	430	KHUZINA Liliia	RUS	WANG Wei-chia	TPE	PTF	2:0
presidents-cup-oceania-2026	Senior Women -67kg	R16	402	CHANG Jui-en	TPE	MEDD Saskia	AUS	PTF	2:1
presidents-cup-oceania-2026	Senior Women -67kg	R16	403	LIN Chia-hsuan	TPE	GOULD Holly	NZL	PTF	2:0
presidents-cup-oceania-2026	Senior Women -67kg	R16	404	WEMAMA Mayling	NCD	SOUHAM Mariam	AUS	PTF	2:0
presidents-cup-oceania-2026	Senior Women -67kg	QF	414	KOERNDL Vanessa	GER	CHANG Jui-en	TPE	PTF	2:0
presidents-cup-oceania-2026	Senior Women -67kg	QF	415	MOTLOKH Sofiia	RUS	LEVESTAM Isabella	NZL	PTF	2:0
presidents-cup-oceania-2026	Senior Women -67kg	QF	416	LIN Chia-hsuan	TPE	REZAIE Hasina	AUS	DSQ	1:0
presidents-cup-oceania-2026	Senior Women -67kg	QF	417	ALRAWASHDEH Razan mohammed	JOR	WEMAMA Mayling	NCD	PTF	2:0
presidents-cup-oceania-2026	Senior Women -67kg	SF	424	KOERNDL Vanessa	GER	MOTLOKH Sofiia	RUS	PTF	2:0
presidents-cup-oceania-2026	Senior Women -67kg	SF	425	ALRAWASHDEH Razan mohammed	JOR	LIN Chia-hsuan	TPE	PTF	2:0
presidents-cup-oceania-2026	Senior Women -67kg	F	429	KOERNDL Vanessa	GER	ALRAWASHDEH Razan mohammed	JOR	PTF	2:0
presidents-cup-oceania-2026	Senior Women -73kg	R16	301	LIN Yi-chen	TPE	BAAK Akon	AUS	PTF	2:0
presidents-cup-oceania-2026	Senior Women -73kg	R16	302	MEDD Katja	AUS	BURT Morgan	NZL	PTF	2:0
presidents-cup-oceania-2026	Senior Women -73kg	QF	313	KOSMYCHEVA Anastasiia	RUS	LIN Yi-chen	TPE	PTF	2:0
presidents-cup-oceania-2026	Senior Women -73kg	QF	314	HOERMANN Emily	GER	LOLOHEA Pauline	TGA	PTF	2:0
presidents-cup-oceania-2026	Senior Women -73kg	QF	315	MURRAY Rebecca	AUS	CHANG Chiao min	TPE	PTF	2:0
presidents-cup-oceania-2026	Senior Women -73kg	QF	316	SABER Dunya bushuaib a	KSA	MEDD Katja	AUS	PTF	2:1
presidents-cup-oceania-2026	Senior Women -73kg	SF	325	KOSMYCHEVA Anastasiia	RUS	HOERMANN Emily	GER	PTF	2:0
presidents-cup-oceania-2026	Senior Women -73kg	SF	326	SABER Dunya bushuaib a	KSA	MURRAY Rebecca	AUS	PTF	2:0
presidents-cup-oceania-2026	Senior Women -73kg	F	331	KOSMYCHEVA Anastasiia	RUS	SABER Dunya bushuaib a	KSA	PTF	2:1
presidents-cup-oceania-2026	Senior Women +73kg	QF	121	FOUNTAIN Rachel	CAN	FAITANGANE Alisi	TGA	PTF	2:1
presidents-cup-oceania-2026	Senior Women +73kg	QF	122	LU Yanpei	CHN	STEWART Reba	AUS	PTF	2:0
presidents-cup-oceania-2026	Senior Women +73kg	QF	123	SHVEDKOVA Polina	RUS	CHEN Nai-cih	TPE	PTF	2:0
presidents-cup-oceania-2026	Senior Women +73kg	SF	127	ALADE Naomi	USA	FOUNTAIN Rachel	CAN	PTF	2:0
presidents-cup-oceania-2026	Senior Women +73kg	SF	128	SHVEDKOVA Polina	RUS	LU Yanpei	CHN	PTF	2:0
presidents-cup-oceania-2026	Senior Women +73kg	F	131	ALADE Naomi	USA	SHVEDKOVA Polina	RUS	PTF	2:0
dutch-open-2026	Senior Men -54kg	R32	1001	ARNAY CURBELO Antonio ramon	ESP	DUBAR Armaan	NED	PTF	2:1
dutch-open-2026	Senior Men -54kg	R32	1002	ZYWARSKI Filip	POL	LABONG Finn	GBR	PTF	2:0
dutch-open-2026	Senior Men -54kg	R32	1003	HAMI Muhammed	TRT	KODAMAN Seyit yasin	GER	PTF	2:0
dutch-open-2026	Senior Men -54kg	R32	1004	GARCIA Noah	POR	COHEN Lior	AUS	PTF	2:0
dutch-open-2026	Senior Men -54kg	R32	1005	CARRION COSTA Alejandro	ESP	ACHMAD Raihan	INA	PTF	2:0
dutch-open-2026	Senior Men -54kg	R32	1006	CIRIVELLO Gaetano	ITA	BOUKARNIA Hamza	FRA	PTF	2:0
dutch-open-2026	Senior Men -54kg	R32	1007	OTERO SOUSA Javier	ESP	CHAU Nathan	AUS	PTF	2:0
dutch-open-2026	Senior Men -54kg	R32	1008	ALMUSHRAF Abdullah essa a	KSA	PAPACHARALAMPOUS Nikolaos	GRE	PTF	2:0
dutch-open-2026	Senior Men -54kg	R32	1009	OWEN Haddad	FRA	DAVILA Adrian	ESP	PTF	2:1
dutch-open-2026	Senior Men -54kg	R32	1010	ALVAREZ Franco Moreno	PER	MAJCZYNA Bartosz	POL	PTF	2:0
dutch-open-2026	Senior Men -54kg	R32	1011	ROȘCA Artiom	MDA	CHRZANOWSKI Pawel	POL	PTF	2:0
dutch-open-2026	Senior Men -54kg	R32	1012	QIAN Jiacai	CHN	HOARAU Ichem	FRA	PTF	2:1
dutch-open-2026	Senior Men -54kg	R32	1013	NADAL MIR Bernat	ESP	HASSAN M BUHARI Muteb	KSA	PTF	2:0
dutch-open-2026	Senior Men -54kg	R32	1014	DERMANIS Spyridon michail	GRE	KOUKOUSOUDIS Evangelos	GER	PTF	2:1
dutch-open-2026	Senior Men -54kg	R16	1015	DE MORAES Giovanni aubin	BRA	ARNAY CURBELO Antonio ramon	ESP	PTF	2:0
dutch-open-2026	Senior Men -54kg	R16	1016	ZYWARSKI Filip	POL	HAMI Muhammed	TRT	PTF	2:1
dutch-open-2026	Senior Men -54kg	R16	1017	GARCIA Noah	POR	CARRION COSTA Alejandro	ESP	PTF	2:1
dutch-open-2026	Senior Men -54kg	R16	1018	CIRIVELLO Gaetano	ITA	OTERO SOUSA Javier	ESP	PTF	2:1
dutch-open-2026	Senior Men -54kg	R16	1019	ALMUSHRAF Abdullah essa a	KSA	OWEN Haddad	FRA	WDR	1:0
dutch-open-2026	Senior Men -54kg	R16	1020	ROȘCA Artiom	MDA	ALVAREZ Franco Moreno	PER	PTF	2:0
dutch-open-2026	Senior Men -54kg	R16	1021	QIAN Jiacai	CHN	NADAL MIR Bernat	ESP	PTF	2:0
dutch-open-2026	Senior Men -54kg	R16	1022	AGENJO TRIGOS Jairo	ESP	DERMANIS Spyridon michail	GRE	PTF	2:0
dutch-open-2026	Senior Men -54kg	QF	1023	DE MORAES Giovanni aubin	BRA	ZYWARSKI Filip	POL	PTF	2:0
dutch-open-2026	Senior Men -54kg	QF	1024	CIRIVELLO Gaetano	ITA	GARCIA Noah	POR	PTF	2:0
dutch-open-2026	Senior Men -54kg	QF	1025	ROȘCA Artiom	MDA	ALMUSHRAF Abdullah essa a	KSA	PTF	2:0
dutch-open-2026	Senior Men -54kg	QF	1026	AGENJO TRIGOS Jairo	ESP	QIAN Jiacai	CHN	PTF	2:0
dutch-open-2026	Senior Men -54kg	SF	1027	DE MORAES Giovanni aubin	BRA	CIRIVELLO Gaetano	ITA	PTF	2:1
dutch-open-2026	Senior Men -54kg	SF	1028	AGENJO TRIGOS Jairo	ESP	ROȘCA Artiom	MDA	PTF	2:0
dutch-open-2026	Senior Men -54kg	F	1029	AGENJO TRIGOS Jairo	ESP	DE MORAES Giovanni aubin	BRA	PTF	2:0
dutch-open-2026	Senior Men -58kg	R64	201	FUENTES David	GUA	BAHROUM Mohamed	FRA	PTF	2:0
dutch-open-2026	Senior Men -58kg	R64	202	BOJERUD BANDAGO Elias ibrahim	SWE	BOUHAJEB Yassine	FRA	PTF	2:0
dutch-open-2026	Senior Men -58kg	R64	203	ELIA Luigi antonio	ITA	JARA DOMINGUEZ Sergio	ESP	PTF	2:0
dutch-open-2026	Senior Men -58kg	R64	204	DJONKO Ibrahim	BIH	SOKOLOWSKI Antoni	POL	PTF	2:1
dutch-open-2026	Senior Men -58kg	R64	205	GUEYE Mouhamadou fadillou mbac.	SEN	PIRROTTINA Mattia	SUI	PTF	2:0
dutch-open-2026	Senior Men -58kg	R64	206	MAJCZYNA Karol	POL	DO Sang	GER	PTF	2:0
dutch-open-2026	Senior Men -58kg	R64	207	POBLADOR Enrique	ESP	N'GAIDE Idriss	FRA	PTF	2:0
dutch-open-2026	Senior Men -58kg	R64	301	HUANG Cho-cheng	TPE	CIRES MUNOZ Alejandro	ESP	PTF	2:0
dutch-open-2026	Senior Men -58kg	R64	302	AMELHAYI Mehdi	FRA	MARWAN Mussa	SWE	PTF	2:1
dutch-open-2026	Senior Men -58kg	R64	303	ADEMI Bleron	KOS	COSTA Luis	POR	PTF	2:0
dutch-open-2026	Senior Men -58kg	R64	304	KAFATARIDIS Ioannis	GRE	MOZAFARI Ehsan	NED	PTF	2:0
dutch-open-2026	Senior Men -58kg	R64	305	GRANIER-AMEUR Aikan	AUS	CARREIRA MALLO Pablo	ESP	PTF	2:0
dutch-open-2026	Senior Men -58kg	R64	306	DELGADO David	ESP	MISSOSSI Nzamba nzamba	GAB	PTF	2:0
dutch-open-2026	Senior Men -58kg	R64	307	LEPAPE Andreas	FRA	VERBEEK Sam	NED	PTF	2:0
dutch-open-2026	Senior Men -58kg	R64	308	CHENG Kai	CHN	RAZAKARISOA Jarry	MAD	PTF	2:0
dutch-open-2026	Senior Men -58kg	R64	309	DRAZKIEWICZ Igor	POL	HARLAND Maximillian	AUT	PTF	2:0
dutch-open-2026	Senior Men -58kg	R64	310	NAVARRETE Fabricio antonio	PER	HIDALGO Carlos Rodríguez	ESP	PTF	2:0
dutch-open-2026	Senior Men -58kg	R64	401	PAZOS SIERRA Marcos	ESP	BOTTA Baptiste	FRA	PTF	2:0
dutch-open-2026	Senior Men -58kg	R64	402	FARNES Ricki Gene	DEN	VAINIO Veeti	FIN	PTF	2:0
dutch-open-2026	Senior Men -58kg	R64	403	HAMDI Riad nasser a	KSA	JAKOVAC Vito	IRL	PTF	2:0
dutch-open-2026	Senior Men -58kg	R32	220	DE DIOS JOSE Alex	ESP	FUENTES David	GUA	PTF	2:0
dutch-open-2026	Senior Men -58kg	R32	221	GELADZE Vitali	GEO	BOJERUD BANDAGO Elias ibrahim	SWE	PTF	2:1
dutch-open-2026	Senior Men -58kg	R32	222	ELIA Luigi antonio	ITA	BOUKARNIA Amine	FRA	PTF	2:0
dutch-open-2026	Senior Men -58kg	R32	223	DJONKO Ibrahim	BIH	ABDEL HALIM Khaled	GER	PTF	2:0
dutch-open-2026	Senior Men -58kg	R32	224	MAJCZYNA Karol	POL	GUEYE Mouhamadou fadillou mbac.	SEN	PTF	2:1
dutch-open-2026	Senior Men -58kg	R32	311	MOLLE Milan	NED	POBLADOR Enrique	ESP	PTF	2:1
dutch-open-2026	Senior Men -58kg	R32	312	PSARROS Aristeidis nikolaos	GRE	HUANG Cho-cheng	TPE	PTF	2:0
dutch-open-2026	Senior Men -58kg	R32	313	ADEMI Bleron	KOS	AMELHAYI Mehdi	FRA	PTF	2:0
dutch-open-2026	Senior Men -58kg	R32	314	DEL VECCHIO Teodoro	ITA	KAFATARIDIS Ioannis	GRE	PTF	2:1
dutch-open-2026	Senior Men -58kg	R32	315	TESKERA Josip	CRO	GRANIER-AMEUR Aikan	AUS	PTF	2:0
dutch-open-2026	Senior Men -58kg	R32	316	CORTES Carlos	MEX	DELGADO David	ESP	PTF	2:0
dutch-open-2026	Senior Men -58kg	R32	317	FOTI Giuseppe	ITA	LEPAPE Andreas	FRA	PTF	2:0
dutch-open-2026	Senior Men -58kg	R32	318	CHENG Kai	CHN	DRAZKIEWICZ Igor	POL	PTF	2:0
dutch-open-2026	Senior Men -58kg	R32	319	DIMITROPOULOS Konstantinos	GRE	NAVARRETE Fabricio antonio	PER	PTF	2:0
dutch-open-2026	Senior Men -58kg	R32	409	MANENKOV Maksym	UKR	PAZOS SIERRA Marcos	ESP	PTF	2:0
dutch-open-2026	Senior Men -58kg	R32	410	HAMDI Riad nasser a	KSA	FARNES Ricki Gene	DEN	PTF	2:0
dutch-open-2026	Senior Men -58kg	R16	233	DE DIOS JOSE Alex	ESP	GELADZE Vitali	GEO	PTF	2:0
dutch-open-2026	Senior Men -58kg	R16	234	ELIA Luigi antonio	ITA	DJONKO Ibrahim	BIH	PTF	2:0
dutch-open-2026	Senior Men -58kg	R16	326	MOLLE Milan	NED	MAJCZYNA Karol	POL	PTF	2:0
dutch-open-2026	Senior Men -58kg	R16	327	PSARROS Aristeidis nikolaos	GRE	ADEMI Bleron	KOS	PTF	2:0
dutch-open-2026	Senior Men -58kg	R16	328	DEL VECCHIO Teodoro	ITA	TESKERA Josip	CRO	PTF	2:0
dutch-open-2026	Senior Men -58kg	R16	329	FOTI Giuseppe	ITA	CORTES Carlos	MEX	PTF	2:0
dutch-open-2026	Senior Men -58kg	R16	330	CHENG Kai	CHN	DIMITROPOULOS Konstantinos	GRE	PTF	2:1
dutch-open-2026	Senior Men -58kg	R16	427	HAMDI Riad nasser a	KSA	MANENKOV Maksym	UKR	WDR	1:0
dutch-open-2026	Senior Men -58kg	QF	239	DE DIOS JOSE Alex	ESP	HAMDI Riad nasser a	KSA	PTF	2:1
dutch-open-2026	Senior Men -58kg	QF	335	ELIA Luigi antonio	ITA	MOLLE Milan	NED	PTF	2:1
dutch-open-2026	Senior Men -58kg	QF	336	PSARROS Aristeidis nikolaos	GRE	DEL VECCHIO Teodoro	ITA	PTF	2:0
dutch-open-2026	Senior Men -58kg	QF	337	CHENG Kai	CHN	FOTI Giuseppe	ITA	PTF	2:1
dutch-open-2026	Senior Men -58kg	SF	340	DE DIOS JOSE Alex	ESP	ELIA Luigi antonio	ITA	PTF	2:0
dutch-open-2026	Senior Men -58kg	SF	341	PSARROS Aristeidis nikolaos	GRE	CHENG Kai	CHN	PTF	2:0
dutch-open-2026	Senior Men -58kg	F	343	PSARROS Aristeidis nikolaos	GRE	DE DIOS JOSE Alex	ESP	PTF	2:0
dutch-open-2026	Senior Men -63kg	R64	509	MEMETI Dionis	SUI	SHADY Noah	GER	PTF	2:1
dutch-open-2026	Senior Men -63kg	R64	601	PAN Kuei-an	TPE	KLABER Joshua	ARU	PTF	2:0
dutch-open-2026	Senior Men -63kg	R64	602	FERNANDEZ Nicolas	ESP	CASELLA Oscar	SUI	PTF	2:0
dutch-open-2026	Senior Men -63kg	R64	603	CHARNIAK Viktar	BLR	GUREL Enes ali	GER	PTF	2:0
dutch-open-2026	Senior Men -63kg	R64	604	KHAVARI Mahdi	TRT	OUHNINI Youssef	MAR	PTF	2:0
dutch-open-2026	Senior Men -63kg	R64	605	LAANTRI Hamza	ITA	MONTOYA ZANCUDO Alvaro	ESP	PTF	2:0
dutch-open-2026	Senior Men -63kg	R64	606	SABLJAK Lucas	AUS	SAFFAK Utku	GER	PTF	2:0
dutch-open-2026	Senior Men -63kg	R64	607	STRUGLINSKI Bartosz	POL	GOURSOT Lenny	FRA	PTF	2:1
dutch-open-2026	Senior Men -63kg	R64	608	MYLONAS Angelos	GRE	SOLTYSIAK Jakub	POL	PTF	2:0
dutch-open-2026	Senior Men -63kg	R64	609	CORDOBA Alvaro	ESP	SCHOENMAKERS Shymano	NED	PTF	2:0
dutch-open-2026	Senior Men -63kg	R64	610	MONTEIRO Pierre	FRA	SPRECA Tommaso	ITA	PTF	2:1
dutch-open-2026	Senior Men -63kg	R64	611	AKHLAGI Mohammad asif	SUI	MELETIOU Thomas	GRE	PTF	2:0
dutch-open-2026	Senior Men -63kg	R32	527	BORGEN Kristian storsul	NOR	MEMETI Dionis	SUI	PTF	2:0
dutch-open-2026	Senior Men -63kg	R32	612	TZOURAS Georgios	GRE	CHEN Pen-ren	TPE	PTF	2:1
dutch-open-2026	Senior Men -63kg	R32	613	DELL'AQUILA Vito	ITA	PAN Kuei-an	TPE	PTF	2:0
dutch-open-2026	Senior Men -63kg	R32	614	ADEMI Valton	KOS	FERNANDEZ Nicolas	ESP	PTF	2:0
dutch-open-2026	Senior Men -63kg	R32	615	CHARNIAK Viktar	BLR	PAPIEROWSKI Dominik	POL	PTF	2:0
dutch-open-2026	Senior Men -63kg	R32	616	KHAVARI Mahdi	TRT	RAMOS Alejandro Castillo	PER	PTF	2:0
dutch-open-2026	Senior Men -63kg	R32	617	FERREIRA MASSA Kauan	BRA	COULIBALY Fadeby	LUX	PTF	2:0
dutch-open-2026	Senior Men -63kg	R32	618	OZKAYA Imran	GER	LAANTRI Hamza	ITA	PTF	2:0
dutch-open-2026	Senior Men -63kg	R32	619	MIRZOIEV Samir	UKR	SABLJAK Lucas	AUS	PTF	2:0
dutch-open-2026	Senior Men -63kg	R32	620	FRAILE Jesus	ESP	VISINSKI Patrik	CRO	PTF	2:0
dutch-open-2026	Senior Men -63kg	R32	621	STRUGLINSKI Bartosz	POL	LIU Xuan	CHN	PTF	2:0
dutch-open-2026	Senior Men -63kg	R32	622	IURLARO Ludovico	ITA	MYLONAS Angelos	GRE	PTF	2:0
dutch-open-2026	Senior Men -63kg	R32	623	SAFARYN Piotr	POL	CORDOBA Alvaro	ESP	PTF	2:0
dutch-open-2026	Senior Men -63kg	R32	624	FUNKENDORF Vladyslav	UKR	MONTEIRO Pierre	FRA	PTF	2:0
dutch-open-2026	Senior Men -63kg	R32	625	TIAN Changhao	CHN	FLOURIS Iosif	CYP	PTF	2:0
dutch-open-2026	Senior Men -63kg	R32	626	VICENTE YUNTA Adrian	ESP	AKHLAGI Mohammad asif	SUI	PTF	2:0
dutch-open-2026	Senior Men -63kg	R16	627	OZKAYA Imran	GER	FERREIRA MASSA Kauan	BRA	WDR	
dutch-open-2026	Senior Men -63kg	R16	628	DELL'AQUILA Vito	ITA	ADEMI Valton	KOS	PTF	2:0
dutch-open-2026	Senior Men -63kg	R16	629	KHAVARI Mahdi	TRT	CHARNIAK Viktar	BLR	PTF	2:1
dutch-open-2026	Senior Men -63kg	R16	630	BORGEN Kristian storsul	NOR	TZOURAS Georgios	GRE	PTF	2:0
dutch-open-2026	Senior Men -63kg	R16	631	MIRZOIEV Samir	UKR	FRAILE Jesus	ESP	PTF	2:0
dutch-open-2026	Senior Men -63kg	R16	632	IURLARO Ludovico	ITA	STRUGLINSKI Bartosz	POL	PTF	2:0
dutch-open-2026	Senior Men -63kg	R16	633	FUNKENDORF Vladyslav	UKR	SAFARYN Piotr	POL	PTF	2:0
dutch-open-2026	Senior Men -63kg	R16	634	VICENTE YUNTA Adrian	ESP	TIAN Changhao	CHN	PTF	2:1
dutch-open-2026	Senior Men -63kg	QF	635	BORGEN Kristian storsul	NOR	DELL'AQUILA Vito	ITA	PTF	2:0
dutch-open-2026	Senior Men -63kg	QF	636	OZKAYA Imran	GER	KHAVARI Mahdi	TRT	PTF	2:1
dutch-open-2026	Senior Men -63kg	QF	637	MIRZOIEV Samir	UKR	IURLARO Ludovico	ITA	PTF	2:1
dutch-open-2026	Senior Men -63kg	QF	638	VICENTE YUNTA Adrian	ESP	FUNKENDORF Vladyslav	UKR	PTF	2:0
dutch-open-2026	Senior Men -63kg	SF	639	BORGEN Kristian storsul	NOR	OZKAYA Imran	GER	WDR	
dutch-open-2026	Senior Men -63kg	SF	640	MIRZOIEV Samir	UKR	VICENTE YUNTA Adrian	ESP	PTF	2:0
dutch-open-2026	Senior Men -63kg	F	641	BORGEN Kristian storsul	NOR	MIRZOIEV Samir	UKR	PTF	2:0
dutch-open-2026	Senior Men -68kg	R64	1101	CAI Yu-hao	TPE	GUMUS Feyyaz	GER	PTF	2:0
dutch-open-2026	Senior Men -68kg	R64	1102	RAVET Cyrian	FRA	LOPEZ GONZALEZ Marcos	ESP	PTF	2:0
dutch-open-2026	Senior Men -68kg	R64	1103	VAN LIMPT Joep	NED	SOUSA Francisco	POR	PTF	2:1
dutch-open-2026	Senior Men -68kg	R64	1104	SPRECA Andrea	ITA	SILVA Ricardo	POR	PTF	2:0
dutch-open-2026	Senior Men -68kg	R64	1105	AZIZI Alisina	SUI	HUY Ethan	FRA	PTF	2:1
dutch-open-2026	Senior Men -68kg	R64	1106	NDIAYE Leopold	FRA	WORM Damon	NED	PTF	2:0
dutch-open-2026	Senior Men -68kg	R64	1107	GUILLET Erawan	FRA	ANDARABI Habil	GER	PTF	2:0
dutch-open-2026	Senior Men -68kg	R64	1108	CAVUSMAN Aslan eymen	GER	MASSIMINO Christian	AUS	PTF	2:1
dutch-open-2026	Senior Men -68kg	R64	1109	SALEY AOUDJI Ismael	BEL	TOFT Joel	DEN	PTF	2:0
dutch-open-2026	Senior Men -68kg	R64	1110	HUSSEIN Ulat	GER	BOON Joram	NED	PTF	2:0
dutch-open-2026	Senior Men -68kg	R64	1111	SAIB Badis	FRA	KOWALEWSKI Rafal	POL	PTF	2:0
dutch-open-2026	Senior Men -68kg	R64	1112	RIBBESTAD Markus	SWE	VAN KETS Elias	BEL	PTF	2:0
dutch-open-2026	Senior Men -68kg	R64	1113	KAVTARADZE Beka	GEO	MOHAMMED TAHA Skiri	MAR	PTF	2:0
dutch-open-2026	Senior Men -68kg	R64	1114	ATIADEVEY Kody	DEN	TEHURITAUA Jeremy	FRA	PTF	2:0
dutch-open-2026	Senior Men -68kg	R64	510	BONNA Baptiste	FRA	BOURHALLA Nour	SUI	PTF	2:0
dutch-open-2026	Senior Men -68kg	R32	1115	BARETTA Dennis	ITA	ROMERO Ian	PAN	PTF	2:0
dutch-open-2026	Senior Men -68kg	R32	1116	DJONKO Muhamed	BIH	CAI Yu-hao	TPE	PTF	2:0
dutch-open-2026	Senior Men -68kg	R32	1117	RAVET Cyrian	FRA	HYTTEL Tobias	DEN	PTF	2:1
dutch-open-2026	Senior Men -68kg	R32	1118	CHRZANOWSKI Mateusz	POL	VAN LIMPT Joep	NED	PTF	2:0
dutch-open-2026	Senior Men -68kg	R32	1119	SPRECA Andrea	ITA	SETTA Hamad	DEN	PTF	2:1
dutch-open-2026	Senior Men -68kg	R32	1120	AZIZI Alisina	SUI	VAN VULPEN Jesse	NED	PTF	2:1
dutch-open-2026	Senior Men -68kg	R32	1121	OLIVERO TORO Cristian	CHI	NDIAYE Leopold	FRA	PTF	2:0
dutch-open-2026	Senior Men -68kg	R32	1122	HOWELL Matthew	GBR	GUILLET Erawan	FRA	PTF	2:1
dutch-open-2026	Senior Men -68kg	R32	1123	CAVUSMAN Aslan eymen	GER	USCIMIUK Sebastian	POL	PTF	2:1
dutch-open-2026	Senior Men -68kg	R32	1124	ABBASI Ali reza	TRT	SALEY AOUDJI Ismael	BEL	PTF	2:0
dutch-open-2026	Senior Men -68kg	R32	1125	ABAD EXPOSITO Iker	ESP	HUSSEIN Ulat	GER	PTF	2:0
dutch-open-2026	Senior Men -68kg	R32	1126	HSU Hao-yu	TPE	SAIB Badis	FRA	PTF	2:0
dutch-open-2026	Senior Men -68kg	R32	1127	COULIBALY Sekou	LUX	RIBBESTAD Markus	SWE	PTF	2:0
dutch-open-2026	Senior Men -68kg	R32	1128	KAVTARADZE Beka	GEO	SZUKALSKI Bartosz	POL	PTF	2:0
dutch-open-2026	Senior Men -68kg	R32	1129	LIANG Yushuai	CHN	ATIADEVEY Kody	DEN	PTF	2:0
dutch-open-2026	Senior Men -68kg	R32	528	JORQUERA CALA Joan	ESP	BONNA Baptiste	FRA	PTF	2:0
dutch-open-2026	Senior Men -68kg	R16	1130	JORQUERA CALA Joan	ESP	BARETTA Dennis	ITA	PTF	2:0
dutch-open-2026	Senior Men -68kg	R16	1131	RAVET Cyrian	FRA	DJONKO Muhamed	BIH	PTF	2:1
dutch-open-2026	Senior Men -68kg	R16	1132	CHRZANOWSKI Mateusz	POL	SPRECA Andrea	ITA	PTF	2:0
dutch-open-2026	Senior Men -68kg	R16	1133	OLIVERO TORO Cristian	CHI	AZIZI Alisina	SUI	PTF	2:0
dutch-open-2026	Senior Men -68kg	R16	1134	HOWELL Matthew	GBR	CAVUSMAN Aslan eymen	GER	PTF	2:1
dutch-open-2026	Senior Men -68kg	R16	1135	ABAD EXPOSITO Iker	ESP	ABBASI Ali reza	TRT	PTF	2:0
dutch-open-2026	Senior Men -68kg	R16	1136	HSU Hao-yu	TPE	COULIBALY Sekou	LUX	DSQ	
dutch-open-2026	Senior Men -68kg	R16	1137	LIANG Yushuai	CHN	KAVTARADZE Beka	GEO	PTF	2:1
dutch-open-2026	Senior Men -68kg	QF	1138	RAVET Cyrian	FRA	JORQUERA CALA Joan	ESP	PTF	2:1
dutch-open-2026	Senior Men -68kg	QF	1139	OLIVERO TORO Cristian	CHI	CHRZANOWSKI Mateusz	POL	PTF	2:0
dutch-open-2026	Senior Men -68kg	QF	1140	HOWELL Matthew	GBR	ABAD EXPOSITO Iker	ESP	PTF	2:1
dutch-open-2026	Senior Men -68kg	QF	1141	LIANG Yushuai	CHN	HSU Hao-yu	TPE	PTF	2:1
dutch-open-2026	Senior Men -68kg	SF	1142	OLIVERO TORO Cristian	CHI	RAVET Cyrian	FRA	PTF	2:0
dutch-open-2026	Senior Men -68kg	SF	1143	LIANG Yushuai	CHN	HOWELL Matthew	GBR	PTF	2:1
dutch-open-2026	Senior Men -68kg	F	1144	OLIVERO TORO Cristian	CHI	LIANG Yushuai	CHN	WDR	1:0
dutch-open-2026	Senior Men -74kg	R64	1202	DE LUCAS GUEMEZ Marcos	ESP	KUO Jia-heng	TPE	PTF	2:0
dutch-open-2026	Senior Men -74kg	R64	1203	GARCIA KLAIL Pedro	ESP	AKHOUNDZADEH Samir	TRT	PTF	2:0
dutch-open-2026	Senior Men -74kg	R64	1204	HAKOBYAN Alexander	ESP	ALMEIDA RABELLO Fillipe	BRA	PTF	2:0
dutch-open-2026	Senior Men -74kg	R64	1205	POLCZYNSKI Adam	POL	PUJOL GILI Antoni	ESP	PTF	2:1
dutch-open-2026	Senior Men -74kg	R64	1206	VAN DER MEER Sjoerd	NED	POLCZYNSKI Tymoteusz	POL	PTF	2:1
dutch-open-2026	Senior Men -74kg	R64	1207	ALAPHILIPPE Souleyman	FRA	COLAK Nayan can	GER	PTF	2:0
dutch-open-2026	Senior Men -74kg	R64	1208	SURVILA Aironas	LTU	REIGERSBERG Lasse	NED	PTF	2:0
dutch-open-2026	Senior Men -74kg	R64	1209	OMEIRAT Mohamed	GER	MILKOTA Alyaxey	BLR	PTF	2:0
dutch-open-2026	Senior Men -74kg	R64	1210	BARHOUMI Yassine	FRA	EL HAJ KHALIL Mohamad	GER	PTF	2:0
dutch-open-2026	Senior Men -74kg	R32	1213	KINTSURASHVILI Zurab	GEO	DE LUCAS GUEMEZ Marcos	ESP	PTF	2:0
dutch-open-2026	Senior Men -74kg	R32	1214	SPICK Maximilian	GER	DAVASON Hogni	FRO	PTF	2:0
dutch-open-2026	Senior Men -74kg	R32	1215	GARCIA KLAIL Pedro	ESP	PAN Kuei en	TPE	PTF	2:0
dutch-open-2026	Senior Men -74kg	R32	1216	CAI Zhaoxun	CHN	HAKOBYAN Alexander	ESP	PTF	2:1
dutch-open-2026	Senior Men -74kg	R32	1217	MANGIONE Angelo	ITA	POLCZYNSKI Adam	POL	PTF	2:0
dutch-open-2026	Senior Men -74kg	R32	1218	HUANG Yu jui	TPE	CELIN Lyve-stone	FRA	PTF	2:0
dutch-open-2026	Senior Men -74kg	R32	1219	TSAI Sheng-liang	TPE	GASHI Jon	KOS	PTF	2:0
dutch-open-2026	Senior Men -74kg	R32	1220	QUESADA BARRERA Daniel	ESP	VAN DER MEER Sjoerd	NED	PTF	2:1
dutch-open-2026	Senior Men -74kg	R32	1221	ALAPHILIPPE Souleyman	FRA	SITTEK Tomas	CZE	PTF	2:1
dutch-open-2026	Senior Men -74kg	R32	1222	CEDRUN MARTINEZ Cesar	ESP	LOTT Liam	GER	PTF	2:1
dutch-open-2026	Senior Men -74kg	R32	1223	BALAKA Artem	UKR	AGUSHI Elion	KOS	PTF	2:0
dutch-open-2026	Senior Men -74kg	R32	1224	SURVILA Aironas	LTU	CUDNOCH Lukasz	POL	PTF	2:0
dutch-open-2026	Senior Men -74kg	R32	1225	CAMMAERTS Andes	BEL	OMEIRAT Mohamed	GER	PTF	2:1
dutch-open-2026	Senior Men -74kg	R32	1226	MOHAMMAD Ahmad	GER	O FOFANA Seydou	FRA	PTF	2:1
dutch-open-2026	Senior Men -74kg	R32	1227	MIRZOIEV Simur	UKR	HAMEDI Tareg ali m	KSA	PTF	2:0
dutch-open-2026	Senior Men -74kg	R32	1228	JORGENSEN Otto	DEN	BARHOUMI Yassine	FRA	PTF	2:0
dutch-open-2026	Senior Men -74kg	R16	1230	KINTSURASHVILI Zurab	GEO	SPICK Maximilian	GER	PTF	2:0
dutch-open-2026	Senior Men -74kg	R16	1231	CAI Zhaoxun	CHN	GARCIA KLAIL Pedro	ESP	PTF	2:1
dutch-open-2026	Senior Men -74kg	R16	1232	MANGIONE Angelo	ITA	HUANG Yu jui	TPE	PTF	2:0
dutch-open-2026	Senior Men -74kg	R16	1233	QUESADA BARRERA Daniel	ESP	TSAI Sheng-liang	TPE	PTF	2:0
dutch-open-2026	Senior Men -74kg	R16	1234	ALAPHILIPPE Souleyman	FRA	CEDRUN MARTINEZ Cesar	ESP	PTF	2:1
dutch-open-2026	Senior Men -74kg	R16	1235	BALAKA Artem	UKR	SURVILA Aironas	LTU	PTF	2:0
dutch-open-2026	Senior Men -74kg	R16	1236	MOHAMMAD Ahmad	GER	CAMMAERTS Andes	BEL	PTF	2:1
dutch-open-2026	Senior Men -74kg	R16	1237	MIRZOIEV Simur	UKR	JORGENSEN Otto	DEN	PTF	2:0
dutch-open-2026	Senior Men -74kg	QF	1238	KINTSURASHVILI Zurab	GEO	CAI Zhaoxun	CHN	PTF	2:1
dutch-open-2026	Senior Men -74kg	QF	1239	QUESADA BARRERA Daniel	ESP	MANGIONE Angelo	ITA	PTF	2:0
dutch-open-2026	Senior Men -74kg	QF	1240	ALAPHILIPPE Souleyman	FRA	BALAKA Artem	UKR	PTF	2:1
dutch-open-2026	Senior Men -74kg	QF	1241	MOHAMMAD Ahmad	GER	MIRZOIEV Simur	UKR	RSC	2:1
dutch-open-2026	Senior Men -74kg	SF	1242	KINTSURASHVILI Zurab	GEO	QUESADA BARRERA Daniel	ESP	PTF	2:0
dutch-open-2026	Senior Men -74kg	SF	1243	ALAPHILIPPE Souleyman	FRA	MOHAMMAD Ahmad	GER	WDR	
dutch-open-2026	Senior Men -74kg	F	1244	KINTSURASHVILI Zurab	GEO	ALAPHILIPPE Souleyman	FRA	PTF	2:0
dutch-open-2026	Senior Men -80kg	R64	501	BENCHAHBA Adam	ESP	ENGLITSCH Vincent	AUT	PTF	2:0
dutch-open-2026	Senior Men -80kg	R64	502	VESTERLUND Linus	SWE	LAWSON Matheo	TOG	PTF	2:0
dutch-open-2026	Senior Men -80kg	R64	503	PERUNIČIĆ Vasilije	MNE	SHAREEF Junas	DEN	PTF	2:0
dutch-open-2026	Senior Men -80kg	R64	504	CAMPUSANO Juan daniel	ESP	MATURO Emanuele vittorio	ITA	PTF	2:1
dutch-open-2026	Senior Men -80kg	R64	505	SZEJA Filip	GER	FERAD Alpay	NED	PTF	2:1
dutch-open-2026	Senior Men -80kg	R64	506	SOKOLOWSKI Mikolaj	POL	STAVROPOULOS Theoharys	GBR	PTF	2:0
dutch-open-2026	Senior Men -80kg	R64	507	GU Hongrui	CHN	SAHITI Mal	KOS	PTF	2:0
dutch-open-2026	Senior Men -80kg	R64	508	CALIK Enis	GER	GONZALEZ NUNEZ Giovanni	ESP	PTF	2:0
dutch-open-2026	Senior Men -80kg	R32	511	CHURCHILL Joaquin	CHI	BENCHAHBA Adam	ESP	PTF	2:0
dutch-open-2026	Senior Men -80kg	R32	512	MEIRELLES Arthur	BRA	WEIDUM Dion	NED	PTF	2:0
dutch-open-2026	Senior Men -80kg	R32	513	MILAN CANOVAS Juan antonio	ESP	NESHYBA Tomas	CZE	PTF	2:0
dutch-open-2026	Senior Men -80kg	R32	514	VESTERLUND Linus	SWE	CHARALAMBOUS Evangelos	CYP	PTF	2:0
dutch-open-2026	Senior Men -80kg	R32	515	HUNG Jiun-yi	TPE	PERUNIČIĆ Vasilije	MNE	PTF	2:0
dutch-open-2026	Senior Men -80kg	R32	516	JOCHMAN Adam	CZE	ROBLETO David	NCA	PTF	2:0
dutch-open-2026	Senior Men -80kg	R32	517	GUMUS Kaan	GER	THUNE Sebastian	NOR	PTF	2:0
dutch-open-2026	Senior Men -80kg	R32	518	XIANG Qizhang	CHN	CAMPUSANO Juan daniel	ESP	PTF	2:0
dutch-open-2026	Senior Men -80kg	R32	519	FERNANDEZ Mikel	ESP	SZEJA Filip	GER	PTF	2:0
dutch-open-2026	Senior Men -80kg	R32	520	MARTINHO Manuel	POR	CAMMAERTS Troy	BEL	PTF	2:1
dutch-open-2026	Senior Men -80kg	R32	521	ZHAO Junbo	CHN	RASZKOWSKI Wiktor	POL	PTF	2:0
dutch-open-2026	Senior Men -80kg	R32	522	PAPADOPOULOS Ioannis	GRE	SOKOLOWSKI Mikolaj	POL	PTF	2:0
dutch-open-2026	Senior Men -80kg	R32	523	GU Hongrui	CHN	SIGURJONSSON Gudmundur floki	ISL	PTF	2:0
dutch-open-2026	Senior Men -80kg	R32	524	NIKOLIC Matej	CRO	FELICITE Lawrence	FRA	PTF	2:0
dutch-open-2026	Senior Men -80kg	R32	525	SWEENEY Liam	AUS	HOERMANN Vincent	GER	WDR	
dutch-open-2026	Senior Men -80kg	R32	526	KOVACIC Oscar	CRO	CALIK Enis	GER	PTF	2:0
dutch-open-2026	Senior Men -80kg	R16	529	CHURCHILL Joaquin	CHI	MEIRELLES Arthur	BRA	PTF	2:0
dutch-open-2026	Senior Men -80kg	R16	530	MILAN CANOVAS Juan antonio	ESP	VESTERLUND Linus	SWE	PTF	2:1
dutch-open-2026	Senior Men -80kg	R16	531	HUNG Jiun-yi	TPE	JOCHMAN Adam	CZE	PTF	2:1
dutch-open-2026	Senior Men -80kg	R16	532	XIANG Qizhang	CHN	GUMUS Kaan	GER	PTF	2:0
dutch-open-2026	Senior Men -80kg	R16	533	FERNANDEZ Mikel	ESP	MARTINHO Manuel	POR	PTF	2:0
dutch-open-2026	Senior Men -80kg	R16	534	PAPADOPOULOS Ioannis	GRE	ZHAO Junbo	CHN	PTF	2:0
dutch-open-2026	Senior Men -80kg	R16	535	GU Hongrui	CHN	NIKOLIC Matej	CRO	PTF	2:0
dutch-open-2026	Senior Men -80kg	R16	536	KOVACIC Oscar	CRO	SWEENEY Liam	AUS	PTF	2:0
dutch-open-2026	Senior Men -80kg	QF	537	MILAN CANOVAS Juan antonio	ESP	CHURCHILL Joaquin	CHI	PTF	2:0
dutch-open-2026	Senior Men -80kg	QF	538	XIANG Qizhang	CHN	HUNG Jiun-yi	TPE	PTF	2:0
dutch-open-2026	Senior Men -80kg	QF	539	PAPADOPOULOS Ioannis	GRE	FERNANDEZ Mikel	ESP	PTF	2:1
dutch-open-2026	Senior Men -80kg	QF	540	GU Hongrui	CHN	KOVACIC Oscar	CRO	PTF	2:1
dutch-open-2026	Senior Men -80kg	SF	541	MILAN CANOVAS Juan antonio	ESP	XIANG Qizhang	CHN	PTF	2:0
dutch-open-2026	Senior Men -80kg	SF	542	GU Hongrui	CHN	PAPADOPOULOS Ioannis	GRE	PTF	2:0
dutch-open-2026	Senior Men -80kg	F	543	MILAN CANOVAS Juan antonio	ESP	GU Hongrui	CHN	PTF	2:0
dutch-open-2026	Senior Men -87kg	R32	805	HERRERA Hassani Andrade	PER	FRONDA Sandro	SWE	PTF	2:0
dutch-open-2026	Senior Men -87kg	R16	818	PIATKOWSKI Szymon	POL	HERRERA Hassani Andrade	PER	PTF	2:0
dutch-open-2026	Senior Men -87kg	R16	819	MENG Mingkuan	CHN	MARTIN SANCHEZ Alejandro	ESP	PTF	2:0
dutch-open-2026	Senior Men -87kg	R16	820	LLOPIS SANCHEZ Lucas	ESP	STEWART Jobe	AUS	PTF	2:0
dutch-open-2026	Senior Men -87kg	R16	821	ABEDINI Mehdi	TRT	NUCI Erol	BIH	PTF	2:0
dutch-open-2026	Senior Men -87kg	R16	822	THOLIOTIS Vasileios	GRE	DZIADOVICH Mikhail	BLR	PTF	2:0
dutch-open-2026	Senior Men -87kg	R16	823	CHEN Liang-hsi	TPE	ZU Jianwei	CHN	PTF	2:1
dutch-open-2026	Senior Men -87kg	R16	824	MOKHTARI Mohammad	TRT	BALCIUNAS Gabijus	LTU	PTF	2:0
dutch-open-2026	Senior Men -87kg	R16	825	TROITINO AMOEDO Sergio	ESP	KOUGBLENOU Kelly	GER	PTF	2:0
dutch-open-2026	Senior Men -87kg	QF	832	MENG Mingkuan	CHN	PIATKOWSKI Szymon	POL	PTF	2:0
dutch-open-2026	Senior Men -87kg	QF	833	ABEDINI Mehdi	TRT	LLOPIS SANCHEZ Lucas	ESP	PTF	2:0
dutch-open-2026	Senior Men -87kg	QF	834	CHEN Liang-hsi	TPE	THOLIOTIS Vasileios	GRE	PTF	2:1
dutch-open-2026	Senior Men -87kg	QF	835	TROITINO AMOEDO Sergio	ESP	MOKHTARI Mohammad	TRT	PTF	2:0
dutch-open-2026	Senior Men -87kg	SF	839	MENG Mingkuan	CHN	ABEDINI Mehdi	TRT	PTF	2:1
dutch-open-2026	Senior Men -87kg	SF	840	TROITINO AMOEDO Sergio	ESP	CHEN Liang-hsi	TPE	PTF	2:0
dutch-open-2026	Senior Men -87kg	F	843	TROITINO AMOEDO Sergio	ESP	MENG Mingkuan	CHN	PTF	2:1
dutch-open-2026	Senior Men +87kg	R16	320	JABLONSKI Zbigniew	POL	KUECUEKSUNGUR Kerim	GER	PTF	2:0
dutch-open-2026	Senior Men +87kg	R16	321	LAURENT Jonathan	MRN	BAILEZ MARTINEZ Marcos	ESP	PTF	2:1
dutch-open-2026	Senior Men +87kg	R16	322	DE ANGELIS Matteo	ITA	BRINK Kevin	SWE	PTF	2:1
dutch-open-2026	Senior Men +87kg	R16	323	YIN Yushuai	CHN	MOLIN Mattia	ITA	PTF	2:0
dutch-open-2026	Senior Men +87kg	R16	324	STEWART Jordan	CAN	SAIDI Isa	AUT	PTF	2:0
dutch-open-2026	Senior Men +87kg	R16	325	GORDO MERINO Raul	ESP	SOULIMANI Ilir	SUI	PTF	2:1
dutch-open-2026	Senior Men +87kg	QF	331	GARCIA MARTINEZ Ivan	ESP	JABLONSKI Zbigniew	POL	PTF	2:0
dutch-open-2026	Senior Men +87kg	QF	332	DE ANGELIS Matteo	ITA	LAURENT Jonathan	MRN	PTF	2:0
dutch-open-2026	Senior Men +87kg	QF	333	YIN Yushuai	CHN	STEWART Jordan	CAN	PTF	2:0
dutch-open-2026	Senior Men +87kg	QF	334	HUANG Yu-jen	TPE	GORDO MERINO Raul	ESP	PTF	2:0
dutch-open-2026	Senior Men +87kg	SF	338	GARCIA MARTINEZ Ivan	ESP	DE ANGELIS Matteo	ITA	PTF	2:0
dutch-open-2026	Senior Men +87kg	SF	339	HUANG Yu-jen	TPE	YIN Yushuai	CHN	PTF	2:1
dutch-open-2026	Senior Men +87kg	F	342	HUANG Yu-jen	TPE	GARCIA MARTINEZ Ivan	ESP	PTF	2:0
dutch-open-2026	Senior Women -46kg	R32	101	MARTINEZ Julia	ESP	RODRIGUEZ Noelia	GER	PTF	2:0
dutch-open-2026	Senior Women -46kg	R32	102	ESCOBEDO Alessandra Suarez	PER	VAZQUEZ KABDUR Ariadna	ESP	PTF	2:0
dutch-open-2026	Senior Women -46kg	R32	103	QUINONERO Nuria	ESP	KHARYTANOVICH Anastasiya	BLR	PTF	2:0
dutch-open-2026	Senior Women -46kg	R32	104	WANG Chieh-ling	TPE	KIRTSELIS Aina	FIN	PTF	2:0
dutch-open-2026	Senior Women -46kg	R32	105	GALECKA Hanna	POL	DASGIN Elif eylul	TUR	PTF	2:1
dutch-open-2026	Senior Women -46kg	R32	106	STRZEMKOWSKA Barbara	POL	DUNSMORE Lauren	GBR		
dutch-open-2026	Senior Women -46kg	R16	113	WANG Shiyi	CHN	MARTINEZ Julia	ESP	PTF	2:0
dutch-open-2026	Senior Women -46kg	R16	114	GAYE Serrah	FRA	GARCIES I SALA Lluisa	ESP	PTF	2:0
dutch-open-2026	Senior Women -46kg	R16	115	STURARI Alessia	ITA	ESCOBEDO Alessandra Suarez	PER	PTF	2:0
dutch-open-2026	Senior Women -46kg	R16	116	TAMMILA Ida-elina	FIN	QUINONERO Nuria	ESP	PTF	2:0
dutch-open-2026	Senior Women -46kg	R16	117	WANG Chieh-ling	TPE	YE Xiaoting	CHN	PTF	2:0
dutch-open-2026	Senior Women -46kg	R16	118	GALIERO Giulia	ITA	GALECKA Hanna	POL	PTF	2:0
dutch-open-2026	Senior Women -46kg	R16	119	KHORSHIDI Aysa	GBR	NORDH Olivia	SWE	PTF	2:1
dutch-open-2026	Senior Women -46kg	R16	120	STRZEMKOWSKA Barbara	POL	BERTAGNIN Elisa	ITA	PTF	2:0
dutch-open-2026	Senior Women -46kg	QF	129	WANG Shiyi	CHN	GAYE Serrah	FRA	PTF	2:0
dutch-open-2026	Senior Women -46kg	QF	130	STURARI Alessia	ITA	TAMMILA Ida-elina	FIN	PTF	2:0
dutch-open-2026	Senior Women -46kg	QF	131	WANG Chieh-ling	TPE	GALIERO Giulia	ITA	PTF	2:0
dutch-open-2026	Senior Women -46kg	QF	132	STRZEMKOWSKA Barbara	POL	KHORSHIDI Aysa	GBR	PTF	2:0
dutch-open-2026	Senior Women -46kg	SF	137	WANG Shiyi	CHN	STURARI Alessia	ITA	PTF	2:1
dutch-open-2026	Senior Women -46kg	SF	138	WANG Chieh-ling	TPE	STRZEMKOWSKA Barbara	POL	PTF	2:0
dutch-open-2026	Senior Women -46kg	F	141	WANG Chieh-ling	TPE	WANG Shiyi	CHN	PTF	2:0
dutch-open-2026	Senior Women -49kg	R32	107	PAPADOPOULOU Vasiliki	GRE	CHATZIGEORGIOU Maria	GER	PTF	2:0
dutch-open-2026	Senior Women -49kg	R32	108	BAJER Wiktoria	POL	KALKAN Selin-g.	GER	PTF	2:0
dutch-open-2026	Senior Women -49kg	R32	109	MARINOVA Teodora	BUL	CLARK Emily	GBR	PTF	2:1
dutch-open-2026	Senior Women -49kg	R32	110	DODIK Nika	CRO	LUIRO Enna	FIN	PTF	2:0
dutch-open-2026	Senior Women -49kg	R32	111	WAY Nicolle	GUA	JANUSAUSKAITE Ugne	LTU	PTF	2:0
dutch-open-2026	Senior Women -49kg	R32	112	DE ROBERTIS Valentina	AUS	KRASKA Maja	POL		
dutch-open-2026	Senior Women -49kg	R16	121	LIU You-yun	TPE	PAPADOPOULOU Vasiliki	GRE	PTF	2:0
dutch-open-2026	Senior Women -49kg	R16	122	KLISOWSKA Zuzanna	POL	QUESADA Jordan	USA	PTF	2:0
dutch-open-2026	Senior Women -49kg	R16	123	DIAZ ARRIBAS Violeta	ESP	BAJER Wiktoria	POL	PTF	2:0
dutch-open-2026	Senior Women -49kg	R16	124	CEREZO IGLESIAS Adriana	ESP	MARINOVA Teodora	BUL	PTF	2:0
dutch-open-2026	Senior Women -49kg	R16	125	FU Xiaolu	CHN	DODIK Nika	CRO	PTF	2:0
dutch-open-2026	Senior Women -49kg	R16	126	KRAJEWSKA Alicja	POL	WAY Nicolle	GUA	PTF	2:0
dutch-open-2026	Senior Women -49kg	R16	127	BARROSO Kiara	POR	KRAJEWSKA Nikola	POL	RSC	2:1
dutch-open-2026	Senior Women -49kg	R16	128	MA Jingyue	CHN	DE ROBERTIS Valentina	AUS	PTF	2:0
dutch-open-2026	Senior Women -49kg	QF	133	LIU You-yun	TPE	KLISOWSKA Zuzanna	POL	PTF	2:0
dutch-open-2026	Senior Women -49kg	QF	134	CEREZO IGLESIAS Adriana	ESP	DIAZ ARRIBAS Violeta	ESP	PTF	2:0
dutch-open-2026	Senior Women -49kg	QF	135	FU Xiaolu	CHN	KRAJEWSKA Alicja	POL	PTF	2:0
dutch-open-2026	Senior Women -49kg	QF	136	MA Jingyue	CHN	BARROSO Kiara	POR	WDR	
dutch-open-2026	Senior Women -49kg	SF	139	CEREZO IGLESIAS Adriana	ESP	LIU You-yun	TPE	PTF	2:1
dutch-open-2026	Senior Women -49kg	SF	140	FU Xiaolu	CHN	MA Jingyue	CHN	PTF	2:1
dutch-open-2026	Senior Women -49kg	F	142	FU Xiaolu	CHN	CEREZO IGLESIAS Adriana	ESP	PTF	2:0
dutch-open-2026	Senior Women -53kg	R64	701	DASKALAKI Dionysia	GRE	MARTON Judy	GBR	PTF	2:0
dutch-open-2026	Senior Women -53kg	R64	702	LAKEHAL-ROLLINGS Manissa	FRA	ESCRIG ROMERO Marta	ESP	PTF	2:0
dutch-open-2026	Senior Women -53kg	R64	703	STEENAERTS Fenne	BEL	MASIELLO Giuliana	AUS	PTF	2:0
dutch-open-2026	Senior Women -53kg	R64	704	RODRIGUEZ Laura	ESP	BILLQVIST Felicia	SWE	PTF	2:0
dutch-open-2026	Senior Women -53kg	R64	705	ZIBAR Perla	GER	LEE Ruby	GBR	PTF	2:0
dutch-open-2026	Senior Women -53kg	R64	706	FOUNTOULAKI Aikaterini	GRE	CURA Yezda	GER	PTF	2:0
dutch-open-2026	Senior Women -53kg	R64	707	WOSKOWIAK Natasza	POL	BYRNE Ruby	IRL	PTF	2:1
dutch-open-2026	Senior Women -53kg	R64	708	BRIGNOLI Sofia	ITA	GEORGIADOU Gesthimani	GRE	PTF	2:1
dutch-open-2026	Senior Women -53kg	R64	709	LEHOUSSINE Sihem	FRA	CHIANG Chih yun	TPE	PTF	2:1
dutch-open-2026	Senior Women -53kg	R64	710	FLORENCIO Matilde	POR	TIREN Elanur	AUS	PTF	2:0
dutch-open-2026	Senior Women -53kg	R64	711	KAMANDI Dina	GER	KRIM Sayine	FRA	PTF	2:0
dutch-open-2026	Senior Women -53kg	R32	712	PEREZ PARRADO Alma maria	ESP	DASKALAKI Dionysia	GRE	PTF	2:0
dutch-open-2026	Senior Women -53kg	R32	713	RABAUT Elien	BEL	BASTOS Filipa	POR	PTF	2:1
dutch-open-2026	Senior Women -53kg	R32	714	LAKEHAL-ROLLINGS Manissa	FRA	DANIEL Melina	USA	PTF	2:0
dutch-open-2026	Senior Women -53kg	R32	715	SPASOJEVIC Sara	CRO	STEENAERTS Fenne	BEL	PTF	2:1
dutch-open-2026	Senior Women -53kg	R32	716	RODRIGUEZ Laura	ESP	BENETTI Ines	FRA	PTF	2:0
dutch-open-2026	Senior Women -53kg	R32	717	FRASSICA Anna	ITA	DE Alejandra	ESP	PTF	2:0
dutch-open-2026	Senior Women -53kg	R32	718	GARCIA MARQUINA Sofia	ESP	QUERUBIN Sofia	AUS	PTF	2:0
dutch-open-2026	Senior Women -53kg	R32	719	WANG Xiaolu	CHN	ZIBAR Perla	GER	PTF	2:0
dutch-open-2026	Senior Women -53kg	R32	720	EL BOUCHTI Oumaima	MAR	FOUNTOULAKI Aikaterini	GRE	PTF	2:0
dutch-open-2026	Senior Women -53kg	R32	721	OLESZCZUK Lucja	POL	WAEVERSTROM Signe wendt	DEN	PTF	2:0
dutch-open-2026	Senior Women -53kg	R32	722	GIRE Ines	FRA	WOSKOWIAK Natasza	POL	PTF	2:0
dutch-open-2026	Senior Women -53kg	R32	723	ASIMI Adiba	GER	BRIGNOLI Sofia	ITA	PTF	2:0
dutch-open-2026	Senior Women -53kg	R32	724	KLAKALA Magdalini	GRE	LEHOUSSINE Sihem	FRA	PTF	2:0
dutch-open-2026	Senior Women -53kg	R32	725	ZUO JU	CHN	FLORENCIO Matilde	POR	PTF	2:0
dutch-open-2026	Senior Women -53kg	R32	726	MATONTI Ilenia elisabetta	ITA	JIANG Yi-shan	TPE	PTF	2:0
dutch-open-2026	Senior Women -53kg	R32	727	AVDAGIC Ada	BIH	KAMANDI Dina	GER	PTF	2:0
dutch-open-2026	Senior Women -53kg	R16	728	PEREZ PARRADO Alma maria	ESP	RABAUT Elien	BEL	PTF	2:0
dutch-open-2026	Senior Women -53kg	R16	729	LAKEHAL-ROLLINGS Manissa	FRA	SPASOJEVIC Sara	CRO	PTF	2:1
dutch-open-2026	Senior Women -53kg	R16	730	RODRIGUEZ Laura	ESP	FRASSICA Anna	ITA	PTF	2:0
dutch-open-2026	Senior Women -53kg	R16	731	WANG Xiaolu	CHN	GARCIA MARQUINA Sofia	ESP	PTF	2:1
dutch-open-2026	Senior Women -53kg	R16	732	OLESZCZUK Lucja	POL	EL BOUCHTI Oumaima	MAR	PTF	2:0
dutch-open-2026	Senior Women -53kg	R16	733	ASIMI Adiba	GER	GIRE Ines	FRA	PTF	2:0
dutch-open-2026	Senior Women -53kg	R16	734	ZUO JU	CHN	KLAKALA Magdalini	GRE	PTF	2:1
dutch-open-2026	Senior Women -53kg	R16	735	AVDAGIC Ada	BIH	MATONTI Ilenia elisabetta	ITA	PTF	2:0
dutch-open-2026	Senior Women -53kg	QF	736	PEREZ PARRADO Alma maria	ESP	LAKEHAL-ROLLINGS Manissa	FRA	PTF	2:1
dutch-open-2026	Senior Women -53kg	QF	737	RODRIGUEZ Laura	ESP	WANG Xiaolu	CHN	PTF	2:1
dutch-open-2026	Senior Women -53kg	QF	738	ASIMI Adiba	GER	OLESZCZUK Lucja	POL	PTF	2:1
dutch-open-2026	Senior Women -53kg	QF	739	ZUO JU	CHN	AVDAGIC Ada	BIH	PTF	2:1
dutch-open-2026	Senior Women -53kg	SF	740	RODRIGUEZ Laura	ESP	PEREZ PARRADO Alma maria	ESP	PTF	2:0
dutch-open-2026	Senior Women -53kg	SF	741	ZUO JU	CHN	ASIMI Adiba	GER	PTF	2:0
dutch-open-2026	Senior Women -53kg	F	742	ZUO JU	CHN	RODRIGUEZ Laura	ESP	PTF	2:1
dutch-open-2026	Senior Women -57kg	R64	1201	DARGIE Olivia	POL	KALLSTRAND Izabella	SWE	PTF	2:1
dutch-open-2026	Senior Women -57kg	R64	801	MAYER Leonie	GER	GUSTAFSSON Ada	FIN	PTF	2:0
dutch-open-2026	Senior Women -57kg	R64	802	OUMEDJKANE Georgia	FRA	EVANS Amarlie	AUS	PTF	2:0
dutch-open-2026	Senior Women -57kg	R64	803	D'ANGELO Alessandra	ITA	LYTVYNENKO Kira	UKR	PTF	2:0
dutch-open-2026	Senior Women -57kg	R64	804	DE FAZIO Ioanna	GRE	ERIKSSON Lova	SWE	PTF	2:0
dutch-open-2026	Senior Women -57kg	R64	906	MONTEIRO Maisa	POR	LY Nathalie	SWE	PTF	2:0
dutch-open-2026	Senior Women -57kg	R32	1211	VITKO Yuliya	BLR	DARGIE Olivia	POL	PTF	2:0
dutch-open-2026	Senior Women -57kg	R32	1212	PEZZOLLA Lucia	ITA	ABUTALEB Dunya ali m	KSA	PTF	2:0
dutch-open-2026	Senior Women -57kg	R32	806	ZHANG Chuling	CHN	MAYER Leonie	GER	PTF	2:0
dutch-open-2026	Senior Women -57kg	R32	807	REPOULIA Athanasia	GRE	VAN PASSEL Amelie	BEL	PTF	2:0
dutch-open-2026	Senior Women -57kg	R32	808	BOUBACIR Madeenah	FRA	SEREDA Julia	POL	PTF	2:1
dutch-open-2026	Senior Women -57kg	R32	809	MONTEIRO Maisa	POR	HRONOVA Dominika	CZE	PTF	2:0
dutch-open-2026	Senior Women -57kg	R32	810	LISOWSKA Nikol	POL	OUMEDJKANE Georgia	FRA	PTF	2:0
dutch-open-2026	Senior Women -57kg	R32	811	MAM Julie	CAM	STEINKUELER Frieda margarethe	GER	PTF	2:0
dutch-open-2026	Senior Women -57kg	R32	812	HANSEN Kaja husby	NOR	DAGNET Divine luccia	FRA	PTF	2:1
dutch-open-2026	Senior Women -57kg	R32	813	KHORSHIDI Aida	TRT	D'ANGELO Alessandra	ITA	PTF	2:1
dutch-open-2026	Senior Women -57kg	R32	814	SESAR VILA Carla	ESP	BULOW Alice	SWE	PTF	2:1
dutch-open-2026	Senior Women -57kg	R32	815	BOYER-DRUESNE Lea	FRA	BANGURA Aisha	GER	PTF	2:0
dutch-open-2026	Senior Women -57kg	R32	816	MEIŠTININKAITĖ Gerda	LTU	MOUCH Sara	NED	PTF	2:0
dutch-open-2026	Senior Women -57kg	R32	817	LIN Wei-chun	TPE	DE FAZIO Ioanna	GRE	PTF	2:0
dutch-open-2026	Senior Women -57kg	R32	923	REZAIE Roja	GER	APANAS Polina	NED	PTF	2:0
dutch-open-2026	Senior Women -57kg	R32	924	ROVITHIS Anastasia	GER	GONZALES Camila Caceres	PER	PTF	2:1
dutch-open-2026	Senior Women -57kg	R16	1229	VITKO Yuliya	BLR	PEZZOLLA Lucia	ITA	PTF	2:0
dutch-open-2026	Senior Women -57kg	R16	826	REPOULIA Athanasia	GRE	MONTEIRO Maisa	POR	PTF	2:0
dutch-open-2026	Senior Women -57kg	R16	827	ZHANG Chuling	CHN	BOUBACIR Madeenah	FRA	PTF	2:0
dutch-open-2026	Senior Women -57kg	R16	828	LISOWSKA Nikol	POL	MAM Julie	CAM	PTF	2:1
dutch-open-2026	Senior Women -57kg	R16	829	KHORSHIDI Aida	TRT	HANSEN Kaja husby	NOR	PTF	2:0
dutch-open-2026	Senior Women -57kg	R16	830	SESAR VILA Carla	ESP	BOYER-DRUESNE Lea	FRA	PTF	2:0
dutch-open-2026	Senior Women -57kg	R16	831	LIN Wei-chun	TPE	MEIŠTININKAITĖ Gerda	LTU	PTF	2:0
dutch-open-2026	Senior Women -57kg	R16	933	REZAIE Roja	GER	ROVITHIS Anastasia	GER	PTF	2:0
dutch-open-2026	Senior Women -57kg	QF	836	ZHANG Chuling	CHN	REPOULIA Athanasia	GRE	PTF	2:0
dutch-open-2026	Senior Women -57kg	QF	837	LISOWSKA Nikol	POL	KHORSHIDI Aida	TRT	PTF	2:1
dutch-open-2026	Senior Women -57kg	QF	838	LIN Wei-chun	TPE	SESAR VILA Carla	ESP	PTF	2:0
dutch-open-2026	Senior Women -57kg	QF	938	REZAIE Roja	GER	VITKO Yuliya	BLR	PTF	2:1
dutch-open-2026	Senior Women -57kg	SF	841	ZHANG Chuling	CHN	REZAIE Roja	GER	PTF	2:0
dutch-open-2026	Senior Women -57kg	SF	842	LIN Wei-chun	TPE	LISOWSKA Nikol	POL	PTF	2:0
dutch-open-2026	Senior Women -57kg	F	844	LIN Wei-chun	TPE	ZHANG Chuling	CHN	PTF	2:0
dutch-open-2026	Senior Women -62kg	R64	901	LO Chia-ling	TPE	KOENIGSECKER Valerie	AUT	PTF	2:0
dutch-open-2026	Senior Women -62kg	R64	902	MENDY Fatimma	SEN	SANTONI Francesca angelika	GER	PTF	2:1
dutch-open-2026	Senior Women -62kg	R64	903	CORREIA Leonor	POR	UNA ESTEBAN Miriam	ESP	PTF	2:0
dutch-open-2026	Senior Women -62kg	R64	904	KRAJEWSKA Agnieszka	POL	MAHABIR July	NED	PTF	2:0
dutch-open-2026	Senior Women -62kg	R64	905	CHEN Jiaxin	CHN	JAKOVAC Kira	IRL	PTF	2:0
dutch-open-2026	Senior Women -62kg	R32	907	MARTON Viviana	HUN	LO Chia-ling	TPE	PTF	2:0
dutch-open-2026	Senior Women -62kg	R32	908	FRANCESCHI Francesca maria	FRA	ANDERSSON Tindra	SWE	WDR	
dutch-open-2026	Senior Women -62kg	R32	909	LUO Zongshi	CHN	MARTINEZ MARCOS Elvira	ESP	PTF	2:0
dutch-open-2026	Senior Women -62kg	R32	910	GOEBEL Laura	GER	BRILZ Emilia	GER	PTF	2:0
dutch-open-2026	Senior Women -62kg	R32	911	SECANELL Elsa	ESP	MENDY Fatimma	SEN	PTF	2:0
dutch-open-2026	Senior Women -62kg	R32	912	LANGOUSTE-ASSOUMAYA Lyhana	FRA	BALCI Edanur	GER	RSC	2:0
dutch-open-2026	Senior Women -62kg	R32	913	HOFFMANN Emilia	POL	EK Isabella	SWE	PTF	2:0
dutch-open-2026	Senior Women -62kg	R32	914	SZPAK Julia	POL	CORREIA Leonor	POR	PTF	2:0
dutch-open-2026	Senior Women -62kg	R32	915	MESTROVIC Dora	CRO	KRAJEWSKA Agnieszka	POL	PTF	2:0
dutch-open-2026	Senior Women -62kg	R32	916	DAGNET Miliane haizel	FRA	MIDZOR Kala	CRO	DSQ	
dutch-open-2026	Senior Women -62kg	R32	917	GRETARSDOTTIR Ingibjorg	ISL	IVANASHKA Aryiana	BLR	PTF	2:1
dutch-open-2026	Senior Women -62kg	R32	918	BLITEK Cloe	FRA	YAZICI Zumra	GER	PTF	2:0
dutch-open-2026	Senior Women -62kg	R32	919	HERNANDEZ Rocio anahi	ESP	KOMATINA Andrea	MNE	PTF	2:1
dutch-open-2026	Senior Women -62kg	R32	920	TORRES TENA Elena	ESP	STAMOU Daphne	GRE	PTF	2:1
dutch-open-2026	Senior Women -62kg	R32	921	ARRONDO BELLOSO Ariadna	ESP	SJOVALL Mira	FIN	PTF	2:0
dutch-open-2026	Senior Women -62kg	R32	922	CHEN Jiaxin	CHN	STOLBOVA Petra	CZE	PTF	2:0
dutch-open-2026	Senior Women -62kg	R16	925	MARTON Viviana	HUN	FRANCESCHI Francesca maria	FRA	PTF	2:0
dutch-open-2026	Senior Women -62kg	R16	926	LUO Zongshi	CHN	GOEBEL Laura	GER	PTF	2:1
dutch-open-2026	Senior Women -62kg	R16	927	SECANELL Elsa	ESP	LANGOUSTE-ASSOUMAYA Lyhana	FRA	PTF	2:0
dutch-open-2026	Senior Women -62kg	R16	928	HOFFMANN Emilia	POL	SZPAK Julia	POL	PTF	2:0
dutch-open-2026	Senior Women -62kg	R16	929	MESTROVIC Dora	CRO	DAGNET Miliane haizel	FRA	PTF	2:0
dutch-open-2026	Senior Women -62kg	R16	930	BLITEK Cloe	FRA	GRETARSDOTTIR Ingibjorg	ISL	PTF	2:0
dutch-open-2026	Senior Women -62kg	R16	931	HERNANDEZ Rocio anahi	ESP	TORRES TENA Elena	ESP	PTF	2:1
dutch-open-2026	Senior Women -62kg	R16	932	CHEN Jiaxin	CHN	ARRONDO BELLOSO Ariadna	ESP	PTF	2:0
dutch-open-2026	Senior Women -62kg	QF	934	MARTON Viviana	HUN	LUO Zongshi	CHN	PTF	2:0
dutch-open-2026	Senior Women -62kg	QF	935	SECANELL Elsa	ESP	HOFFMANN Emilia	POL	PTF	2:0
dutch-open-2026	Senior Women -62kg	QF	936	MESTROVIC Dora	CRO	BLITEK Cloe	FRA	PTF	2:0
dutch-open-2026	Senior Women -62kg	QF	937	HERNANDEZ Rocio anahi	ESP	CHEN Jiaxin	CHN	PTF	2:1
dutch-open-2026	Senior Women -62kg	SF	939	MARTON Viviana	HUN	SECANELL Elsa	ESP	PTF	2:0
dutch-open-2026	Senior Women -62kg	SF	940	MESTROVIC Dora	CRO	HERNANDEZ Rocio anahi	ESP	PTF	2:0
dutch-open-2026	Senior Women -62kg	F	941	MARTON Viviana	HUN	MESTROVIC Dora	CRO	PTF	2:0
dutch-open-2026	Senior Women -67kg	R32	208	NOWAK Julia	POL	MENDOZA Eliana Vasquez	PER	PTF	2:0
dutch-open-2026	Senior Women -67kg	R32	209	NILSEN Mari romundset	NOR	NOVA REYNOSO Nataly	ITA	PTF	2:0
dutch-open-2026	Senior Women -67kg	R32	210	MINK Amy	NED	GONZALEZ Adriana	ESP	PTF	2:0
dutch-open-2026	Senior Women -67kg	R32	211	KOERNDL Vanessa	GER	RAMALHO Ariana	POR	PTF	2:0
dutch-open-2026	Senior Women -67kg	R32	212	MIKALEVICIUTE Melita	LTU	CLARK Mila	AUS	PTF	2:0
dutch-open-2026	Senior Women -67kg	R32	213	WANG Wei-chia	TPE	D'ANGELO Natalia	ITA	PTF	2:1
dutch-open-2026	Senior Women -67kg	R32	214	KREUZER Kim vivian	GER	FABER Isabelle	LUX	PTF	2:0
dutch-open-2026	Senior Women -67kg	R32	215	TVARONAVICIUTE Klaudija	LTU	RUCINSKI Viktoria	GER	PTF	2:0
dutch-open-2026	Senior Women -67kg	R32	216	TOMCZAK Tatiana	POL	KERR Leah	IRL	PTF	2:0
dutch-open-2026	Senior Women -67kg	R32	217	GALLARDO Claudia	CHI	RUSKA Shanti	NED	PTF	2:0
dutch-open-2026	Senior Women -67kg	R32	218	YOUKOUBOVA Karina	FRA	KOUSHAN Diviana-lara	GER	PTF	2:0
dutch-open-2026	Senior Women -67kg	R32	219	MAGGIORE Giulia	ITA	KOWALKOWSKA Justyna	POL	PTF	2:0
dutch-open-2026	Senior Women -67kg	R16	225	MORENO REYES Lena	ESP	NOWAK Julia	POL	PTF	2:1
dutch-open-2026	Senior Women -67kg	R16	226	MINK Amy	NED	NILSEN Mari romundset	NOR	PTF	2:1
dutch-open-2026	Senior Women -67kg	R16	227	KOERNDL Vanessa	GER	MIKALEVICIUTE Melita	LTU	PTF	2:0
dutch-open-2026	Senior Women -67kg	R16	228	MEHNANA Ines	FRA	WANG Wei-chia	TPE	PTF	2:1
dutch-open-2026	Senior Women -67kg	R16	229	XING Jiani	CHN	KREUZER Kim vivian	GER	PTF	2:0
dutch-open-2026	Senior Women -67kg	R16	230	TVARONAVICIUTE Klaudija	LTU	TOMCZAK Tatiana	POL	PTF	2:0
dutch-open-2026	Senior Women -67kg	R16	231	GALLARDO Claudia	CHI	YOUKOUBOVA Karina	FRA	PTF	2:0
dutch-open-2026	Senior Women -67kg	R16	232	MARENTAKI Styliani	GRE	MAGGIORE Giulia	ITA	PTF	2:0
dutch-open-2026	Senior Women -67kg	QF	235	MORENO REYES Lena	ESP	MINK Amy	NED	PTF	2:0
dutch-open-2026	Senior Women -67kg	QF	236	KOERNDL Vanessa	GER	MEHNANA Ines	FRA	PTF	2:0
dutch-open-2026	Senior Women -67kg	QF	237	XING Jiani	CHN	TVARONAVICIUTE Klaudija	LTU	PTF	2:0
dutch-open-2026	Senior Women -67kg	QF	238	MARENTAKI Styliani	GRE	GALLARDO Claudia	CHI	PTF	2:0
dutch-open-2026	Senior Women -67kg	SF	240	KOERNDL Vanessa	GER	MORENO REYES Lena	ESP	PTF	2:0
dutch-open-2026	Senior Women -67kg	SF	241	MARENTAKI Styliani	GRE	XING Jiani	CHN	PTF	2:0
dutch-open-2026	Senior Women -67kg	F	242	MARENTAKI Styliani	GRE	KOERNDL Vanessa	GER	PTF	2:0
dutch-open-2026	Senior Women -73kg	R32	404	LI Yawen	CHN	HUTZEN Hanna	GER	PTF	2:0
dutch-open-2026	Senior Women -73kg	R32	405	HADZIC Alema	GER	BANAS Nina	POL		
dutch-open-2026	Senior Women -73kg	R16	411	OSSIN Kimi laurene	CIV	LI Yawen	CHN	PTF	2:1
dutch-open-2026	Senior Women -73kg	R16	412	AGUIRRE Fernanda	CHI	HELDNER Laura	SUI	PTF	2:0
dutch-open-2026	Senior Women -73kg	R16	413	JIRANKOVA Iveta	CZE	LEON COROZO Andrea naiara	ESP	PTF	2:0
dutch-open-2026	Senior Women -73kg	R16	414	SABER Dunya bushuaib a	KSA	GEPPERT Julienne	GER	PTF	2:0
dutch-open-2026	Senior Women -73kg	R16	415	GARCIA SUAREZ Helena	ESP	AKIN Selina	GER	PTF	2:0
dutch-open-2026	Senior Women -73kg	R16	416	CHEN Nai-cih	TPE	HOERMANN Emily	GER	PTF	2:1
dutch-open-2026	Senior Women -73kg	R16	417	SONG Jie	CHN	NEDIC Marlen sophie	GER	PTF	2:0
dutch-open-2026	Senior Women -73kg	R16	418	HADZIC Alema	GER	MORAN ROMERO Belen	ESP	PTF	2:1
dutch-open-2026	Senior Women -73kg	QF	428	OSSIN Kimi laurene	CIV	AGUIRRE Fernanda	CHI	PTF	2:0
dutch-open-2026	Senior Women -73kg	QF	429	SABER Dunya bushuaib a	KSA	JIRANKOVA Iveta	CZE	PTF	2:1
dutch-open-2026	Senior Women -73kg	QF	430	GARCIA SUAREZ Helena	ESP	CHEN Nai-cih	TPE	PTF	2:0
dutch-open-2026	Senior Women -73kg	QF	431	SONG Jie	CHN	HADZIC Alema	GER	PTF	2:0
dutch-open-2026	Senior Women -73kg	SF	436	OSSIN Kimi laurene	CIV	SABER Dunya bushuaib a	KSA	PTF	2:0
dutch-open-2026	Senior Women -73kg	SF	437	GARCIA SUAREZ Helena	ESP	SONG Jie	CHN	PTF	2:1
dutch-open-2026	Senior Women -73kg	F	440	OSSIN Kimi laurene	CIV	GARCIA SUAREZ Helena	ESP	PTF	2:0
dutch-open-2026	Senior Women +73kg	R32	406	KURKAC Ilayda	GER	MEDIOUNI Jasmine	FRA	PTF	2:0
dutch-open-2026	Senior Women +73kg	R32	407	HUSOVIC Darija	GER	SMITHERS Charleigh	IRL	PTF	2:0
dutch-open-2026	Senior Women +73kg	R32	408	VROEGH Nielle	NED	LIN Yi-chen	TPE		
dutch-open-2026	Senior Women +73kg	R16	419	HAREMZA Dagmara	POL	KURKAC Ilayda	GER	PTF	2:0
dutch-open-2026	Senior Women +73kg	R16	420	HUSOVIC Esmeralda	GER	HAMADACHE Emna	FRA	PTF	2:1
dutch-open-2026	Senior Women +73kg	R16	421	BRANDL Lorena	GER	ZHANG Yinyin	CHN	PTF	2:1
dutch-open-2026	Senior Women +73kg	R16	422	KITSIOU Agoritsa artemia	GRE	HAWASH Dania	SWE	PTF	2:0
dutch-open-2026	Senior Women +73kg	R16	423	XU Lei	CHN	HUSOVIC Darija	GER	PTF	2:0
dutch-open-2026	Senior Women +73kg	R16	424	VALLO ZURDO Ane	ESP	KLOOSTERMAN Famke	NED	PTF	2:0
dutch-open-2026	Senior Women +73kg	R16	425	KOWALCZUK Aleksandra	POL	AYANG Veronica mbang esono	GEQ	PTF	2:0
dutch-open-2026	Senior Women +73kg	R16	426	VROEGH Nielle	NED	CASTINEIRA Tania	ESP	PTF	2:1
dutch-open-2026	Senior Women +73kg	QF	432	HAREMZA Dagmara	POL	HUSOVIC Esmeralda	GER	PTF	2:0
dutch-open-2026	Senior Women +73kg	QF	433	BRANDL Lorena	GER	KITSIOU Agoritsa artemia	GRE	PTF	2:1
dutch-open-2026	Senior Women +73kg	QF	434	XU Lei	CHN	VALLO ZURDO Ane	ESP	PTF	2:0
dutch-open-2026	Senior Women +73kg	QF	435	KOWALCZUK Aleksandra	POL	VROEGH Nielle	NED	PTF	2:1
dutch-open-2026	Senior Women +73kg	SF	438	HAREMZA Dagmara	POL	BRANDL Lorena	GER	WDR	1:0
dutch-open-2026	Senior Women +73kg	SF	439	XU Lei	CHN	KOWALCZUK Aleksandra	POL	WDR	1:0
dutch-open-2026	Senior Women +73kg	F	441	HAREMZA Dagmara	POL	XU Lei	CHN	PTF	2:0
australian-open-2026	Senior Men -54kg	R16	409	KAWAI Riato	JPN	KANO Harenoshin	JPN	PTF	2:0
australian-open-2026	Senior Men -54kg	R16	410	OHARA Keishin	JPN	COHEN Lior	AUS	PTF	2:0
australian-open-2026	Senior Men -54kg	R16	411	OKAZAKI Seiji	JPN	CHENG Yuen fung	HKG	PTF	2:0
australian-open-2026	Senior Men -54kg	R16	412	CHAU Nathan	AUS	IWAKIRI Yuya	JPN	PTF	2:0
australian-open-2026	Senior Men -54kg	QF	421	DE MORAES Giovanni aubin	BRA	KAWAI Riato	JPN	PTF	2:0
australian-open-2026	Senior Men -54kg	QF	422	PANG Keston	SGP	OHARA Keishin	JPN	PTF	2:0
australian-open-2026	Senior Men -54kg	QF	423	CHAU Ngai long	HKG	OKAZAKI Seiji	JPN	PTF	2:0
australian-open-2026	Senior Men -54kg	QF	424	HIDAYAT Aziz	INA	CHAU Nathan	AUS	PTF	2:0
australian-open-2026	Senior Men -54kg	SF	429	DE MORAES Giovanni aubin	BRA	PANG Keston	SGP	PTF	2:0
australian-open-2026	Senior Men -54kg	SF	430	HIDAYAT Aziz	INA	CHAU Ngai long	HKG	PTF	2:1
australian-open-2026	Senior Men -54kg	F	433	DE MORAES Giovanni aubin	BRA	HIDAYAT Aziz	INA	PTF	2:1
australian-open-2026	Senior Men -58kg	R32	309	LAY Dante carmelo	AUS	REEBY Bradley	AUS	PTF	2:0
australian-open-2026	Senior Men -58kg	R32	310	TREMBATH George	AUS	MOU Paul conrad	PNG	PTF	2:0
australian-open-2026	Senior Men -58kg	R32	311	TSANG Chun hei	HKG	TIN YIU Chu	HKG	DSQ	
australian-open-2026	Senior Men -58kg	R32	312	OHARA Ryusei	JPN	OKAMOTO Kai	JPN	PTF	2:1
australian-open-2026	Senior Men -58kg	R32	601	DE Moises eduardo	DOM	GREGORY-HUNT Ashton-lee	NZL	PTF	2:0
australian-open-2026	Senior Men -58kg	R32	602	CHEN Jiacheng	CHN	KNIGHT Nicholas	TTO	PTF	2:1
australian-open-2026	Senior Men -58kg	R32	603	HEALY Seth	AUS	INOUE Manato	JPN		
australian-open-2026	Senior Men -58kg	R16	321	PAN Kuei-an	TPE	LAY Dante carmelo	AUS	PTF	2:0
australian-open-2026	Senior Men -58kg	R16	322	MARTIN-MORANDEAU Thiago	NCD	CHAN Adrian julius	PNG	DSQ	
australian-open-2026	Senior Men -58kg	R16	323	ALMUSHRAF Abdullah essa a	KSA	TREMBATH George	AUS	PTF	2:0
australian-open-2026	Senior Men -58kg	R16	324	TSANG Chun hei	HKG	ONGGOSANUSI Clement	VAN	PTF	2:1
australian-open-2026	Senior Men -58kg	R16	614	HAMDI Riad nasser a	KSA	OHARA Ryusei	JPN	PTF	2:0
australian-open-2026	Senior Men -58kg	R16	615	GUN Youngsuk ethan	USA	DE Moises eduardo	DOM	PTF	2:1
australian-open-2026	Senior Men -58kg	R16	616	CHEN Jiacheng	CHN	ALDAOUD Ja'afar	JOR	WDR	
australian-open-2026	Senior Men -58kg	R16	617	DE DIOS JOSE Alex	ESP	HEALY Seth	AUS	PTF	2:0
australian-open-2026	Senior Men -58kg	QF	329	PAN Kuei-an	TPE	MARTIN-MORANDEAU Thiago	NCD	PTF	2:0
australian-open-2026	Senior Men -58kg	QF	330	ALMUSHRAF Abdullah essa a	KSA	TSANG Chun hei	HKG	PTF	2:0
australian-open-2026	Senior Men -58kg	QF	626	HAMDI Riad nasser a	KSA	GUN Youngsuk ethan	USA	PTF	2:0
australian-open-2026	Senior Men -58kg	QF	627	CHEN Jiacheng	CHN	DE DIOS JOSE Alex	ESP	PTF	2:0
australian-open-2026	Senior Men -58kg	SF	333	PAN Kuei-an	TPE	ALMUSHRAF Abdullah essa a	KSA	PTF	2:1
australian-open-2026	Senior Men -58kg	SF	632	CHEN Jiacheng	CHN	HAMDI Riad nasser a	KSA	PTF	2:1
australian-open-2026	Senior Men -58kg	F	635	CHEN Jiacheng	CHN	PAN Kuei-an	TPE	PTF	2:0
australian-open-2026	Senior Men -63kg	R32	401	MARTIN Jack	AUS	YE Chung yui	HKG	PTF	2:0
australian-open-2026	Senior Men -63kg	R32	402	YEH Chi-hsun	TPE	ABDULGADER Abdulmalik mohamed	LBA	PTF	2:0
australian-open-2026	Senior Men -63kg	R32	403	LIRA Victor augusto	BRA	BETTS Dustin	AUS	PTF	2:0
australian-open-2026	Senior Men -63kg	R32	404	CHAN James byron junior	PNG	LAYLAND Bradley	AUS	PTF	2:1
australian-open-2026	Senior Men -63kg	R32	405	ORCHARD Jack	AUS	SMITH Noah	NZL	PTF	2:0
australian-open-2026	Senior Men -63kg	R32	406	BRINDAMOHAN Nithan	CAN	HUNT Adin	AUS	PTF	2:0
australian-open-2026	Senior Men -63kg	R32	407	ZHAFIF Kavka	INA	DOWN Harrison	AUS	PTF	2:0
australian-open-2026	Senior Men -63kg	R32	408	CHIOK Chun yin	HKG	MACO Ethan	AUS		
australian-open-2026	Senior Men -63kg	R16	413	MAEDA Hidetaka	JPN	MARTIN Jack	AUS	PTF	2:0
australian-open-2026	Senior Men -63kg	R16	414	YEH Chi-hsun	TPE	VITAPA Atiola johnson	TGA	PTF	2:0
australian-open-2026	Senior Men -63kg	R16	415	CHOY Aaron	AUS	LIRA Victor augusto	BRA	PTF	2:0
australian-open-2026	Senior Men -63kg	R16	416	BAYNE Karl	NZL	CHAN James byron junior	PNG	PTF	2:1
australian-open-2026	Senior Men -63kg	R16	417	ORCHARD Jack	AUS	CHAN Kin fung	HKG	PTF	2:1
australian-open-2026	Senior Men -63kg	R16	418	SALIM Sharif gergely	HUN	BRINDAMOHAN Nithan	CAN	PTF	2:1
australian-open-2026	Senior Men -63kg	R16	419	ZHAFIF Kavka	INA	EDWARD Mizirim	PNG	PTF	2:0
australian-open-2026	Senior Men -63kg	R16	420	HUANG Cho-cheng	TPE	CHIOK Chun yin	HKG	PTF	2:1
australian-open-2026	Senior Men -63kg	QF	425	MAEDA Hidetaka	JPN	YEH Chi-hsun	TPE	PTF	2:1
australian-open-2026	Senior Men -63kg	QF	426	CHOY Aaron	AUS	BAYNE Karl	NZL	PTF	2:1
australian-open-2026	Senior Men -63kg	QF	427	SALIM Sharif gergely	HUN	ORCHARD Jack	AUS	PTF	2:0
australian-open-2026	Senior Men -63kg	QF	428	HUANG Cho-cheng	TPE	ZHAFIF Kavka	INA	PTF	2:1
australian-open-2026	Senior Men -63kg	SF	431	MAEDA Hidetaka	JPN	CHOY Aaron	AUS	PTF	2:0
australian-open-2026	Senior Men -63kg	SF	432	SALIM Sharif gergely	HUN	HUANG Cho-cheng	TPE	PTF	2:0
australian-open-2026	Senior Men -63kg	F	434	SALIM Sharif gergely	HUN	MAEDA Hidetaka	JPN	PTF	2:0
australian-open-2026	Senior Men -68kg	R32	303	HOGG Ryan	AUS	CAO Geremy	AUS	PTF	2:0
australian-open-2026	Senior Men -68kg	R32	304	SALIM Omar gergely	HUN	LEE Jun	NZL	PTF	2:0
australian-open-2026	Senior Men -68kg	R32	305	BRECELY Beau	AUS	LAM Chak mun	HKG	PTF	2:0
australian-open-2026	Senior Men -68kg	R32	306	MASSIMINO Christian	AUS	ORCHARD Lachlan	AUS	PTF	2:0
australian-open-2026	Senior Men -68kg	R32	307	CYPRIEN Vetea	NCD	INOUE Shuki	JPN	PTF	2:0
australian-open-2026	Senior Men -68kg	R32	308	ANGELL Leonardo	AUS	CUSHING Tait	AUS		
australian-open-2026	Senior Men -68kg	R16	313	HOGG Ryan	AUS	OLIVERO TORO Cristian	CHI	WDR	
australian-open-2026	Senior Men -68kg	R16	314	CAI Yu-hao	TPE	HILAL Ali	CAN	PTF	2:0
australian-open-2026	Senior Men -68kg	R16	315	SALIM Omar gergely	HUN	TSURUOKA Rei	JPN	PTF	2:0
australian-open-2026	Senior Men -68kg	R16	316	LO Wai fung	HKG	BRECELY Beau	AUS	PTF	2:0
australian-open-2026	Senior Men -68kg	R16	317	HSU Hao-yu	TPE	MASSIMINO Christian	AUS	PTF	2:0
australian-open-2026	Senior Men -68kg	R16	318	CHEN Yufan	CHN	CYPRIEN Vetea	NCD	PTF	2:0
australian-open-2026	Senior Men -68kg	R16	319	SABLJAK Lucas	AUS	MOALA Venilaite samuel otto	TGA	PTF	2:0
australian-open-2026	Senior Men -68kg	R16	320	ALHALAWANI Zaid	JOR	ANGELL Leonardo	AUS	PTF	2:1
australian-open-2026	Senior Men -68kg	QF	325	CAI Yu-hao	TPE	HOGG Ryan	AUS	PTF	2:0
australian-open-2026	Senior Men -68kg	QF	326	SALIM Omar gergely	HUN	LO Wai fung	HKG	PTF	2:0
australian-open-2026	Senior Men -68kg	QF	327	CHEN Yufan	CHN	HSU Hao-yu	TPE	PTF	2:0
australian-open-2026	Senior Men -68kg	QF	328	SABLJAK Lucas	AUS	ALHALAWANI Zaid	JOR	WDR	
australian-open-2026	Senior Men -68kg	SF	331	SALIM Omar gergely	HUN	CAI Yu-hao	TPE	PTF	2:0
australian-open-2026	Senior Men -68kg	SF	332	CHEN Yufan	CHN	SABLJAK Lucas	AUS	PTF	2:0
australian-open-2026	Senior Men -68kg	F	334	CHEN Yufan	CHN	SALIM Omar gergely	HUN	PTF	2:0
australian-open-2026	Senior Men -74kg	R32	201	GIBSON Alexander	AUS	SUNG Wang shing	HKG		
australian-open-2026	Senior Men -74kg	R32	301	MATIN Fida	AUS	LUCAS Nathaniel	AUS	PTF	2:0
australian-open-2026	Senior Men -74kg	R32	302	VYKOV Amir	RUS	NIU Guansen	CHN	PTF	2:1
australian-open-2026	Senior Men -74kg	R32	501	NIKOLOVSKI Xavier	AUS	TAMAYAMA Koichi	JPN	PTF	2:0
australian-open-2026	Senior Men -74kg	R16	206	IORSS Rahiti	FPO	MATIN Fida	AUS	PTF	2:0
australian-open-2026	Senior Men -74kg	R16	207	HUANG Yu jui	TPE	ROWE Tane	AUS	PTF	2:0
australian-open-2026	Senior Men -74kg	R16	208	PAN Kuei en	TPE	WATENE Maxwell	COK	PTF	2:0
australian-open-2026	Senior Men -74kg	R16	209	VYKOV Amir	RUS	RAGHEB Taye	AUS	PTF	2:0
australian-open-2026	Senior Men -74kg	R16	210	NIKOLOVSKI Xavier	AUS	KAREEM Zaid	JOR	WDR	
australian-open-2026	Senior Men -74kg	R16	211	SOUZA DINIZ Joao victor	BRA	TAM Ching nam	HKG	PTF	2:0
australian-open-2026	Senior Men -74kg	R16	212	TSAI Sheng-liang	TPE	PUERTOLLANO Jadon	NZL	PTF	2:0
australian-open-2026	Senior Men -74kg	R16	213	KATOH Takato	JPN	GIBSON Alexander	AUS	PTF	2:0
australian-open-2026	Senior Men -74kg	QF	222	HUANG Yu jui	TPE	IORSS Rahiti	FPO	PTF	2:1
australian-open-2026	Senior Men -74kg	QF	223	VYKOV Amir	RUS	PAN Kuei en	TPE	PTF	2:0
australian-open-2026	Senior Men -74kg	QF	224	SOUZA DINIZ Joao victor	BRA	NIKOLOVSKI Xavier	AUS	PTF	2:0
australian-open-2026	Senior Men -74kg	QF	225	TSAI Sheng-liang	TPE	KATOH Takato	JPN	PTF	2:1
australian-open-2026	Senior Men -74kg	SF	230	VYKOV Amir	RUS	HUANG Yu jui	TPE	PTF	2:0
australian-open-2026	Senior Men -74kg	SF	231	SOUZA DINIZ Joao victor	BRA	TSAI Sheng-liang	TPE	PTF	2:0
australian-open-2026	Senior Men -74kg	F	234	VYKOV Amir	RUS	SOUZA DINIZ Joao victor	BRA	PTF	2:1
australian-open-2026	Senior Men -80kg	R32	701	OR Pak lam	GBR	ALLANSON Maverick	AUS	PTF	2:0
australian-open-2026	Senior Men -80kg	R32	702	TRANTER Angus	AUS	HALLINAN Samuel	NZL		
australian-open-2026	Senior Men -80kg	R16	707	CHURCHILL Joaquin	CHI	OR Pak lam	GBR	PTF	2:0
australian-open-2026	Senior Men -80kg	R16	708	PRAKASH Nipesh	FIJ	MANSFIELD Zaine	AUS	PTF	2:1
australian-open-2026	Senior Men -80kg	R16	709	SWEENEY Liam	AUS	HAMEDI Tareg ali m	KSA	PTF	2:0
australian-open-2026	Senior Men -80kg	R16	710	ALADARBI Mohammad	JOR	MCMAHON Luke	AUS	PTF	2:0
australian-open-2026	Senior Men -80kg	R16	711	MYTAREV Artem	RUS	PRIHARTINI-ZONNEVELD Jacob	AUS	PTF	2:0
australian-open-2026	Senior Men -80kg	R16	712	RAIHAN FADHILA Mhd	INA	TUPOU Akuila	TGA	PTF	2:0
australian-open-2026	Senior Men -80kg	R16	713	SEJRANOVIC Leon	AUS	DO. Jason	NCD	PTF	2:0
australian-open-2026	Senior Men -80kg	R16	714	HUNG Jiun-yi	TPE	TRANTER Angus	AUS	PTF	2:0
australian-open-2026	Senior Men -80kg	QF	723	CHURCHILL Joaquin	CHI	PRAKASH Nipesh	FIJ	PTF	2:0
australian-open-2026	Senior Men -80kg	QF	724	ALADARBI Mohammad	JOR	SWEENEY Liam	AUS	PTF	2:0
australian-open-2026	Senior Men -80kg	QF	725	MYTAREV Artem	RUS	RAIHAN FADHILA Mhd	INA	PTF	2:0
australian-open-2026	Senior Men -80kg	QF	726	HUNG Jiun-yi	TPE	SEJRANOVIC Leon	AUS	PTF	2:1
australian-open-2026	Senior Men -80kg	SF	731	CHURCHILL Joaquin	CHI	ALADARBI Mohammad	JOR	PTF	2:0
australian-open-2026	Senior Men -80kg	SF	732	HUNG Jiun-yi	TPE	MYTAREV Artem	RUS	PTF	2:0
australian-open-2026	Senior Men -80kg	F	735	CHURCHILL Joaquin	CHI	HUNG Jiun-yi	TPE	PTF	2:0
australian-open-2026	Senior Men -87kg	QF	122	MEIRELLES Arthur	BRA	STEWART Jobe	AUS	PTF	2:0
australian-open-2026	Senior Men -87kg	SF	127	MEIRELLES Arthur	BRA	ELSHARABATY Saleh	JOR	PTF	2:0
australian-open-2026	Senior Men -87kg	SF	128	CHEN Liang-hsi	TPE	EBATA Hidenori	JPN	PTF	2:0
australian-open-2026	Senior Men -87kg	F	131	CHEN Liang-hsi	TPE	MEIRELLES Arthur	BRA	PTF	2:0
australian-open-2026	Senior Men +87kg	QF	123	AIUKAEV Rafail	RUS	SITAPA Isikeli	TGA	PTF	2:0
australian-open-2026	Senior Men +87kg	QF	124	HUANG Yu-jen	TPE	FINAU Herwan	NCD	PTF	2:0
australian-open-2026	Senior Men +87kg	QF	125	STILLEY Aiden	AUS	DUGGAN Kayne	NZL	PTF	2:0
australian-open-2026	Senior Men +87kg	QF	126	LARIN Vladislav	RUS	TOMMY Steven	PNG	WDR	1:0
australian-open-2026	Senior Men +87kg	SF	129	AIUKAEV Rafail	RUS	HUANG Yu-jen	TPE	PTF	2:0
australian-open-2026	Senior Men +87kg	SF	130	LARIN Vladislav	RUS	STILLEY Aiden	AUS	PTF	2:0
australian-open-2026	Senior Men +87kg	F	132	AIUKAEV Rafail	RUS	LARIN Vladislav	RUS	PTF	2:0
australian-open-2026	Senior Women -46kg	R16	508	KAWABE Chia	JPN	KAWASHIMA Nana	JPN	PTF	2:1
australian-open-2026	Senior Women -46kg	R16	509	LAU Tsz wan	HKG	CASTRO Christine	NZL	PTF	2:0
australian-open-2026	Senior Women -46kg	R16	510	GOMEZ Chelsea	AUS	SERIZAWA Mika	JPN	PTF	2:0
australian-open-2026	Senior Women -46kg	R16	511	MA Sum yi	HKG	SEKIYA Kae	JPN	PTF	2:0
australian-open-2026	Senior Women -46kg	QF	520	BEKULOVA Milana	RUS	KAWABE Chia	JPN	PTF	2:0
australian-open-2026	Senior Women -46kg	QF	521	WANG Chieh-ling	TPE	LAU Tsz wan	HKG	PTF	2:0
australian-open-2026	Senior Women -46kg	QF	522	OKAZAKI Hinata	JPN	GOMEZ Chelsea	AUS	PTF	2:0
australian-open-2026	Senior Women -46kg	QF	523	HUANG Ying hsuan	TPE	MA Sum yi	HKG	PTF	2:0
australian-open-2026	Senior Women -46kg	SF	528	BEKULOVA Milana	RUS	WANG Chieh-ling	TPE	PTF	2:1
australian-open-2026	Senior Women -46kg	SF	529	HUANG Ying hsuan	TPE	OKAZAKI Hinata	JPN	PTF	2:0
australian-open-2026	Senior Women -46kg	F	532	BEKULOVA Milana	RUS	HUANG Ying hsuan	TPE	PTF	2:0
australian-open-2026	Senior Women -49kg	R16	604	LI Mixue	CHN	OSHINDEN Sakura	JPN	PTF	2:0
australian-open-2026	Senior Women -49kg	R16	605	OKAMOTO Ruka	JPN	PASACALIS Marae	PNG	PTF	2:0
australian-open-2026	Senior Women -49kg	R16	606	MURAKAMI China	JPN	LAHOOD Juliet	AUS	PTF	2:0
australian-open-2026	Senior Women -49kg	R16	607	DE ROBERTIS Valentina	AUS	LAM Siu wai	HKG	PTF	2:0
australian-open-2026	Senior Women -49kg	QF	618	LIU You-yun	TPE	LI Mixue	CHN	PTF	2:1
australian-open-2026	Senior Women -49kg	QF	619	GOSCH CAMARGO Camilly	BRA	OKAMOTO Ruka	JPN	PTF	2:0
australian-open-2026	Senior Women -49kg	QF	620	MURAKAMI China	JPN	MEDVEDEVA Galina	RUS	PTF	2:0
australian-open-2026	Senior Women -49kg	QF	621	ATESLI Supharada	GER	DE ROBERTIS Valentina	AUS	PTF	2:0
australian-open-2026	Senior Women -49kg	SF	628	GOSCH CAMARGO Camilly	BRA	LIU You-yun	TPE	PTF	2:0
australian-open-2026	Senior Women -49kg	SF	629	ATESLI Supharada	GER	MURAKAMI China	JPN	PTF	2:1
australian-open-2026	Senior Women -49kg	F	633	ATESLI Supharada	GER	GOSCH CAMARGO Camilly	BRA	PTF	2:0
australian-open-2026	Senior Women -53kg	R32	502	CHRISTOFFEL Tamzin	AUS	ABD ELMESSEH Miriam	AUS	PTF	2:0
australian-open-2026	Senior Women -53kg	R32	503	CHIANG Chih yun	TPE	TAMANG Anjali	NEP	PTF	2:1
australian-open-2026	Senior Women -53kg	R32	504	PAPPAS Ruby	AUS	YUEN Man ming	GBR	PTF	2:0
australian-open-2026	Senior Women -53kg	R32	505	JIANG Yi-syuan	TPE	ROSSI SANTOS Larissa nascimento	BRA	PTF	2:0
australian-open-2026	Senior Women -53kg	R32	506	MASIELLO Giuliana	AUS	ANGELOVA Alisa	RUS	WDR	
australian-open-2026	Senior Women -53kg	R32	507	ADAM Tasneem	AUS	KHALIL Yasmin	AUS		
australian-open-2026	Senior Women -53kg	R16	512	ABUTALEB Dunya ali m	KSA	CHRISTOFFEL Tamzin	AUS	PTF	2:0
australian-open-2026	Senior Women -53kg	R16	513	MOTTA Bianca	AUS	TAN Nichelle	SGP	PTF	2:1
australian-open-2026	Senior Women -53kg	R16	514	CHIANG Chih yun	TPE	QUERUBIN Sofia	AUS	PTF	2:0
australian-open-2026	Senior Women -53kg	R16	515	HERBERTSON Reyna	AUS	PAPPAS Ruby	AUS	PTF	2:0
australian-open-2026	Senior Women -53kg	R16	516	KATOH Yuzuho	JPN	JIANG Yi-syuan	TPE	PTF	2:0
australian-open-2026	Senior Women -53kg	R16	517	JIANG Yi-shan	TPE	MASIELLO Giuliana	AUS	PTF	2:0
australian-open-2026	Senior Women -53kg	R16	518	TAMBYRAJAH Saffron	AUS	SO Yuen ting	HKG	PTF	2:0
australian-open-2026	Senior Women -53kg	R16	519	BARROS Nivea	BRA	ADAM Tasneem	AUS	PTF	2:0
australian-open-2026	Senior Women -53kg	QF	524	ABUTALEB Dunya ali m	KSA	MOTTA Bianca	AUS	PTF	2:0
australian-open-2026	Senior Women -53kg	QF	525	CHIANG Chih yun	TPE	HERBERTSON Reyna	AUS	PTF	2:0
australian-open-2026	Senior Women -53kg	QF	526	JIANG Yi-shan	TPE	KATOH Yuzuho	JPN	PTF	2:1
australian-open-2026	Senior Women -53kg	QF	527	BARROS Nivea	BRA	TAMBYRAJAH Saffron	AUS	PTF	2:0
australian-open-2026	Senior Women -53kg	SF	530	ABUTALEB Dunya ali m	KSA	CHIANG Chih yun	TPE	PTF	2:0
australian-open-2026	Senior Women -53kg	SF	531	JIANG Yi-shan	TPE	BARROS Nivea	BRA	PTF	2:0
australian-open-2026	Senior Women -53kg	F	533	ABUTALEB Dunya ali m	KSA	JIANG Yi-shan	TPE	PTF	2:0
australian-open-2026	Senior Women -57kg	R16	703	CHAN Yeuk yu	HKG	SOTERIOU Ayva	AUS	PTF	2:1
australian-open-2026	Senior Women -57kg	R16	704	EVANS Amarlie	AUS	PAVIA Bianca	AUS	PTF	2:0
australian-open-2026	Senior Women -57kg	QF	715	KHIRFAN Fadia	JOR	CHAN Yeuk yu	HKG	PTF	2:0
australian-open-2026	Senior Women -57kg	QF	716	REZAIE Roja	GER	NISHIDA Mao	JPN	PTF	2:0
australian-open-2026	Senior Women -57kg	QF	717	HYMER Stacey	AUS	ZDOR Kseniia	RUS	PTF	2:0
australian-open-2026	Senior Women -57kg	QF	718	LIN Wei-chun	TPE	EVANS Amarlie	AUS	PTF	2:0
australian-open-2026	Senior Women -57kg	SF	727	KHIRFAN Fadia	JOR	REZAIE Roja	GER	PTF	2:0
australian-open-2026	Senior Women -57kg	SF	728	LIN Wei-chun	TPE	HYMER Stacey	AUS	PTF	2:1
australian-open-2026	Senior Women -57kg	F	733	LIN Wei-chun	TPE	KHIRFAN Fadia	JOR	PTF	2:0
australian-open-2026	Senior Women -62kg	R16	608	OTTER Sophie	AUS	DONALDSON Belinda	AUS	PTF	2:0
australian-open-2026	Senior Women -62kg	R16	609	WANG Wei-chia	TPE	LAW Sin yi	HKG	PTF	2:0
australian-open-2026	Senior Women -62kg	R16	610	ROSIN Pheline	NZL	NAVUGA NAITASI Lolohea	FIJ	PTF	2:0
australian-open-2026	Senior Women -62kg	R16	611	IORSS Kawehi	FPO	SITAPA Angel	TGA	PTF	2:0
australian-open-2026	Senior Women -62kg	R16	612	STROEDER Madeline	CAN	FAN Phoebe	AUS	PTF	2:0
australian-open-2026	Senior Women -62kg	R16	613	CLARK Mila	AUS	HORSELL Riley	AUS	PTF	2:0
australian-open-2026	Senior Women -62kg	QF	622	BLEWITT Gabriella	AUS	OTTER Sophie	AUS	PTF	2:0
australian-open-2026	Senior Women -62kg	QF	623	WANG Wei-chia	TPE	ROSIN Pheline	NZL	PTF	2:0
australian-open-2026	Senior Women -62kg	QF	624	IORSS Kawehi	FPO	STROEDER Madeline	CAN	PTF	2:0
australian-open-2026	Senior Women -62kg	QF	625	KHUZINA Liliia	RUS	CLARK Mila	AUS	PTF	2:0
australian-open-2026	Senior Women -62kg	SF	630	WANG Wei-chia	TPE	BLEWITT Gabriella	AUS	PTF	2:1
australian-open-2026	Senior Women -62kg	SF	631	KHUZINA Liliia	RUS	IORSS Kawehi	FPO	PTF	2:0
australian-open-2026	Senior Women -62kg	F	634	WANG Wei-chia	TPE	KHUZINA Liliia	RUS	WDR	
australian-open-2026	Senior Women -67kg	R16	203	CHANG Jui-en	TPE	MEDD Saskia	AUS	PTF	2:0
australian-open-2026	Senior Women -67kg	R16	204	LIN Chia-hsuan	TPE	SOUHAM Mariam	AUS	PTF	2:0
australian-open-2026	Senior Women -67kg	R16	205	GOULD Holly	NZL	WEMAMA Mayling	NCD	PTF	2:1
australian-open-2026	Senior Women -67kg	QF	218	KOERNDL Vanessa	GER	CHANG Jui-en	TPE	PTF	2:1
australian-open-2026	Senior Women -67kg	QF	219	MOTLOKH Sofiia	RUS	LEVESTAM Isabella	NZL	PTF	2:0
australian-open-2026	Senior Women -67kg	QF	220	ABELA Rose letizia	AUS	LIN Chia-hsuan	TPE	PTF	2:0
australian-open-2026	Senior Women -67kg	QF	221	ALRAWASHDEH Razan mohammed	JOR	GOULD Holly	NZL	PTF	2:0
australian-open-2026	Senior Women -67kg	SF	228	KOERNDL Vanessa	GER	MOTLOKH Sofiia	RUS	PTF	2:0
australian-open-2026	Senior Women -67kg	SF	229	ALRAWASHDEH Razan mohammed	JOR	ABELA Rose letizia	AUS	PTF	2:0
australian-open-2026	Senior Women -67kg	F	233	KOERNDL Vanessa	GER	ALRAWASHDEH Razan mohammed	JOR	PTF	2:0
australian-open-2026	Senior Women -73kg	R16	705	BAAK Akon	AUS	BURT Morgan	NZL	PTF	2:0
australian-open-2026	Senior Women -73kg	R16	706	MEDD Katja	AUS	LIN Yi-chen	TPE	PTF	2:0
australian-open-2026	Senior Women -73kg	QF	719	KOSMYCHEVA Anastasiia	RUS	BAAK Akon	AUS	PTF	2:0
australian-open-2026	Senior Women -73kg	QF	720	HOERMANN Emily	GER	LOLOHEA Pauline	TGA	PTF	2:0
australian-open-2026	Senior Women -73kg	QF	721	MURRAY Rebecca	AUS	CHANG Chiao min	TPE	PTF	2:1
australian-open-2026	Senior Women -73kg	QF	722	SABER Dunya bushuaib a	KSA	MEDD Katja	AUS	PTF	2:0
australian-open-2026	Senior Women -73kg	SF	729	KOSMYCHEVA Anastasiia	RUS	HOERMANN Emily	GER	PTF	2:0
australian-open-2026	Senior Women -73kg	SF	730	SABER Dunya bushuaib a	KSA	MURRAY Rebecca	AUS	PTF	2:0
australian-open-2026	Senior Women -73kg	F	734	KOSMYCHEVA Anastasiia	RUS	SABER Dunya bushuaib a	KSA	PTF	2:0
australian-open-2026	Senior Women +73kg	R16	202	CHEN Nai-cih	TPE	JACK Edna	PNG	PTF	2:0
australian-open-2026	Senior Women +73kg	QF	214	ALADE Naomi	USA	CHEN Nai-cih	TPE	PTF	2:1
australian-open-2026	Senior Women +73kg	QF	215	STEWART Reba	AUS	FOUNTAIN Rachel	CAN	PTF	2:0
australian-open-2026	Senior Women +73kg	QF	216	SHVEDKOVA Polina	RUS	FAITANGANE Alisi	TGA	PTF	2:0
australian-open-2026	Senior Women +73kg	QF	217	BRANDL Lorena	GER	LU Yanpei	CHN	PTF	2:0
australian-open-2026	Senior Women +73kg	SF	226	ALADE Naomi	USA	STEWART Reba	AUS	PTF	2:1
australian-open-2026	Senior Women +73kg	SF	227	BRANDL Lorena	GER	SHVEDKOVA Polina	RUS	PTF	2:1
australian-open-2026	Senior Women +73kg	F	232	BRANDL Lorena	GER	ALADE Naomi	USA	PTF	2:1
