roma-grand-prix-2026	Senior Men -58kg	R32		ALDAOUD Ja'afar	JOR	DE MORAES Giovanni aubin	BRA	PTF	2:0
roma-grand-prix-2026	Senior Men -58kg	R32		ASEM ATA ABU SREE' Moataz bellah	EGY	PAN Kuei-an	TPE	PTF	2:0
roma-grand-prix-2026	Senior Men -58kg	R32		CAMOGLU Furkan ubeyde	TUR	MAHAMAD Sirawit	THA	PTF	2:0
roma-grand-prix-2026	Senior Men -58kg	R32		DELL'AQUILA Vito	ITA	BADEM Yusuf	TUR	PTF	2:0
roma-grand-prix-2026	Senior Men -58kg	R32		DIMITROPOULOS Konstantinos	GRE	HOEFLING Nicholas	CAN	PTF	2:1
roma-grand-prix-2026	Senior Men -58kg	R32		GURTSIEV Georgii	BLR	MAEDA Hidetaka	JPN	PTF	2:0
roma-grand-prix-2026	Senior Men -58kg	R32		HUANG Kefen	CHN	FRAILE RODRIGUEZ Jesus	ESP	PTF	2:0
roma-grand-prix-2026	Senior Men -58kg	R32		KHUDAYBERDIEV Jakhongir	UZB	KIM Jongmyeong	KOR	PTF	2:1
roma-grand-prix-2026	Senior Men -58kg	R32		MAGOMEDOV Gashim	AZE	CONTI Andrea	ITA	PTF	2:0
roma-grand-prix-2026	Senior Men -58kg	R32		MANENKOV Maksym	UKR	GEORGIEV Hristiyan	BUL	PTF	2:0
roma-grand-prix-2026	Senior Men -58kg	R32		MELO Paulo	BRA	ROSCA Artiom	MDA	PTF	2:0
roma-grand-prix-2026	Senior Men -58kg	R32		MOLJ Domen	SLO	AGENJO TRIGOS Jairo	ESP	PTF	2:0
roma-grand-prix-2026	Senior Men -58kg	R32		TOUIAR Abderrahman	ITA	TLEULES Tamirlan	KAZ	PTF	2:0
roma-grand-prix-2026	Senior Men -58kg	R16		ALDAOUD Ja'afar	JOR	PSARROS Aristeidis nikolaos	GRE	PTF	2:0
roma-grand-prix-2026	Senior Men -58kg	R16		ASEM ATA ABU SREE' Moataz bellah	EGY	MOLJ Domen	SLO	PTF	2:0
roma-grand-prix-2026	Senior Men -58kg	R16		DELL'AQUILA Vito	ITA	CAMOGLU Furkan ubeyde	TUR	PTF	2:0
roma-grand-prix-2026	Senior Men -58kg	R16		HUANG Kefen	CHN	GURTSIEV Georgii	BLR	PTF	2:1
roma-grand-prix-2026	Senior Men -58kg	R16		MAGOMEDOV Gashim	AZE	DIMITROPOULOS Konstantinos	GRE	PTF	2:0
roma-grand-prix-2026	Senior Men -58kg	R16		PARK Tae-Joon	KOR	MELO Paulo	BRA	PTF	2:0
roma-grand-prix-2026	Senior Men -58kg	R16		SEO Eunsu	KOR	MANENKOV Maksym	UKR	PTF	2:0
roma-grand-prix-2026	Senior Men -58kg	R16		TOUIAR Abderrahman	ITA	KHUDAYBERDIEV Jakhongir	UZB	PTF	2:1
roma-grand-prix-2026	Senior Men -58kg	QF		ALDAOUD Ja'afar	JOR	ASEM ATA ABU SREE' Moataz bellah	EGY	PTF	2:0
roma-grand-prix-2026	Senior Men -58kg	QF		DELL'AQUILA Vito	ITA	PARK Tae-Joon	KOR	PTF	2:0
roma-grand-prix-2026	Senior Men -58kg	QF		MAGOMEDOV Gashim	AZE	HUANG Kefen	CHN	PTF	2:0
roma-grand-prix-2026	Senior Men -58kg	QF		SEO Eunsu	KOR	TOUIAR Abderrahman	ITA	PTF	2:0
roma-grand-prix-2026	Senior Men -58kg	SF		DELL'AQUILA Vito	ITA	ALDAOUD Ja'afar	JOR	PTF	2:0
roma-grand-prix-2026	Senior Men -58kg	SF		SEO Eunsu	KOR	MAGOMEDOV Gashim	AZE	PTF	2:0
roma-grand-prix-2026	Senior Men -58kg	F		DELL'AQUILA Vito	ITA	SEO Eunsu	KOR	PTF	2:1
roma-grand-prix-2026	Senior Women -49kg	R32		AKGUL Elif sude	TUR	BAYECH Rivka	ISR	PTF	2:0
roma-grand-prix-2026	Senior Women -49kg	R32		AKHMEDOVA Nodira	KAZ	KUMARTAYEVA Aidana	KAZ	PTF	2:0
roma-grand-prix-2026	Senior Women -49kg	R32		ANGELOVA Alisa	RUS	KHAN Laila	CAN	PTF	2:0
roma-grand-prix-2026	Senior Women -49kg	R32		BASSETT Jaycee	WT	OKAMOTO Ruka	JPN	PTF	2:1
roma-grand-prix-2026	Senior Women -49kg	R32		BEKULOVA Milana	RUS	SOUZA Daniela paola	MEX	PTF	2:1
roma-grand-prix-2026	Senior Women -49kg	R32		CEREZO IGLESIAS Adriana	ESP	HUANG Ying hsuan	TPE	PTF	2:0
roma-grand-prix-2026	Senior Women -49kg	R32		DIAZ ARRIBAS Violeta	ESP	ATESLI Supharada	GER	PTF	2:1
roma-grand-prix-2026	Senior Women -49kg	R32		FOFANA Mah teninba	FRA	MALOBERTI Lucrezia	ITA	PTF	2:1
roma-grand-prix-2026	Senior Women -49kg	R32		FU Xiaolu	CHN	BOKAN Andrea	SRB	PTF	2:0
roma-grand-prix-2026	Senior Women -49kg	R32		GOGEBAKAN Emine	TUR	DAN (DANSHYNA) Oleksandra	ISR	PTF	2:0
roma-grand-prix-2026	Senior Women -49kg	R32		KHATTAB Jana	EGY	MAKAS Dzejla	BIH	PTF	2:0
roma-grand-prix-2026	Senior Women -49kg	R32		KIM Hyang-gi	KOR	OKAZAKI Hinata	JPN	PTF	2:0
roma-grand-prix-2026	Senior Women -49kg	R32		LEE Yumin	KOR	SILVA NAZARIO Julia	BRA	PTF	2:0
roma-grand-prix-2026	Senior Women -49kg	R32		LIU You-yun	TPE	BARROSO Kiara	POR	PTF	2:0
roma-grand-prix-2026	Senior Women -49kg	R32		MA Jingyue	CHN	JONGKOLRATTANAWATTANA Chutikan	THA	PTF	2:0
roma-grand-prix-2026	Senior Women -49kg	R32		POOLKERD Patcharakan	THA	SALIM Kamilah	HUN	PTF	2:1
roma-grand-prix-2026	Senior Women -49kg	R16		ANGELOVA Alisa	RUS	LIU You-yun	TPE	PTF	2:1
roma-grand-prix-2026	Senior Women -49kg	R16		BEKULOVA Milana	RUS	POOLKERD Patcharakan	THA	PTF	2:1
roma-grand-prix-2026	Senior Women -49kg	R16		CEREZO IGLESIAS Adriana	ESP	GOGEBAKAN Emine	TUR	PTF	2:0
roma-grand-prix-2026	Senior Women -49kg	R16		FOFANA Mah teninba	FRA	BASSETT Jaycee	WT	PTF	2:1
roma-grand-prix-2026	Senior Women -49kg	R16		FU Xiaolu	CHN	AKGUL Elif sude	TUR	PTF	2:1
roma-grand-prix-2026	Senior Women -49kg	R16		KHATTAB Jana	EGY	AKHMEDOVA Nodira	KAZ	PTF	2:1
roma-grand-prix-2026	Senior Women -49kg	R16		KIM Hyang-gi	KOR	DIAZ ARRIBAS Violeta	ESP	PTF	2:0
roma-grand-prix-2026	Senior Women -49kg	R16		MA Jingyue	CHN	LEE Yumin	KOR	PTF	2:0
roma-grand-prix-2026	Senior Women -49kg	QF		ANGELOVA Alisa	RUS	FOFANA Mah teninba	FRA	PTF	2:0
roma-grand-prix-2026	Senior Women -49kg	QF		CEREZO IGLESIAS Adriana	ESP	MA Jingyue	CHN	PTF	2:1
roma-grand-prix-2026	Senior Women -49kg	QF		KHATTAB Jana	EGY	BEKULOVA Milana	RUS	PTF	2:0
roma-grand-prix-2026	Senior Women -49kg	QF		KIM Hyang-gi	KOR	FU Xiaolu	CHN	PTF	2:0
roma-grand-prix-2026	Senior Women -49kg	SF		ANGELOVA Alisa	RUS	KIM Hyang-gi	KOR	PTF	2:1
roma-grand-prix-2026	Senior Women -49kg	SF		KHATTAB Jana	EGY	CEREZO IGLESIAS Adriana	ESP	PTF	2:1
roma-grand-prix-2026	Senior Women -49kg	F		ANGELOVA Alisa	RUS	KHATTAB Jana	EGY	PTF	2:0
