dutch-open-2025	Senior Men -54kg	R64	1101	MIKLAVCIC Aljaz	SLO	BRANDT Viktor	SWE	PTF	2:0
dutch-open-2025	Senior Men -54kg	R64	1102	DANGNOK Nattaporn	THA	RICHTER Lenny rene	GER	PTF	2:0
dutch-open-2025	Senior Men -54kg	R64	1103	GULUZADE Bahruz	AZE	LEE Geonho	KOR	PTF	2:1
dutch-open-2025	Senior Men -54kg	R64	1104	DADASHOV Sayyad	AZE	YIGIT Hakan	DEN	PTF	2:0
dutch-open-2025	Senior Men -54kg	R32	1109	ALESIO CAPOLINI Mathis	FRA	MIKLAVCIC Aljaz	SLO	PTF	2:0
dutch-open-2025	Senior Men -54kg	R32	1110	CIRIVELLO Gaetano	ITA	MAMMADOV Khidir	AZE	PTF	2:0
dutch-open-2025	Senior Men -54kg	R32	1111	GARCIA Noah	FRA	CIRES MUNOZ Alejandro	ESP	PTF	2:0
dutch-open-2025	Senior Men -54kg	R32	1112	CARRION COSTA Alejandro	ESP	BOUKARNIA Hamza	FRA	PTF	2:1
dutch-open-2025	Senior Men -54kg	R32	1113	OTERO SOUSA Javier	ESP	ARIAN Ehsan	GER	PTF	2:0
dutch-open-2025	Senior Men -54kg	R32	1114	ESCOLAR PARRA Ivan	ESP	ACKEY Aime	FRA	PTF	2:0
dutch-open-2025	Senior Men -54kg	R32	1115	GRANDE OLIVER Hugo	ESP	AKAOUI Hamza	FRA	PTF	2:0
dutch-open-2025	Senior Men -54kg	R32	1116	CAN Haktan	TUR	DANGNOK Nattaporn	THA	PTF	2:1
dutch-open-2025	Senior Men -54kg	R32	1117	GULUZADE Bahruz	AZE	HEALY Seth	AUS	PTF	2:1
dutch-open-2025	Senior Men -54kg	R32	1118	MARWAN Mussa	SWE	ZURITA FABIAN Mark	ESP	PTF	2:0
dutch-open-2025	Senior Men -54kg	R32	1119	ARNAY CURBELO Antonio ramon	ESP	KOUKOUSOUDIS Evangelos	GER	PTF	2:0
dutch-open-2025	Senior Men -54kg	R32	1120	ZYWARSKI Filip	POL	ONUS Emircan	GER	PTF	2:1
dutch-open-2025	Senior Men -54kg	R32	1121	KAMKASOUMPHOU Aissa	FRA	DELGADO David	ESP	PTF	2:0
dutch-open-2025	Senior Men -54kg	R32	1122	DAVILA Adrian	ESP	MOLJ Ozbolt	SLO	PTF	2:0
dutch-open-2025	Senior Men -54kg	R32	1123	AGENJO TRIGOS Jairo	ESP	KITADE Tatsuya	JPN	PTF	2:0
dutch-open-2025	Senior Men -54kg	R32	1124	DE MORAES Giovanni aubin	BRA	DADASHOV Sayyad	AZE	PTF	2:1
dutch-open-2025	Senior Men -54kg	R16	1130	CIRIVELLO Gaetano	ITA	ALESIO CAPOLINI Mathis	FRA	PTF	2:1
dutch-open-2025	Senior Men -54kg	R16	1131	GARCIA Noah	FRA	CARRION COSTA Alejandro	ESP	PTF	2:1
dutch-open-2025	Senior Men -54kg	R16	1132	ESCOLAR PARRA Ivan	ESP	OTERO SOUSA Javier	ESP	PTF	2:1
dutch-open-2025	Senior Men -54kg	R16	1133	CAN Haktan	TUR	GRANDE OLIVER Hugo	ESP	PTF	2:0
dutch-open-2025	Senior Men -54kg	R16	1134	GULUZADE Bahruz	AZE	MARWAN Mussa	SWE	PTF	2:0
dutch-open-2025	Senior Men -54kg	R16	1135	ZYWARSKI Filip	POL	ARNAY CURBELO Antonio ramon	ESP	RSC	1:1
dutch-open-2025	Senior Men -54kg	R16	1136	KAMKASOUMPHOU Aissa	FRA	DAVILA Adrian	ESP	PTF	2:1
dutch-open-2025	Senior Men -54kg	R16	1137	AGENJO TRIGOS Jairo	ESP	DE MORAES Giovanni aubin	BRA	PTF	2:1
dutch-open-2025	Senior Men -54kg	QF	1139	GARCIA Noah	FRA	CIRIVELLO Gaetano	ITA	PTF	2:0
dutch-open-2025	Senior Men -54kg	QF	1140	ESCOLAR PARRA Ivan	ESP	CAN Haktan	TUR	PTF	2:0
dutch-open-2025	Senior Men -54kg	QF	1141	GULUZADE Bahruz	AZE	ZYWARSKI Filip	POL	PTF	2:0
dutch-open-2025	Senior Men -54kg	QF	1142	AGENJO TRIGOS Jairo	ESP	KAMKASOUMPHOU Aissa	FRA	PTF	2:1
dutch-open-2025	Senior Men -54kg	SF	1143	ESCOLAR PARRA Ivan	ESP	GARCIA Noah	FRA	PTF	2:0
dutch-open-2025	Senior Men -54kg	SF	1144	AGENJO TRIGOS Jairo	ESP	GULUZADE Bahruz	AZE	PTF	2:1
dutch-open-2025	Senior Men -54kg	F	845	AGENJO TRIGOS Jairo	ESP	ESCOLAR PARRA Ivan	ESP	PTF	2:1
dutch-open-2025	Senior Men -58kg	R64	301	ARILLO VAZQUEZ Hugo	ESP	PAZOS AMOEDO Alex	ESP	PTF	2:0
dutch-open-2025	Senior Men -58kg	R64	302	JAMSHIDI Sonil	DEN	THOMPSON Lennon	GBR	PTF	2:1
dutch-open-2025	Senior Men -58kg	R64	303	FARNES Ricki gene	DEN	LABONG Finn	GBR	PTF	2:0
dutch-open-2025	Senior Men -58kg	R64	304	REALE Marco	ITA	LAUBHOLD Simon	GER	PTF	2:0
dutch-open-2025	Senior Men -58kg	R64	305	VIVES SAEZ Isaac	ESP	BERUBE Zachary	CAN	PTF	2:0
dutch-open-2025	Senior Men -58kg	R64	306	TRIANTAFYLLOU Dimitrios	GRE	REDING Alan je	LUX	PTF	2:0
dutch-open-2025	Senior Men -58kg	R64	307	STRUGLINSKI Bartosz	POL	AHMADI MOAFI Parham	GER	PTF	2:0
dutch-open-2025	Senior Men -58kg	R64	308	DE DIOS JOSE Alex	ESP	BATHILY Sire	FRA	PTF	2:1
dutch-open-2025	Senior Men -58kg	R64	309	DRAZKIEWICZ Igor	POL	PINTO Tiago	POR	PTF	2:1
dutch-open-2025	Senior Men -58kg	R64	310	CONTI Andrea	ITA	EL HILALI Ayoub	BEL	PTF	2:0
dutch-open-2025	Senior Men -58kg	R64	311	TORRE Elia	ITA	CHARNIAK Viktar	AIN	PTF	2:0
dutch-open-2025	Senior Men -58kg	R64	312	ALAMI Josef	SWE	CIUPA Bartlomiej	POL	PTF	2:0
dutch-open-2025	Senior Men -58kg	R64	313	ALESIO Sebastien	FRA	MOZAFARI Ehsan	NED	PTF	2:0
dutch-open-2025	Senior Men -58kg	R64	314	MAHAMAD Sirawit	THA	ADEMI Bleron	KOS	PTF	2:0
dutch-open-2025	Senior Men -58kg	R64	315	ANGHEL Mario ignacio	ESP	AMELHAYI Mehdi	FRA	PTF	2:0
dutch-open-2025	Senior Men -58kg	R32	316	ARILLO VAZQUEZ Hugo	ESP	MERDANAJ Ernest	ALB	PTF	2:0
dutch-open-2025	Senior Men -58kg	R32	317	MEHLMANN Daniel	GER	VALIYEV Rahid	AZE	PTF	2:1
dutch-open-2025	Senior Men -58kg	R32	318	MOLLE Milan	NED	JAMSHIDI Sonil	DEN	PTF	2:0
dutch-open-2025	Senior Men -58kg	R32	319	GELADZE Vitali	GEO	FARNES Ricki gene	DEN	PTF	2:0
dutch-open-2025	Senior Men -58kg	R32	320	GUMUS Feyyaz	GER	REALE Marco	ITA	PTF	2:0
dutch-open-2025	Senior Men -58kg	R32	321	VIVES SAEZ Isaac	ESP	DEL VECCHIO Teodoro	ITA	PTF	2:0
dutch-open-2025	Senior Men -58kg	R32	322	MANENKOV Maksym	UKR	TRIANTAFYLLOU Dimitrios	GRE	PTF	2:0
dutch-open-2025	Senior Men -58kg	R32	323	STRUGLINSKI Bartosz	POL	CONTRERAS Aaron	CHI	PTF	2:0
dutch-open-2025	Senior Men -58kg	R32	324	DE DIOS JOSE Alex	ESP	RODRIGUEZ Ilay	PUR	PTF	2:1
dutch-open-2025	Senior Men -58kg	R32	325	BOUKARNIA Amine	FRA	DRAZKIEWICZ Igor	POL	PTF	2:1
dutch-open-2025	Senior Men -58kg	R32	326	FRAILE Jesus	ESP	CONTI Andrea	ITA	PTF	2:0
dutch-open-2025	Senior Men -58kg	R32	327	TORRE Elia	ITA	NOWAK Lukasz	POL	PTF	2:1
dutch-open-2025	Senior Men -58kg	R32	328	ALAMI Josef	SWE	BEDART Samuel	FRA	PTF	2:1
dutch-open-2025	Senior Men -58kg	R32	329	SIMPARA Youssouf	MLI	ALESIO Sebastien	FRA	PTF	2:0
dutch-open-2025	Senior Men -58kg	R32	330	DIMITROPOULOS Konstantinos	GRE	MAHAMAD Sirawit	THA	PTF	2:0
dutch-open-2025	Senior Men -58kg	R32	331	MOLJ Domen	SLO	ANGHEL Mario ignacio	ESP	PTF	2:0
dutch-open-2025	Senior Men -58kg	R16	332	ARILLO VAZQUEZ Hugo	ESP	MEHLMANN Daniel	GER	PTF	2:0
dutch-open-2025	Senior Men -58kg	R16	333	GELADZE Vitali	GEO	MOLLE Milan	NED	PTF	2:0
dutch-open-2025	Senior Men -58kg	R16	334	GUMUS Feyyaz	GER	VIVES SAEZ Isaac	ESP	PTF	2:0
dutch-open-2025	Senior Men -58kg	R16	335	MANENKOV Maksym	UKR	STRUGLINSKI Bartosz	POL	PTF	2:0
dutch-open-2025	Senior Men -58kg	R16	336	BOUKARNIA Amine	FRA	DE DIOS JOSE Alex	ESP	PTF	2:0
dutch-open-2025	Senior Men -58kg	R16	337	FRAILE Jesus	ESP	TORRE Elia	ITA	PTF	2:0
dutch-open-2025	Senior Men -58kg	R16	338	ALAMI Josef	SWE	SIMPARA Youssouf	MLI	PTF	2:0
dutch-open-2025	Senior Men -58kg	R16	339	DIMITROPOULOS Konstantinos	GRE	MOLJ Domen	SLO	PTF	2:0
dutch-open-2025	Senior Men -58kg	QF	340	ARILLO VAZQUEZ Hugo	ESP	GELADZE Vitali	GEO	PTF	2:0
dutch-open-2025	Senior Men -58kg	QF	341	MANENKOV Maksym	UKR	GUMUS Feyyaz	GER	PTF	2:1
dutch-open-2025	Senior Men -58kg	QF	342	FRAILE Jesus	ESP	BOUKARNIA Amine	FRA	PTF	2:0
dutch-open-2025	Senior Men -58kg	QF	343	DIMITROPOULOS Konstantinos	GRE	ALAMI Josef	SWE	PTF	2:0
dutch-open-2025	Senior Men -58kg	SF	344	MANENKOV Maksym	UKR	ARILLO VAZQUEZ Hugo	ESP	PTF	2:0
dutch-open-2025	Senior Men -58kg	SF	345	FRAILE Jesus	ESP	DIMITROPOULOS Konstantinos	GRE	PTF	2:1
dutch-open-2025	Senior Men -58kg	F	946	MANENKOV Maksym	UKR	FRAILE Jesus	ESP	PTF	2:0
dutch-open-2025	Senior Men -63kg	R64	701	IURLARO Ludovico	ITA	WILENSKI Adam	POL	PTF	2:0
dutch-open-2025	Senior Men -63kg	R64	702	VAN LIMPT Joep	NED	MURILLO Jorge	ESP	PTF	2:0
dutch-open-2025	Senior Men -63kg	R64	703	SANTINELLI Christian	ITA	BENDEGA Stepan	AIN	PTF	2:0
dutch-open-2025	Senior Men -63kg	R64	704	TOMAS GONZALEZ Lois	ESP	TEILMANN Anton boesgaard	DEN	PTF	2:1
dutch-open-2025	Senior Men -63kg	R64	705	JULES Nathan	FRA	AMIRALIYEV Farid	AZE	PTF	2:0
dutch-open-2025	Senior Men -63kg	R64	706	QUINONERO Daniel	ESP	HENDRIKS Daan	NED	PTF	2:0
dutch-open-2025	Senior Men -63kg	R64	707	GLOC Antoine	FRA	REDA Houssam	NED	PTF	2:0
dutch-open-2025	Senior Men -63kg	R64	708	PIERARD Lucas	BEL	HUY Ethan	FRA	PTF	2:1
dutch-open-2025	Senior Men -63kg	R64	709	LO PINTO Daniel	ITA	PARUZEK Krystof	CZE	PTF	2:0
dutch-open-2025	Senior Men -63kg	R64	710	DELEVAL Herwan	FRA	COULIBALY Fadeby	LUX	PTF	2:0
dutch-open-2025	Senior Men -63kg	R64	711	HAMMANI Marwane	BEL	HIDALGO MERIDA Alvaro	ESP	PTF	2:0
dutch-open-2025	Senior Men -63kg	R64	712	KONATE Ben younouss	CIV	DUSZYNSKI Bartosz	POL	PTF	2:0
dutch-open-2025	Senior Men -63kg	R64	713	TAHMAZOV Fuad	AZE	RUPAR Kajetan	POL	PTF	2:0
dutch-open-2025	Senior Men -63kg	R64	714	YOOSOMSRI Nontawat	GER	VISINSKI Patrik	CRO	PTF	2:0
dutch-open-2025	Senior Men -63kg	R64	715	MILETIC Mateja	SRB	AGAPOV Dmytriy	POR	PTF	2:0
dutch-open-2025	Senior Men -63kg	R64	716	ADEMI Valton	KOS	DOWN Harrison	AUS	PTF	2:0
dutch-open-2025	Senior Men -63kg	R64	717	MAGOMEDOV Gashim	AZE	LEMMENS Noah	BEL	PTF	2:0
dutch-open-2025	Senior Men -63kg	R64	718	RAVET Cyrian	FRA	SETRODIPO Jayden	NED	PTF	2:0
dutch-open-2025	Senior Men -63kg	R64	804	DORE Anthony	FRA	LACHMAN Shivan	NED	PTF	2:0
dutch-open-2025	Senior Men -63kg	R64	805	LUCERNA Luca	ITA	VUCAK Mislav	CRO	PTF	2:1
dutch-open-2025	Senior Men -63kg	R64	806	KHAKSAR Shahram	GER	HIGASHIJIMA Seiya	JPN	PTF	2:1
dutch-open-2025	Senior Men -63kg	R64	807	SRITIMONGKOL Napat	THA	OLSEN Frederik emil	SWE	PTF	2:0
dutch-open-2025	Senior Men -63kg	R64	808	KONSTANTINIDIS Iordanis	GER	SCHOENMAKERS Shymano	NED	PTF	2:0
dutch-open-2025	Senior Men -63kg	R64	809	ANDRONIKOU Kyriakos	CYP	SADOLEWSKI Jan	POL	PTF	2:0
dutch-open-2025	Senior Men -63kg	R32	719	BOURGEOIS Owen	FRA	ANDRONIKOU Kyriakos	CYP	PTF	2:0
dutch-open-2025	Senior Men -63kg	R32	720	IURLARO Ludovico	ITA	PAPIEROWSKI Dominik	POL	PTF	2:0
dutch-open-2025	Senior Men -63kg	R32	721	SANTINELLI Christian	ITA	VAN LIMPT Joep	NED	PTF	2:0
dutch-open-2025	Senior Men -63kg	R32	722	JULES Nathan	FRA	TOMAS GONZALEZ Lois	ESP	PTF	2:0
dutch-open-2025	Senior Men -63kg	R32	723	COMPRELLE Enzo	FRA	QUINONERO Daniel	ESP	PTF	2:1
dutch-open-2025	Senior Men -63kg	R32	724	BARETTA Dennis	ITA	GLOC Antoine	FRA	PTF	2:1
dutch-open-2025	Senior Men -63kg	R32	725	LO PINTO Daniel	ITA	PIERARD Lucas	BEL	PTF	2:0
dutch-open-2025	Senior Men -63kg	R32	726	DELEVAL Herwan	FRA	HAMMANI Marwane	BEL	PTF	2:0
dutch-open-2025	Senior Men -63kg	R32	727	RAMOS Gabriel	BRA	KONATE Ben younouss	CIV	PTF	2:1
dutch-open-2025	Senior Men -63kg	R32	728	OZKAYA Imran	GER	TAHMAZOV Fuad	AZE	PTF	2:0
dutch-open-2025	Senior Men -63kg	R32	729	YOOSOMSRI Nontawat	GER	MILETIC Mateja	SRB	PTF	2:0
dutch-open-2025	Senior Men -63kg	R32	730	MAGOMEDOV Gashim	AZE	ADEMI Valton	KOS	PTF	2:0
dutch-open-2025	Senior Men -63kg	R32	731	RAVET Cyrian	FRA	BORGEN Kristian storsul	NOR	PTF	2:0
dutch-open-2025	Senior Men -63kg	R32	826	MAEDA Hidetaka	JPN	DORE Anthony	FRA	PTF	2:0
dutch-open-2025	Senior Men -63kg	R32	827	LUCERNA Luca	ITA	KHAKSAR Shahram	GER	PTF	2:1
dutch-open-2025	Senior Men -63kg	R32	828	SRITIMONGKOL Napat	THA	KONSTANTINIDIS Iordanis	GER	PTF	2:0
dutch-open-2025	Senior Men -63kg	R16	732	SRITIMONGKOL Napat	THA	BOURGEOIS Owen	FRA	PTF	2:0
dutch-open-2025	Senior Men -63kg	R16	733	IURLARO Ludovico	ITA	SANTINELLI Christian	ITA	PTF	2:0
dutch-open-2025	Senior Men -63kg	R16	734	JULES Nathan	FRA	COMPRELLE Enzo	FRA	WDR	2:0
dutch-open-2025	Senior Men -63kg	R16	735	BARETTA Dennis	ITA	LO PINTO Daniel	ITA	PTF	2:0
dutch-open-2025	Senior Men -63kg	R16	736	RAMOS Gabriel	BRA	DELEVAL Herwan	FRA	PTF	2:0
dutch-open-2025	Senior Men -63kg	R16	737	OZKAYA Imran	GER	YOOSOMSRI Nontawat	GER	PTF	2:0
dutch-open-2025	Senior Men -63kg	R16	738	RAVET Cyrian	FRA	MAGOMEDOV Gashim	AZE	PTF	2:0
dutch-open-2025	Senior Men -63kg	R16	837	MAEDA Hidetaka	JPN	LUCERNA Luca	ITA	WDR	2:0
dutch-open-2025	Senior Men -63kg	QF	739	SRITIMONGKOL Napat	THA	MAEDA Hidetaka	JPN	PTF	2:0
dutch-open-2025	Senior Men -63kg	QF	740	IURLARO Ludovico	ITA	JULES Nathan	FRA	PTF	2:1
dutch-open-2025	Senior Men -63kg	QF	741	RAMOS Gabriel	BRA	BARETTA Dennis	ITA	PTF	2:0
dutch-open-2025	Senior Men -63kg	QF	742	RAVET Cyrian	FRA	OZKAYA Imran	GER	PTF	2:0
dutch-open-2025	Senior Men -63kg	SF	743	IURLARO Ludovico	ITA	SRITIMONGKOL Napat	THA	PTF	2:0
dutch-open-2025	Senior Men -63kg	SF	744	RAVET Cyrian	FRA	RAMOS Gabriel	BRA	PTF	2:0
dutch-open-2025	Senior Men -63kg	F	847	RAVET Cyrian	FRA	IURLARO Ludovico	ITA	PTF	2:0
dutch-open-2025	Senior Men -68kg	R64	501	TOFT Joel	DEN	BOON Joram	NED	PTF	2:0
dutch-open-2025	Senior Men -68kg	R64	502	HAKOBYAN Hrach	GER	KUMAR Siddarth	NED	PTF	2:0
dutch-open-2025	Senior Men -68kg	R64	503	SADAT S. asadullah	GER	PLONKA Bartosz	POL	PTF	2:0
dutch-open-2025	Senior Men -68kg	R64	504	SANTIAGO BURGOS Jose daniel	PUR	BARBARI Mahdi	GER	PTF	2:0
dutch-open-2025	Senior Men -68kg	R64	505	BILGIN Efe	GER	ROSADO CRUZ Yandel	PUR	PTF	2:0
dutch-open-2025	Senior Men -68kg	R64	506	POLCZYNSKI Adam	POL	HUSREV Victor	GER	PTF	2:0
dutch-open-2025	Senior Men -68kg	R64	507	MILAN CANOVAS Jorge	ESP	SIFAOUI Sofiane	FRA	PTF	2:0
dutch-open-2025	Senior Men -68kg	R64	508	LUPO Davide	ITA	BOUMAZA Mohamed	ALG	WDR	
dutch-open-2025	Senior Men -68kg	R64	509	COULIBALY Sekou	LUX	VAN VULPEN Jesse	NED	PTF	2:0
dutch-open-2025	Senior Men -68kg	R64	510	SZUKALSKI Bartosz	POL	PAVIN Simon	SWE	PTF	2:0
dutch-open-2025	Senior Men -68kg	R64	511	STAU HANSEN Max	DEN	SAFFAK Utku	GER	PTF	2:1
dutch-open-2025	Senior Men -68kg	R64	512	ALIAN Ali	SWE	SALIMOV Vasif	AZE	PTF	2:1
dutch-open-2025	Senior Men -68kg	R64	513	MISLJENOVIC Sasa	SWE	SHIRALIYEV Riyad	AZE	PTF	2:1
dutch-open-2025	Senior Men -68kg	R64	514	CHRZANOWSKI Mateusz	POL	LAUCEVIČIUS Tadas	LTU	PTF	2:0
dutch-open-2025	Senior Men -68kg	R64	515	HARRIS Khalfani	USA	BRECELY Beau	AUS	PTF	2:0
dutch-open-2025	Senior Men -68kg	R64	516	DALVA LATORRE Joel	ESP	MEROUANE Brahim	FRA	PTF	2:0
dutch-open-2025	Senior Men -68kg	R64	607	MENDEZ LEIS Samuel	ESP	MAKHOUKH Mazine	FRA	PTF	2:0
dutch-open-2025	Senior Men -68kg	R64	608	SETTA Hamad	DEN	MYLLYNEN Niko	FIN	PTF	2:0
dutch-open-2025	Senior Men -68kg	R64	609	KAVTARADZE Beka	GEO	USCIMIUK Sebastian	POL	PTF	2:0
dutch-open-2025	Senior Men -68kg	R32	517	HYTTEL Tobias	DEN	TOFT Joel	DEN	PTF	2:0
dutch-open-2025	Senior Men -68kg	R32	518	LUCIEN Theo	FRA	HAKOBYAN Hrach	GER	PTF	2:0
dutch-open-2025	Senior Men -68kg	R32	519	TUBTIMDANG Banlung	THA	SADAT S. asadullah	GER	PTF	2:0
dutch-open-2025	Senior Men -68kg	R32	520	SANTIAGO BURGOS Jose daniel	PUR	AL GHOTANY Yahya	RTA	PTF	2:0
dutch-open-2025	Senior Men -68kg	R32	521	BILGIN Efe	GER	KARIMOV Khanoghlan	AZE	PTF	2:1
dutch-open-2025	Senior Men -68kg	R32	522	CREP Matija	CRO	POLCZYNSKI Adam	POL	PTF	2:0
dutch-open-2025	Senior Men -68kg	R32	523	ALAPHILIPPE Souleyman	FRA	MILAN CANOVAS Jorge	ESP	PTF	2:0
dutch-open-2025	Senior Men -68kg	R32	524	LUPO Davide	ITA	COULIBALY Sekou	LUX	SUP	2:1
dutch-open-2025	Senior Men -68kg	R32	525	SALANOVA LISTE Adrian	ESP	SZUKALSKI Bartosz	POL	PTF	2:0
dutch-open-2025	Senior Men -68kg	R32	526	TSURUOKA Rei	JPN	STAU HANSEN Max	DEN	PTF	2:0
dutch-open-2025	Senior Men -68kg	R32	527	ABAD EXPOSITO Iker	ESP	ALIAN Ali	SWE	PTF	2:1
dutch-open-2025	Senior Men -68kg	R32	528	OLIVERO TORO Cristian	CHI	MISLJENOVIC Sasa	SWE	PTF	2:0
dutch-open-2025	Senior Men -68kg	R32	529	CHRZANOWSKI Mateusz	POL	HARRIS Khalfani	USA	PTF	2:1
dutch-open-2025	Senior Men -68kg	R32	530	JORQUERA CALA Joan	ESP	DALVA LATORRE Joel	ESP	PTF	2:0
dutch-open-2025	Senior Men -68kg	R32	626	MAIGA Ibrahim	BUR	MENDEZ LEIS Samuel	ESP	PTF	2:0
dutch-open-2025	Senior Men -68kg	R32	627	KAVTARADZE Beka	GEO	SETTA Hamad	DEN	PTF	2:0
dutch-open-2025	Senior Men -68kg	R16	531	LUCIEN Theo	FRA	HYTTEL Tobias	DEN	PTF	2:0
dutch-open-2025	Senior Men -68kg	R16	532	TUBTIMDANG Banlung	THA	SANTIAGO BURGOS Jose daniel	PUR	PTF	2:0
dutch-open-2025	Senior Men -68kg	R16	533	CREP Matija	CRO	BILGIN Efe	GER	PTF	2:0
dutch-open-2025	Senior Men -68kg	R16	534	ALAPHILIPPE Souleyman	FRA	LUPO Davide	ITA	PTF	2:0
dutch-open-2025	Senior Men -68kg	R16	535	SALANOVA LISTE Adrian	ESP	TSURUOKA Rei	JPN	PTF	2:1
dutch-open-2025	Senior Men -68kg	R16	536	OLIVERO TORO Cristian	CHI	ABAD EXPOSITO Iker	ESP	PTF	2:0
dutch-open-2025	Senior Men -68kg	R16	537	JORQUERA CALA Joan	ESP	CHRZANOWSKI Mateusz	POL	PTF	2:1
dutch-open-2025	Senior Men -68kg	R16	636	MAIGA Ibrahim	BUR	KAVTARADZE Beka	GEO	PTF	2:1
dutch-open-2025	Senior Men -68kg	QF	538	LUCIEN Theo	FRA	MAIGA Ibrahim	BUR	PTF	2:0
dutch-open-2025	Senior Men -68kg	QF	539	TUBTIMDANG Banlung	THA	CREP Matija	CRO	PTF	2:0
dutch-open-2025	Senior Men -68kg	QF	540	ALAPHILIPPE Souleyman	FRA	SALANOVA LISTE Adrian	ESP	PTF	2:1
dutch-open-2025	Senior Men -68kg	QF	541	JORQUERA CALA Joan	ESP	OLIVERO TORO Cristian	CHI	PTF	2:1
dutch-open-2025	Senior Men -68kg	SF	542	LUCIEN Theo	FRA	TUBTIMDANG Banlung	THA	PTF	2:1
dutch-open-2025	Senior Men -68kg	SF	543	JORQUERA CALA Joan	ESP	ALAPHILIPPE Souleyman	FRA	PTF	2:0
dutch-open-2025	Senior Men -68kg	F	1044	JORQUERA CALA Joan	ESP	LUCIEN Theo	FRA	PTF	2:0
dutch-open-2025	Senior Men -74kg	R64	801	ABDOUNI Abdelhamid	MAR	SKJOLBERG Sebastian	NOR	PTF	2:0
dutch-open-2025	Senior Men -74kg	R64	802	VESTERLUND Linus	SWE	AGAOGLU Osman	AUS	PTF	2:0
dutch-open-2025	Senior Men -74kg	R64	803	MANGIONE Angelo	ITA	TAVAREZ Jann dennis	PUR	PTF	2:0
dutch-open-2025	Senior Men -74kg	R32	810	KINTSURASHVILI Zurab	GEO	ABDOUNI Abdelhamid	MAR	PTF	2:0
dutch-open-2025	Senior Men -74kg	R32	811	PETIT PHAR Shannon	FRA	OMEIRAT Mohamed	GER	PTF	2:0
dutch-open-2025	Senior Men -74kg	R32	812	CELIN Lyve-stone	FRA	POLCZYNSKI Nikodem	POL	PTF	2:0
dutch-open-2025	Senior Men -74kg	R32	813	SERRANO MACIAS Jesus	ESP	CUDNOCH Lukasz	POL	PTF	2:0
dutch-open-2025	Senior Men -74kg	R32	814	HUSIC Benjamin	BIH	REIGERSBERG Olav	NED	PTF	2:0
dutch-open-2025	Senior Men -74kg	R32	815	SITTEK Tomas	CZE	EL HAJ KHALIL Mohamad	GER	PTF	2:0
dutch-open-2025	Senior Men -74kg	R32	816	SPICK Maximilian	GER	BABIC Jaka	SLO	PTF	2:0
dutch-open-2025	Senior Men -74kg	R32	817	AMRI Bassem	FRA	VAN DER MEER Sjoerd	NED	PTF	2:0
dutch-open-2025	Senior Men -74kg	R32	818	DAWOUD Omer	DEN	VESTERLUND Linus	SWE	PTF	2:0
dutch-open-2025	Senior Men -74kg	R32	819	COSTA Diogo rafael alves da	POR	KOUGBLENOU Kelly	GER	PTF	2:0
dutch-open-2025	Senior Men -74kg	R32	820	O FOFANA Seydou	FRA	YILMAZ Bugra	GER	PTF	2:0
dutch-open-2025	Senior Men -74kg	R32	821	JORGENSEN Otto	DEN	PATINO POMBAL Pablo	ESP	PTF	2:0
dutch-open-2025	Senior Men -74kg	R32	822	MERCER Jack  woody	THA	GONZALEZ NUNEZ Giovanni	ESP	PTF	2:0
dutch-open-2025	Senior Men -74kg	R32	823	RASZKOWSKI Wiktor	POL	AGUSHI Elion	KOS	PTF	2:0
dutch-open-2025	Senior Men -74kg	R32	824	LOTT Liam	GER	HUSSEIN Ulat	GER	PTF	2:0
dutch-open-2025	Senior Men -74kg	R32	825	MANGIONE Angelo	ITA	GALLAND Warrick	SUI	PTF	2:0
dutch-open-2025	Senior Men -74kg	R16	829	KINTSURASHVILI Zurab	GEO	PETIT PHAR Shannon	FRA	PTF	2:0
dutch-open-2025	Senior Men -74kg	R16	830	CELIN Lyve-stone	FRA	SERRANO MACIAS Jesus	ESP	PTF	2:0
dutch-open-2025	Senior Men -74kg	R16	831	HUSIC Benjamin	BIH	SITTEK Tomas	CZE	PTF	2:0
dutch-open-2025	Senior Men -74kg	R16	832	AMRI Bassem	FRA	SPICK Maximilian	GER	PTF	2:0
dutch-open-2025	Senior Men -74kg	R16	833	DAWOUD Omer	DEN	COSTA Diogo rafael alves da	POR	PTF	2:0
dutch-open-2025	Senior Men -74kg	R16	834	JORGENSEN Otto	DEN	O FOFANA Seydou	FRA	PTF	2:1
dutch-open-2025	Senior Men -74kg	R16	835	MERCER Jack  woody	THA	RASZKOWSKI Wiktor	POL	PTF	2:0
dutch-open-2025	Senior Men -74kg	R16	836	MANGIONE Angelo	ITA	LOTT Liam	GER	PTF	2:0
dutch-open-2025	Senior Men -74kg	QF	838	KINTSURASHVILI Zurab	GEO	CELIN Lyve-stone	FRA	PTF	2:0
dutch-open-2025	Senior Men -74kg	QF	839	AMRI Bassem	FRA	HUSIC Benjamin	BIH	PTF	2:1
dutch-open-2025	Senior Men -74kg	QF	840	JORGENSEN Otto	DEN	DAWOUD Omer	DEN	PTF	2:0
dutch-open-2025	Senior Men -74kg	QF	841	MANGIONE Angelo	ITA	MERCER Jack  woody	THA	PTF	2:0
dutch-open-2025	Senior Men -74kg	SF	842	KINTSURASHVILI Zurab	GEO	AMRI Bassem	FRA	PTF	2:0
dutch-open-2025	Senior Men -74kg	SF	843	JORGENSEN Otto	DEN	MANGIONE Angelo	ITA	PTF	2:0
dutch-open-2025	Senior Men -74kg	F	1046	KINTSURASHVILI Zurab	GEO	JORGENSEN Otto	DEN	PTF	2:0
dutch-open-2025	Senior Men -80kg	R64	901	YOUNG Isaiah	USA	BARRUOL Uggo	FRA	PTF	2:0
dutch-open-2025	Senior Men -80kg	R64	902	BALCIUNAS Gabijus	LTU	BRACH Filip	POL	PTF	2:0
dutch-open-2025	Senior Men -80kg	R64	903	BWNITEZ DONATE ALEJANDRO	ESP	HARRIS Ethan	IRL	PTF	2:1
dutch-open-2025	Senior Men -80kg	R64	904	AL HISNAWI Karim	NED	STAVROPOULOS Theoharys	GBR	PTF	2:0
dutch-open-2025	Senior Men -80kg	R64	905	LAWSON Matheo	SWE	FLIAOUM, Christoforos	GER	PTF	2:0
dutch-open-2025	Senior Men -80kg	R64	906	CHETOUI Mohamed tahar	GER	EBERLI Denys	SUI	PTF	2:1
dutch-open-2025	Senior Men -80kg	R64	907	LUDWIG Albert	CZE	HIDRI Ibrahim	ALB	PTF	2:0
dutch-open-2025	Senior Men -80kg	R32	910	NICKOLAS CJ	USA	YOUNG Isaiah	USA	PTF	2:0
dutch-open-2025	Senior Men -80kg	R32	911	GERRONE Antonio	ITA	AGHAYEV Javad	AZE	PTF	2:0
dutch-open-2025	Senior Men -80kg	R32	912	MILAN CANOVAS Juan antonio	ESP	AYDOGMUSOGLU Erencan	GER	PTF	2:0
dutch-open-2025	Senior Men -80kg	R32	913	GONZALEZ Alejandro	PUR	COLAK Nayan can	GER	PTF	2:1
dutch-open-2025	Senior Men -80kg	R32	914	PAPADOPOULOS Ioannis	GRE	BALCIUNAS Gabijus	LTU	PTF	2:0
dutch-open-2025	Senior Men -80kg	R32	915	WEIDUM Dion	NED	JAWORSKI Konrad	POL	PTF	2:0
dutch-open-2025	Senior Men -80kg	R32	916	FERNANDEZ Mikel	ESP	NIKS Pascal	NED	PTF	2:0
dutch-open-2025	Senior Men -80kg	R32	917	SAWADOGO Faysal	BUR	BWNITEZ DONATE ALEJANDRO	ESP	PTF	2:0
dutch-open-2025	Senior Men -80kg	R32	918	KOVACIC Oscar	CRO	AL HISNAWI Karim	NED	PTF	2:0
dutch-open-2025	Senior Men -80kg	R32	919	CHARALAMBOUS Evangelos	CYP	MERCIER Charlelie	CAN	PTF	2:1
dutch-open-2025	Senior Men -80kg	R32	920	JERMAMI Mehdi	FRA	HOERMANN Vincent	GER	PTF	2:1
dutch-open-2025	Senior Men -80kg	R32	921	CHURCHILL Joaquin	CHI	LAWSON Matheo	SWE	PTF	2:0
dutch-open-2025	Senior Men -80kg	R32	922	SZADKOWSKI Michal	POL	CHETOUI Mohamed tahar	GER	PTF	2:0
dutch-open-2025	Senior Men -80kg	R32	923	SWEENEY Liam	AUS	NESHYBA Tomas	CZE	PTF	2:0
dutch-open-2025	Senior Men -80kg	R32	924	PHILLIPS Max	AUS	SOKOLOWSKI Mikolaj	POL	WDR	1:0
dutch-open-2025	Senior Men -80kg	R32	925	RUIZ DOMENECH Ramon	ESP	LUDWIG Albert	CZE	PTF	2:0
dutch-open-2025	Senior Men -80kg	R16	930	NICKOLAS CJ	USA	GERRONE Antonio	ITA	PTF	2:0
dutch-open-2025	Senior Men -80kg	R16	931	MILAN CANOVAS Juan antonio	ESP	GONZALEZ Alejandro	PUR	PTF	2:0
dutch-open-2025	Senior Men -80kg	R16	932	PAPADOPOULOS Ioannis	GRE	WEIDUM Dion	NED	PTF	2:0
dutch-open-2025	Senior Men -80kg	R16	933	FERNANDEZ Mikel	ESP	SAWADOGO Faysal	BUR	PTF	2:0
dutch-open-2025	Senior Men -80kg	R16	934	KOVACIC Oscar	CRO	CHARALAMBOUS Evangelos	CYP	PTF	2:0
dutch-open-2025	Senior Men -80kg	R16	935	CHURCHILL Joaquin	CHI	JERMAMI Mehdi	FRA	PTF	2:0
dutch-open-2025	Senior Men -80kg	R16	936	SZADKOWSKI Michal	POL	SWEENEY Liam	AUS	PTF	2:0
dutch-open-2025	Senior Men -80kg	R16	937	RUIZ DOMENECH Ramon	ESP	PHILLIPS Max	AUS	PTF	2:0
dutch-open-2025	Senior Men -80kg	QF	939	NICKOLAS CJ	USA	MILAN CANOVAS Juan antonio	ESP	PTF	2:1
dutch-open-2025	Senior Men -80kg	QF	940	PAPADOPOULOS Ioannis	GRE	FERNANDEZ Mikel	ESP	PTF	2:1
dutch-open-2025	Senior Men -80kg	QF	941	CHURCHILL Joaquin	CHI	KOVACIC Oscar	CRO	PTF	2:0
dutch-open-2025	Senior Men -80kg	QF	942	RUIZ DOMENECH Ramon	ESP	SZADKOWSKI Michal	POL	PTF	2:1
dutch-open-2025	Senior Men -80kg	SF	943	NICKOLAS CJ	USA	PAPADOPOULOS Ioannis	GRE	PTF	2:0
dutch-open-2025	Senior Men -80kg	SF	944	CHURCHILL Joaquin	CHI	RUIZ DOMENECH Ramon	ESP	PTF	2:0
dutch-open-2025	Senior Men -80kg	F	948	CHURCHILL Joaquin	CHI	NICKOLAS CJ	USA	PTF	2:0
dutch-open-2025	Senior Men -87kg	R32	908	SULEYMANOV Taleh	AZE	CIPLAK Selim	GER	PTF	2:0
dutch-open-2025	Senior Men -87kg	R32	909	THEOCHAROUS Andreas	CYP	TAPUTU Tama	FRA	PTF	2:0
dutch-open-2025	Senior Men -87kg	R32	1004	PEREZ MORILLO Cristobal	ESP	FRONDA Sandro	SWE	PTF	2:0
dutch-open-2025	Senior Men -87kg	R32	1005	MARTIN SANCHEZ Alejandro	ESP	FARMAKAS Erik	SWE		
dutch-open-2025	Senior Men -87kg	R16	926	PIATKOWSKI Szymon	POL	SULEYMANOV Taleh	AZE	PTF	2:0
dutch-open-2025	Senior Men -87kg	R16	927	JOCHMAN Adam	CZE	ŠIAULYS Emilis	LTU	PTF	2:0
dutch-open-2025	Senior Men -87kg	R16	928	OBERHOFER Alexander	ITA	MEHNANA Nahil	FRA	PTF	2:1
dutch-open-2025	Senior Men -87kg	R16	929	BOUZID SOUIHILI Ismael	FRA	THEOCHAROUS Andreas	CYP	PTF	2:0
dutch-open-2025	Senior Men -87kg	R16	1018	ALESSIO Simone	ITA	PEREZ MORILLO Cristobal	ESP	PTF	2:0
dutch-open-2025	Senior Men -87kg	R16	1019	JABLONSKI Zbigniew	POL	BRANTUŠA Roko	CRO	PTF	2:0
dutch-open-2025	Senior Men -87kg	R16	1020	GAFAROV Eltaj	AZE	JURGENS Joshua noel	GER	PTF	2:0
dutch-open-2025	Senior Men -87kg	R16	1021	TROITINO AMOEDO Sergio	ESP	MARTIN SANCHEZ Alejandro	ESP	PTF	2:0
dutch-open-2025	Senior Men -87kg	QF	938	PIATKOWSKI Szymon	POL	JOCHMAN Adam	CZE	PTF	2:0
dutch-open-2025	Senior Men -87kg	QF	1031	OBERHOFER Alexander	ITA	BOUZID SOUIHILI Ismael	FRA	PTF	2:1
dutch-open-2025	Senior Men -87kg	QF	1032	ALESSIO Simone	ITA	JABLONSKI Zbigniew	POL	PTF	2:0
dutch-open-2025	Senior Men -87kg	QF	1033	GAFAROV Eltaj	AZE	TROITINO AMOEDO Sergio	ESP	PTF	2:0
dutch-open-2025	Senior Men -87kg	SF	1039	PIATKOWSKI Szymon	POL	OBERHOFER Alexander	ITA	PTF	2:0
dutch-open-2025	Senior Men -87kg	SF	1040	ALESSIO Simone	ITA	GAFAROV Eltaj	AZE	PTF	2:0
dutch-open-2025	Senior Men -87kg	F	1146	ALESSIO Simone	ITA	PIATKOWSKI Szymon	POL	PTF	2:0
dutch-open-2025	Senior Men +87kg	R32	1105	BUIDZE Davit	GEO	MURILLO RUBIO Daniel	ESP	PTF	2:0
dutch-open-2025	Senior Men +87kg	R32	1201	NIEVES TORRES Victor manuel	PUR	SOULIMANI Ilir	SUI	PTF	2:0
dutch-open-2025	Senior Men +87kg	R32	1202	DIABY Boubacar	MLI	NASO Marco	ITA	PTF	2:0
dutch-open-2025	Senior Men +87kg	R32	1203	KUECUEKSUNGUR Kerim	GER	BYELOUS BYELOUS Eric	ESP		
dutch-open-2025	Senior Men +87kg	R16	1125	HEALY Jonathan	USA	BUIDZE Davit	GEO	PTF	2:0
dutch-open-2025	Senior Men +87kg	R16	1126	MOLIN Mattia	ITA	BADRIALIABADI Hamidreza	AZE	PTF	2:0
dutch-open-2025	Senior Men +87kg	R16	1218	GARCIA MARTINEZ Ivan	ESP	DIVKOVIC Patrik	SLO	PTF	2:1
dutch-open-2025	Senior Men +87kg	R16	1219	CORREDOR Raul	ESP	NIEVES TORRES Victor manuel	PUR	PTF	2:0
dutch-open-2025	Senior Men +87kg	R16	1220	HAREMZA Krystian	POL	DIABY Boubacar	MLI	PTF	2:0
dutch-open-2025	Senior Men +87kg	R16	1221	EL YAZIDI Omar	FRA	BRINK Kevin	SWE	PTF	2:0
dutch-open-2025	Senior Men +87kg	R16	1222	DE ANGELIS Matteo	ITA	MARINESCU Dragos	MDA	PTF	2:0
dutch-open-2025	Senior Men +87kg	R16	1223	MICHOPOULOS Sotirios	GRE	KUECUEKSUNGUR Kerim	GER	PTF	2:1
dutch-open-2025	Senior Men +87kg	QF	1232	HEALY Jonathan	USA	MOLIN Mattia	ITA	PTF	2:1
dutch-open-2025	Senior Men +87kg	QF	1233	GARCIA MARTINEZ Ivan	ESP	CORREDOR Raul	ESP	PTF	2:0
dutch-open-2025	Senior Men +87kg	QF	1234	EL YAZIDI Omar	FRA	HAREMZA Krystian	POL	PTF	2:0
dutch-open-2025	Senior Men +87kg	QF	1235	DE ANGELIS Matteo	ITA	MICHOPOULOS Sotirios	GRE	PTF	2:1
dutch-open-2025	Senior Men +87kg	SF	1240	HEALY Jonathan	USA	GARCIA MARTINEZ Ivan	ESP	PTF	2:0
dutch-open-2025	Senior Men +87kg	SF	1241	EL YAZIDI Omar	FRA	DE ANGELIS Matteo	ITA	PTF	2:1
dutch-open-2025	Senior Men +87kg	F	1148	HEALY Jonathan	USA	EL YAZIDI Omar	FRA	PTF	2:0
dutch-open-2025	Senior Women -46kg	R32	107	GEORGIOU Melina	GRE	CARPENTIER Justine	CAN	PTF	2:0
dutch-open-2025	Senior Women -46kg	R32	108	GARCIA MARTINEZ Laura	ESP	ETTELBRUCK Lilly	GER	PTF	2:0
dutch-open-2025	Senior Women -46kg	R32	109	GULIYEVA Salima	AZE	OZKEN Aleyna	GER	PTF	2:0
dutch-open-2025	Senior Women -46kg	R32	110	BERTAGNIN Elisa	ITA	TAMMILA Ada-emilia	FIN	WDR	
dutch-open-2025	Senior Women -46kg	R32	111	JIMENEZ MONTERO Ana	ESP	UZUN Sarah	NED	PTF	2:0
dutch-open-2025	Senior Women -46kg	R32	112	POOLKERD Patcharakan	THA	KODAMAN Helin	GER	PTF	2:0
dutch-open-2025	Senior Women -46kg	R32	113	OKAMOTO Ruka	JPN	SARDANA Claire	AUS	PTF	2:0
dutch-open-2025	Senior Women -46kg	R32	114	POURYOUNES Dina	RTA	BARROSO Kiara	POR	PTF	2:1
dutch-open-2025	Senior Women -46kg	R32	115	LOPEZ IZQUIERDO Ana	ESP	GARCIES I SALA Lluisa	ESP	PTF	2:1
dutch-open-2025	Senior Women -46kg	R32	116	DIAZ ARRIBAS Violeta	ESP	AKBAROVA Minaya	AZE	PTF	2:0
dutch-open-2025	Senior Women -46kg	R32	117	STURARI Alessia	ITA	TAMMILA Ida-elina	FIN	PTF	2:0
dutch-open-2025	Senior Women -46kg	R32	118	GALIERO Giulia	ITA	HASANZADE Zemfira	AZE	PTF	2:1
dutch-open-2025	Senior Women -46kg	R32	119	BASSETT Jaycee	CRC	MARTINEZ Julia	ESP	PTF	2:0
dutch-open-2025	Senior Women -46kg	R32	120	GAYE Serrah	FRA	DUZ Selina	GER	SUP	2:1
dutch-open-2025	Senior Women -46kg	R16	125	OKAZAKI Hinata	JPN	GEORGIOU Melina	GRE	PTF	2:1
dutch-open-2025	Senior Women -46kg	R16	126	GULIYEVA Salima	AZE	GARCIA MARTINEZ Laura	ESP	PTF	2:0
dutch-open-2025	Senior Women -46kg	R16	127	BERTAGNIN Elisa	ITA	JIMENEZ MONTERO Ana	ESP	PTF	2:0
dutch-open-2025	Senior Women -46kg	R16	128	POOLKERD Patcharakan	THA	OKAMOTO Ruka	JPN	PTF	2:0
dutch-open-2025	Senior Women -46kg	R16	129	LOPEZ IZQUIERDO Ana	ESP	POURYOUNES Dina	RTA	PTF	2:0
dutch-open-2025	Senior Women -46kg	R16	130	DIAZ ARRIBAS Violeta	ESP	STURARI Alessia	ITA	PTF	2:1
dutch-open-2025	Senior Women -46kg	R16	131	GALIERO Giulia	ITA	BASSETT Jaycee	CRC	PTF	2:0
dutch-open-2025	Senior Women -46kg	R16	132	MAKAS Dzejla	BIH	GAYE Serrah	FRA	PTF	2:0
dutch-open-2025	Senior Women -46kg	QF	136	OKAZAKI Hinata	JPN	GULIYEVA Salima	AZE	PTF	2:0
dutch-open-2025	Senior Women -46kg	QF	137	POOLKERD Patcharakan	THA	BERTAGNIN Elisa	ITA	PTF	2:0
dutch-open-2025	Senior Women -46kg	QF	138	DIAZ ARRIBAS Violeta	ESP	LOPEZ IZQUIERDO Ana	ESP	PTF	2:0
dutch-open-2025	Senior Women -46kg	QF	139	GALIERO Giulia	ITA	MAKAS Dzejla	BIH	PTF	2:0
dutch-open-2025	Senior Women -46kg	SF	142	POOLKERD Patcharakan	THA	OKAZAKI Hinata	JPN	PTF	2:0
dutch-open-2025	Senior Women -46kg	SF	143	DIAZ ARRIBAS Violeta	ESP	GALIERO Giulia	ITA	PTF	2:0
dutch-open-2025	Senior Women -46kg	F	844	DIAZ ARRIBAS Violeta	ESP	POOLKERD Patcharakan	THA	PTF	2:0
dutch-open-2025	Senior Women -49kg	R32	101	BYRNE Ruby	IRL	CURA Yezda	GER	PTF	2:0
dutch-open-2025	Senior Women -49kg	R32	102	SEEKEN Kamonchanok	THA	RUIZ ROSELL Alba	ESP	PTF	2:0
dutch-open-2025	Senior Women -49kg	R32	103	MATA Maya	USA	ABEDALSALAM Mariam	DEN	PTF	2:0
dutch-open-2025	Senior Women -49kg	R32	104	PEDROZO Beatriz	BRA	BRYHIDA Erika	UKR	PTF	2:0
dutch-open-2025	Senior Women -49kg	R32	105	KAMKASOUMPHOU Maysane	FRA	GIMENEZ GARCIA Daniela	ESP	PTF	2:0
dutch-open-2025	Senior Women -49kg	R32	106	OSMANOVA Samarrukh	AZE	KARAOGLAN Medine	GER	PTF	2:0
dutch-open-2025	Senior Women -49kg	R32	205	ISMAELPUR Paniz	AZE	TOSI Emily	CAN	PTF	2:0
dutch-open-2025	Senior Women -49kg	R32	206	KRAJEWSKA Alicja	POL	SERRANO Alicia	ESP	PTF	2:0
dutch-open-2025	Senior Women -49kg	R32	207	KRAJEWSKA Nikola	POL	SWEENEY Tiarnagh	AUS	PTF	2:0
dutch-open-2025	Senior Women -49kg	R32	208	MATONTI Ilenia elisabetta	ITA	WAY Nicolle	GUA	PTF	2:0
dutch-open-2025	Senior Women -49kg	R32	209	MAESTRO Virginia	ITA	MARGARYNT Anastacia	GER	PTF	2:1
dutch-open-2025	Senior Women -49kg	R32	210	OCEGUERA Sophia	USA	MILOSEVIC Lenka	GER	DSQ	2:0
dutch-open-2025	Senior Women -49kg	R32	211	FOFANA Mah teninba	FRA	VIEN Filippa	SWE	PTF	2:0
dutch-open-2025	Senior Women -49kg	R16	121	PETERSON Ceili	GUY	BYRNE Ruby	IRL	PTF	2:0
dutch-open-2025	Senior Women -49kg	R16	122	SEEKEN Kamonchanok	THA	MATA Maya	USA	PTF	2:0
dutch-open-2025	Senior Women -49kg	R16	123	PEDROZO Beatriz	BRA	KAMKASOUMPHOU Maysane	FRA	PTF	2:0
dutch-open-2025	Senior Women -49kg	R16	124	CEREZO IGLESIAS Adriana	ESP	OSMANOVA Samarrukh	AZE	PTF	2:0
dutch-open-2025	Senior Women -49kg	R16	228	KISSKALT Supharada	GER	ISMAELPUR Paniz	AZE	PTF	2:0
dutch-open-2025	Senior Women -49kg	R16	229	KRAJEWSKA Alicja	POL	KRAJEWSKA Nikola	POL	PTF	2:0
dutch-open-2025	Senior Women -49kg	R16	230	MATONTI Ilenia elisabetta	ITA	MAESTRO Virginia	ITA	PTF	2:1
dutch-open-2025	Senior Women -49kg	R16	231	OCEGUERA Sophia	USA	FOFANA Mah teninba	FRA	PTF	2:1
dutch-open-2025	Senior Women -49kg	QF	133	MATONTI Ilenia elisabetta	ITA	OCEGUERA Sophia	USA	PTF	2:1
dutch-open-2025	Senior Women -49kg	QF	134	SEEKEN Kamonchanok	THA	PETERSON Ceili	GUY	PTF	2:0
dutch-open-2025	Senior Women -49kg	QF	135	CEREZO IGLESIAS Adriana	ESP	PEDROZO Beatriz	BRA	PTF	2:0
dutch-open-2025	Senior Women -49kg	QF	240	KISSKALT Supharada	GER	KRAJEWSKA Alicja	POL	PTF	2:0
dutch-open-2025	Senior Women -49kg	SF	140	KISSKALT Supharada	GER	MATONTI Ilenia elisabetta	ITA	PTF	2:0
dutch-open-2025	Senior Women -49kg	SF	141	SEEKEN Kamonchanok	THA	CEREZO IGLESIAS Adriana	ESP	PTF	2:0
dutch-open-2025	Senior Women -49kg	F	945	SEEKEN Kamonchanok	THA	KISSKALT Supharada	GER	PTF	2:1
dutch-open-2025	Senior Women -53kg	R64	201	GARBETT Latisha	GBR	GRAFFE Lou	LUX	PTF	2:0
dutch-open-2025	Senior Women -53kg	R64	202	OLESZCZUK Lucja	POL	CARPENTIER Vicky	CAN	PTF	2:0
dutch-open-2025	Senior Women -53kg	R64	203	MONSALES Joanna	AUS	SYLTHE Therese	NOR	PTF	2:1
dutch-open-2025	Senior Women -53kg	R64	204	EL BOUCHTI Oumaima	MAR	MAMMADOVA Maryam	AZE	PTF	2:0
dutch-open-2025	Senior Women -53kg	R32	212	PEREZ PARRADO Alma maria	ESP	GARBETT Latisha	GBR	PTF	2:0
dutch-open-2025	Senior Women -53kg	R32	213	IBARS ALCANTARA Anna	ESP	MAYER Leonie	GER	PTF	2:0
dutch-open-2025	Senior Women -53kg	R32	214	AL HALWANI Elisa	ITA	SABZGHABAEI Sohejla	GER	PTF	2:0
dutch-open-2025	Senior Women -53kg	R32	215	PAPPA Christina	GRE	AYDEMIR Nurselin	GER	PTF	2:1
dutch-open-2025	Senior Women -53kg	R32	216	BENETTI Ines	FRA	GIRE Ines	FRA	PTF	2:0
dutch-open-2025	Senior Women -53kg	R32	217	JONGKOLRATTANAWATTANA Chutikan	THA	MARINIC Tara	CRO	PTF	2:0
dutch-open-2025	Senior Women -53kg	R32	218	ASIMI Adiba	GER	BUTTARELLI Aurelie	FRA	PTF	2:0
dutch-open-2025	Senior Women -53kg	R32	219	KATOH Yuzuho	JPN	OLESZCZUK Lucja	POL	PTF	2:0
dutch-open-2025	Senior Women -53kg	R32	220	SPASOJEVIC Sara	CRO	MONSALES Joanna	AUS	PTF	2:0
dutch-open-2025	Senior Women -53kg	R32	221	KARMELY Lea anais	GER	WAEVERSTROM Signe wendt	DEN	PTF	2:0
dutch-open-2025	Senior Women -53kg	R32	222	BODEN Indra	SWE	KHAN Laila	CAN	PTF	2:0
dutch-open-2025	Senior Women -53kg	R32	223	BONALS ANARTE Laura	ESP	SEGLAR Sarah	FRA	PTF	2:1
dutch-open-2025	Senior Women -53kg	R32	224	MEIŠTININKAITĖ Gerda	LTU	RIBITSCH Viktoria	GER	PTF	2:0
dutch-open-2025	Senior Women -53kg	R32	225	GARCIA MARQUINA Sofia	ESP	PFAFF Marbele	GER	PTF	2:0
dutch-open-2025	Senior Women -53kg	R32	226	DUMAS Mathilde	CAN	KAMKASOUMPHOU Alliyah	FRA	PTF	2:0
dutch-open-2025	Senior Women -53kg	R32	227	AVDAGIC Ada	BIH	EL BOUCHTI Oumaima	MAR	PTF	2:0
dutch-open-2025	Senior Women -53kg	R16	232	PEREZ PARRADO Alma maria	ESP	IBARS ALCANTARA Anna	ESP	PTF	2:0
dutch-open-2025	Senior Women -53kg	R16	233	PAPPA Christina	GRE	AL HALWANI Elisa	ITA	PTF	2:1
dutch-open-2025	Senior Women -53kg	R16	234	JONGKOLRATTANAWATTANA Chutikan	THA	BENETTI Ines	FRA	PTF	2:0
dutch-open-2025	Senior Women -53kg	R16	235	ASIMI Adiba	GER	KATOH Yuzuho	JPN	PTF	2:1
dutch-open-2025	Senior Women -53kg	R16	236	SPASOJEVIC Sara	CRO	KARMELY Lea anais	GER	PTF	2:1
dutch-open-2025	Senior Women -53kg	R16	237	BONALS ANARTE Laura	ESP	BODEN Indra	SWE	PTF	2:1
dutch-open-2025	Senior Women -53kg	R16	238	GARCIA MARQUINA Sofia	ESP	MEIŠTININKAITĖ Gerda	LTU	PTF	2:0
dutch-open-2025	Senior Women -53kg	R16	239	AVDAGIC Ada	BIH	DUMAS Mathilde	CAN	PTF	2:0
dutch-open-2025	Senior Women -53kg	QF	241	PEREZ PARRADO Alma maria	ESP	PAPPA Christina	GRE	PTF	2:0
dutch-open-2025	Senior Women -53kg	QF	242	JONGKOLRATTANAWATTANA Chutikan	THA	ASIMI Adiba	GER	PTF	2:0
dutch-open-2025	Senior Women -53kg	QF	243	BONALS ANARTE Laura	ESP	SPASOJEVIC Sara	CRO	PTF	2:0
dutch-open-2025	Senior Women -53kg	QF	244	GARCIA MARQUINA Sofia	ESP	AVDAGIC Ada	BIH	PTF	2:1
dutch-open-2025	Senior Women -53kg	SF	245	PEREZ PARRADO Alma maria	ESP	JONGKOLRATTANAWATTANA Chutikan	THA	PTF	2:1
dutch-open-2025	Senior Women -53kg	SF	246	BONALS ANARTE Laura	ESP	GARCIA MARQUINA Sofia	ESP	PTF	2:0
dutch-open-2025	Senior Women -53kg	F	846	PEREZ PARRADO Alma maria	ESP	BONALS ANARTE Laura	ESP	PTF	2:1
dutch-open-2025	Senior Women -57kg	R64	401	BETT Ava	GBR	BOWMAN Honey	GBR	PTF	2:0
dutch-open-2025	Senior Women -57kg	R64	402	STEINKUELER Frieda margarethe	GER	FOGED Rosmarin pietak	DEN	PTF	2:0
dutch-open-2025	Senior Women -57kg	R64	403	AYDIN Ela	GER	WAUTIER Lena	BEL	WDR	
dutch-open-2025	Senior Women -57kg	R64	404	LUCERNA Marta	ITA	BULOW Alice	SWE	PTF	2:0
dutch-open-2025	Senior Women -57kg	R64	405	MOUCH Sara	NED	SATZINGER Anna	GER	PTF	2:0
dutch-open-2025	Senior Women -57kg	R64	406	NUNEZ Jordana	CAN	BAEZ THOMAS Sofia	PUR	PTF	2:0
dutch-open-2025	Senior Women -57kg	R64	407	DE Alejandra	ESP	LAGHRISSI Nadira	SWE	PTF	2:1
dutch-open-2025	Senior Women -57kg	R64	408	DAGNET Divine luccia	FRA	KICINSKA Klaudia	POL	PTF	2:1
dutch-open-2025	Senior Women -57kg	R64	409	PEZZOLLA Lucia	ITA	ZAYTOUN Leila	QAT	PTF	2:0
dutch-open-2025	Senior Women -57kg	R64	410	TVARONAVICIUTE Klaudija	LTU	EL BARICHI Manal	GER	PTF	2:0
dutch-open-2025	Senior Women -57kg	R64	411	PRICOLO Marina	ITA	KARLBERG Tea	SWE	PTF	2:0
dutch-open-2025	Senior Women -57kg	R64	412	SCHLEUSSINGER Inga	GER	VAN PASSEL Amelie	BEL	PTF	2:1
dutch-open-2025	Senior Women -57kg	R64	413	CUMUR Azra	GER	MURRAY Kayla	IRL	RSC	1:1
dutch-open-2025	Senior Women -57kg	R64	414	TORRES TENA Elena	ESP	VAN DIJK Serena	SUR	PTF	2:0
dutch-open-2025	Senior Women -57kg	R64	415	LISOWSKA Nikol	POL	ZOUZOUA Lyna	FRA	PTF	2:1
dutch-open-2025	Senior Women -57kg	R32	416	CARABIN Kanelya	FRA	BETT Ava	GBR	PTF	2:0
dutch-open-2025	Senior Women -57kg	R32	417	BECKSTEIN Vanessa	GER	HARNSUJIN Phannapa	THA	PTF	2:0
dutch-open-2025	Senior Women -57kg	R32	418	NISHIDA Mao	JPN	STEINKUELER Frieda margarethe	GER	PTF	2:0
dutch-open-2025	Senior Women -57kg	R32	419	AYDIN Ela	GER	ROVITHIS Anastasia	GER	PTF	2:0
dutch-open-2025	Senior Women -57kg	R32	420	HRONOVA Dominika	CZE	LUCERNA Marta	ITA	PTF	2:0
dutch-open-2025	Senior Women -57kg	R32	421	MOUCH Sara	NED	KRAJEWSKA Agnieszka	POL	PTF	2:0
dutch-open-2025	Senior Women -57kg	R32	422	BANGURA Aisha	GER	NUNEZ Jordana	CAN	PTF	2:0
dutch-open-2025	Senior Women -57kg	R32	423	AL HALWANI Giada	ITA	DE Alejandra	ESP	PTF	2:0
dutch-open-2025	Senior Women -57kg	R32	424	VITKO Yuliya	AIN	DAGNET Divine luccia	FRA	PTF	2:0
dutch-open-2025	Senior Women -57kg	R32	425	PEZZOLLA Lucia	ITA	VAN WIJNGAARDEN Jada	ESP	PTF	2:1
dutch-open-2025	Senior Women -57kg	R32	426	TVARONAVICIUTE Klaudija	LTU	WOLF Jessica	GER	PTF	2:0
dutch-open-2025	Senior Women -57kg	R32	427	PRICOLO Marina	ITA	CAUSSE Estelle	FRA	PTF	2:0
dutch-open-2025	Senior Women -57kg	R32	428	RODRIGUEZ Laura	ESP	SCHLEUSSINGER Inga	GER	PTF	2:0
dutch-open-2025	Senior Women -57kg	R32	429	CHRISTY Beth	GBR	CUMUR Azra	GER	PTF	2:0
dutch-open-2025	Senior Women -57kg	R32	430	TORRES TENA Elena	ESP	GUAITA Greta	ITA	PTF	2:0
dutch-open-2025	Senior Women -57kg	R32	431	MERLOS ORDONEZ Judit	ESP	LISOWSKA Nikol	POL	PTF	2:1
dutch-open-2025	Senior Women -57kg	R16	432	CARABIN Kanelya	FRA	BECKSTEIN Vanessa	GER	PTF	2:1
dutch-open-2025	Senior Women -57kg	R16	433	NISHIDA Mao	JPN	AYDIN Ela	GER	PTF	2:1
dutch-open-2025	Senior Women -57kg	R16	434	HRONOVA Dominika	CZE	MOUCH Sara	NED	PTF	2:0
dutch-open-2025	Senior Women -57kg	R16	435	AL HALWANI Giada	ITA	BANGURA Aisha	GER	PTF	2:1
dutch-open-2025	Senior Women -57kg	R16	436	VITKO Yuliya	AIN	PEZZOLLA Lucia	ITA	PTF	2:0
dutch-open-2025	Senior Women -57kg	R16	437	TVARONAVICIUTE Klaudija	LTU	PRICOLO Marina	ITA	PTF	2:0
dutch-open-2025	Senior Women -57kg	R16	438	RODRIGUEZ Laura	ESP	CHRISTY Beth	GBR	PTF	2:0
dutch-open-2025	Senior Women -57kg	R16	439	TORRES TENA Elena	ESP	MERLOS ORDONEZ Judit	ESP	PTF	2:1
dutch-open-2025	Senior Women -57kg	QF	440	CARABIN Kanelya	FRA	NISHIDA Mao	JPN	PTF	2:1
dutch-open-2025	Senior Women -57kg	QF	441	HRONOVA Dominika	CZE	AL HALWANI Giada	ITA	PTF	2:0
dutch-open-2025	Senior Women -57kg	QF	442	VITKO Yuliya	AIN	TVARONAVICIUTE Klaudija	LTU	PTF	2:0
dutch-open-2025	Senior Women -57kg	QF	443	RODRIGUEZ Laura	ESP	TORRES TENA Elena	ESP	PTF	2:1
dutch-open-2025	Senior Women -57kg	SF	444	CARABIN Kanelya	FRA	HRONOVA Dominika	CZE	PTF	2:0
dutch-open-2025	Senior Women -57kg	SF	445	VITKO Yuliya	AIN	RODRIGUEZ Laura	ESP	PTF	2:0
dutch-open-2025	Senior Women -57kg	F	1043	CARABIN Kanelya	FRA	VITKO Yuliya	AIN	PTF	2:0
dutch-open-2025	Senior Women -62kg	R64	601	MANSOURI Leyla	BEL	TALHA Nouhayla	BEL	PTF	2:0
dutch-open-2025	Senior Women -62kg	R64	602	WIET HENIN Magda	FRA	MOCALINA Vladislava	LAT	PTF	2:0
dutch-open-2025	Senior Women -62kg	R64	603	SANTOS Caroline	BRA	REBON FEDOROVA Ekaterina	ESP	PTF	2:0
dutch-open-2025	Senior Women -62kg	R64	604	ARRONDO BELLOSO Ariadna	ESP	KAZIMOVA Nargiz	AZE	PTF	2:0
dutch-open-2025	Senior Women -62kg	R64	605	LANGOUSTE-ASSOUMAYA Lyhana	FRA	RUSKA Shanti	NED	PTF	2:0
dutch-open-2025	Senior Women -62kg	R64	606	CHARRON Alexandra	CAN	AKESSON STANDIG Sofie	SWE	PTF	2:1
dutch-open-2025	Senior Women -62kg	R32	610	MESTROVIC Dora	CRO	MANSOURI Leyla	BEL	PTF	2:0
dutch-open-2025	Senior Women -62kg	R32	611	SECANELL Elsa	ESP	MANGEN Lennie	LUX	PTF	2:0
dutch-open-2025	Senior Women -62kg	R32	612	STOLBOVA Petra	CZE	KAROPKA Emma novelie	GER	PTF	2:0
dutch-open-2025	Senior Women -62kg	R32	613	STAMOU Daphne	GRE	BALCI Edanur	GER	PTF	2:0
dutch-open-2025	Senior Women -62kg	R32	614	WIET HENIN Magda	FRA	ORTIZ BENITO Arlet	ESP	PTF	2:0
dutch-open-2025	Senior Women -62kg	R32	615	BLITEK Cloe	FRA	ANDERSSON Tindra	SWE	PTF	2:1
dutch-open-2025	Senior Women -62kg	R32	616	MARIC Ela	SRB	HUESCH Angelina	GER	PTF	2:0
dutch-open-2025	Senior Women -62kg	R32	617	SANTOS Caroline	BRA	SZPAK Julia	POL	PTF	2:0
dutch-open-2025	Senior Women -62kg	R32	618	KICEMA Helena	CRO	ARRONDO BELLOSO Ariadna	ESP	PTF	2:0
dutch-open-2025	Senior Women -62kg	R32	619	EK Isabella	SWE	DAGNET Miliane haizel	FRA	PTF	2:0
dutch-open-2025	Senior Women -62kg	R32	620	DINKOVIC Lena	CRO	ST-PIERRE Alycia	CAN	PTF	2:0
dutch-open-2025	Senior Women -62kg	R32	621	TONGCHAN Sasikarn	THA	LANGOUSTE-ASSOUMAYA Lyhana	FRA		
dutch-open-2025	Senior Women -62kg	R32	622	PRZYGODA Alina	GER	DEATON Danica	USA	PTF	2:1
dutch-open-2025	Senior Women -62kg	R32	623	DOUCET Teeyah	FRA	VALENTINO Viviana	GER	PTF	2:0
dutch-open-2025	Senior Women -62kg	R32	624	SOTO CASTILLO Isuangelis	PUR	NYMAN Ebba	SWE	PTF	2:0
dutch-open-2025	Senior Women -62kg	R32	625	GOEBEL Laura	GER	CHARRON Alexandra	CAN	PTF	2:0
dutch-open-2025	Senior Women -62kg	R16	628	MESTROVIC Dora	CRO	SECANELL Elsa	ESP	PTF	2:1
dutch-open-2025	Senior Women -62kg	R16	629	STOLBOVA Petra	CZE	STAMOU Daphne	GRE	PTF	2:1
dutch-open-2025	Senior Women -62kg	R16	630	WIET HENIN Magda	FRA	BLITEK Cloe	FRA	PTF	2:0
dutch-open-2025	Senior Women -62kg	R16	631	SANTOS Caroline	BRA	MARIC Ela	SRB	PTF	2:0
dutch-open-2025	Senior Women -62kg	R16	632	KICEMA Helena	CRO	EK Isabella	SWE	PTF	2:0
dutch-open-2025	Senior Women -62kg	R16	633	TONGCHAN Sasikarn	THA	DINKOVIC Lena	CRO	PTF	2:1
dutch-open-2025	Senior Women -62kg	R16	634	DOUCET Teeyah	FRA	PRZYGODA Alina	GER	PTF	2:0
dutch-open-2025	Senior Women -62kg	R16	635	GOEBEL Laura	GER	SOTO CASTILLO Isuangelis	PUR	PTF	2:0
dutch-open-2025	Senior Women -62kg	QF	637	STOLBOVA Petra	CZE	MESTROVIC Dora	CRO	PTF	2:0
dutch-open-2025	Senior Women -62kg	QF	638	WIET HENIN Magda	FRA	SANTOS Caroline	BRA	PTF	2:0
dutch-open-2025	Senior Women -62kg	QF	639	TONGCHAN Sasikarn	THA	KICEMA Helena	CRO	PTF	2:0
dutch-open-2025	Senior Women -62kg	QF	640	DOUCET Teeyah	FRA	GOEBEL Laura	GER	PTF	2:0
dutch-open-2025	Senior Women -62kg	SF	641	STOLBOVA Petra	CZE	WIET HENIN Magda	FRA	WDR	
dutch-open-2025	Senior Women -62kg	SF	642	TONGCHAN Sasikarn	THA	DOUCET Teeyah	FRA	PTF	2:0
dutch-open-2025	Senior Women -62kg	F	1045	TONGCHAN Sasikarn	THA	STOLBOVA Petra	CZE	PTF	2:0
dutch-open-2025	Senior Women -67kg	R32	1204	MAGGIORE Giulia	ITA	FABER Isabelle	LUX	PTF	2:0
dutch-open-2025	Senior Women -67kg	R32	1205	MAGDIC Matea	CRO	TOMCZAK Tatiana	POL	PTF	2:0
dutch-open-2025	Senior Women -67kg	R32	1206	YOUKOUBOVA Karina	FRA	IVANOVA Alina	AIN	PTF	2:0
dutch-open-2025	Senior Women -67kg	R32	1207	FREDERIKSEN Kathrine kamp nordentoft	DEN	BEAULIEU Gabrielle	CAN	PTF	2:0
dutch-open-2025	Senior Women -67kg	R32	1208	MEHNANA Ines	FRA	KREUZER Kim vivian	GER	PTF	2:0
dutch-open-2025	Senior Women -67kg	R32	1209	SKAPROVSKA Valeriia	AIN	BAUER Caroline	GER	PTF	2:0
dutch-open-2025	Senior Women -67kg	R32	1210	CASTRO BURGOS Cecilia	ESP	MIKALEVICIUTE Melita	LTU	PTF	2:0
dutch-open-2025	Senior Women -67kg	R32	1211	KOERNDL Vanessa	GER	DIAZ Isabella	PUR	PTF	2:0
dutch-open-2025	Senior Women -67kg	R32	1212	ZOE Gueli	HUN	WARZECHA Alina	GER	PTF	2:0
dutch-open-2025	Senior Women -67kg	R32	1213	D'ANGELO Natalia	ITA	GOUWS Emma	AUS	PTF	2:0
dutch-open-2025	Senior Women -67kg	R32	1214	KOWALKOWSKA Justyna	POL	KILIC Melike	BEL	PTF	2:0
dutch-open-2025	Senior Women -67kg	R32	1215	KLEPAC Nika	CRO	MAJIDOVA Fatima	AZE	PTF	2:0
dutch-open-2025	Senior Women -67kg	R32	1216	MORENO REYES Lena	ESP	MEDD Saskia	AUS	PTF	2:0
dutch-open-2025	Senior Women -67kg	R32	1217	MEHMEDOVIC Nadina	BIH	HODZIC Nihada	BIH	PTF	2:0
dutch-open-2025	Senior Women -67kg	R16	1224	PERISIC Aleksandra	SRB	MAGGIORE Giulia	ITA	PTF	2:0
dutch-open-2025	Senior Women -67kg	R16	1225	YOUKOUBOVA Karina	FRA	MAGDIC Matea	CRO	PTF	2:0
dutch-open-2025	Senior Women -67kg	R16	1226	MEHNANA Ines	FRA	FREDERIKSEN Kathrine kamp nordentoft	DEN	PTF	2:0
dutch-open-2025	Senior Women -67kg	R16	1227	CASTRO BURGOS Cecilia	ESP	SKAPROVSKA Valeriia	AIN	PTF	2:0
dutch-open-2025	Senior Women -67kg	R16	1228	KOERNDL Vanessa	GER	ZOE Gueli	HUN	PTF	2:0
dutch-open-2025	Senior Women -67kg	R16	1229	KOWALKOWSKA Justyna	POL	D'ANGELO Natalia	ITA	PTF	2:0
dutch-open-2025	Senior Women -67kg	R16	1230	MORENO REYES Lena	ESP	KLEPAC Nika	CRO	PTF	2:0
dutch-open-2025	Senior Women -67kg	R16	1231	ANDRIC Leonarda	CAN	MEHMEDOVIC Nadina	BIH	PTF	2:0
dutch-open-2025	Senior Women -67kg	QF	1236	PERISIC Aleksandra	SRB	YOUKOUBOVA Karina	FRA	PTG	2:0
dutch-open-2025	Senior Women -67kg	QF	1237	CASTRO BURGOS Cecilia	ESP	MEHNANA Ines	FRA	PTF	2:0
dutch-open-2025	Senior Women -67kg	QF	1238	KOERNDL Vanessa	GER	KOWALKOWSKA Justyna	POL	PTF	2:0
dutch-open-2025	Senior Women -67kg	QF	1239	MORENO REYES Lena	ESP	ANDRIC Leonarda	CAN	PTF	2:0
dutch-open-2025	Senior Women -67kg	SF	1242	PERISIC Aleksandra	SRB	CASTRO BURGOS Cecilia	ESP	PTF	2:0
dutch-open-2025	Senior Women -67kg	SF	1243	MORENO REYES Lena	ESP	KOERNDL Vanessa	GER	PTF	2:1
dutch-open-2025	Senior Women -67kg	F	1145	PERISIC Aleksandra	SRB	MORENO REYES Lena	ESP	PTF	2:0
dutch-open-2025	Senior Women -73kg	R32	1006	GARCIA SUAREZ Helena	ESP	FACCHIN Maressa	ITA	PTF	2:0
dutch-open-2025	Senior Women -73kg	R32	1007	HUTZEN Hanna	GER	SODERHJELM Frida	SWE	PTF	2:0
dutch-open-2025	Senior Women -73kg	R32	1008	KURKAC Ilayda	GER	HELDNER Laura	SUI	PTF	2:0
dutch-open-2025	Senior Women -73kg	R32	1009	MARTINEZ Ana	ESP	KERR Leah	IRL		
dutch-open-2025	Senior Women -73kg	R32	1106	LAURIN Althea	FRA	AGUIRRE Fernanda	CHI	PTF	2:0
dutch-open-2025	Senior Women -73kg	R32	1107	NOWAK Julia	POL	LOPEZ LAUREANO Valeria	PUR	PTF	2:0
dutch-open-2025	Senior Women -73kg	R32	1108	HELVIGA Viktorija	LAT	FERNANDEZ INSA Julia	ESP	PTF	2:0
dutch-open-2025	Senior Women -73kg	R16	1022	HELVIGA Viktorija	LAT	SEELE Lisa-marie	GER	PTF	2:0
dutch-open-2025	Senior Women -73kg	R16	1023	GARCIA SUAREZ Helena	ESP	HOERMANN Emily	GER	PTF	2:0
dutch-open-2025	Senior Women -73kg	R16	1024	OREC Ariana	CRO	HUTZEN Hanna	GER	PTF	2:0
dutch-open-2025	Senior Women -73kg	R16	1025	KURKAC Ilayda	GER	NEDIC Marlen sophie	GER	PTF	2:1
dutch-open-2025	Senior Women -73kg	R16	1026	DIAKITE Bintou	FRA	MARTINEZ Ana	ESP	PTF	2:0
dutch-open-2025	Senior Women -73kg	R16	1127	LAURIN Althea	FRA	JIRANKOVA Iveta	CZE	PTF	2:0
dutch-open-2025	Senior Women -73kg	R16	1128	VALLO ZURDO Ane	ESP	MORAN ROMERO Belen	ESP	PTF	2:1
dutch-open-2025	Senior Women -73kg	R16	1129	NOWAK Julia	POL	PRZYBYSZ Weronika	POL	PTF	2:0
dutch-open-2025	Senior Women -73kg	QF	1034	HELVIGA Viktorija	LAT	NOWAK Julia	POL	PTF	2:1
dutch-open-2025	Senior Women -73kg	QF	1035	OREC Ariana	CRO	GARCIA SUAREZ Helena	ESP	PTF	2:1
dutch-open-2025	Senior Women -73kg	QF	1036	DIAKITE Bintou	FRA	KURKAC Ilayda	GER	PTF	2:0
dutch-open-2025	Senior Women -73kg	QF	1138	LAURIN Althea	FRA	VALLO ZURDO Ane	ESP	PTF	2:0
dutch-open-2025	Senior Women -73kg	SF	1041	LAURIN Althea	FRA	HELVIGA Viktorija	LAT	PTF	2:0
dutch-open-2025	Senior Women -73kg	SF	1042	OREC Ariana	CRO	DIAKITE Bintou	FRA	PTF	2:1
dutch-open-2025	Senior Women -73kg	F	947	LAURIN Althea	FRA	OREC Ariana	CRO	PTF	2:0
dutch-open-2025	Senior Women +73kg	R32	1001	CIUCHITU Ana	ITA	KERR Rachel	IRL	PTF	2:0
dutch-open-2025	Senior Women +73kg	R32	1002	HAWASH Dania	SWE	RIVADULLA Desiree	ESP	PTF	2:0
dutch-open-2025	Senior Women +73kg	R32	1003	KLOOSTERMAN Famke	NED	PASTOR Ainhoa	ESP		
dutch-open-2025	Senior Women +73kg	R16	1010	BRANDL Lorena	GER	CIUCHITU Ana	ITA	PTF	2:0
dutch-open-2025	Senior Women +73kg	R16	1011	ROMAN TORRES Naishka	PUR	HAMADACHE Emna	FRA	PTF	2:1
dutch-open-2025	Senior Women +73kg	R16	1012	VIANA Alena	USA	SHVEDKOVA Polina	AIN	PTF	2:1
dutch-open-2025	Senior Women +73kg	R16	1013	KOWALCZUK Aleksandra	POL	LEON COROZO Andrea naiara	ESP	PTF	2:0
dutch-open-2025	Senior Women +73kg	R16	1014	CASTINEIRA Tania	ESP	HAWASH Dania	SWE	PTF	2:0
dutch-open-2025	Senior Women +73kg	R16	1015	AVOULETTE Solene	FRA	MOHAMMED Noor nazar	QAT	PTF	2:0
dutch-open-2025	Senior Women +73kg	R16	1016	KECK Hannah	USA	OUASSOU Mouna	FRA	PTF	2:0
dutch-open-2025	Senior Women +73kg	R16	1017	HAREMZA Dagmara	POL	KLOOSTERMAN Famke	NED	PTF	2:0
dutch-open-2025	Senior Women +73kg	QF	1027	BRANDL Lorena	GER	ROMAN TORRES Naishka	PUR	PTF	2:0
dutch-open-2025	Senior Women +73kg	QF	1028	KOWALCZUK Aleksandra	POL	VIANA Alena	USA	PTF	2:0
dutch-open-2025	Senior Women +73kg	QF	1029	AVOULETTE Solene	FRA	CASTINEIRA Tania	ESP	PTF	2:0
dutch-open-2025	Senior Women +73kg	QF	1030	HAREMZA Dagmara	POL	KECK Hannah	USA	PTF	2:1
dutch-open-2025	Senior Women +73kg	SF	1037	BRANDL Lorena	GER	KOWALCZUK Aleksandra	POL	PTF	2:0
dutch-open-2025	Senior Women +73kg	SF	1038	AVOULETTE Solene	FRA	HAREMZA Dagmara	POL	PTF	2:0
dutch-open-2025	Senior Women +73kg	F	1147	BRANDL Lorena	GER	AVOULETTE Solene	FRA	PTF	2:0
