us-national-championships-2024	Senior Men -54kg	MATEO BARAJAS	USA	3
us-national-championships-2024	Senior Men -54kg	ALESSANDRO GONZALEZ	USA	
us-national-championships-2024	Senior Men -54kg	SANTIAGO ENRIQUE SAND	USA	
us-national-championships-2024	Senior Men -54kg	David YEHE-NARA	USA	
us-national-championships-2024	Senior Men -54kg	THEODORE CHANG	USA	
us-national-championships-2024	Senior Men -54kg	MICHAEL IGNACIO	USA	
us-national-championships-2024	Senior Men -54kg	MILES JOHNSON	USA	2
us-national-championships-2024	Senior Men -54kg	JOSEPH CARRILLO	USA	1
us-national-championships-2024	Senior Men -54kg	Alexander NIEVES	USA	
us-national-championships-2024	Senior Men -54kg	Erick SANCHEZ TAVIRA	USA	
us-national-championships-2024	Senior Men -54kg	MATTHEW NICULAE	USA	
us-national-championships-2024	Senior Men -54kg	YOUNG SUK GUN	USA	3
us-national-championships-2024	Senior Men -54kg	Aidan NGUYEN-TRAN	USA	
us-national-championships-2024	Senior Men -54kg	ARIEL ROCHA	USA	
us-national-championships-2024	Senior Men -58kg	TRINIDAD SAABEDRA	USA	3
us-national-championships-2024	Senior Men -58kg	DAVID CLARK	USA	
us-national-championships-2024	Senior Men -58kg	Abd Alsalam ALOUBEADY	USA	
us-national-championships-2024	Senior Men -58kg	MARCELO ANDREWS	USA	
us-national-championships-2024	Senior Men -58kg	XAVIER GUTIERREZ	USA	
us-national-championships-2024	Senior Men -58kg	ERICK CHAPARRO	USA	1
us-national-championships-2024	Senior Men -58kg	TAYLOR DULIN	USA	
us-national-championships-2024	Senior Men -58kg	Alejandro RAYAS	USA	
us-national-championships-2024	Senior Men -58kg	DeQuan MITCHELL	USA	
us-national-championships-2024	Senior Men -58kg	MAKEIO DESADIER	USA	3
us-national-championships-2024	Senior Men -58kg	BAILEY DULIN	USA	2
us-national-championships-2024	Senior Men -58kg	JONAH DELA FUENTE	USA	
us-national-championships-2024	Senior Men -58kg	Joshua HUANG	USA	
us-national-championships-2024	Senior Men -63kg	DIEGO PINEDA	USA	2
us-national-championships-2024	Senior Men -63kg	SIMEON KELLER	USA	
us-national-championships-2024	Senior Men -63kg	HIRAM OCACIO	USA	
us-national-championships-2024	Senior Men -63kg	Darrion PHAN	USA	
us-national-championships-2024	Senior Men -63kg	GAGE GODFREY	USA	
us-national-championships-2024	Senior Men -63kg	Landon EDWARDS-SCOVIL	USA	
us-national-championships-2024	Senior Men -63kg	Lito GODOLPHIN	USA	
us-national-championships-2024	Senior Men -63kg	JEAN LABATTE	USA	3
us-national-championships-2024	Senior Men -63kg	Kalen CHUNG	USA	
us-national-championships-2024	Senior Men -63kg	KELLEN WALKER	USA	3
us-national-championships-2024	Senior Men -63kg	RODRIGO NEGRETE	USA	
us-national-championships-2024	Senior Men -63kg	Aaron ROSALES	USA	
us-national-championships-2024	Senior Men -63kg	STEWART BEALL	USA	
us-national-championships-2024	Senior Men -63kg	Saidth GOMEZ	USA	
us-national-championships-2024	Senior Men -63kg	EVAN KIM	USA	
us-national-championships-2024	Senior Men -63kg	MELVY ALVAREZ	USA	
us-national-championships-2024	Senior Men -63kg	BARRON MOSTELLER	USA	1
us-national-championships-2024	Senior Men -68kg	JAMES CHOI	USA	2
us-national-championships-2024	Senior Men -68kg	Jackson ROGERS	USA	
us-national-championships-2024	Senior Men -68kg	SHIWOO KIM	USA	
us-national-championships-2024	Senior Men -68kg	Jacob STRUBLE	USA	
us-national-championships-2024	Senior Men -68kg	Alexander HUNTER	USA	
us-national-championships-2024	Senior Men -68kg	DEVIN CORNELL	USA	3
us-national-championships-2024	Senior Men -68kg	STEVEN BOWMAN	USA	
us-national-championships-2024	Senior Men -68kg	CADE BAUER	USA	
us-national-championships-2024	Senior Men -68kg	TERRY NGO	USA	
us-national-championships-2024	Senior Men -68kg	VICTOR RODRIGUES	USA	3
us-national-championships-2024	Senior Men -68kg	Jayden RAMIREZ	USA	
us-national-championships-2024	Senior Men -68kg	MATTHEW POLAND	USA	
us-national-championships-2024	Senior Men -68kg	Siroj ZIYOVIDDINKHUJAEV	USA	
us-national-championships-2024	Senior Men -68kg	NATHEN MINER	USA	
us-national-championships-2024	Senior Men -68kg	JORDAN PANOTES	USA	
us-national-championships-2024	Senior Men -68kg	MAIKOL RODRIGUEZ	USA	1
us-national-championships-2024	Senior Men -68kg	LOGAN MCPHERSON	USA	
us-national-championships-2024	Senior Men -68kg	Luis Eziquiel RUIZ SANCH	USA	
us-national-championships-2024	Senior Men -68kg	ISAIAH YOUNG	USA	
us-national-championships-2024	Senior Men -74kg	CONNOR ORILLE	USA	
us-national-championships-2024	Senior Men -74kg	PETER TRAN	USA	
us-national-championships-2024	Senior Men -74kg	NOAH AVROYA	USA	
us-national-championships-2024	Senior Men -74kg	DAVYD CABRERA	USA	
us-national-championships-2024	Senior Men -74kg	CHAN PARK	USA	3
us-national-championships-2024	Senior Men -74kg	FERGUS CURRAN	USA	2
us-national-championships-2024	Senior Men -74kg	ADAN RIVAS	USA	
us-national-championships-2024	Senior Men -74kg	Ahmed ALHARAHSHEH	USA	
us-national-championships-2024	Senior Men -74kg	TIMOTHY SALAS	USA	
us-national-championships-2024	Senior Men -74kg	CELSO CHUA	USA	3
us-national-championships-2024	Senior Men -74kg	RYAN MOHAMADI	USA	
us-national-championships-2024	Senior Men -74kg	PETER SOKOLENKO	USA	
us-national-championships-2024	Senior Men -74kg	SHELDON WILCOX	USA	
us-national-championships-2024	Senior Men -74kg	LUKE BUENAVENTURA	USA	
us-national-championships-2024	Senior Men -74kg	JADEN BAXTER	USA	
us-national-championships-2024	Senior Men -74kg	ERIC GARCES	USA	
us-national-championships-2024	Senior Men -74kg	DANIEL ALEXANDER	USA	1
us-national-championships-2024	Senior Men -80kg	DEVIN CASSELL	USA	2
us-national-championships-2024	Senior Men -80kg	Francisco MARTINEZ	USA	
us-national-championships-2024	Senior Men -80kg	RAVIDU WEERASINGHE	USA	
us-national-championships-2024	Senior Men -80kg	JOHN-MICHAEL JINGLUSK	USA	3
us-national-championships-2024	Senior Men -80kg	Fernando LOPEZ-ZACAPAL	USA	
us-national-championships-2024	Senior Men -80kg	SERGIO CASTILLO	USA	3
us-national-championships-2024	Senior Men -80kg	BENJAMIN LUCERO	USA	
us-national-championships-2024	Senior Men -80kg	ABOU SOW	USA	1
us-national-championships-2024	Senior Men -87kg	MATIAS TEILLET	USA	3
us-national-championships-2024	Senior Men -87kg	NIHAAL NAYAR	USA	1
us-national-championships-2024	Senior Men -87kg	Abraham LEE	USA	
us-national-championships-2024	Senior Men -87kg	KEVIN HUYNH	USA	3
us-national-championships-2024	Senior Men -87kg	TYLER SEIBERT	USA	2
us-national-championships-2024	Senior Men +87kg	NICHOLAS CAGGIA	USA	
us-national-championships-2024	Senior Men +87kg	CAMERON KERNS	USA	
us-national-championships-2024	Senior Men +87kg	Jon VIGIL	USA	3
us-national-championships-2024	Senior Men +87kg	Malik L JENKINS	USA	
us-national-championships-2024	Senior Men +87kg	BRYAN DAVIS	USA	2
us-national-championships-2024	Senior Men +87kg	NICHOLAS CARLO	USA	1
us-national-championships-2024	Senior Men +87kg	Rez CHOWDHURY	USA	
us-national-championships-2024	Senior Men +87kg	KIERAN HERNANDEZ	USA	
us-national-championships-2024	Senior Men +87kg	ANTHONY CATENA	USA	
us-national-championships-2024	Senior Men +87kg	BRIAN CHOI	USA	3
us-national-championships-2024	Senior Women -46kg	KAELYNN JAE AGUSTIN	USA	2
us-national-championships-2024	Senior Women -46kg	CALIANA FONSECA	USA	3
us-national-championships-2024	Senior Women -46kg	Alyssa DEBLASIO	USA	
us-national-championships-2024	Senior Women -46kg	KARINE LECLERCQ	USA	3
us-national-championships-2024	Senior Women -46kg	Kayla NGUYEN MUY	USA	
us-national-championships-2024	Senior Women -46kg	ANITA TRAN	USA	
us-national-championships-2024	Senior Women -46kg	AURYON DUQUE	USA	1
us-national-championships-2024	Senior Women -49kg	HANALEI REYES	USA	3
us-national-championships-2024	Senior Women -49kg	Abcde FLORES	USA	
us-national-championships-2024	Senior Women -49kg	Isabella NANNY	USA	
us-national-championships-2024	Senior Women -49kg	ARIELA ARTAGAME	USA	
us-national-championships-2024	Senior Women -49kg	JASLYN YU HIAN	USA	
us-national-championships-2024	Senior Women -49kg	HAZEL DELLA	USA	1
us-national-championships-2024	Senior Women -49kg	SOPHIA OH	USA	2
us-national-championships-2024	Senior Women -49kg	ANNIE LEE KELLER	USA	
us-national-championships-2024	Senior Women -49kg	KAYLA MORALES	USA	
us-national-championships-2024	Senior Women -49kg	SOPHIA AHO	USA	
us-national-championships-2024	Senior Women -49kg	LYNN MACH	USA	
us-national-championships-2024	Senior Women -49kg	JENNA SLOTA	USA	3
us-national-championships-2024	Senior Women -53kg	DAHIN SONG	USA	3
us-national-championships-2024	Senior Women -53kg	VALERIE LARSON	USA	
us-national-championships-2024	Senior Women -53kg	MONIQUE VILLASENOR	USA	2
us-national-championships-2024	Senior Women -53kg	MELINA DANIEL	USA	1
us-national-championships-2024	Senior Women -53kg	Lindsee RAINWATER	USA	
us-national-championships-2024	Senior Women -53kg	CHRISTINA CHAVEZ	USA	3
us-national-championships-2024	Senior Women -57kg	CAITLYN COX	USA	1
us-national-championships-2024	Senior Women -57kg	MADELYN BARRETT	USA	3
us-national-championships-2024	Senior Women -57kg	ABBY LAMBERT	USA	3
us-national-championships-2024	Senior Women -57kg	LUCI BOMMERSBACH	USA	2
us-national-championships-2024	Senior Women -62kg	DANICA DEATON	USA	1
us-national-championships-2024	Senior Women -62kg	BARBARA VIVAS	USA	
us-national-championships-2024	Senior Women -62kg	IZABEL WARZHAPETIAN	USA	
us-national-championships-2024	Senior Women -62kg	Isabelle GOLLA	USA	
us-national-championships-2024	Senior Women -62kg	GRACE SHIBA	USA	3
us-national-championships-2024	Senior Women -62kg	MAKENZIE MACGREGOR	USA	
us-national-championships-2024	Senior Women -62kg	DANIELLE KIM	USA	3
us-national-championships-2024	Senior Women -62kg	ASHLEY PEREZ	USA	
us-national-championships-2024	Senior Women -62kg	Maia PAULITZ	USA	
us-national-championships-2024	Senior Women -62kg	CANEENA CLARK	USA	
us-national-championships-2024	Senior Women -62kg	CHLOE CHUA	USA	2
us-national-championships-2024	Senior Women -67kg	MAKENNA SILVA	USA	3
us-national-championships-2024	Senior Women -67kg	COURTNEY BARRON	USA	
us-national-championships-2024	Senior Women -67kg	MAKAELA USSERMAN	USA	1
us-national-championships-2024	Senior Women -67kg	Rand ALJETAWI	USA	2
us-national-championships-2024	Senior Women -67kg	EMILY BOGGS	USA	3
us-national-championships-2024	Senior Women -73kg	BRIANNE USSERMAN	USA	1
us-national-championships-2024	Senior Women -73kg	Daniela MACIAS	USA	2
us-national-championships-2024	Senior Women -73kg	KYLIE LEWIS	USA	3
us-national-championships-2024	Senior Women +73kg	NAOMI ALADE	USA	1
us-national-championships-2024	Senior Women +73kg	HANNAH KECK	USA	3
us-national-championships-2024	Senior Women +73kg	STEPHANIE DOUGLAS	USA	3
us-national-championships-2024	Senior Women +73kg	SARAH GRABOT	USA	2
paris-olympic-games-2024	Senior Men -58kg	GURTSIEV Georgii	AIN	
paris-olympic-games-2024	Senior Men -58kg	RAVET Cyrian	FRA	3
paris-olympic-games-2024	Senior Men -58kg	PARK Tae-joon	KOR	1
paris-olympic-games-2024	Senior Men -58kg	GRANADO Yohandri	VEN	
paris-olympic-games-2024	Senior Men -58kg	ISSAKA GARBA Nouridine	NIG	
paris-olympic-games-2024	Senior Men -58kg	LEWIS Bailey	AUS	
paris-olympic-games-2024	Senior Men -58kg	JENDOUBI Mohamed khalil	TUN	3
paris-olympic-games-2024	Senior Men -58kg	DIOP Bocar	SEN	
paris-olympic-games-2024	Senior Men -58kg	KORNEEV Lev	SRB	
paris-olympic-games-2024	Senior Men -58kg	YASER ISMAIL Omar	PLE	
paris-olympic-games-2024	Senior Men -58kg	TIRANVALIPOUR Hadi	EOR	
paris-olympic-games-2024	Senior Men -58kg	VICENTE YUNTA Adrian	ESP	
paris-olympic-games-2024	Senior Men -58kg	WOOLLEY Jack	IRL	
paris-olympic-games-2024	Senior Men -58kg	MAGOMEDOV Gashim	AZE	2
paris-olympic-games-2024	Senior Men -58kg	GUZMAN Lucas	ARG	
paris-olympic-games-2024	Senior Men -58kg	SALIM Omar gergely	HUN	
paris-olympic-games-2024	Senior Men -58kg	DELL'AQUILA Vito	ITA	
paris-olympic-games-2024	Senior Men -58kg	ABABAKIROV Samirkhon	KAZ	
paris-olympic-games-2024	Senior Men -68kg	NASSAR Ahmed	EGY	
paris-olympic-games-2024	Senior Men -68kg	ALAPHILIPPE Souleyman	FRA	
paris-olympic-games-2024	Senior Men -68kg	PEREZ POLO Javier	ESP	
paris-olympic-games-2024	Senior Men -68kg	TUBTIMDANG Banlung	THA	
paris-olympic-games-2024	Senior Men -68kg	LIANG Yushuai	CHN	3
paris-olympic-games-2024	Senior Men -68kg	JOZSA Levente mark	HUN	
paris-olympic-games-2024	Senior Men -68kg	RASHITOV Ulugbek	UZB	1
paris-olympic-games-2024	Senior Men -68kg	AL GHOTANY Yahya	EOR	
paris-olympic-games-2024	Senior Men -68kg	LO Wai fung	HKG	
paris-olympic-games-2024	Senior Men -68kg	KASSMAN Kevin sogo	PNG	
paris-olympic-games-2024	Senior Men -68kg	SINDEN Bradly	GBR	
paris-olympic-games-2024	Senior Men -68kg	GOLUBIC Marko	CRO	
paris-olympic-games-2024	Senior Men -68kg	PIE Bernardo	DOM	
paris-olympic-games-2024	Senior Men -68kg	PONTES Edival	BRA	3
paris-olympic-games-2024	Senior Men -68kg	KAREEM Zaid	JOR	2
paris-olympic-games-2024	Senior Men -68kg	RECBER Hakan	TUR	
paris-olympic-games-2024	Senior Men -68kg	MAIGA Ibrahim	BUR	
paris-olympic-games-2024	Senior Men -80kg	CHURCHILL MARTINEZ Joaquin	CHI	
paris-olympic-games-2024	Senior Men -80kg	SEO Geon-woo	KOR	
paris-olympic-games-2024	Senior Men -80kg	ELSHARABATY Saleh	JOR	
paris-olympic-games-2024	Senior Men -80kg	RODRIGUES FERNANDES Henrique marques	BRA	
paris-olympic-games-2024	Senior Men -80kg	JAYSUNOV Jasurbek	UZB	
paris-olympic-games-2024	Senior Men -80kg	BARKHORDARI Mehran	IRI	2
paris-olympic-games-2024	Senior Men -80kg	ALESSIO Simone	ITA	3
paris-olympic-games-2024	Senior Men -80kg	COULIBALY Ismael	MLI	
paris-olympic-games-2024	Senior Men -80kg	TOLEUGALI Batyrkhan	KAZ	
paris-olympic-games-2024	Senior Men -80kg	MANSOURI Farzad	EOR	
paris-olympic-games-2024	Senior Men -80kg	NICKOLAS CJ	USA	
paris-olympic-games-2024	Senior Men -80kg	TAKOV Stefan	SRB	
paris-olympic-games-2024	Senior Men -80kg	SAWADOGO Faysal	BUR	
paris-olympic-games-2024	Senior Men -80kg	SEJRANOVIC Leon	AUS	
paris-olympic-games-2024	Senior Men -80kg	KATOUSI Firas	TUN	1
paris-olympic-games-2024	Senior Men -80kg	EISSA Seif	EGY	
paris-olympic-games-2024	Senior Men -80kg	HRNIC Edi	DEN	3
paris-olympic-games-2024	Senior Men +80kg	ISSOUFOU Abdoul	NIG	
paris-olympic-games-2024	Senior Men +80kg	CUNNINGHAM Caden	GBR	2
paris-olympic-games-2024	Senior Men +80kg	ATESLI Emre kutalmis	TUR	
paris-olympic-games-2024	Senior Men +80kg	ALBA Rafael	CUB	3
paris-olympic-games-2024	Senior Men +80kg	HEALY Jonathan	USA	
paris-olympic-games-2024	Senior Men +80kg	SONG Zhaoxiang	CHN	
paris-olympic-games-2024	Senior Men +80kg	CISSE Cheick sallah	CIV	3
paris-olympic-games-2024	Senior Men +80kg	MARA Gibson kaogo	PNG	
paris-olympic-games-2024	Senior Men +80kg	MEHDIPOURNEJAD Kasra	EOR	
paris-olympic-games-2024	Senior Men +80kg	GOMIS Paivou johnouario	GBS	
paris-olympic-games-2024	Senior Men +80kg	SANSORES Carlos	MEX	
paris-olympic-games-2024	Senior Men +80kg	RAFALOVICH Nikita	UZB	
paris-olympic-games-2024	Senior Men +80kg	SALIMI Arian	IRI	1
paris-olympic-games-2024	Senior Men +80kg	DIVKOVIC Patrik	SLO	
paris-olympic-games-2024	Senior Men +80kg	ORDEMANN Richard andre	NOR	
paris-olympic-games-2024	Senior Men +80kg	SAPINA Ivan	CRO	
paris-olympic-games-2024	Senior Men +80kg	ANN Alasan	GAM	
paris-olympic-games-2024	Senior Women -49kg	KAFADAR Josipa	CAN	
paris-olympic-games-2024	Senior Women -49kg	STOJKOVIC Lena	CRO	3
paris-olympic-games-2024	Senior Women -49kg	SOUZA Daniela paola	MEX	
paris-olympic-games-2024	Senior Women -49kg	DHAHRI Ikram	TUN	
paris-olympic-games-2024	Senior Women -49kg	ABUTALEB Dunya ali m	KSA	
paris-olympic-games-2024	Senior Women -49kg	SEMBERG Abishag	ISR	
paris-olympic-games-2024	Senior Women -49kg	WONGPATTANAKIT Panipak	THA	1
paris-olympic-games-2024	Senior Women -49kg	da COSTA da SILVA	TLS	
paris-olympic-games-2024	Senior Women -49kg	EL BOUCHTI Oumaima	MAR	
paris-olympic-games-2024	Senior Women -49kg	GRIPPOLI GAGLIARDO Maria sara	URU	
paris-olympic-games-2024	Senior Women -49kg	CEREZO IGLESIAS Adriana	ESP	
paris-olympic-games-2024	Senior Women -49kg	NEMATZADEH Mobina	IRI	3
paris-olympic-games-2024	Senior Women -49kg	TAU Michelle	LES	
paris-olympic-games-2024	Senior Women -49kg	POURYOUNES LANGEROUDI Dina	EOR	
paris-olympic-games-2024	Senior Women -49kg	GUO Qing	CHN	2
paris-olympic-games-2024	Senior Women -49kg	DINCEL KAVURAT Merve	TUR	
paris-olympic-games-2024	Senior Women -49kg	MATONTI Ilenia elisabetta	ITA	
paris-olympic-games-2024	Senior Women -57kg	HRONOVA Dominika	CZE	
paris-olympic-games-2024	Senior Women -57kg	PARK Skylar	CAN	3
paris-olympic-games-2024	Senior Women -57kg	ILGUN Hatice kubra	TUR	
paris-olympic-games-2024	Senior Women -57kg	KIM Yu-jin	KOR	1
paris-olympic-games-2024	Senior Women -57kg	HYMER Stacey	AUS	
paris-olympic-games-2024	Senior Women -57kg	PACHECO Maria clara	BRA	
paris-olympic-games-2024	Senior Women -57kg	LUO Zongshi	CHN	
paris-olympic-games-2024	Senior Women -57kg	ATORA Emmannuella	GAB	
paris-olympic-games-2024	Senior Women -57kg	KIMIA Alizadeh	BUL	3
paris-olympic-games-2024	Senior Women -57kg	KIYANICHANDEH Nahid	IRI	2
paris-olympic-games-2024	Senior Women -57kg	DILLON Faith	USA	
paris-olympic-games-2024	Senior Women -57kg	TOUMI Chaima	TUN	
paris-olympic-games-2024	Senior Women -57kg	AOUN Laetitia	LBN	
paris-olympic-games-2024	Senior Women -57kg	LO Chia-ling	TPE	
paris-olympic-games-2024	Senior Women -57kg	JONES Jade	GBR	
paris-olympic-games-2024	Senior Women -57kg	RELJIKJ Miljana	MKD	
paris-olympic-games-2024	Senior Women -67kg	TEACHOUT Kristina	USA	3
paris-olympic-games-2024	Senior Women -67kg	WIET HENIN Magda	FRA	
paris-olympic-games-2024	Senior Women -67kg	GBAGBI Ruth	CIV	
paris-olympic-games-2024	Senior Women -67kg	MARTON Viviana	HUN	1
paris-olympic-games-2024	Senior Women -67kg	SHEHATA Aya	EGY	
paris-olympic-games-2024	Senior Women -67kg	CASTRO BURGOS Cecilia	ESP	
paris-olympic-games-2024	Senior Women -67kg	CHAARI Sarah	BEL	3
paris-olympic-games-2024	Senior Women -67kg	RODRIGUEZ Madelyn andrea	DOM	
paris-olympic-games-2024	Senior Women -67kg	NAVUGA NAITASI Lolohea	FIJ	
paris-olympic-games-2024	Senior Women -67kg	AL-SADEQ Julyana	JOR	
paris-olympic-games-2024	Senior Women -67kg	SONG Jie	CHN	
paris-olympic-games-2024	Senior Women -67kg	ANYANACHO Elizabeth oluchi	NGR	
paris-olympic-games-2024	Senior Women -67kg	TONGCHAN Sasikarn	THA	
paris-olympic-games-2024	Senior Women -67kg	SANTOS Caroline	BRA	
paris-olympic-games-2024	Senior Women -67kg	PERISIC Aleksandra	SRB	2
paris-olympic-games-2024	Senior Women -67kg	SOBIRJONOVA Ozoda	UZB	
paris-olympic-games-2024	Senior Women +67kg	ABDUSALOMOVA Munira	TJK	
paris-olympic-games-2024	Senior Women +67kg	LAURIN Althea	FRA	1
paris-olympic-games-2024	Senior Women +67kg	BRANDL Lorena	GER	
paris-olympic-games-2024	Senior Women +67kg	ACOSTA HERRERA Arlettys	CUB	
paris-olympic-games-2024	Senior Women +67kg	ABO-ALRUB Rama	JOR	
paris-olympic-games-2024	Senior Women +67kg	ABOUFARAS Fatima-ezzahra	MAR	
paris-olympic-games-2024	Senior Women +67kg	KUS AYDIN Nafia	TUR	3
paris-olympic-games-2024	Senior Women +67kg	AGUIRRE Fernanda	CHI	
paris-olympic-games-2024	Senior Women +67kg	STOLBOVA Petra	CZE	
paris-olympic-games-2024	Senior Women +67kg	LEE Dabin	KOR	3
paris-olympic-games-2024	Senior Women +67kg	ZHOU Zeqi	CHN	
paris-olympic-games-2024	Senior Women +67kg	JAHL Marlene	AUT	
paris-olympic-games-2024	Senior Women +67kg	BATHILY Astan katherine feghe	CIV	
paris-olympic-games-2024	Senior Women +67kg	OSIPOVA Svetlana	UZB	2
paris-olympic-games-2024	Senior Women +67kg	McGOWAN Rebecca	GBR	
paris-olympic-games-2024	Senior Women +67kg	TRAILL Venice elizabeth megan	FIJ	
