wt-presidents-cup-asia-2025	Senior Men -68kg	TUBTIMDANG Banlung	THA	3
wt-presidents-cup-asia-2025	Senior Men -68kg	KANAT Bagzhan	KAZ	
wt-presidents-cup-asia-2025	Senior Men -68kg	KWON Doyun	KOR	
wt-presidents-cup-asia-2025	Senior Men -68kg	TUKHLIBOEV Diyorbe	UZB	
wt-presidents-cup-asia-2025	Senior Men -68kg	ZIAD Diaa	PLE	
wt-presidents-cup-asia-2025	Senior Men -68kg	ALHALAWANI Zaid	JOR	
wt-presidents-cup-asia-2025	Senior Men -68kg	CHOI Min Hyeok	KOR	
wt-presidents-cup-asia-2025	Senior Men -68kg	RAGHEB Taye	AUS	
wt-presidents-cup-asia-2025	Senior Men -68kg	QIN Xingyu	CHN	
wt-presidents-cup-asia-2025	Senior Men -68kg	CHEN Shijing	CHN	
wt-presidents-cup-asia-2025	Senior Men -68kg	DEHGHANI Mohammad	IRI	
wt-presidents-cup-asia-2025	Senior Men -68kg	LUCIEN Theo	FRA	1
wt-presidents-cup-asia-2025	Senior Men -68kg	KIM Hyo Hyeok	KOR	
wt-presidents-cup-asia-2025	Senior Men -68kg	ORYNBEK Sultanbek	KAZ	
wt-presidents-cup-asia-2025	Senior Men -68kg	ALKHAWAHIR Ahmed	KSA	
wt-presidents-cup-asia-2025	Senior Men -68kg	CHEN Cheng	CHN	
wt-presidents-cup-asia-2025	Senior Men -68kg	NIKOLOVSKI Xavier	AUS	
wt-presidents-cup-asia-2025	Senior Men -68kg	BAE Young Min	KOR	
wt-presidents-cup-asia-2025	Senior Men -68kg	ZEINALI Radin	IRI	
wt-presidents-cup-asia-2025	Senior Men -68kg	SHULENOV Damir	KAZ	
wt-presidents-cup-asia-2025	Senior Men -68kg	FENG Qi	CHN	
wt-presidents-cup-asia-2025	Senior Men -68kg	XIAO Shaohong	CHN	
wt-presidents-cup-asia-2025	Senior Men -68kg	MUN Jinho	KOR	
wt-presidents-cup-asia-2025	Senior Men -68kg	HUANG Yu Jui	TPE	
wt-presidents-cup-asia-2025	Senior Men -68kg	ALTARYREH Mahmoud	JOR	
wt-presidents-cup-asia-2025	Senior Men -68kg	XIAO Chenming	CHN	
wt-presidents-cup-asia-2025	Senior Men -68kg	MUKHAMETKARYMOV An	KAZ	
wt-presidents-cup-asia-2025	Senior Men -68kg	DIAO Lixingjun	CHN	
wt-presidents-cup-asia-2025	Senior Men -68kg	CHIU Yi-jui	TPE	
wt-presidents-cup-asia-2025	Senior Men -68kg	PALANGAFKAN Mohamm	IRI	3
wt-presidents-cup-asia-2025	Senior Men -68kg	RAHNAMA Amirabbas	IRI	
wt-presidents-cup-asia-2025	Senior Men -68kg	GHALI Zakaria Moha	KSA	
wt-presidents-cup-asia-2025	Senior Men -68kg	HSU Hao-yu	TPE	
wt-presidents-cup-asia-2025	Senior Men -68kg	DASHDAVAA Chinzori	MGL	
wt-presidents-cup-asia-2025	Senior Men -68kg	NIU Guansen	CHN	
wt-presidents-cup-asia-2025	Senior Men -68kg	TSURUOKA Rei	JPN	
wt-presidents-cup-asia-2025	Senior Men -68kg	KIM Tae Yong	KOR	
wt-presidents-cup-asia-2025	Senior Men -68kg	YAN Lei	CHN	
wt-presidents-cup-asia-2025	Senior Men -68kg	KAZEMI Keivan	IRI	
wt-presidents-cup-asia-2025	Senior Men -68kg	XIE Dihao	CHN	
wt-presidents-cup-asia-2025	Senior Men -68kg	PHROMPATJU Krittay	THA	
wt-presidents-cup-asia-2025	Senior Men -68kg	CHEN Yufan	CHN	2
wt-presidents-cup-asia-2025	Senior Men -68kg	NA Jeonghu	KOR	
wt-presidents-cup-asia-2025	Senior Men -68kg	MUZAFFAROV Mironsh	UZB	
wt-presidents-cup-asia-2025	Senior Men -68kg	YEO Shinyul	KOR	
wt-presidents-cup-asia-2025	Senior Men -68kg	YERMENTAYEV Arslan	KAZ	
wt-presidents-cup-asia-2025	Senior Men -68kg	ALAPHILIPPE Souley	FRA	
wt-presidents-cup-asia-2025	Senior Men -63kg	ABABAKIROV Samirkh	KAZ	2
wt-presidents-cup-asia-2025	Senior Men -63kg	ABDIMALIK Dulat	KAZ	
wt-presidents-cup-asia-2025	Senior Men -63kg	OTEGEN Askar	KAZ	
wt-presidents-cup-asia-2025	Senior Men -63kg	CAPUANO Lorenzo	FRA	
wt-presidents-cup-asia-2025	Senior Men -63kg	HUANG Cho-cheng	TPE	
wt-presidents-cup-asia-2025	Senior Men -63kg	CALLEJA Bradley	AUS	
wt-presidents-cup-asia-2025	Senior Men -63kg	YASER Omar	PLE	
wt-presidents-cup-asia-2025	Senior Men -63kg	REZAEI Matin	IRI	
wt-presidents-cup-asia-2025	Senior Men -63kg	PARK Ji Hun	KOR	
wt-presidents-cup-asia-2025	Senior Men -63kg	HUANG Jinsong	CHN	
wt-presidents-cup-asia-2025	Senior Men -63kg	JUNG Jaebin	KOR	3
wt-presidents-cup-asia-2025	Senior Men -63kg	YANG Won Suk	KOR	
wt-presidents-cup-asia-2025	Senior Men -63kg	LIM Jeong Jun	KOR	
wt-presidents-cup-asia-2025	Senior Men -63kg	KURBANOV Shamsiddi	UZB	
wt-presidents-cup-asia-2025	Senior Men -63kg	RAVET Cyrian	FRA	
wt-presidents-cup-asia-2025	Senior Men -63kg	SUMMERFIELD Matthe	AUS	
wt-presidents-cup-asia-2025	Senior Men -63kg	NAZAROV Nazarali	UZB	
wt-presidents-cup-asia-2025	Senior Men -63kg	ALIMORADIAN Ali As	IRI	
wt-presidents-cup-asia-2025	Senior Men -63kg	GAZEZ Nurbek	KAZ	
wt-presidents-cup-asia-2025	Senior Men -63kg	JUNG Woo-hyeok	KOR	
wt-presidents-cup-asia-2025	Senior Men -63kg	HUANG Kefen	CHN	3
wt-presidents-cup-asia-2025	Senior Men -63kg	SRITIMONGKOL Napat	THA	
wt-presidents-cup-asia-2025	Senior Men -63kg	BEGIMBETOV Amanbol	KAZ	
wt-presidents-cup-asia-2025	Senior Men -63kg	HOSSEINPOUR Alirez	IRI	
wt-presidents-cup-asia-2025	Senior Men -63kg	ZHANG Hao	CHN	
wt-presidents-cup-asia-2025	Senior Men -63kg	ALKHAWAHR Mustafa	KSA	
wt-presidents-cup-asia-2025	Senior Men -63kg	MASSIMINO Christia	AUS	
wt-presidents-cup-asia-2025	Senior Men -63kg	GANTULGA Enkhbayar	MGL	
wt-presidents-cup-asia-2025	Senior Men -63kg	JANG Jun	KOR	1
wt-presidents-cup-asia-2025	Senior Men -58kg	YANG Huichan	KOR	1
wt-presidents-cup-asia-2025	Senior Men -58kg	LI Qihao	CHN	
wt-presidents-cup-asia-2025	Senior Men -58kg	MIRAYIMOV Mirdiyor	UZB	
wt-presidents-cup-asia-2025	Senior Men -58kg	PUT Fu Cern	MAS	
wt-presidents-cup-asia-2025	Senior Men -58kg	YODRAK Thanakrit	THA	
wt-presidents-cup-asia-2025	Senior Men -58kg	PAN Kuei-an	TPE	
wt-presidents-cup-asia-2025	Senior Men -58kg	AKBI Alisher	KAZ	
wt-presidents-cup-asia-2025	Senior Men -58kg	HU Hongxiang	CHN	
wt-presidents-cup-asia-2025	Senior Men -58kg	CAMUA Benjamin	AUS	
wt-presidents-cup-asia-2025	Senior Men -58kg	TLEULES Tamirlan	KAZ	
wt-presidents-cup-asia-2025	Senior Men -58kg	LEE Jaeuk	KOR	
wt-presidents-cup-asia-2025	Senior Men -58kg	BIST Sumit	NEP	
wt-presidents-cup-asia-2025	Senior Men -58kg	OTAJONOV Omonjon	UZB	
wt-presidents-cup-asia-2025	Senior Men -58kg	MAHAMAD Sirawit	THA	
wt-presidents-cup-asia-2025	Senior Men -58kg	KIM Junseong	KOR	
wt-presidents-cup-asia-2025	Senior Men -58kg	CAO Daoguang	CHN	
wt-presidents-cup-asia-2025	Senior Men -58kg	ZANDI Abolfazl	IRI	3
wt-presidents-cup-asia-2025	Senior Men -58kg	MANSUROV Kamronbek	UZB	
wt-presidents-cup-asia-2025	Senior Men -58kg	JIANG Rui	CHN	
wt-presidents-cup-asia-2025	Senior Men -58kg	BAE Jun-seo	KOR	2
wt-presidents-cup-asia-2025	Senior Men -58kg	YU Junsong	CHN	
wt-presidents-cup-asia-2025	Senior Men -58kg	MOTTA Damon	AUS	
wt-presidents-cup-asia-2025	Senior Men -58kg	TRAN Trinh Trong	VIE	
wt-presidents-cup-asia-2025	Senior Men -58kg	KIM Jongmyeong	KOR	
wt-presidents-cup-asia-2025	Senior Men -58kg	PARK Min Kyu	KOR	
wt-presidents-cup-asia-2025	Senior Men -58kg	KIM Si Yun	KOR	3
wt-presidents-cup-asia-2025	Senior Men -58kg	WONG Si Long	MAC	
wt-presidents-cup-asia-2025	Senior Men -58kg	TOGYZBAYEV Konysbe	KAZ	
wt-presidents-cup-asia-2025	Senior Men -58kg	ORALKHANOV Bektore	KAZ	
wt-presidents-cup-asia-2025	Senior Men -58kg	KHASSAN Yerbolat	KAZ	
wt-presidents-cup-asia-2025	Senior Men -58kg	SAINBILEG Gan-erde	MGL	
wt-presidents-cup-asia-2025	Senior Men -58kg	JIANG Liuxin	CHN	
wt-presidents-cup-asia-2025	Senior Men -58kg	WANG Nuoyan	CHN	
wt-presidents-cup-asia-2025	Senior Men -58kg	SIM Junho	KOR	
wt-presidents-cup-asia-2025	Senior Men -54kg	HAMDI Riad Nasser	KSA	
wt-presidents-cup-asia-2025	Senior Men -54kg	CHAU Nathan	AUS	
wt-presidents-cup-asia-2025	Senior Men -54kg	KLUCHEV Asadbek	KAZ	
wt-presidents-cup-asia-2025	Senior Men -54kg	GRANIER-AMEUR Aika	AUS	
wt-presidents-cup-asia-2025	Senior Men -54kg	HASSAN Muteb	KSA	
wt-presidents-cup-asia-2025	Senior Men -54kg	ADILET Kazbayev	KAZ	
wt-presidents-cup-asia-2025	Senior Men -54kg	RAZMIAN Mehdi	IRI	3
wt-presidents-cup-asia-2025	Senior Men -54kg	ALMUSHRAF Abdullah	KSA	
wt-presidents-cup-asia-2025	Senior Men -54kg	SERIK Artur	KAZ	
wt-presidents-cup-asia-2025	Senior Men -54kg	LEE Bae Hyeon	KOR	
wt-presidents-cup-asia-2025	Senior Men -54kg	TAECHARATTANAWIBOO	THA	
wt-presidents-cup-asia-2025	Senior Men -54kg	CHEN Jiacheng	CHN	
wt-presidents-cup-asia-2025	Senior Men -54kg	TILANI Mohammad Pa	IRI	
wt-presidents-cup-asia-2025	Senior Men -54kg	KADIRKULOV Begzod	KAZ	
wt-presidents-cup-asia-2025	Senior Men -54kg	QIAN Jiacai	CHN	2
wt-presidents-cup-asia-2025	Senior Men -54kg	OHARA Ryusei	JPN	
wt-presidents-cup-asia-2025	Senior Men -54kg	ALDAOUD Ja'afar	JOR	
wt-presidents-cup-asia-2025	Senior Men -54kg	YONDONJAMTS Purevd	MGL	
wt-presidents-cup-asia-2025	Senior Men -54kg	YENSEGENOV Yerkebu	KAZ	
wt-presidents-cup-asia-2025	Senior Men -54kg	HAJI Abrar	BRU	
wt-presidents-cup-asia-2025	Senior Men -54kg	DUISENBEK Aziret	KAZ	
wt-presidents-cup-asia-2025	Senior Men -54kg	PANG Keston	SGP	
wt-presidents-cup-asia-2025	Senior Men -54kg	CHAN Iek Hei	MAC	
wt-presidents-cup-asia-2025	Senior Men -54kg	KHUDAYBERDIEV Jakh	UZB	1
wt-presidents-cup-asia-2025	Senior Men -54kg	VALIZADEH Yasin	IRI	
wt-presidents-cup-asia-2025	Senior Men -54kg	JABBARI Barbod	IRI	3
wt-presidents-cup-asia-2025	Senior Men -54kg	LI Ci En	TPE	
wt-presidents-cup-asia-2025	Senior Men -54kg	ZIYAEE Saman	IRI	
wt-presidents-cup-asia-2025	Senior Men -54kg	DANGNOK Nattaporn	THA	
wt-presidents-cup-asia-2025	Senior Men -54kg	KITADE Tatsuya	JPN	
wt-presidents-cup-asia-2025	Senior Men -54kg	FANG Zheng	CHN	
wt-presidents-cup-asia-2025	Senior Men -54kg	SEO Eunsu	KOR	
wt-presidents-cup-asia-2025	Senior Women -73kg	ZHAO Zitong	CHN	3
wt-presidents-cup-asia-2025	Senior Women -73kg	TRAN Anh Ngan	VIE	
wt-presidents-cup-asia-2025	Senior Women -73kg	JIANG Chunyu	CHN	
wt-presidents-cup-asia-2025	Senior Women -73kg	OH Seungju	KOR	
wt-presidents-cup-asia-2025	Senior Women -73kg	ABO-ALRUB Rama	JOR	
wt-presidents-cup-asia-2025	Senior Women -73kg	SUN Jiahui	CHN	
wt-presidents-cup-asia-2025	Senior Women -73kg	NGUYEN Thi My Dung	VIE	
wt-presidents-cup-asia-2025	Senior Women -73kg	YOON Do Hee	KOR	2
wt-presidents-cup-asia-2025	Senior Women -73kg	LAURIN Althea	FRA	1
wt-presidents-cup-asia-2025	Senior Women -73kg	MOEINI Fatemeh	IRI	
wt-presidents-cup-asia-2025	Senior Women -73kg	LI Chen	CHN	
wt-presidents-cup-asia-2025	Senior Women -73kg	MIRHOSSEINI Melika	IRI	
wt-presidents-cup-asia-2025	Senior Women -73kg	MAKHMUTOVA Nazym	KAZ	
wt-presidents-cup-asia-2025	Senior Women -73kg	NOH Huiseung	KOR	
wt-presidents-cup-asia-2025	Senior Women -73kg	YUAN Zhijing	CHN	
wt-presidents-cup-asia-2025	Senior Women -73kg	XIAO Shunan	CHN	3
wt-presidents-cup-asia-2025	Senior Women -67kg	SOBIRJONOVA Ozoda	UZB	1
wt-presidents-cup-asia-2025	Senior Women -67kg	BAC Thi Khiem	VIE	
wt-presidents-cup-asia-2025	Senior Women -67kg	YANG Jiawei	CHN	
wt-presidents-cup-asia-2025	Senior Women -67kg	KHUSSAINOVA Nuray	KAZ	
wt-presidents-cup-asia-2025	Senior Women -67kg	ALRAWASHDEH Razan	JOR	
wt-presidents-cup-asia-2025	Senior Women -67kg	HONG Hyo Rim	KOR	3
wt-presidents-cup-asia-2025	Senior Women -67kg	SHEN Zinuo	CHN	
wt-presidents-cup-asia-2025	Senior Women -67kg	MURRAY Rebecca	AUS	
wt-presidents-cup-asia-2025	Senior Women -67kg	CHEN Kexin	CHN	
wt-presidents-cup-asia-2025	Senior Women -67kg	ENKHCHIMEG Ganzori	MGL	
wt-presidents-cup-asia-2025	Senior Women -67kg	XING Jiani	CHN	
wt-presidents-cup-asia-2025	Senior Women -67kg	MORADI Saghar	IRI	3
wt-presidents-cup-asia-2025	Senior Women -67kg	CHIU Shao Hsuan	TPE	
wt-presidents-cup-asia-2025	Senior Women -67kg	ZHU Yingyue	CHN	
wt-presidents-cup-asia-2025	Senior Women -67kg	VALINEJAD Yalda	IRI	
wt-presidents-cup-asia-2025	Senior Women -67kg	WANG Wei-chia	TPE	
wt-presidents-cup-asia-2025	Senior Women -67kg	KWAK Min-ju	KOR	2
wt-presidents-cup-asia-2025	Senior Women -67kg	CHEN Xuyan	CHN	
wt-presidents-cup-asia-2025	Senior Women -67kg	YEOM Eun Been	KOR	
wt-presidents-cup-asia-2025	Senior Women -67kg	SAPARKHAN Ayazhan	KAZ	
wt-presidents-cup-asia-2025	Senior Women -67kg	SONG Jie	CHN	
wt-presidents-cup-asia-2025	Senior Women -62kg	TONGCHAN Sasikarn	THA	3
wt-presidents-cup-asia-2025	Senior Women -62kg	PHAM Ngoc Cham	VIE	
wt-presidents-cup-asia-2025	Senior Women -62kg	KIM Yumin	KOR	
wt-presidents-cup-asia-2025	Senior Women -62kg	ADILBEKKYZY Aisha	KAZ	
wt-presidents-cup-asia-2025	Senior Women -62kg	KHAYITOVA Sevinch	UZB	
wt-presidents-cup-asia-2025	Senior Women -62kg	IORSS Kawehi	FPO	
wt-presidents-cup-asia-2025	Senior Women -62kg	LEE Hanna	KOR	
wt-presidents-cup-asia-2025	Senior Women -62kg	LUO Zongshi	CHN	1
wt-presidents-cup-asia-2025	Senior Women -62kg	ISSINA Zhazira	KAZ	
wt-presidents-cup-asia-2025	Senior Women -62kg	LEE Gaeun	KOR	
wt-presidents-cup-asia-2025	Senior Women -62kg	VALIZADEH Nastaran	IRI	
wt-presidents-cup-asia-2025	Senior Women -62kg	ZHOU Lijun	CHN	2
wt-presidents-cup-asia-2025	Senior Women -62kg	WANG Chengyi	CHN	
wt-presidents-cup-asia-2025	Senior Women -62kg	NASIRI Aynaz	IRI	
wt-presidents-cup-asia-2025	Senior Women -62kg	GU Wenjing	CHN	
wt-presidents-cup-asia-2025	Senior Women -62kg	SUH Tanya	KOR	
wt-presidents-cup-asia-2025	Senior Women -62kg	AIMUKASHEVA Kamila	KAZ	
wt-presidents-cup-asia-2025	Senior Women -62kg	CHANG Jui-en	TPE	
wt-presidents-cup-asia-2025	Senior Women -62kg	TAUKENOVA Aida	KAZ	
wt-presidents-cup-asia-2025	Senior Women -62kg	ABUTAY Fatikha	KAZ	
wt-presidents-cup-asia-2025	Senior Women -62kg	KIM Yun-yeong	KOR	3
wt-presidents-cup-asia-2025	Senior Women -62kg	BLEWITT Gabriella	AUS	
wt-presidents-cup-asia-2025	Senior Women +73kg	OSIPOVA Svetlana	UZB	3
wt-presidents-cup-asia-2025	Senior Women +73kg	KAIMOVA Evgeniya	KAZ	
wt-presidents-cup-asia-2025	Senior Women +73kg	WANG Xinqi	CHN	
wt-presidents-cup-asia-2025	Senior Women +73kg	ASADI Zeinab	IRI	
wt-presidents-cup-asia-2025	Senior Women +73kg	MU Wenzhe	CHN	1
wt-presidents-cup-asia-2025	Senior Women +73kg	AN Hyobin	KOR	
wt-presidents-cup-asia-2025	Senior Women +73kg	TKEBAEVA Meruert	KAZ	
wt-presidents-cup-asia-2025	Senior Women +73kg	ZHOU Zeqi	CHN	
wt-presidents-cup-asia-2025	Senior Women +73kg	AVOULETTE Solene	FRA	
wt-presidents-cup-asia-2025	Senior Women +73kg	ZHAO Ziting	CHN	3
wt-presidents-cup-asia-2025	Senior Women +73kg	WANG Mengqi	CHN	
wt-presidents-cup-asia-2025	Senior Women +73kg	LU Yanpei	CHN	
wt-presidents-cup-asia-2025	Senior Women +73kg	ZHANG Sujuan	CHN	
wt-presidents-cup-asia-2025	Senior Women +73kg	MIRTADJIEVA Iroda	UZB	
wt-presidents-cup-asia-2025	Senior Women +73kg	SONG Da Bin	KOR	
wt-presidents-cup-asia-2025	Senior Women +73kg	XU Lei	CHN	2
wt-presidents-cup-asia-2025	Senior Men -87kg	BOUZID Ismael	FRA	
wt-presidents-cup-asia-2025	Senior Men -87kg	LU Peng	CHN	
wt-presidents-cup-asia-2025	Senior Men -87kg	KWON Giwon	KOR	
wt-presidents-cup-asia-2025	Senior Men -87kg	AHMADI Ali	IRI	3
wt-presidents-cup-asia-2025	Senior Men -87kg	OH Jihoon	KOR	
wt-presidents-cup-asia-2025	Senior Men -87kg	SALAEV Shukhrat	UZB	2
wt-presidents-cup-asia-2025	Senior Men -87kg	ELSHARABATY Saleh	JOR	
wt-presidents-cup-asia-2025	Senior Men -87kg	MENG Mingkuan	CHN	
wt-presidents-cup-asia-2025	Senior Men -87kg	ALMABROUK Ali Mabr	KSA	
wt-presidents-cup-asia-2025	Senior Men -87kg	MYRZABAYEV Nurlan	KAZ	
wt-presidents-cup-asia-2025	Senior Men -87kg	BARKHORDARI Mehran	IRI	
wt-presidents-cup-asia-2025	Senior Men -87kg	YAZDANI Mohammad H	IRI	1
wt-presidents-cup-asia-2025	Senior Men -87kg	KOZHAKHMET Nurkana	KAZ	
wt-presidents-cup-asia-2025	Senior Men -87kg	ZUBER Muhammad Sya	MAS	
wt-presidents-cup-asia-2025	Senior Men -87kg	ZHURABOEV Yodgorbe	UZB	3
wt-presidents-cup-asia-2025	Senior Men -87kg	LYU Kuk Hwan	KOR	
wt-presidents-cup-asia-2025	Senior Men -87kg	KARIMBOEV Shokhjak	UZB	
wt-presidents-cup-asia-2025	Senior Men -87kg	KIM Woojin	KOR	
wt-presidents-cup-asia-2025	Senior Men -80kg	JAYSUNOV Jasurbek	UZB	1
wt-presidents-cup-asia-2025	Senior Men -80kg	CAI Zhaoxun	CHN	
wt-presidents-cup-asia-2025	Senior Men -80kg	PARK Ji-min	KOR	
wt-presidents-cup-asia-2025	Senior Men -80kg	NGUYEN Huu Viet	VIE	
wt-presidents-cup-asia-2025	Senior Men -80kg	HAMEDI Tareg Ali M	KSA	
wt-presidents-cup-asia-2025	Senior Men -80kg	SWEENEY Liam	AUS	
wt-presidents-cup-asia-2025	Senior Men -80kg	KANGYEON Seo	KOR	3
wt-presidents-cup-asia-2025	Senior Men -80kg	WANG Xin	CHN	
wt-presidents-cup-asia-2025	Senior Men -80kg	HOSSEINI Mirhashem	IRI	
wt-presidents-cup-asia-2025	Senior Men -80kg	KIM Jung Je	KOR	
wt-presidents-cup-asia-2025	Senior Men -80kg	TOLEUGALI Batyrkha	KAZ	3
wt-presidents-cup-asia-2025	Senior Men -80kg	ZAHEDI Mohammad Ho	IRI	
wt-presidents-cup-asia-2025	Senior Men -80kg	KIM Jae Beom	KOR	
wt-presidents-cup-asia-2025	Senior Men -80kg	WANG Guoqing	CHN	
wt-presidents-cup-asia-2025	Senior Men -80kg	GANIYEV Mergen	KAZ	
wt-presidents-cup-asia-2025	Senior Men -80kg	LI Yang	CHN	
wt-presidents-cup-asia-2025	Senior Men -80kg	LING Weijia	CHN	
wt-presidents-cup-asia-2025	Senior Men -80kg	JUNSANG Park	KOR	2
wt-presidents-cup-asia-2025	Senior Men -80kg	DUAN Junnan	CHN	
wt-presidents-cup-asia-2025	Senior Men -80kg	HUNG Jiun-yi	TPE	
wt-presidents-cup-asia-2025	Senior Men -74kg	ORYNBASSAR Maksat	KAZ	
wt-presidents-cup-asia-2025	Senior Men -74kg	KIM Hyun-woo	KOR	
wt-presidents-cup-asia-2025	Senior Men -74kg	TUSMATOV Shakhboz	UZB	
wt-presidents-cup-asia-2025	Senior Men -74kg	SEO Kang-eun	KOR	3
wt-presidents-cup-asia-2025	Senior Men -74kg	MALIK Merey	KAZ	
wt-presidents-cup-asia-2025	Senior Men -74kg	BIN Hasham Bandar	KSA	
wt-presidents-cup-asia-2025	Senior Men -74kg	KIM Dohyeon	KOR	
wt-presidents-cup-asia-2025	Senior Men -74kg	KANG Jaegwon	KOR	
wt-presidents-cup-asia-2025	Senior Men -74kg	BEYZAEE Amirhossei	IRI	
wt-presidents-cup-asia-2025	Senior Men -74kg	BAHLOOOL Ahmad	PLE	
wt-presidents-cup-asia-2025	Senior Men -74kg	BHANDARI Aashis	NEP	
wt-presidents-cup-asia-2025	Senior Men -74kg	KANG Dongmin	KOR	
wt-presidents-cup-asia-2025	Senior Men -74kg	KATOH Takato	JPN	
wt-presidents-cup-asia-2025	Senior Men -74kg	BEKASSYL Yergesh	KAZ	
wt-presidents-cup-asia-2025	Senior Men -74kg	ZHAO Haolan	CHN	
wt-presidents-cup-asia-2025	Senior Men -74kg	MURATKAN Yelnur	KAZ	
wt-presidents-cup-asia-2025	Senior Men -74kg	SADEGHIAN Amir Rez	IRI	2
wt-presidents-cup-asia-2025	Senior Men -74kg	MERCER Jack Woody	THA	
wt-presidents-cup-asia-2025	Senior Men -74kg	IORSS Rahiti	FPO	
wt-presidents-cup-asia-2025	Senior Men -74kg	DO Anh Tuan	VIE	
wt-presidents-cup-asia-2025	Senior Men -74kg	OMIRBEKOV Altair	KAZ	
wt-presidents-cup-asia-2025	Senior Men -74kg	HSIEH Tsung Yu	TPE	
wt-presidents-cup-asia-2025	Senior Men -74kg	TLEUGABYLOV Adil	KAZ	
wt-presidents-cup-asia-2025	Senior Men -74kg	BAKHTIARI Amir Sin	IRI	1
wt-presidents-cup-asia-2025	Senior Men -74kg	KIM Yongju	KOR	
wt-presidents-cup-asia-2025	Senior Men -74kg	KHOSHRAVESH Ali	IRI	
wt-presidents-cup-asia-2025	Senior Men -74kg	CELIN Lyve-stone	FRA	
wt-presidents-cup-asia-2025	Senior Men -74kg	LEE Sang Ryeol	KOR	
wt-presidents-cup-asia-2025	Senior Men -74kg	YANG Jiwoo	KOR	
wt-presidents-cup-asia-2025	Senior Men -74kg	KIM Taewook	KOR	
wt-presidents-cup-asia-2025	Senior Men -74kg	LEE Jinwook	KOR	
wt-presidents-cup-asia-2025	Senior Men -74kg	RYOO Jin	KOR	
wt-presidents-cup-asia-2025	Senior Men -74kg	JEON Gyu Ho	KOR	
wt-presidents-cup-asia-2025	Senior Men -74kg	RASSULIULY Dinmukh	KAZ	
wt-presidents-cup-asia-2025	Senior Men -74kg	XIANG Qizhang	CHN	3
wt-presidents-cup-asia-2025	Senior Men -74kg	KOSIMKHOJIEV Najmi	UZB	
wt-presidents-cup-asia-2025	Senior Men +87kg	MAVLONOV Marat	UZB	1
wt-presidents-cup-asia-2025	Senior Men +87kg	YANG Junyoung	KOR	
wt-presidents-cup-asia-2025	Senior Men +87kg	KANG Sanghyun	KOR	
wt-presidents-cup-asia-2025	Senior Men +87kg	RAHMANIRAD Amirmoh	IRI	
wt-presidents-cup-asia-2025	Senior Men +87kg	LIU Guohao	CHN	
wt-presidents-cup-asia-2025	Senior Men +87kg	HUANG Yu-jen	TPE	
wt-presidents-cup-asia-2025	Senior Men +87kg	SONG Zhaoxiang	CHN	3
wt-presidents-cup-asia-2025	Senior Men +87kg	LI Mingsi	CHN	
wt-presidents-cup-asia-2025	Senior Men +87kg	CHOI Unseo	KOR	
wt-presidents-cup-asia-2025	Senior Men +87kg	WANG Yaoxi	CHN	
wt-presidents-cup-asia-2025	Senior Men +87kg	TANG Hao	CHN	2
wt-presidents-cup-asia-2025	Senior Men +87kg	ZHAO Jiongpu	CHN	
wt-presidents-cup-asia-2025	Senior Men +87kg	FATHI Saeid	IRI	3
wt-presidents-cup-asia-2025	Senior Men +87kg	SUHAIMI Muhammad L	MAS	
wt-presidents-cup-asia-2025	Senior Men +87kg	STILLEY Aiden	AUS	
wt-presidents-cup-asia-2025	Senior Women -57kg	CARABIN Kanelya	FRA	
wt-presidents-cup-asia-2025	Senior Women -57kg	TRAN Thi Anh Tuyet	VIE	
wt-presidents-cup-asia-2025	Senior Women -57kg	LIN Siying	CHN	
wt-presidents-cup-asia-2025	Senior Women -57kg	ABDUVALIEVA Shabon	UZB	
wt-presidents-cup-asia-2025	Senior Women -57kg	CHEN Lin	CHN	2
wt-presidents-cup-asia-2025	Senior Women -57kg	HYMER Stacey	AUS	
wt-presidents-cup-asia-2025	Senior Women -57kg	AHN Hye Young	KOR	
wt-presidents-cup-asia-2025	Senior Women -57kg	DAI Zongyuan	CHN	3
wt-presidents-cup-asia-2025	Senior Women -57kg	SEVOSTYANOVA Mariy	KAZ	
wt-presidents-cup-asia-2025	Senior Women -57kg	LIN Wei-chun	TPE	
wt-presidents-cup-asia-2025	Senior Women -57kg	A. Joweil	PLE	
wt-presidents-cup-asia-2025	Senior Women -57kg	KANAT Almira	KAZ	
wt-presidents-cup-asia-2025	Senior Women -57kg	KIM Nanhee	KOR	
wt-presidents-cup-asia-2025	Senior Women -57kg	MIRABZALOVA Madina	UZB	3
wt-presidents-cup-asia-2025	Senior Women -57kg	ZHANG Chuling	CHN	
wt-presidents-cup-asia-2025	Senior Women -57kg	KAZNABEK Nuray	KAZ	
wt-presidents-cup-asia-2025	Senior Women -57kg	YANG Qingmei	CHN	
wt-presidents-cup-asia-2025	Senior Women -57kg	ASASEH Kosar	IRI	
wt-presidents-cup-asia-2025	Senior Women -57kg	KIM Gahyeon	KOR	1
wt-presidents-cup-asia-2025	Senior Women -53kg	ABUTALEB Dunya Ali	KSA	
wt-presidents-cup-asia-2025	Senior Women -53kg	KIM Siwoo	KOR	
wt-presidents-cup-asia-2025	Senior Women -53kg	KIYANICHANDEH Nahi	IRI	
wt-presidents-cup-asia-2025	Senior Women -53kg	NEMATZADEH Mobina	IRI	1
wt-presidents-cup-asia-2025	Senior Women -53kg	ZAYNIDDINOVA Laylo	UZB	
wt-presidents-cup-asia-2025	Senior Women -53kg	SUNDETBAY Aidana	KAZ	
wt-presidents-cup-asia-2025	Senior Women -53kg	ZUO Ju	CHN	
wt-presidents-cup-asia-2025	Senior Women -53kg	NARBAYEVA Yasmina	KAZ	
wt-presidents-cup-asia-2025	Senior Women -53kg	KARAJANOVA Aziza	KAZ	3
wt-presidents-cup-asia-2025	Senior Women -53kg	GUO Qing	CHN	
wt-presidents-cup-asia-2025	Senior Women -53kg	SU Po-ya	TPE	
wt-presidents-cup-asia-2025	Senior Women -53kg	WANG Xiaolu	CHN	3
wt-presidents-cup-asia-2025	Senior Women -53kg	TRUONG Thi Kim Tuy	VIE	
wt-presidents-cup-asia-2025	Senior Women -53kg	WASSANA Natkamon	THA	
wt-presidents-cup-asia-2025	Senior Women -53kg	AKBERGEN Shamshat	KAZ	
wt-presidents-cup-asia-2025	Senior Women -53kg	NGUYEN Thi Loan	VIE	
wt-presidents-cup-asia-2025	Senior Women -53kg	NISHIDA Mao	JPN	
wt-presidents-cup-asia-2025	Senior Women -53kg	JONGKOLRATTANAWATT	THA	
wt-presidents-cup-asia-2025	Senior Women -53kg	TAN Nichelle	SGP	
wt-presidents-cup-asia-2025	Senior Women -53kg	SEO Yeowon	KOR	2
wt-presidents-cup-asia-2025	Senior Women -53kg	XU Xinyu	CHN	
wt-presidents-cup-asia-2025	Senior Women -53kg	KATOH Yuzuho	JPN	
wt-presidents-cup-asia-2025	Senior Women -49kg	MA Jingyue	CHN	1
wt-presidents-cup-asia-2025	Senior Women -49kg	HAN Nayeon	KOR	
wt-presidents-cup-asia-2025	Senior Women -49kg	TAIROVA Ramina	KAZ	
wt-presidents-cup-asia-2025	Senior Women -49kg	KHASANOVA Laylo	UZB	
wt-presidents-cup-asia-2025	Senior Women -49kg	TAMBYRAJAH Saffron	AUS	
wt-presidents-cup-asia-2025	Senior Women -49kg	KISHIDA Ruka	JPN	
wt-presidents-cup-asia-2025	Senior Women -49kg	AKHMEDOVA Nodira	KAZ	
wt-presidents-cup-asia-2025	Senior Women -49kg	MOMENZADEH Mahla	IRI	3
wt-presidents-cup-asia-2025	Senior Women -49kg	NOORI Parnian	IRI	
wt-presidents-cup-asia-2025	Senior Women -49kg	NGUYEN Thi Mai	VIE	
wt-presidents-cup-asia-2025	Senior Women -49kg	FU Xiaolu	CHN	
wt-presidents-cup-asia-2025	Senior Women -49kg	KIM Hyang-gi	KOR	
wt-presidents-cup-asia-2025	Senior Women -49kg	FOFANA Mah Teninba	FRA	
wt-presidents-cup-asia-2025	Senior Women -49kg	BAUYRZHANOVA Nuray	KAZ	
wt-presidents-cup-asia-2025	Senior Women -49kg	LU Qiuyi	CHN	
wt-presidents-cup-asia-2025	Senior Women -49kg	JEONG Hye In	KOR	
wt-presidents-cup-asia-2025	Senior Women -49kg	BAKISHEVA Rita	KAZ	
wt-presidents-cup-asia-2025	Senior Women -49kg	LUONG Thanh Trang	VIE	
wt-presidents-cup-asia-2025	Senior Women -49kg	YANG Sai	CHN	3
wt-presidents-cup-asia-2025	Senior Women -49kg	KAPANOVA Botakoz	KAZ	
wt-presidents-cup-asia-2025	Senior Women -49kg	MOTTA Bianca	AUS	
wt-presidents-cup-asia-2025	Senior Women -49kg	TANGIROVA Dilnoza	UZB	
wt-presidents-cup-asia-2025	Senior Women -49kg	ZHANG Qintong	CHN	
wt-presidents-cup-asia-2025	Senior Women -49kg	CHOI Jia	KOR	
wt-presidents-cup-asia-2025	Senior Women -49kg	SEEKEN Kamonchanok	THA	2
wt-presidents-cup-asia-2025	Senior Women -46kg	OKAZAKI Hinata	JPN	
wt-presidents-cup-asia-2025	Senior Women -46kg	BASSAM Nour	PLE	
wt-presidents-cup-asia-2025	Senior Women -46kg	LEE Yumin	KOR	2
wt-presidents-cup-asia-2025	Senior Women -46kg	PARK Seojeong	KOR	
wt-presidents-cup-asia-2025	Senior Women -46kg	SHIRI Sogand	IRI	
wt-presidents-cup-asia-2025	Senior Women -46kg	HUANG Ying Hsuan	TPE	3
wt-presidents-cup-asia-2025	Senior Women -46kg	SHIN Su-in	KOR	
wt-presidents-cup-asia-2025	Senior Women -46kg	MUNKHTUGS Suvd-erd	MGL	
wt-presidents-cup-asia-2025	Senior Women -46kg	WANG Shiyi	CHN	
wt-presidents-cup-asia-2025	Senior Women -46kg	POOLKERD Patcharak	THA	3
wt-presidents-cup-asia-2025	Senior Women -46kg	ERTAYEVA Nodira	KAZ	
wt-presidents-cup-asia-2025	Senior Women -46kg	SHONIYOZOVA Madina	UZB	
wt-presidents-cup-asia-2025	Senior Women -46kg	ALSHARIF Taiba Kha	KSA	
wt-presidents-cup-asia-2025	Senior Women -46kg	YE Xiaoting	CHN	
wt-presidents-cup-asia-2025	Senior Women -46kg	ALKHAWAHR Rahmah A	KSA	
wt-presidents-cup-asia-2025	Senior Women -46kg	KUMARTAYEVA Aidana	KAZ	
wt-presidents-cup-asia-2025	Senior Women -46kg	NASIRI Saeideh	IRI	1
wt-presidents-cup-asia-2025	Senior Women -46kg	OKAMOTO Ruka	JPN	
asian-open-2026	Senior Women -46kg	LAHOOD Juliet	AUS	1
asian-open-2026	Senior Women -46kg	PUSPA RINJANI Pradinda	INA	
asian-open-2026	Senior Women -46kg	MAHARANI Siti	INA	
asian-open-2026	Senior Women -46kg	APRIANI Syivana	INA	
asian-open-2026	Senior Women -46kg	SUZUKI Koharu	JPN	
asian-open-2026	Senior Women -46kg	CARLOS Caitlin Julia	PHI	
asian-open-2026	Senior Women -46kg	VIRMANSYAH Kamilia	INA	3
asian-open-2026	Senior Women -46kg	NATHAGRACIA AZZAHRA Aurel	INA	
asian-open-2026	Senior Women -46kg	DEWI Divia	INA	
asian-open-2026	Senior Women -46kg	GODARA Janvi	IND	
asian-open-2026	Senior Women -46kg	PRATIWI Thalitha	INA	
asian-open-2026	Senior Women -46kg	LABIBAH Alika	INA	
asian-open-2026	Senior Women -46kg	MA Sum Yi	HKG	
asian-open-2026	Senior Women -46kg	ALAMANDA Fortuna	INA	
asian-open-2026	Senior Women -46kg	ATALIE Gendis Kirana	INA	
asian-open-2026	Senior Women -46kg	PANGGABEAN Sarah Maria	INA	3
asian-open-2026	Senior Women -46kg	JANNAH Zahratul	INA	
asian-open-2026	Senior Women -46kg	ALEXANDRA Rayinda Syah	INA	
asian-open-2026	Senior Women -46kg	TOMITA Chisaki	JPN	2
asian-open-2026	Senior Women -46kg	WALISUNDARA MUDIYANSELAGE Nethmi Ka	UNK	
asian-open-2026	Senior Women -46kg	FONSECA Caliana	USA	
asian-open-2026	Senior Women -46kg	AGHNIA Az-zahra Violin	INA	
asian-open-2026	Senior Women -46kg	ADINEGORO Andreana	INA	
asian-open-2026	Senior Women -46kg	LAU Tsz Wan	HKG	
asian-open-2026	Senior Women -49kg	OKAMOTO Ruka	JPN	1
asian-open-2026	Senior Women -49kg	DWI PUTRI Winda	INA	
asian-open-2026	Senior Women -49kg	VILLASENOR Bobbi Monique	USA	
asian-open-2026	Senior Women -49kg	W KADIR Ikja Artina	INA	
asian-open-2026	Senior Women -49kg	JEON Mihyeon	KOR	
asian-open-2026	Senior Women -49kg	CASTEL Felicity Jana	PHI	3
asian-open-2026	Senior Women -49kg	LAM Siu Wai	HKG	
asian-open-2026	Senior Women -49kg	LARASATI Keysha Az Zahra	INA	
asian-open-2026	Senior Women -49kg	Vaishnave	IND	
asian-open-2026	Senior Women -49kg	NURUL ISLAMI Refa	INA	
asian-open-2026	Senior Women -49kg	HAIRA Ighfirna	INA	
asian-open-2026	Senior Women -49kg	ALIYKA Putri	INA	3
asian-open-2026	Senior Women -49kg	SOFYAN Nazwa	INA	
asian-open-2026	Senior Women -49kg	JAYAWARDHANA MUDIYANSELAGE	UNK	
asian-open-2026	Senior Women -49kg	AN Byeo Ri	KOR	
asian-open-2026	Senior Women -49kg	KHAN Zoya	IND	
asian-open-2026	Senior Women -49kg	CHETIA Nayatri	IND	
asian-open-2026	Senior Women -49kg	KEISHA AZZAHRA Queenita	INA	
asian-open-2026	Senior Women -49kg	BAT-ERDENE Uchral	MGL	2
asian-open-2026	Senior Women -57kg	HYMER Stacey	AUS	3
asian-open-2026	Senior Women -57kg	CADILENA Rhiyanne Agatha Shay	PHI	
asian-open-2026	Senior Women -57kg	NAM Yurim	KOR	
asian-open-2026	Senior Women -57kg	HAPSARI Aura Gita	INA	
asian-open-2026	Senior Women -57kg	KAMILAH Alsa	INA	
asian-open-2026	Senior Women -57kg	LAMANDA Silvana	INA	2
asian-open-2026	Senior Women -57kg	TSE Wing Chi	HKG	
asian-open-2026	Senior Women -57kg	RAMADHANI Nia	INA	
asian-open-2026	Senior Women -57kg	YANTHI I Gusti Ayu Agung Darma	INA	
asian-open-2026	Senior Women -57kg	LOW Xin Er Daycia	SGP	
asian-open-2026	Senior Women -57kg	SONAWANE Ishwari	IND	3
asian-open-2026	Senior Women -57kg	SAFIRA Jihan	INA	
asian-open-2026	Senior Women -57kg	RAMADANI Aqila	INA	1
asian-open-2026	Senior Women -57kg	MURATA Lila Ardian	JPN	
asian-open-2026	Senior Men -74kg	TAM Ching Nam	HKG	3
asian-open-2026	Senior Men -74kg	YADAV Nishit	IND	
asian-open-2026	Senior Men -74kg	BAGUS RAMA DWISATRIA I Gusti	INA	
asian-open-2026	Senior Men -74kg	ALFARISI Arizul	INA	
asian-open-2026	Senior Men -74kg	SAPUTRA Ihlas	INA	
asian-open-2026	Senior Men -74kg	IZARIK Daniel	SVK	2
asian-open-2026	Senior Men -74kg	RAHMATULLAH Ariq Alfatih Ageng	INA	
asian-open-2026	Senior Men -74kg	JAIN Arjun	IND	
asian-open-2026	Senior Men -74kg	HAPU ARACHCHILAGE Ashan Maduka	SRI	
asian-open-2026	Senior Men -74kg	ALZAYED Panduaji	INA	
asian-open-2026	Senior Men -74kg	LAM Ka Hei Tank	HKG	
asian-open-2026	Senior Men -74kg	QAIKAL Aru	INA	
asian-open-2026	Senior Men -74kg	JUNIO Cyvir	PHI	3
asian-open-2026	Senior Men -74kg	FEBRIANTO Afif	INA	
asian-open-2026	Senior Men -74kg	OMIRBEKOV Altair	KAZ	
asian-open-2026	Senior Men -74kg	PRASETYO Dhimas	INA	
asian-open-2026	Senior Men -74kg	ISBACH Faliqul	INA	
asian-open-2026	Senior Men -74kg	AZHAR Salim	INA	
asian-open-2026	Senior Men -74kg	SINGH Rahul	IND	
asian-open-2026	Senior Men -74kg	DHARMA DUTA Dewa Gede Tri	INA	
asian-open-2026	Senior Men -74kg	ABDUSALAMOV Magomed	RUS	1
asian-open-2026	Senior Men -80kg	HAMEDI Tareg Ali M	KSA	
asian-open-2026	Senior Men -80kg	NURZY Valdo Caesar	INA	
asian-open-2026	Senior Men -80kg	SASTAMA Edgar	INA	3
asian-open-2026	Senior Men -80kg	DELOS SANTOS Marcus Neil	PHI	
asian-open-2026	Senior Men -80kg	AL GIFARI Muhammad	INA	
asian-open-2026	Senior Men -80kg	HOODA Akshay	IND	2
asian-open-2026	Senior Men -80kg	AL HAQQI Muhammad Faiz	INA	
asian-open-2026	Senior Men -80kg	MARIPOV Abdurakhmon	KAZ	3
asian-open-2026	Senior Men -80kg	SUSILO Arya Danu	INA	
asian-open-2026	Senior Men -80kg	TAUFIQURRAHMAN Muhammad	INA	
asian-open-2026	Senior Men -80kg	NARAYANA DIVTA I Nyoman	INA	
asian-open-2026	Senior Men -80kg	HABIBURIZKI Avicenna	INA	
asian-open-2026	Senior Men -80kg	PRIYAM Piyush	IND	
asian-open-2026	Senior Men -80kg	RAIHAN FADHILA Mhd	INA	1
asian-open-2026	Senior Men +87kg	STILLEY Aiden	AUS	
asian-open-2026	Senior Men +87kg	RATHOD Manjeet Singh	IND	
asian-open-2026	Senior Men +87kg	SAEED Hamzah Omar	PAK	1
asian-open-2026	Senior Men +87kg	ARMANTO Nicholas	INA	
asian-open-2026	Senior Men +87kg	FAADIHILLAH Ezar	INA	3
asian-open-2026	Senior Men +87kg	WARKEY Benaya Rafael	INA	3
asian-open-2026	Senior Men +87kg	WIJIYATMAKA Dimas Bagas Praband	UNK	
asian-open-2026	Senior Men +87kg	HUSSAIN Mohamed Ashiff	IND	
asian-open-2026	Senior Men +87kg	ARACHMAN Mohammad	INA	
asian-open-2026	Senior Men +87kg	HANUSOVSKY Richard	SVK	2
asian-open-2026	Senior Women -62kg	BLEWITT Gabriella	AUS	1
asian-open-2026	Senior Women -62kg	KIM Hye Ryeong	KOR	
asian-open-2026	Senior Women -62kg	PHURAILATPAM Gharluxmi	IND	
asian-open-2026	Senior Women -62kg	DEWI Oktavia	INA	
asian-open-2026	Senior Women -62kg	TRI HAPSARI Della	INA	
asian-open-2026	Senior Women -62kg	CACILDES VINOTHKANNA Annsofna	SRI	
asian-open-2026	Senior Women -62kg	LUM Shanice Bei Xin	SGP	
asian-open-2026	Senior Women -62kg	KUMARI Peehu	IND	3
asian-open-2026	Senior Women -62kg	TIURMA BERTHA HUTAPEA Marcia	INA	
asian-open-2026	Senior Women -62kg	PERMATA Ni Made	INA	
asian-open-2026	Senior Women -62kg	PIRENANINGTYAS Reininda	INA	3
asian-open-2026	Senior Women -62kg	INAYAH Inayah	INA	
asian-open-2026	Senior Women -62kg	HO Cathy Minly	HKG	
asian-open-2026	Senior Women -62kg	POETRI ISKANDAR Ingrid	SGP	2
asian-open-2026	Senior Women -62kg	PUTRI Hayananda	INA	
asian-open-2026	Senior Women -62kg	SURJANTO Raffaya	INA	
asian-open-2026	Senior Women -67kg	JAVIER Jizyl	PHI	
asian-open-2026	Senior Women -67kg	LAM Tsz Ching	HKG	
asian-open-2026	Senior Women -67kg	KHAN Sania	IND	3
asian-open-2026	Senior Women -67kg	PRATIWI Emanuela Grace Masyu	INA	
asian-open-2026	Senior Women -67kg	PARK Jeong-hyeon	KOR	2
asian-open-2026	Senior Women -67kg	AURA Nabila	INA	
asian-open-2026	Senior Women -67kg	LIM Su Min	KOR	1
asian-open-2026	Senior Women -67kg	WIDIA NINGRUM Sekar Embun	INA	
asian-open-2026	Senior Women -67kg	JAYANTI Dwi	INA	
asian-open-2026	Senior Women -67kg	BAJAJ Magan	IND	3
asian-open-2026	Senior Women -67kg	SARI Varas Indah	INA	
asian-open-2026	Senior Women +73kg	STEWART Reba	AUS	1
asian-open-2026	Senior Women +73kg	PERMATA SARI Indah	INA	
asian-open-2026	Senior Women +73kg	BARUA Rodali	IND	3
asian-open-2026	Senior Women +73kg	RENIEDO Ashley Rose	PHI	
asian-open-2026	Senior Women +73kg	ANTIL Himanshi	IND	3
asian-open-2026	Senior Women +73kg	SARI Syaida	INA	
asian-open-2026	Senior Women +73kg	YADAV Jyoti	IND	2
asian-open-2026	Senior Women +73kg	WIBOWO Amelia Putri	INA	
asian-open-2026	Senior Men -58kg	ALMUSHRAF Abdullah Essa A	KSA	
asian-open-2026	Senior Men -58kg	DAMOPOLII Moch Rizky Pratama	INA	
asian-open-2026	Senior Men -58kg	SITORUS PANE Anggi Syahputra S	INA	
asian-open-2026	Senior Men -58kg	CHAVEZ Ethan Jervey Dayne	PHI	
asian-open-2026	Senior Men -58kg	AKBAR Muhammad Prana	INA	
asian-open-2026	Senior Men -58kg	MEIDITO RIFKI Rama	INA	
asian-open-2026	Senior Men -58kg	YADAV Shubh	IND	2
asian-open-2026	Senior Men -58kg	SERHALAY Jeremiah	NED	
asian-open-2026	Senior Men -58kg	RASYA ABHINAYA Muhammad	INA	
asian-open-2026	Senior Men -58kg	SASTRA Putu Ryan Angga Pratama	INA	
asian-open-2026	Senior Men -58kg	MER Ankit	IND	
asian-open-2026	Senior Men -58kg	CHAN Hin Hang	HKG	3
asian-open-2026	Senior Men -58kg	INDRAYANA Ariqfallah Rasyid	INA	
asian-open-2026	Senior Men -58kg	CHIOK Chun Yin	HKG	
asian-open-2026	Senior Men -58kg	DHARMAWAN Kemal Yusuf	INA	
asian-open-2026	Senior Men -58kg	MAHAR Nishant	IND	
asian-open-2026	Senior Men -58kg	RAMADHAN Frans Dwiki	INA	
asian-open-2026	Senior Men -58kg	DWI YANDY Andi Muhammad Dzul Iqram	INA	
asian-open-2026	Senior Men -58kg	AZCA JAYANINGRAT Muhammad	INA	
asian-open-2026	Senior Men -58kg	YONDONJAMTS Purevdash	MGL	3
asian-open-2026	Senior Men -58kg	RAHMAD Andi	INA	
asian-open-2026	Senior Men -58kg	SANTOSO Alvino	INA	
asian-open-2026	Senior Men -58kg	IUDIN Irsyad	INA	
asian-open-2026	Senior Men -58kg	CURATA Kurt Mykel	PHI	
asian-open-2026	Senior Men -58kg	YASRI Affandi Syawal	INA	
asian-open-2026	Senior Men -58kg	AKBAR Muhammad	INA	
asian-open-2026	Senior Men -58kg	HAMDI Riad Nasser A	KSA	1
asian-open-2026	Senior Men -68kg	NIKOLOVSKI Xavier	AUS	3
asian-open-2026	Senior Men -68kg	HILMI Muhammad Mustofa	INA	
asian-open-2026	Senior Men -68kg	NOVEAN Aga	INA	
asian-open-2026	Senior Men -68kg	GANTULGA Enkhbayar	MGL	
asian-open-2026	Senior Men -68kg	DEEPANSHU Deepanshu	IND	
asian-open-2026	Senior Men -68kg	ATALLAH Rava	INA	
asian-open-2026	Senior Men -68kg	KUMAR Akhil	IND	
asian-open-2026	Senior Men -68kg	GILBUENA Sturdy Jay	PHI	
asian-open-2026	Senior Men -68kg	PAVANANTHARASA Tharmilan	SRI	
asian-open-2026	Senior Men -68kg	KUSUMA Sakti Yudhajaya Permata	INA	
asian-open-2026	Senior Men -68kg	SALSABIL H ALI Thoriqh Hilbram	INA	
asian-open-2026	Senior Men -68kg	ANDY CHUNG Ming Pong	HKG	
asian-open-2026	Senior Men -68kg	SUMMERFIELD Matthew	AUS	1
asian-open-2026	Senior Men -68kg	Dinesh	IND	
asian-open-2026	Senior Men -68kg	AVATAR M Aqil	INA	
asian-open-2026	Senior Men -68kg	TAN Nigel	SGP	
asian-open-2026	Senior Men -68kg	PUTRA Arga	INA	3
asian-open-2026	Senior Men -68kg	YEE Liming	SGP	
asian-open-2026	Senior Men -68kg	DARMAYOGA I Gusti Bagus Agung	UNK	
asian-open-2026	Senior Men -68kg	RAI Rishi	IND	
asian-open-2026	Senior Men -68kg	PRAYUDI Zahitd	INA	
asian-open-2026	Senior Men -68kg	FADHILA Rizqy	INA	
asian-open-2026	Senior Men -68kg	UMARO Meazza Faza	INA	
asian-open-2026	Senior Men -68kg	RAIHAN Muhammad Bassam	INA	
asian-open-2026	Senior Men -68kg	RACHA Jericho Muhammad	INA	
asian-open-2026	Senior Men -68kg	LO Wai Fung	HKG	2
asian-open-2026	Senior Men -87kg	HOERMANN Vincent	GER	3
asian-open-2026	Senior Men -87kg	HUTAGALUNG Rhaditya Keola Namora	INA	
asian-open-2026	Senior Men -87kg	SETYAPUTRA Adhetian	INA	
asian-open-2026	Senior Men -87kg	VIJAYRAN Lakshay	IND	
asian-open-2026	Senior Men -87kg	KAISER Adrian	INA	2
asian-open-2026	Senior Men -87kg	KOZHAKHMET Nurkanat	KAZ	3
asian-open-2026	Senior Men -87kg	PATEL Shashank Singh	IND	
asian-open-2026	Senior Men -87kg	ADHIPRATAMA Poetra	INA	
asian-open-2026	Senior Men -87kg	Rishabh	IND	
asian-open-2026	Senior Men -87kg	NAUVAL Ossanando	INA	
asian-open-2026	Senior Men -87kg	BUDIN Vladislav	RUS	1
el-hassan-open-2026	Senior Men -54kg	ALHUSAMI Anas	JOR	2
el-hassan-open-2026	Senior Men -54kg	DIB Michael	LBN	
el-hassan-open-2026	Senior Men -54kg	MANASIR Ahmad	JOR	
el-hassan-open-2026	Senior Men -54kg	ELSISI Alieldin	KSA	
el-hassan-open-2026	Senior Men -54kg	ALMANAA Hamed	JOR	
el-hassan-open-2026	Senior Men -54kg	ALAMANASEER Yamen	JOR	3
el-hassan-open-2026	Senior Men -54kg	HAMDAN Shahen	JOR	
el-hassan-open-2026	Senior Men -54kg	MOHAMED Waleed	BRN	
el-hassan-open-2026	Senior Men -54kg	ALHUNAITY Othman	JOR	3
el-hassan-open-2026	Senior Men -54kg	ALRAWASHDEH Laith	JOR	
el-hassan-open-2026	Senior Men -54kg	ALDAOUD Ja'afar	JOR	1
el-hassan-open-2026	Senior Men -54kg	ALSHADAT Qutaiba	JOR	
el-hassan-open-2026	Senior Men -58kg	MAGOMEDOV Kurbanmagomed	RUS	
el-hassan-open-2026	Senior Men -58kg	OSAMA HUSSEIEN Mohamed	EGY	1
el-hassan-open-2026	Senior Men -58kg	EYADZAMEL Suleiman	JOR	
el-hassan-open-2026	Senior Men -58kg	AL-SHARQI Mohammed Aref	JOR	
el-hassan-open-2026	Senior Men -58kg	YASER ESSA Omar	TRT	
el-hassan-open-2026	Senior Men -58kg	ZARIFEH Marc	LBN	3
el-hassan-open-2026	Senior Men -58kg	IBRAHIM Najeeb	JOR	
el-hassan-open-2026	Senior Men -58kg	ALOTAIBY Sanad	JOR	
el-hassan-open-2026	Senior Men -58kg	KHALIL Ahmed	JOR	
el-hassan-open-2026	Senior Men -58kg	ALARMETI Husam	JOR	3
el-hassan-open-2026	Senior Men -58kg	WAEL MUSTAFA Obada	JOR	
el-hassan-open-2026	Senior Men -58kg	SWAR Hussain	BRN	
el-hassan-open-2026	Senior Men -58kg	ABUHALTAM Abdulkareem	JOR	
el-hassan-open-2026	Senior Men -58kg	ELWALID MAHDY Khaled	EGY	2
el-hassan-open-2026	Senior Men -58kg	AL-LOUZI Radad	JOR	
el-hassan-open-2026	Senior Men -58kg	AL BULUSHI Al Muhanad	OMA	
el-hassan-open-2026	Senior Men -58kg	JARADAT Ahmed	JOR	
el-hassan-open-2026	Senior Men -63kg	MAGOMEDOV Shamil	RUS	
el-hassan-open-2026	Senior Men -63kg	HASSAN KAMAL Yahia	EGY	
el-hassan-open-2026	Senior Men -63kg	EMAD SALHEIH Abd-Alrhman	JOR	
el-hassan-open-2026	Senior Men -63kg	YOUSIF Mahmoud Bassam	JOR	
el-hassan-open-2026	Senior Men -63kg	KOUDSI Raphael	LBN	2
el-hassan-open-2026	Senior Men -63kg	ABU AFEEFA Ezz Aldeen	JOR	
el-hassan-open-2026	Senior Men -63kg	ALFAHMAWI Khaled	JOR	3
el-hassan-open-2026	Senior Men -63kg	ALJAEIDI Omar	JOR	
el-hassan-open-2026	Senior Men -63kg	AHMAD Rashed	JOR	
el-hassan-open-2026	Senior Men -63kg	ABUSROUR Eyas	JOR	
el-hassan-open-2026	Senior Men -63kg	HISHAM MOHAMED Ahmed	EGY	3
el-hassan-open-2026	Senior Men -63kg	ALTARYREH Mahmoud	JOR	
el-hassan-open-2026	Senior Men -63kg	ZARIFEH Peter	LBN	
el-hassan-open-2026	Senior Men -63kg	SHLOUL Tareq	JOR	1
el-hassan-open-2026	Senior Men -63kg	MAGABLEH Solaiman	JOR	
el-hassan-open-2026	Senior Men -63kg	IBRAHIM SHAIKH Mohammad	PLE	
el-hassan-open-2026	Senior Men -63kg	ALMASRI Khalil	JOR	
el-hassan-open-2026	Senior Men -63kg	KHALED MOHAMMED RIZK ABDUL MAJID K	EGY	
el-hassan-open-2026	Senior Men -68kg	AL ZU'BI Anas	JOR	
el-hassan-open-2026	Senior Men -68kg	MUHAMMAD FATHY Omar	EGY	3
el-hassan-open-2026	Senior Men -68kg	AHMED Akam Farman	IRQ	
el-hassan-open-2026	Senior Men -68kg	YOUSIF Yazan	JOR	2
el-hassan-open-2026	Senior Men -68kg	ALHUSSEIN Mahmoud	TRT	
el-hassan-open-2026	Senior Men -68kg	ALKHLAILAH Majed	JOR	
el-hassan-open-2026	Senior Men -68kg	JAGHOUB Amro	JOR	3
el-hassan-open-2026	Senior Men -68kg	MAQABLEH Rashed	JOR	
el-hassan-open-2026	Senior Men -68kg	YASER ISMAIL Omar	PLE	1
el-hassan-open-2026	Senior Men -74kg	OTHMAN Mohammad	JOR	
el-hassan-open-2026	Senior Men -74kg	WAEL MOHAMED MOSTAFA ELSAYED Karim	EGY	
el-hassan-open-2026	Senior Men -74kg	ALIEV Ali	RUS	1
el-hassan-open-2026	Senior Men -74kg	ALHLO Mostafa	JOR	
el-hassan-open-2026	Senior Men -74kg	ALASSAF Mothana	JOR	3
el-hassan-open-2026	Senior Men -74kg	ALASSAF Mohammad Yaser	JOR	2
el-hassan-open-2026	Senior Men -74kg	A Aj	USA	
el-hassan-open-2026	Senior Men -74kg	OSTA Abboud	LBN	
el-hassan-open-2026	Senior Men -74kg	DAR ALI Mohmmad	JOR	
el-hassan-open-2026	Senior Men -74kg	ALHEDDI Abdulla	BRN	3
el-hassan-open-2026	Senior Men -80kg	ALADARBI Mohammad	JOR	1
el-hassan-open-2026	Senior Men -80kg	RAWY Ahmad	EGY	
el-hassan-open-2026	Senior Men -80kg	OMAROV Magomedrasul	RUS	
el-hassan-open-2026	Senior Men -80kg	ALSIDDEH Ahmad	JOR	
el-hassan-open-2026	Senior Men -80kg	NAFOUHK Abdallah	JOR	3
el-hassan-open-2026	Senior Men -80kg	ABU-AWAD Abdullah	JOR	3
el-hassan-open-2026	Senior Men -80kg	QATTMEER Mohammad	JOR	
el-hassan-open-2026	Senior Men -80kg	RAIDY Peter	LBN	
el-hassan-open-2026	Senior Men -80kg	YAGHMOOR Yazan	JOR	2
el-hassan-open-2026	Senior Men -87kg	BICER Enbiya Taha	TUR	1
el-hassan-open-2026	Senior Men -87kg	ALRAWASHDEH Mosaeb	JOR	
el-hassan-open-2026	Senior Men -87kg	ALKHAZALAH Ali	JOR	
el-hassan-open-2026	Senior Men -87kg	BASHAR Mohammad	JOR	
el-hassan-open-2026	Senior Men -87kg	ELSHARABATY Saleh	JOR	3
el-hassan-open-2026	Senior Men -87kg	AL-ASEF Jabr	JOR	
el-hassan-open-2026	Senior Men -87kg	ALQAISI Sa'ed	JOR	3
el-hassan-open-2026	Senior Men -87kg	ASFOUR Mo'men	JOR	
el-hassan-open-2026	Senior Men -87kg	ALHLO Omar	JOR	
el-hassan-open-2026	Senior Men -87kg	ELSHEIKH Adham	EGY	2
el-hassan-open-2026	Senior Men +87kg	ESSAM MOHIUDDIN Abdullah	EGY	1
el-hassan-open-2026	Senior Men +87kg	ALEZAZI Mjd	JOR	3
el-hassan-open-2026	Senior Men +87kg	ALRTHOOM Odai	JOR	
el-hassan-open-2026	Senior Men +87kg	KAMAL Lawand Shamsaddin	IRQ	3
el-hassan-open-2026	Senior Men +87kg	JALAL MAHMOUD Yanal	JOR	
el-hassan-open-2026	Senior Men +87kg	MANSOUR Mutaz	JOR	
el-hassan-open-2026	Senior Men +87kg	RAAD Charbel	LBN	2
el-hassan-open-2026	Senior Women -46kg	IBRAHIM Maria	LBN	
el-hassan-open-2026	Senior Women -46kg	ALSHAMMARI Sahaf Matar A	KSA	
el-hassan-open-2026	Senior Women -46kg	AL-ABDALLAT Fatima	JOR	2
el-hassan-open-2026	Senior Women -46kg	ALLIDAWI Tiya	JOR	3
el-hassan-open-2026	Senior Women -46kg	BUALLAY Khadija	BRN	
el-hassan-open-2026	Senior Women -46kg	HAMZEH Sadeen	JOR	3
el-hassan-open-2026	Senior Women -46kg	ALBURESHEED Mariam	BRN	
el-hassan-open-2026	Senior Women -46kg	HARIB AL-HINAI Umaima	OMA	
el-hassan-open-2026	Senior Women -46kg	HAMZEH Layan	JOR	
el-hassan-open-2026	Senior Women -46kg	ALI RABIA ABD ELAZIZ Hanin	EGY	1
el-hassan-open-2026	Senior Women -49kg	ALSHAIKH QASEM Toleen	JOR	3
el-hassan-open-2026	Senior Women -49kg	BASSAM ALDARDOUK Nour	PLE	
el-hassan-open-2026	Senior Women -49kg	BINTHANI Yara	BRN	2
el-hassan-open-2026	Senior Women -49kg	F. M. YASEEN Rahaf	PLE	3
el-hassan-open-2026	Senior Women -49kg	AHMED Fatima	BRN	
el-hassan-open-2026	Senior Women -49kg	HOSSAM Malak	EGY	1
el-hassan-open-2026	Senior Women -49kg	KALAWADH Fatema	BRN	
el-hassan-open-2026	Senior Women -53kg	ALBATAYNEH Saja	JOR	
el-hassan-open-2026	Senior Women -53kg	A. SH. SALEH Abrar	PLE	
el-hassan-open-2026	Senior Women -53kg	ABI FARAH Ella	LBN	3
el-hassan-open-2026	Senior Women -53kg	ABI HAYLA Demi	LBN	
el-hassan-open-2026	Senior Women -53kg	SROUR Rahaf	JOR	2
el-hassan-open-2026	Senior Women -53kg	KHATTAB Jana	EGY	1
el-hassan-open-2026	Senior Women -53kg	YASEEN Yara Mohammad	JOR	
el-hassan-open-2026	Senior Women -53kg	ABI HEYLA Mandy	LBN	3
el-hassan-open-2026	Senior Women -53kg	ALBUSTANJI Nolah	JOR	
el-hassan-open-2026	Senior Women -53kg	ALTORMAN Mariam Abd Alhaleem	JOR	
el-hassan-open-2026	Senior Women -57kg	KHIRFAN Fadia	JOR	1
el-hassan-open-2026	Senior Women -57kg	ALMANASEER Jana	JOR	3
el-hassan-open-2026	Senior Women -57kg	ABDELQADER Aana	JOR	
el-hassan-open-2026	Senior Women -57kg	ALHASSAN ALHINIDE Talah	TRT	
el-hassan-open-2026	Senior Women -57kg	ABUDAHAB Jood	JOR	2
el-hassan-open-2026	Senior Women -57kg	AL SAWA'EER Tamara	JOR	3
el-hassan-open-2026	Senior Women -62kg	YIGITALP Hatice Pinar	TUR	1
el-hassan-open-2026	Senior Women -62kg	ALKHADRA Sahab Mohammad Maher	JOR	3
el-hassan-open-2026	Senior Women -62kg	BANIHANI Remas	JOR	
el-hassan-open-2026	Senior Women -62kg	ABI HANNA Celena	LBN	3
el-hassan-open-2026	Senior Women -62kg	ABUJAISH Sara	JOR	2
el-hassan-open-2026	Senior Women -67kg	ALRAWASHDEH Razan Mohammed	JOR	1
el-hassan-open-2026	Senior Women -67kg	ALBURASHAID Lulwa	BRN	
el-hassan-open-2026	Senior Women -67kg	AL SALHI Shatha	JOR	
el-hassan-open-2026	Senior Women -67kg	SELAWI Nada	JOR	
el-hassan-open-2026	Senior Women -67kg	MOUSA Shams	JOR	3
el-hassan-open-2026	Senior Women -67kg	ALHALAYQA Lamees	JOR	2
el-hassan-open-2026	Senior Women -67kg	ALA'A ALJA'AFREH Leen	JOR	
el-hassan-open-2026	Senior Women -67kg	ERYQAT Lijin	JOR	3
el-hassan-open-2026	Senior Women -67kg	SABAGH Rama	JOR	
el-hassan-open-2026	Senior Women -73kg	HOMAIMAT Reema	JOR	3
el-hassan-open-2026	Senior Women -73kg	TAIFOUR Sahar	JOR	
el-hassan-open-2026	Senior Women -73kg	WERS Dania	JOR	
el-hassan-open-2026	Senior Women -73kg	ABO-ALRUB Rama	JOR	1
el-hassan-open-2026	Senior Women -73kg	ALSHAMMARI Mays Matar Abdulhadi	KSA	3
el-hassan-open-2026	Senior Women -73kg	AL ASSAF Duha	JOR	
el-hassan-open-2026	Senior Women -73kg	MUSTAFA Hanan	JOR	2
el-hassan-open-2026	Senior Women -73kg	ALASHQAR Malak	JOR	
el-hassan-open-2026	Senior Women +73kg	WERES Salma	JOR	2
el-hassan-open-2026	Senior Women +73kg	SWAIS Donya	JOR	3
el-hassan-open-2026	Senior Women +73kg	ALADWAN Raha	JOR	1
el-hassan-open-2026	Senior Women +73kg	ALSHARFA Salam	JOR	3
