EventID	Division	Round	Match No	Winner	Winner NOC	Loser	Loser NOC	Method	Score
presidents-cup-america-2026	Senior Men -87kg	R32	1201	CHUA James	USA	NWOGBAGA Ifunanya	USA	PTF	2:0
presidents-cup-america-2026	Senior Men -87kg	R32	1202	ROMERO Bruno	MEX	RAMOS Juan Luis	CHI	RSC	1:1
presidents-cup-america-2026	Senior Men -87kg	R32	1203	SOUZA Allif	BRA	MUTZ Gerald	USA	PTF	2:0
presidents-cup-america-2026	Senior Men -87kg	R16	1209	MEIRELLES Arthur	BRA	CHUA James	USA	PTF	2:0
presidents-cup-america-2026	Senior Men -87kg	R16	1210	CASTRO Sebastian	PER	DASENT-THOMSON Dan	TTO	PTF	2:0
presidents-cup-america-2026	Senior Men -87kg	R16	1211	ROMERO Bruno	MEX	BERNARDEZ Wilmer	HON	WDR	
presidents-cup-america-2026	Senior Men -87kg	R16	1212	SOUZA Allif	BRA	DI Mateo	ARG	PTF	2:1
presidents-cup-america-2026	Senior Men -87kg	QF	1225	MEIRELLES Arthur	BRA	CASTRO Sebastian	PER	PTF	2:0
presidents-cup-america-2026	Senior Men -87kg	QF	1226	ROMERO Bruno	MEX	SOUZA Allif	BRA	PTF	2:1
presidents-cup-america-2026	Senior Men -87kg	SF	1233	MEIRELLES Arthur	BRA	ROMERO Bruno	MEX	PTF	2:0
presidents-cup-america-2026	Senior Men -87kg	R32	1204	GONCALVES Luiz Edu	BRA	OSORIO Yesid F.	PUR	PTF	2:0
presidents-cup-america-2026	Senior Men -87kg	R32	1205	SOLO Maicol Stiwar	COL	SOW Abou	USA	PTF	2:0
presidents-cup-america-2026	Senior Men -87kg	R32	1206	CECIL Chaney	USA	HUYNH Kevin	USA	PTF	2:0
presidents-cup-america-2026	Senior Men -87kg	R32	1207	CORRO Thiago Joaqu	ARG	ANDRADE Hassani	PER	PTF	2:1
presidents-cup-america-2026	Senior Men -87kg	R16	1213	GONCALVES Luiz Edu	BRA	ALVAREZ Luis	VEN	PTF	2:0
presidents-cup-america-2026	Senior Men -87kg	R16	1214	SOLO Maicol Stiwar	COL	CASTILLO Sergio	USA	PTF	2:0
presidents-cup-america-2026	Senior Men -87kg	R16	1215	GONZÁLEZ Gabriel	WT	CECIL Chaney	USA	RSC	2:0
presidents-cup-america-2026	Senior Men -87kg	R16	1216	RODRIGUEZ Michael	USA	CORRO Thiago Joaqu	ARG	PTF	2:0
presidents-cup-america-2026	Senior Men -87kg	QF	1227	GONCALVES Luiz Edu	BRA	SOLO Maicol Stiwar	COL	PTF	2:0
presidents-cup-america-2026	Senior Men -87kg	QF	1228	RODRIGUEZ Michael	USA	GONZÁLEZ Gabriel	WT	PTF	2:0
presidents-cup-america-2026	Senior Men -87kg	SF	1234	RODRIGUEZ Michael	USA	GONCALVES Luiz Edu	BRA	PTF	2:1
presidents-cup-america-2026	Senior Men -87kg	F	1237	RODRIGUEZ Michael	USA	MEIRELLES Arthur	BRA	PTF	2:0
presidents-cup-america-2026	Senior Men -80kg	R32	1101	GOMEZTAGLE Uriel	MEX	MERCIER Charlélie	CAN	PTF	2:0
presidents-cup-america-2026	Senior Men -80kg	R32	1102	ORTOGALLI Kaua	BRA	VILLA Jose Anderso	ECU	PTF	2:0
presidents-cup-america-2026	Senior Men -80kg	R32	1103	ASSIS Vinicius	BRA	SOTO Luis German	COL	PTF	2:1
presidents-cup-america-2026	Senior Men -80kg	R16	1113	CHURCHILL Joaquin	CHI	GOMEZTAGLE Uriel	MEX	PTF	2:0
presidents-cup-america-2026	Senior Men -80kg	R16	1114	POLICELI Santino	ARG	GONZALEZ Federico	URU	PTF	2:1
presidents-cup-america-2026	Senior Men -80kg	R16	1115	BOURIEL Ayoub	CAN	ORTOGALLI Kaua	BRA	PTF	2:0
presidents-cup-america-2026	Senior Men -80kg	R16	1116	YOUNG Isaiah	USA	ASSIS Vinicius	BRA	PTF	2:0
presidents-cup-america-2026	Senior Men -80kg	QF	1129	CHURCHILL Joaquin	CHI	POLICELI Santino	ARG	PTF	2:0
presidents-cup-america-2026	Senior Men -80kg	QF	1130	YOUNG Isaiah	USA	BOURIEL Ayoub	CAN	PTF	2:1
presidents-cup-america-2026	Senior Men -80kg	SF	1137	CHURCHILL Joaquin	CHI	YOUNG Isaiah	USA	PTF	2:1
presidents-cup-america-2026	Senior Men -80kg	R32	1104	HURTADO Jose Migue	MEX	TEIXEIRA Ryan Henr	BRA	PTF	2:0
presidents-cup-america-2026	Senior Men -80kg	R32	1105	NAVA Ruben	MEX	RODRIGUES Andreyck	BRA	PTF	2:0
presidents-cup-america-2026	Senior Men -80kg	R16	1117	RODRIGUES Henrique	BRA	HURTADO Jose Migue	MEX	PTF	2:0
presidents-cup-america-2026	Senior Men -80kg	R16	1118	TREJOS Miguel	COL	SOTO Amaury	PUR	PTF	2:0
presidents-cup-america-2026	Senior Men -80kg	R16	1119	ROBLETO David	NCA	FLORES Alejandro	WT	PTF	2:0
presidents-cup-america-2026	Senior Men -80kg	R16	1120	NICKOLAS Cj	USA	NAVA Ruben	MEX	PTF	2:0
presidents-cup-america-2026	Senior Men -80kg	QF	1131	RODRIGUES Henrique	BRA	TREJOS Miguel	COL	PTF	2:0
presidents-cup-america-2026	Senior Men -80kg	QF	1132	NICKOLAS Cj	USA	ROBLETO David	NCA	PTF	2:0
presidents-cup-america-2026	Senior Men -80kg	SF	1138	NICKOLAS Cj	USA	RODRIGUES Henrique	BRA	PTF	2:0
presidents-cup-america-2026	Senior Men -80kg	F	1141	NICKOLAS Cj	USA	CHURCHILL Joaquin	CHI	PTF	2:0
presidents-cup-america-2026	Senior Men -74kg	R64	901	LAM Ka Hei Tank	HKG	DIAZ Luis Miguel	DOM	PTF	2:1
presidents-cup-america-2026	Senior Men -74kg	R32	903	RODRIGUES Victor	USA	LAM Ka Hei Tank	HKG	PTF	2:0
presidents-cup-america-2026	Senior Men -74kg	R32	904	AMARAL Matheus Leo	BRA	QUINTEROS Damian M	ARG	PTF	2:0
presidents-cup-america-2026	Senior Men -74kg	R32	905	SHANAFELT Noah	USA	ALVES Joao Paulo	BRA	PTF	2:1
presidents-cup-america-2026	Senior Men -74kg	R32	906	MOSTELLER Barron	USA	FABI Enzo	CAN	PTF	2:0
presidents-cup-america-2026	Senior Men -74kg	R32	907	DOS Daniel Rogerio	BRA	PAZ David Felipe	COL	PTF	2:0
presidents-cup-america-2026	Senior Men -74kg	R32	908	ROMMEL Luis Ricard	PER	FRUTUOSO Joao Vito	BRA	PTF	2:0
presidents-cup-america-2026	Senior Men -74kg	R32	909	PONTES Edival	BRA	MAZZANTI Santino	ARG	PTF	2:0
presidents-cup-america-2026	Senior Men -74kg	R32	910	ALEXANDER Daniel	USA	PELLERIN Vincent	CAN	PTF	2:0
presidents-cup-america-2026	Senior Men -74kg	R16	919	RODRIGUES Victor	USA	AMARAL Matheus Leo	BRA	PTF	2:0
presidents-cup-america-2026	Senior Men -74kg	R16	920	SHANAFELT Noah	USA	MOSTELLER Barron	USA	PTF	2:0
presidents-cup-america-2026	Senior Men -74kg	R16	921	DOS Daniel Rogerio	BRA	ROMMEL Luis Ricard	PER	PTF	2:0
presidents-cup-america-2026	Senior Men -74kg	R16	922	PONTES Edival	BRA	ALEXANDER Daniel	USA	PTF	2:0
presidents-cup-america-2026	Senior Men -74kg	QF	927	RODRIGUES Victor	USA	SHANAFELT Noah	USA	PTF	2:0
presidents-cup-america-2026	Senior Men -74kg	QF	928	PONTES Edival	BRA	DOS Daniel Rogerio	BRA	PTF	2:0
presidents-cup-america-2026	Senior Men -74kg	SF	931	RODRIGUES Victor	USA	PONTES Edival	BRA	PTF	2:0
presidents-cup-america-2026	Senior Men -74kg	R64	902	RIBEIRO Nickollas	BRA	CERDA Natan	ARG	PTF	2:0
presidents-cup-america-2026	Senior Men -74kg	R32	911	CASAS Iker	MEX	BENITEZ Adrian	PUR	PTF	2:0
presidents-cup-america-2026	Senior Men -74kg	R32	912	TAYLOR Finn	CAN	AURORA Franco	PER	PTF	2:0
presidents-cup-america-2026	Senior Men -74kg	R32	913	MCCRAY Josiah	ISV	LOPEZ-ZACAPALA Fer	USA	PTF	2:1
presidents-cup-america-2026	Senior Men -74kg	R32	914	LALOAN Sean Jaylen	HAI	GIRAO Gabriel	USA	PTF	2:0
presidents-cup-america-2026	Senior Men -74kg	R32	915	RUIZ Angel Cristob	MEX	PONCE Gabriel	CHI	PTF	2:1
presidents-cup-america-2026	Senior Men -74kg	R32	916	RODRIGUES Diego	BRA	GARCIA Juan Andres	COL	PTF	2:0
presidents-cup-america-2026	Senior Men -74kg	R32	917	MORALES Ignacio	CHI	PEREIRA Gabriel	BRA	PTF	2:0
presidents-cup-america-2026	Senior Men -74kg	R32	918	RIBEIRO Nickollas	BRA	TAM Ching Nam	HKG	PTF	2:0
presidents-cup-america-2026	Senior Men -74kg	R16	923	CASAS Iker	MEX	TAYLOR Finn	CAN	PTF	2:1
presidents-cup-america-2026	Senior Men -74kg	R16	924	LALOAN Sean Jaylen	HAI	MCCRAY Josiah	ISV	PTF	2:0
presidents-cup-america-2026	Senior Men -74kg	R16	925	RODRIGUES Diego	BRA	RUIZ Angel Cristob	MEX	PTF	2:0
presidents-cup-america-2026	Senior Men -74kg	R16	926	MORALES Ignacio	CHI	RIBEIRO Nickollas	BRA	RSC	1:0
presidents-cup-america-2026	Senior Men -74kg	QF	929	CASAS Iker	MEX	LALOAN Sean Jaylen	HAI	PTF	2:0
presidents-cup-america-2026	Senior Men -74kg	QF	930	MORALES Ignacio	CHI	RODRIGUES Diego	BRA	PTF	2:1
presidents-cup-america-2026	Senior Men -74kg	SF	932	CASAS Iker	MEX	MORALES Ignacio	CHI	PTF	2:1
presidents-cup-america-2026	Senior Men -74kg	F	933	RODRIGUES Victor	USA	CASAS Iker	MEX	PTF	2:1
presidents-cup-america-2026	Senior Men -68kg	R64	801	FERREIRA João Vito	BRA	WILCOX Sheldon	USA	PTF	2:1
presidents-cup-america-2026	Senior Men -68kg	R32	803	RODRIGUEZ Maikol	USA	FERREIRA João Vito	BRA	PTF	2:0
presidents-cup-america-2026	Senior Men -68kg	R32	804	FREDRICKS Justin	USA	GONZALES Julio Jos	PER	PTF	2:0
presidents-cup-america-2026	Senior Men -68kg	R32	805	PARK Braven	CAN	SANDOVAL Renato Jo	PER	PTF	2:0
presidents-cup-america-2026	Senior Men -68kg	R32	806	PERRON Olivier	CAN	LOPEZ Matias	URU	DSQ	
presidents-cup-america-2026	Senior Men -68kg	R32	807	ROMERO Ian	PAN	SARDINHA Mateus	BRA	PTF	2:0
presidents-cup-america-2026	Senior Men -68kg	R32	808	GOMEZ Leonardo	MEX	TAPIA Vicente	CHI	PTF	2:0
presidents-cup-america-2026	Senior Men -68kg	R32	809	STANG Thiago Valen	ARG	HUAMANI Leandro	PER	PTF	2:1
presidents-cup-america-2026	Senior Men -68kg	R32	810	ALMEIDA Fillipe	BRA	HILAL Ali	CAN	PTF	2:0
presidents-cup-america-2026	Senior Men -68kg	R16	819	RODRIGUEZ Maikol	USA	FREDRICKS Justin	USA	PTF	2:0
presidents-cup-america-2026	Senior Men -68kg	R16	820	PARK Braven	CAN	PERRON Olivier	CAN	PTF	2:0
presidents-cup-america-2026	Senior Men -68kg	R16	821	GOMEZ Leonardo	MEX	ROMERO Ian	PAN	PTF	2:0
presidents-cup-america-2026	Senior Men -68kg	R16	822	ALMEIDA Fillipe	BRA	STANG Thiago Valen	ARG	PTF	2:0
presidents-cup-america-2026	Senior Men -68kg	QF	827	RODRIGUEZ Maikol	USA	PARK Braven	CAN	RSC	2:0
presidents-cup-america-2026	Senior Men -68kg	QF	828	ALMEIDA Fillipe	BRA	GOMEZ Leonardo	MEX	PTF	2:0
presidents-cup-america-2026	Senior Men -68kg	SF	831	RODRIGUEZ Maikol	USA	ALMEIDA Fillipe	BRA	PTF	2:0
presidents-cup-america-2026	Senior Men -68kg	R64	802	HARRIS Khalfani	USA	JUMANAN Marc-danie	USA	PTF	2:0
presidents-cup-america-2026	Senior Men -68kg	R32	811	SOUZA João Victor	BRA	FORTIN Jacob	CAN	PTF	2:0
presidents-cup-america-2026	Senior Men -68kg	R32	812	PANOTES Jordan	USA	CHAVEZ Matias	MEX	PTF	2:0
presidents-cup-america-2026	Senior Men -68kg	R32	813	FLORES Diego	CHI	SUAREZ Aaron Aleja	BRA	PTF	2:0
presidents-cup-america-2026	Senior Men -68kg	R32	814	GARRIDO Jhon Deivi	COL	DE Luis	PUR	PTF	2:0
presidents-cup-america-2026	Senior Men -68kg	R32	815	ACUÑA Jose Luis	ARG	CARRASQUILLO Gael	PUR	PTF	2:0
presidents-cup-america-2026	Senior Men -68kg	R32	816	VALDES David	MEX	GOMEZ Daniel Felip	COL	PTF	2:0
presidents-cup-america-2026	Senior Men -68kg	R32	817	GOMES João Vitor	BRA	DE Nicolas Emmanue	DOM	PTF	2:1
presidents-cup-america-2026	Senior Men -68kg	R32	818	HARRIS Khalfani	USA	PEDRAZA Jeshuath	VEN	PTF	2:1
presidents-cup-america-2026	Senior Men -68kg	R16	823	SOUZA João Victor	BRA	PANOTES Jordan	USA	PTF	2:0
presidents-cup-america-2026	Senior Men -68kg	R16	824	GARRIDO Jhon Deivi	COL	FLORES Diego	CHI	PTF	2:0
presidents-cup-america-2026	Senior Men -68kg	R16	825	ACUÑA Jose Luis	ARG	VALDES David	MEX	PTF	2:1
presidents-cup-america-2026	Senior Men -68kg	R16	826	GOMES João Vitor	BRA	HARRIS Khalfani	USA	PTF	2:0
presidents-cup-america-2026	Senior Men -68kg	QF	829	SOUZA João Victor	BRA	GARRIDO Jhon Deivi	COL	PTF	2:0
presidents-cup-america-2026	Senior Men -68kg	QF	830	ACUÑA Jose Luis	ARG	GOMES João Vitor	BRA	PTF	2:0
presidents-cup-america-2026	Senior Men -68kg	SF	832	ACUÑA Jose Luis	ARG	SOUZA João Victor	BRA	PTF	2:0
presidents-cup-america-2026	Senior Men -68kg	F	833	RODRIGUEZ Maikol	USA	ACUÑA Jose Luis	ARG	PTF	2:0
presidents-cup-america-2026	Senior Men -63kg	R64	601	MATTHAUS Carlos	BRA	ANDY Ming Pong	HKG	PTF	2:0
presidents-cup-america-2026	Senior Men -63kg	R64	602	SILVA Luis Paulo	BRA	FLORES Arian	PER	PTF	2:1
presidents-cup-america-2026	Senior Men -63kg	R64	603	PEREZ Erik	USA	ALVES Gabriel Bera	BRA	PTF	2:0
presidents-cup-america-2026	Senior Men -63kg	R64	604	HERNANDEZ Bastian	CHI	QUIÑÓNEZ Noah	DOM	PTF	2:1
presidents-cup-america-2026	Senior Men -63kg	R64	605	PEREIRA Gleidson G	BRA	CAMPBELL Israel	PAN	PTF	2:1
presidents-cup-america-2026	Senior Men -63kg	R64	606	CORTES Carlos	MEX	YEREMYAN Styopa	ARM	PTF	2:0
presidents-cup-america-2026	Senior Men -63kg	R64	607	MINER Nathen	USA	FERREIRA Kauan	BRA	PTF	2:0
presidents-cup-america-2026	Senior Men -63kg	R64	608	MAICA Carlos	CHI	CORONADO James	PAN	PTF	2:0
presidents-cup-america-2026	Senior Men -63kg	R64	609	KIM Seung Ju	CAN	RODRIGUEZ Joaquin	PER	PTF	2:1
presidents-cup-america-2026	Senior Men -63kg	R64	610	PUMA Jose	PER	YUPANQUI Fabian	PER	PTF	2:1
presidents-cup-america-2026	Senior Men -63kg	R64	611	RASHWAN Dawood	CAN	HEFFELFINGER-GARCI	PUR	PTF	2:0
presidents-cup-america-2026	Senior Men -63kg	R32	623	MATTHAUS Carlos	BRA	LIRA Victor August	BRA	PTF	2:1
presidents-cup-america-2026	Senior Men -63kg	R32	624	PEREZ Erik	USA	SILVA Luis Paulo	BRA	PTF	2:0
presidents-cup-america-2026	Senior Men -63kg	R32	625	HERNANDEZ Bastian	CHI	SILVA Alisson Cauã	BRA	PTF	2:1
presidents-cup-america-2026	Senior Men -63kg	R32	626	PEREIRA Gleidson G	BRA	NAZARIO Edgardo	PUR	PTF	2:1
presidents-cup-america-2026	Senior Men -63kg	R32	627	GRANT Gavin	USA	CORTES Carlos	MEX	PTF	2:0
presidents-cup-america-2026	Senior Men -63kg	R32	628	MINER Nathen	USA	MAICA Carlos	CHI	PTF	2:1
presidents-cup-america-2026	Senior Men -63kg	R32	629	PUMA Jose	PER	KIM Seung Ju	CAN	PTF	2:1
presidents-cup-america-2026	Senior Men -63kg	R32	630	GRANADO Yohandri	VEN	RASHWAN Dawood	CAN	PTF	2:0
presidents-cup-america-2026	Senior Men -63kg	R16	639	PEREZ Erik	USA	MATTHAUS Carlos	BRA	PTF	2:0
presidents-cup-america-2026	Senior Men -63kg	R16	640	PEREIRA Gleidson G	BRA	HERNANDEZ Bastian	CHI	PTF	2:0
presidents-cup-america-2026	Senior Men -63kg	R16	641	GRANT Gavin	USA	MINER Nathen	USA	PTF	2:0
presidents-cup-america-2026	Senior Men -63kg	R16	642	GRANADO Yohandri	VEN	PUMA Jose	PER	PTF	2:0
presidents-cup-america-2026	Senior Men -63kg	QF	647	PEREZ Erik	USA	PEREIRA Gleidson G	BRA	PTF	2:0
presidents-cup-america-2026	Senior Men -63kg	QF	648	GRANADO Yohandri	VEN	GRANT Gavin	USA	PTF	2:1
presidents-cup-america-2026	Senior Men -63kg	SF	651	GRANADO Yohandri	VEN	PEREZ Erik	USA	PTF	2:0
presidents-cup-america-2026	Senior Men -63kg	R64	612	CHEBLI Zineddine	CAN	CASTILLO Alejandro	PER	PTF	2:1
presidents-cup-america-2026	Senior Men -63kg	R64	613	CHAMORRO Isaac Ben	ARG	CHUMBIRAY Jose Mig	PER	PTF	2:0
presidents-cup-america-2026	Senior Men -63kg	R64	614	FUENZALIDA Pedro	CHI	RODRIGUEZ Alejandr	PER	PTF	2:0
presidents-cup-america-2026	Senior Men -63kg	R64	615	ROJAS Iker Josue	ECU	FERREIRA Vitor	BRA	RSC	2:0
presidents-cup-america-2026	Senior Men -63kg	R64	616	CORTES Guillermo M	MEX	TOLEDO Bruno Yuji	BRA	PTF	2:0
presidents-cup-america-2026	Senior Men -63kg	R64	617	MOJICA Nathan Joab	WT	BOLAÑOS Benjamin	PER	PTF	2:0
presidents-cup-america-2026	Senior Men -63kg	R64	618	PEÑALBA Adrian	PAN	SEIKE Matheus Ryui	BRA	PTF	2:0
presidents-cup-america-2026	Senior Men -63kg	R64	619	ROSARIO Alejandro	DOM	RODRÍGUEZ Erick Ed	MEX	PTF	2:0
presidents-cup-america-2026	Senior Men -63kg	R64	620	RAMOS Gabriel	BRA	BARRETO Raymiguel	PER	PTF	2:0
presidents-cup-america-2026	Senior Men -63kg	R64	621	FRENKEL Eric	USA	TORREJON Daniel	PER	PTF	2:1
presidents-cup-america-2026	Senior Men -63kg	R64	622	SILVA Pedro	BRA	DOS Guilherme	BRA	PTF	2:1
presidents-cup-america-2026	Senior Men -63kg	R32	631	BARETTA Eduardo	BRA	CHEBLI Zineddine	CAN	PTF	2:0
presidents-cup-america-2026	Senior Men -63kg	R32	632	FUENZALIDA Pedro	CHI	CHAMORRO Isaac Ben	ARG	PTF	2:0
presidents-cup-america-2026	Senior Men -63kg	R32	633	CORTES Guillermo M	MEX	ROJAS Iker Josue	ECU	PTF	2:0
presidents-cup-america-2026	Senior Men -63kg	R32	634	ALLEN Chris	USA	MOJICA Nathan Joab	WT	PTF	2:0
presidents-cup-america-2026	Senior Men -63kg	R32	635	MILLAN David	MEX	PEÑALBA Adrian	PAN	PTF	2:0
presidents-cup-america-2026	Senior Men -63kg	R32	636	ROSS Julius Thomas	USA	ROSARIO Alejandro	DOM	PTF	2:0
presidents-cup-america-2026	Senior Men -63kg	R32	637	RAMOS Gabriel	BRA	FRENKEL Eric	USA	PTF	2:0
presidents-cup-america-2026	Senior Men -63kg	R32	638	SILVA Pedro	BRA	CHAN Kin Fung	HKG	PTF	2:0
presidents-cup-america-2026	Senior Men -63kg	R16	643	BARETTA Eduardo	BRA	FUENZALIDA Pedro	CHI	PTF	2:1
presidents-cup-america-2026	Senior Men -63kg	R16	644	CORTES Guillermo M	MEX	ALLEN Chris	USA	PTF	2:0
presidents-cup-america-2026	Senior Men -63kg	R16	645	MILLAN David	MEX	ROSS Julius Thomas	USA	PTF	2:0
presidents-cup-america-2026	Senior Men -63kg	R16	646	RAMOS Gabriel	BRA	SILVA Pedro	BRA	PTF	2:1
presidents-cup-america-2026	Senior Men -63kg	QF	649	CORTES Guillermo M	MEX	BARETTA Eduardo	BRA	PTF	2:1
presidents-cup-america-2026	Senior Men -63kg	QF	650	MILLAN David	MEX	RAMOS Gabriel	BRA	PTF	2:0
presidents-cup-america-2026	Senior Men -63kg	SF	652	MILLAN David	MEX	CORTES Guillermo M	MEX	PTF	2:1
presidents-cup-america-2026	Senior Men -63kg	F	653	MILLAN David	MEX	GRANADO Yohandri	VEN	PTF	2:0
presidents-cup-america-2026	Senior Men -58kg	R64	301	VASCONCELOS Yago	BRA	RODRIGUES Marcio M	BRA	PTF	2:0
presidents-cup-america-2026	Senior Men -58kg	R64	302	RODRIGUEZ Ilay	PUR	BANKS Robert	USA	PTF	2:0
presidents-cup-america-2026	Senior Men -58kg	R64	303	QUINTAL Pedro	MEX	NORETTO Cole	USA	PTF	2:0
presidents-cup-america-2026	Senior Men -58kg	R64	304	JEAN-BAPTISTE Greg	HAI	MOREJON Julian Dav	ECU	PTF	2:0
presidents-cup-america-2026	Senior Men -58kg	R64	305	RODRIGUEZ Cesar	MEX	PASHNIN Mark	CAN	PTF	2:1
presidents-cup-america-2026	Senior Men -58kg	R64	306	ROJAS Damian	CHI	CABRERA Javier	PER	PTF	2:0
presidents-cup-america-2026	Senior Men -58kg	R64	307	MAGAÑA Guillermo J	MEX	MAZZANTI Adriano	ARG	PTF	2:0
presidents-cup-america-2026	Senior Men -58kg	R32	316	TORRES Daniel Esti	COL	VASCONCELOS Yago	BRA	PTF	2:0
presidents-cup-america-2026	Senior Men -58kg	R32	317	NUÑEZ Lautaro	ARG	LANCHEROS Herlhy	COL	PTF	2:0
presidents-cup-america-2026	Senior Men -58kg	R32	318	RODRIGUEZ Ilay	PUR	CHAN Hin Hang	HKG	PTF	2:0
presidents-cup-america-2026	Senior Men -58kg	R32	319	LEE Colin	USA	QUINTAL Pedro	MEX	PTF	2:1
presidents-cup-america-2026	Senior Men -58kg	R32	320	CHIOK Chun Yin	HKG	JEAN-BAPTISTE Greg	HAI	PTF	2:0
presidents-cup-america-2026	Senior Men -58kg	R32	321	RODRIGUEZ Cesar	MEX	SARDINHA Pedro	BRA	PTF	2:0
presidents-cup-america-2026	Senior Men -58kg	R32	322	ROJAS Damian	CHI	LOAYZA Hary Sebast	PER	PTF	2:0
presidents-cup-america-2026	Senior Men -58kg	R32	323	MAGAÑA Guillermo J	MEX	BRINDAMOHAN Nithan	CAN	PTF	2:0
presidents-cup-america-2026	Senior Men -58kg	R16	332	TORRES Daniel Esti	COL	NUÑEZ Lautaro	ARG	PTF	2:1
presidents-cup-america-2026	Senior Men -58kg	R16	333	RODRIGUEZ Ilay	PUR	LEE Colin	USA	PTF	2:0
presidents-cup-america-2026	Senior Men -58kg	R16	334	CHIOK Chun Yin	HKG	RODRIGUEZ Cesar	MEX	PTF	2:1
presidents-cup-america-2026	Senior Men -58kg	R16	335	MAGAÑA Guillermo J	MEX	ROJAS Damian	CHI	PTF	2:1
presidents-cup-america-2026	Senior Men -58kg	QF	340	RODRIGUEZ Ilay	PUR	TORRES Daniel Esti	COL	PTF	2:0
presidents-cup-america-2026	Senior Men -58kg	QF	341	CHIOK Chun Yin	HKG	MAGAÑA Guillermo J	MEX	PTF	2:1
presidents-cup-america-2026	Senior Men -58kg	SF	344	RODRIGUEZ Ilay	PUR	CHIOK Chun Yin	HKG	PTF	2:0
presidents-cup-america-2026	Senior Men -58kg	R64	308	ESPINOLA Ignacio	ARG	FONSECA Gabriel	BRA	PTF	2:0
presidents-cup-america-2026	Senior Men -58kg	R64	309	PEREIRA Daniel	BRA	ABARCA Gerardo Joe	PER	PTF	2:0
presidents-cup-america-2026	Senior Men -58kg	R64	310	WEEKES Jeremi	PUR	RIVERO Aharon Mart	URU	PTF	2:0
presidents-cup-america-2026	Senior Men -58kg	R64	311	HERNÁNDEZ Steven	MEX	VASCONCELOS Saulo	BRA	PTF	2:0
presidents-cup-america-2026	Senior Men -58kg	R64	312	RIOS Agustin	CHI	LASSO Sebastian	PAN	PTF	2:0
presidents-cup-america-2026	Senior Men -58kg	R64	313	CORREA Cristian Da	ARG	PORTILLO Alexander	CAN	PTF	2:0
presidents-cup-america-2026	Senior Men -58kg	R64	314	DA Gabriel	BRA	ARFA Mohamed	CAN	PTF	2:0
presidents-cup-america-2026	Senior Men -58kg	R64	315	GARRIDO Brayan	COL	SILVA Wallex Andes	BRA	PTF	2:0
presidents-cup-america-2026	Senior Men -58kg	R32	324	MELO Paulo	BRA	ESPINOLA Ignacio	ARG	PTF	2:0
presidents-cup-america-2026	Senior Men -58kg	R32	325	PEREIRA Daniel	BRA	GONZALEZ Joiner	VEN	PTF	2:0
presidents-cup-america-2026	Senior Men -58kg	R32	326	WEEKES Jeremi	PUR	DE Moises Eduardo	DOM	PTF	2:0
presidents-cup-america-2026	Senior Men -58kg	R32	327	HOEFLING Nicholas	CAN	HERNÁNDEZ Steven	MEX	PTF	2:0
presidents-cup-america-2026	Senior Men -58kg	R32	328	RIOS Agustin	CHI	PEREZ Zaid Yael	MEX	PTF	2:0
presidents-cup-america-2026	Senior Men -58kg	R32	329	SAABEDRA Trinidad	USA	CORREA Cristian Da	ARG	PTF	2:0
presidents-cup-america-2026	Senior Men -58kg	R32	330	DA Gabriel	BRA	MC Dominique	WT	PTF	2:1
presidents-cup-america-2026	Senior Men -58kg	R32	331	GARRIDO Brayan	COL	SALIM Sharif Gerge	HUN	PTF	2:0
presidents-cup-america-2026	Senior Men -58kg	R16	336	MELO Paulo	BRA	PEREIRA Daniel	BRA	PTF	2:1
presidents-cup-america-2026	Senior Men -58kg	R16	337	HOEFLING Nicholas	CAN	WEEKES Jeremi	PUR	PTF	2:1
presidents-cup-america-2026	Senior Men -58kg	R16	338	RIOS Agustin	CHI	SAABEDRA Trinidad	USA	PTF	2:1
presidents-cup-america-2026	Senior Men -58kg	R16	339	GARRIDO Brayan	COL	DA Gabriel	BRA	PTF	2:0
presidents-cup-america-2026	Senior Men -58kg	QF	342	HOEFLING Nicholas	CAN	MELO Paulo	BRA	PTF	2:0
presidents-cup-america-2026	Senior Men -58kg	QF	343	RIOS Agustin	CHI	GARRIDO Brayan	COL	PTF	2:0
presidents-cup-america-2026	Senior Men -58kg	SF	345	HOEFLING Nicholas	CAN	RIOS Agustin	CHI	PTF	2:0
presidents-cup-america-2026	Senior Men -58kg	F	346	HOEFLING Nicholas	CAN	RODRIGUEZ Ilay	PUR	PTF	2:0
presidents-cup-america-2026	Senior Men -54kg	R64	201	BERUBE Zachary	CAN	PASTOR Edgardo	PAN	PTF	2:0
presidents-cup-america-2026	Senior Men -54kg	R64	202	CHAVEZ Zaid Gabrie	MEX	VASQUEZ Gaston	CHI	PTF	2:1
presidents-cup-america-2026	Senior Men -54kg	R64	203	MELO Saimon Jose	BRA	TANG Hin Lok	HKG	PTF	2:0
presidents-cup-america-2026	Senior Men -54kg	R32	206	DE Giovanni Aubin	BRA	BERUBE Zachary	CAN	PTF	2:0
presidents-cup-america-2026	Senior Men -54kg	R32	207	MARQUES Pablo Yuri	BRA	NATIVIDADE Cesar A	BRA	PTF	2:0
presidents-cup-america-2026	Senior Men -54kg	R32	208	GONZALEZ-CAMPOS Lu	PUR	MEDINA Alejandro	USA	PTF	2:0
presidents-cup-america-2026	Senior Men -54kg	R32	209	MORENO Franco Javi	PER	CAEZ José G	PUR	PTF	2:0
presidents-cup-america-2026	Senior Men -54kg	R32	210	CHAVEZ Zaid Gabrie	MEX	MIDENCE Derek Davi	HON	DSQ	
presidents-cup-america-2026	Senior Men -54kg	R32	211	IMBODEN Leonel	ARG	MONARDEZ Benjamin	CHI	PTF	2:0
presidents-cup-america-2026	Senior Men -54kg	R32	212	ZECUA Carlos Mauri	MEX	GORY Ryan	USA	PTF	2:0
presidents-cup-america-2026	Senior Men -54kg	R32	213	CANETE Arian Natha	USA	MELO Saimon Jose	BRA	PTF	2:0
presidents-cup-america-2026	Senior Men -54kg	R16	222	DE Giovanni Aubin	BRA	MARQUES Pablo Yuri	BRA	PTF	2:0
presidents-cup-america-2026	Senior Men -54kg	R16	223	MORENO Franco Javi	PER	GONZALEZ-CAMPOS Lu	PUR	PTF	2:1
presidents-cup-america-2026	Senior Men -54kg	R16	224	CHAVEZ Zaid Gabrie	MEX	IMBODEN Leonel	ARG	PTF	2:0
presidents-cup-america-2026	Senior Men -54kg	R16	225	CANETE Arian Natha	USA	ZECUA Carlos Mauri	MEX	PTF	2:0
presidents-cup-america-2026	Senior Men -54kg	QF	230	MORENO Franco Javi	PER	DE Giovanni Aubin	BRA	PTF	2:1
presidents-cup-america-2026	Senior Men -54kg	QF	231	CHAVEZ Zaid Gabrie	MEX	CANETE Arian Natha	USA	RSC	1:0
presidents-cup-america-2026	Senior Men -54kg	SF	234	MORENO Franco Javi	PER	CHAVEZ Zaid Gabrie	MEX	WDR	
presidents-cup-america-2026	Senior Men -54kg	R64	204	IGNACIO Michael	USA	COTA Roberto	MEX	PTF	2:0
presidents-cup-america-2026	Senior Men -54kg	R64	205	VAZQUEZ Axel Danie	MEX	BERUBE Maxime	CAN	PTF	2:0
presidents-cup-america-2026	Senior Men -54kg	R32	214	GUN Youngsuk Ethan	USA	IGNACIO Michael	USA	PTF	2:0
presidents-cup-america-2026	Senior Men -54kg	R32	215	BONET Sebastian	ARG	RAMOS Matias Benja	PER	PTF	2:1
presidents-cup-america-2026	Senior Men -54kg	R32	216	GILLIARD Matheus	BRA	JURI Jeremias Andr	CHI	PTF	2:0
presidents-cup-america-2026	Senior Men -54kg	R32	217	LUCIANO Joaquin Pa	USA	RODRIGUES Leandro	BRA	PTF	2:0
presidents-cup-america-2026	Senior Men -54kg	R32	218	MARQUES Flavio	BRA	AZEVEDO Klebenilso	BRA	PTF	2:0
presidents-cup-america-2026	Senior Men -54kg	R32	219	MENEZES André	BRA	RAMIREZ Daniel Jah	COL	RSC	2:0
presidents-cup-america-2026	Senior Men -54kg	R32	220	MARTINE Ryan	HAI	FIGUEROA Carlos	MEX	PTF	2:0
presidents-cup-america-2026	Senior Men -54kg	R32	221	CHAU Ngai Long	HKG	VAZQUEZ Axel Danie	MEX	PTF	2:1
presidents-cup-america-2026	Senior Men -54kg	R16	226	GUN Youngsuk Ethan	USA	BONET Sebastian	ARG	PTF	2:0
presidents-cup-america-2026	Senior Men -54kg	R16	227	GILLIARD Matheus	BRA	LUCIANO Joaquin Pa	USA	PTF	2:0
presidents-cup-america-2026	Senior Men -54kg	R16	228	MARQUES Flavio	BRA	MENEZES André	BRA	PTF	2:0
presidents-cup-america-2026	Senior Men -54kg	R16	229	CHAU Ngai Long	HKG	MARTINE Ryan	HAI	PTF	2:0
presidents-cup-america-2026	Senior Men -54kg	QF	232	GUN Youngsuk Ethan	USA	GILLIARD Matheus	BRA	RSC	2:0
presidents-cup-america-2026	Senior Men -54kg	QF	233	CHAU Ngai Long	HKG	MARQUES Flavio	BRA	PTF	2:1
presidents-cup-america-2026	Senior Men -54kg	SF	235	GUN Youngsuk Ethan	USA	CHAU Ngai Long	HKG	PTF	2:1
presidents-cup-america-2026	Senior Men -54kg	F	236	GUN Youngsuk Ethan	USA	MORENO Franco Javi	PER	PTF	2:0
presidents-cup-america-2026	Senior Men +87kg	R32	1106	HOLDER Chioke	BAR	OCHOA Diego Rodrig	MEX	PTF	2:1
presidents-cup-america-2026	Senior Men +87kg	R32	1107	SILVA Cesar Daniel	COL	NASCIMENTO João Vi	BRA	PTF	2:0
presidents-cup-america-2026	Senior Men +87kg	R32	1108	PEREIRA Patrik	BRA	RUALES Santiago	COL	PTF	2:0
presidents-cup-america-2026	Senior Men +87kg	R16	1121	SINCLAIR Ronan	CAN	HOLDER Chioke	BAR	PTF	2:0
presidents-cup-america-2026	Senior Men +87kg	R16	1122	ALVES Pedro Arthur	BRA	GOMEZ Lyan Gonzalo	ARG	PTF	2:0
presidents-cup-america-2026	Senior Men +87kg	R16	1123	MARTINS Icaro Migu	BRA	SILVA Cesar Daniel	COL	PTF	2:0
presidents-cup-america-2026	Senior Men +87kg	R16	1124	STEWART Jordan	CAN	PEREIRA Patrik	BRA	PTF	2:1
presidents-cup-america-2026	Senior Men +87kg	QF	1133	ALVES Pedro Arthur	BRA	SINCLAIR Ronan	CAN	PTF	2:0
presidents-cup-america-2026	Senior Men +87kg	QF	1134	MARTINS Icaro Migu	BRA	STEWART Jordan	CAN	PTF	2:0
presidents-cup-america-2026	Senior Men +87kg	SF	1139	ALVES Pedro Arthur	BRA	MARTINS Icaro Migu	BRA	PTF	2:0
presidents-cup-america-2026	Senior Men +87kg	R32	1109	NAZARENO Cesar	ECU	TANSINI Pedro Henr	BRA	PTF	2:0
presidents-cup-america-2026	Senior Men +87kg	R32	1110	CARLO Nicholas	USA	COLON Sebastian Ki	PER	PTF	2:0
presidents-cup-america-2026	Senior Men +87kg	R32	1111	NIEVES Victor Manu	PUR	SOTO Miguel Angel	MEX	PTF	2:1
presidents-cup-america-2026	Senior Men +87kg	R32	1112	MACAGNAN Luiz Feli	BRA	LARA Emmanuel	MEX	PTF	2:0
presidents-cup-america-2026	Senior Men +87kg	R16	1125	SANSORES Carlos	MEX	NAZARENO Cesar	ECU	PTF	2:0
presidents-cup-america-2026	Senior Men +87kg	R16	1126	LEBEL Aubert	CAN	CARLO Nicholas	USA	PTF	2:0
presidents-cup-america-2026	Senior Men +87kg	R16	1127	WEBB Julian	WT	NIEVES Victor Manu	PUR	PTF	2:0
presidents-cup-america-2026	Senior Men +87kg	R16	1128	HEALY Jonathan	USA	MACAGNAN Luiz Feli	BRA	PTF	2:0
presidents-cup-america-2026	Senior Men +87kg	QF	1135	SANSORES Carlos	MEX	LEBEL Aubert	CAN	PTF	2:1
presidents-cup-america-2026	Senior Men +87kg	QF	1136	HEALY Jonathan	USA	WEBB Julian	WT	PTF	2:0
presidents-cup-america-2026	Senior Men +87kg	SF	1140	SANSORES Carlos	MEX	HEALY Jonathan	USA	PTF	2:1
presidents-cup-america-2026	Senior Men +87kg	F	1142	ALVES Pedro Arthur	BRA	SANSORES Carlos	MEX	PTF	2:0
presidents-cup-america-2026	Senior Women -73kg	R16	420	CHAN Leanna	USA	PORTIGLIOTTI Livia	BRA	PTF	2:0
presidents-cup-america-2026	Senior Women -73kg	R16	421	PEZZO Giorgia	CAN	TOLEDO Ludymilla	BRA	PTF	2:0
presidents-cup-america-2026	Senior Women -73kg	R16	422	RIVAS Victoria	ARG	CARTAGENA Mayra Ma	HON	PTF	2:0
presidents-cup-america-2026	Senior Women -73kg	QF	429	OLIVEIRA Mikaela	BRA	CHAN Leanna	USA	PTF	2:0
presidents-cup-america-2026	Senior Women -73kg	QF	430	RIVAS Victoria	ARG	PEZZO Giorgia	CAN	PTF	2:0
presidents-cup-america-2026	Senior Women -73kg	SF	435	OLIVEIRA Mikaela	BRA	RIVAS Victoria	ARG	PTF	2:1
presidents-cup-america-2026	Senior Women -73kg	R16	423	AGUIRRE Fernanda	CHI	LEON Gabriela	MEX	PTF	2:0
presidents-cup-america-2026	Senior Women -73kg	R16	424	CHARRON Alexandra	CAN	LEWIS Kylie	USA	PTF	2:0
presidents-cup-america-2026	Senior Women -73kg	QF	431	LEE Ava Soon	HAI	AGUIRRE Fernanda	CHI	PTF	2:0
presidents-cup-america-2026	Senior Women -73kg	QF	432	PAZ Kiara Nikol	COL	CHARRON Alexandra	CAN	PTF	2:0
presidents-cup-america-2026	Senior Women -73kg	SF	436	LEE Ava Soon	HAI	PAZ Kiara Nikol	COL	PTF	2:1
presidents-cup-america-2026	Senior Women -73kg	F	438	LEE Ava Soon	HAI	OLIVEIRA Mikaela	BRA	PTF	2:0
presidents-cup-america-2026	Senior Women -67kg	R32	1208	SARMIENTO Natalia	MEX	MCGRADE Anna	USA	PTF	2:0
presidents-cup-america-2026	Senior Women -67kg	R16	1217	SARMIENTO Natalia	MEX	MACEDO Sandy	BRA	RSC	1:1
presidents-cup-america-2026	Senior Women -67kg	R16	1218	VASQUEZ Eliana	PER	RUIZ Brenda Anahi	ARG	PTF	2:0
presidents-cup-america-2026	Senior Women -67kg	R16	1219	SOLTERO Leslie	MEX	REILLY Megan	USA	PTF	2:0
presidents-cup-america-2026	Senior Women -67kg	R16	1220	CHUA Chloe	USA	SILVA Ivana Elen	BRA	PTF	2:1
presidents-cup-america-2026	Senior Women -67kg	QF	1229	SARMIENTO Natalia	MEX	VASQUEZ Eliana	PER	PTF	2:1
presidents-cup-america-2026	Senior Women -67kg	QF	1230	CHUA Chloe	USA	SOLTERO Leslie	MEX	PTF	2:1
presidents-cup-america-2026	Senior Women -67kg	SF	1235	CHUA Chloe	USA	SARMIENTO Natalia	MEX	PTF	2:0
presidents-cup-america-2026	Senior Women -67kg	R16	1221	ANDRIC Leonarda	CAN	GALLARDO Claudia	CHI	PTF	2:1
presidents-cup-america-2026	Senior Women -67kg	R16	1222	RAMIREZ Laura	COL	MARTINIC Priscila	ARG	PTF	2:0
presidents-cup-america-2026	Senior Women -67kg	R16	1223	BEAULIEU Gabrielle	CAN	GNIEDZIEJKO Jessic	USA	PTF	2:0
presidents-cup-america-2026	Senior Women -67kg	R16	1224	TITONELI Milena	BRA	ALVAREZ Milagros L	URU	PTF	2:0
presidents-cup-america-2026	Senior Women -67kg	QF	1231	ANDRIC Leonarda	CAN	RAMIREZ Laura	COL	PTF	2:0
presidents-cup-america-2026	Senior Women -67kg	QF	1232	BEAULIEU Gabrielle	CAN	TITONELI Milena	BRA	PTF	2:0
presidents-cup-america-2026	Senior Women -67kg	SF	1236	BEAULIEU Gabrielle	CAN	ANDRIC Leonarda	CAN	PTF	2:0
presidents-cup-america-2026	Senior Women -67kg	F	1238	CHUA Chloe	USA	BEAULIEU Gabrielle	CAN	PTF	2:1
presidents-cup-america-2026	Senior Women -62kg	R32	1001	MONJE Monserrat	CHI	RUIZ Arantxa	MEX	PTF	2:0
presidents-cup-america-2026	Senior Women -62kg	R32	1002	BREWSTER Ella	CAN	ZAPATERO Valeria A	MEX	PTF	2:0
presidents-cup-america-2026	Senior Women -62kg	R32	1003	MORALES Britney Li	CUB	MORONES Eloïse	CAN	PTF	2:0
presidents-cup-america-2026	Senior Women -62kg	R32	1004	MONTANO Alisson	ESA	STEIN Gabriele	BRA	PTF	2:0
presidents-cup-america-2026	Senior Women -62kg	R32	1005	DE Rafaella	BRA	DE Isadora	BRA	PTF	2:0
presidents-cup-america-2026	Senior Women -62kg	R16	1012	SANTOS Caroline	BRA	MONJE Monserrat	CHI	PTF	2:0
presidents-cup-america-2026	Senior Women -62kg	R16	1013	BREWSTER Ella	CAN	MORALES Britney Li	CUB	PTF	2:0
presidents-cup-america-2026	Senior Women -62kg	R16	1014	RODRIGUEZ Karla Le	MEX	MONTANO Alisson	ESA	PTF	2:1
presidents-cup-america-2026	Senior Women -62kg	R16	1015	LEE Jessica Lynn	HAI	DE Rafaella	BRA	PTF	2:0
presidents-cup-america-2026	Senior Women -62kg	QF	1022	SANTOS Caroline	BRA	BREWSTER Ella	CAN	PTF	2:1
presidents-cup-america-2026	Senior Women -62kg	QF	1023	LEE Jessica Lynn	HAI	RODRIGUEZ Karla Le	MEX	PTF	2:1
presidents-cup-america-2026	Senior Women -62kg	SF	1030	LEE Jessica Lynn	HAI	SANTOS Caroline	BRA	PTF	2:0
presidents-cup-america-2026	Senior Women -62kg	R32	1006	SCHARDOSIN Giovann	BRA	CARNEIRO Celydiene	BRA	PTF	2:0
presidents-cup-america-2026	Senior Women -62kg	R32	1007	LEITE Ana Carolina	BRA	POIRE Aurelie	CAN	PTF	2:0
presidents-cup-america-2026	Senior Women -62kg	R32	1008	MALAGON Laura Nata	COL	CHAVEZ Maria Ferna	MEX	PTF	2:0
presidents-cup-america-2026	Senior Women -62kg	R32	1009	SANTERRE Frederiqu	CAN	GREENWOOD Makayla	USA	PTF	2:1
presidents-cup-america-2026	Senior Women -62kg	R32	1010	ISAAC Liz Mariana	COL	MACEA Aleysha	ARU	PTF	2:0
presidents-cup-america-2026	Senior Women -62kg	R32	1011	FAZEKAS Isabella	USA	URBINA Camila	CHI	PTF	2:0
presidents-cup-america-2026	Senior Women -62kg	R16	1016	SCHARDOSIN Giovann	BRA	DEATON Danica	USA	DSQ	
presidents-cup-america-2026	Senior Women -62kg	R16	1017	MALAGON Laura Nata	COL	LEITE Ana Carolina	BRA	PTF	2:1
presidents-cup-america-2026	Senior Women -62kg	R16	1018	SANTERRE Frederiqu	CAN	ISAAC Liz Mariana	COL	PTF	2:1
presidents-cup-america-2026	Senior Women -62kg	R16	1019	MINA Mell	ECU	FAZEKAS Isabella	USA	PTF	2:0
presidents-cup-america-2026	Senior Women -62kg	QF	1024	SCHARDOSIN Giovann	BRA	MALAGON Laura Nata	COL	PTF	2:0
presidents-cup-america-2026	Senior Women -62kg	QF	1025	MINA Mell	ECU	SANTERRE Frederiqu	CAN	PTF	2:0
presidents-cup-america-2026	Senior Women -62kg	SF	1031	MINA Mell	ECU	SCHARDOSIN Giovann	BRA	PTF	2:0
presidents-cup-america-2026	Senior Women -62kg	F	1034	MINA Mell	ECU	LEE Jessica Lynn	HAI	PTF	2:0
presidents-cup-america-2026	Senior Women -57kg	R64	701	MILLER Montana	USA	PLAZAS Lyda	CHI	PTF	2:0
presidents-cup-america-2026	Senior Women -57kg	R64	702	CLEONARES Ana Paul	PER	MEDINA Juliana	PUR	PTF	2:0
presidents-cup-america-2026	Senior Women -57kg	R64	703	SOTO Isuangelis	PUR	AYALA Marely Loret	MEX	PTF	2:1
presidents-cup-america-2026	Senior Women -57kg	R32	707	PACHECO Maria Clar	BRA	MILLER Montana	USA	PTF	2:0
presidents-cup-america-2026	Senior Women -57kg	R32	708	PEREZ Andrea	PAN	DUARTE Chiara Agos	ARG	PTF	2:0
presidents-cup-america-2026	Senior Women -57kg	R32	709	RISSI Maria Eduard	BRA	GOMEZ Valentina	COL	PTF	2:0
presidents-cup-america-2026	Senior Women -57kg	R32	710	LOPES Giovanna Vit	BRA	CAPETILLO Carolina	MEX	PTF	2:0
presidents-cup-america-2026	Senior Women -57kg	R32	711	CLEONARES Ana Paul	PER	DELGADO Andrea	PUR	PTF	2:0
presidents-cup-america-2026	Senior Women -57kg	R32	712	BINIMELIS Dailyn P	CHI	DELGADO Valentina	MEX	PTF	2:0
presidents-cup-america-2026	Senior Women -57kg	R32	713	SALGADO Zaira Paul	MEX	REYNAUD Nicole	PER	PTF	2:0
presidents-cup-america-2026	Senior Women -57kg	R32	714	LINDO Neshi Lee	WT	SOTO Isuangelis	PUR	PTF	2:0
presidents-cup-america-2026	Senior Women -57kg	R16	723	PACHECO Maria Clar	BRA	PEREZ Andrea	PAN	PTF	2:0
presidents-cup-america-2026	Senior Women -57kg	R16	724	RISSI Maria Eduard	BRA	LOPES Giovanna Vit	BRA	PTF	2:0
presidents-cup-america-2026	Senior Women -57kg	R16	725	BINIMELIS Dailyn P	CHI	CLEONARES Ana Paul	PER	PTF	2:0
presidents-cup-america-2026	Senior Women -57kg	R16	726	LINDO Neshi Lee	WT	SALGADO Zaira Paul	MEX	PTF	2:0
presidents-cup-america-2026	Senior Women -57kg	QF	731	PACHECO Maria Clar	BRA	RISSI Maria Eduard	BRA	PTF	2:0
presidents-cup-america-2026	Senior Women -57kg	QF	732	BINIMELIS Dailyn P	CHI	LINDO Neshi Lee	WT	PTF	2:1
presidents-cup-america-2026	Senior Women -57kg	SF	735	PACHECO Maria Clar	BRA	BINIMELIS Dailyn P	CHI	PTF	2:0
presidents-cup-america-2026	Senior Women -57kg	R64	704	URETA Rocio	CHI	LORENZANA Larisa	ESA	PTF	2:0
presidents-cup-america-2026	Senior Women -57kg	R64	705	DE Nariam	PUR	BUSTOS Marianela	CHI	PTF	2:0
presidents-cup-america-2026	Senior Women -57kg	R64	706	CATTAROZZI Milena	ARG	BORDA Sharol Shoma	PER	PTF	2:0
presidents-cup-america-2026	Senior Women -57kg	R32	715	DILLON Faith	USA	URETA Rocio	CHI	PTF	2:0
presidents-cup-america-2026	Senior Women -57kg	R32	716	CORDOVA Lyneth	PER	GUEVARA Jazmin	CHI	PTF	2:0
presidents-cup-america-2026	Senior Women -57kg	R32	717	JIMENEZ Regina	MEX	BROOKS Brenda	PAN	PTF	2:0
presidents-cup-america-2026	Senior Women -57kg	R32	718	VILLEGAS Fabiola G	MEX	DE Nariam	PUR	PTF	2:1
presidents-cup-america-2026	Senior Women -57kg	R32	719	SEPULVEDA María Ju	ARG	AHN Iana	USA	PTF	2:0
presidents-cup-america-2026	Senior Women -57kg	R32	720	RICO Berenice	MEX	NUNES Karolyne	BRA	PTF	2:1
presidents-cup-america-2026	Senior Women -57kg	R32	721	MACHADO Lara	BRA	SALDAÑA Angelyn Sm	COL	PTF	2:0
presidents-cup-america-2026	Senior Women -57kg	R32	722	PARK Skylar	CAN	CATTAROZZI Milena	ARG	PTF	2:0
presidents-cup-america-2026	Senior Women -57kg	R16	727	DILLON Faith	USA	CORDOVA Lyneth	PER	PTF	2:0
presidents-cup-america-2026	Senior Women -57kg	R16	728	VILLEGAS Fabiola G	MEX	JIMENEZ Regina	MEX	PTF	2:0
presidents-cup-america-2026	Senior Women -57kg	R16	729	SEPULVEDA María Ju	ARG	RICO Berenice	MEX	PTF	2:1
presidents-cup-america-2026	Senior Women -57kg	R16	730	PARK Skylar	CAN	MACHADO Lara	BRA	PTF	2:0
presidents-cup-america-2026	Senior Women -57kg	QF	733	DILLON Faith	USA	VILLEGAS Fabiola G	MEX	PTF	2:0
presidents-cup-america-2026	Senior Women -57kg	QF	734	PARK Skylar	CAN	SEPULVEDA María Ju	ARG	PTF	2:0
presidents-cup-america-2026	Senior Women -57kg	SF	736	DILLON Faith	USA	PARK Skylar	CAN	PTF	2:0
presidents-cup-america-2026	Senior Women -57kg	F	737	PACHECO Maria Clar	BRA	DILLON Faith	USA	PTF	2:0
presidents-cup-america-2026	Senior Women -53kg	R64	501	CARPENTIER Vicky	CAN	SHUMSKY Sofia	USA	PTF	2:0
presidents-cup-america-2026	Senior Women -53kg	R32	502	BARROS Nivea	BRA	CARPENTIER Vicky	CAN	PTF	2:0
presidents-cup-america-2026	Senior Women -53kg	R32	503	KHAN Laila	CAN	QUIÑONES Javiera	CHI	PTF	2:0
presidents-cup-america-2026	Senior Women -53kg	R32	504	MORONÈS Béatrice	CAN	PRIETO Angie Natal	COL	PTF	2:0
presidents-cup-america-2026	Senior Women -53kg	R32	505	LORENZO Renata Mer	MEX	MENDEZ Karen Miche	COL	PTF	2:0
presidents-cup-america-2026	Senior Women -53kg	R32	506	MENDOZA Padme Abig	MEX	CHOI Ashley	USA	PTF	2:0
presidents-cup-america-2026	Senior Women -53kg	R32	507	CELORIO Vania Judi	MEX	ALMEIDA Ana Clara	BRA	PTF	2:0
presidents-cup-america-2026	Senior Women -53kg	R32	508	PEDROZO Beatriz	BRA	CONTRERAS Renata	CHI	PTF	2:0
presidents-cup-america-2026	Senior Women -53kg	R32	509	DANIEL Melina	USA	DUMAS Mathilde	CAN	PTF	2:0
presidents-cup-america-2026	Senior Women -53kg	R16	518	KHAN Laila	CAN	BARROS Nivea	BRA	PTF	2:1
presidents-cup-america-2026	Senior Women -53kg	R16	519	LORENZO Renata Mer	MEX	MORONÈS Béatrice	CAN	PTF	2:1
presidents-cup-america-2026	Senior Women -53kg	R16	520	CELORIO Vania Judi	MEX	MENDOZA Padme Abig	MEX	PTF	2:0
presidents-cup-america-2026	Senior Women -53kg	R16	521	PEDROZO Beatriz	BRA	DANIEL Melina	USA	PTF	2:1
presidents-cup-america-2026	Senior Women -53kg	QF	526	KHAN Laila	CAN	LORENZO Renata Mer	MEX	PTF	2:0
presidents-cup-america-2026	Senior Women -53kg	QF	527	PEDROZO Beatriz	BRA	CELORIO Vania Judi	MEX	PTF	2:0
presidents-cup-america-2026	Senior Women -53kg	SF	530	PEDROZO Beatriz	BRA	KHAN Laila	CAN	PTF	2:0
presidents-cup-america-2026	Senior Women -53kg	R32	510	FERRERIRA Nadia	MEX	GOMEZ Isidora	CHI	PTF	2:0
presidents-cup-america-2026	Senior Women -53kg	R32	511	BEZERRA Camila	BRA	OLIVEIRA Rayssa	BRA	PTF	2:0
presidents-cup-america-2026	Senior Women -53kg	R32	512	MONTAÑEZ Sofia	MEX	WEBER Logan	USA	PTF	2:0
presidents-cup-america-2026	Senior Women -53kg	R32	513	SANCHO Laura	WT	ESPINOZA Danya Mic	MEX	PTF	2:0
presidents-cup-america-2026	Senior Women -53kg	R32	514	TOSI Emily	CAN	GARZON Marjorie Da	ECU	PTF	2:0
presidents-cup-america-2026	Senior Women -53kg	R32	515	SALCEDO Edileny	DOM	BAEZ Sofia	PUR	PTF	2:1
presidents-cup-america-2026	Senior Women -53kg	R32	516	RICARD Maude	CAN	CABRERA Beira	PUR	PTF	2:0
presidents-cup-america-2026	Senior Women -53kg	R32	517	ROSSI Larissa Nasc	BRA	ALMENDAREZ Ashley	HON	PTF	2:0
presidents-cup-america-2026	Senior Women -53kg	R16	522	FERRERIRA Nadia	MEX	BEZERRA Camila	BRA	PTF	2:1
presidents-cup-america-2026	Senior Women -53kg	R16	523	SANCHO Laura	WT	MONTAÑEZ Sofia	MEX	PTF	2:1
presidents-cup-america-2026	Senior Women -53kg	R16	524	SALCEDO Edileny	DOM	TOSI Emily	CAN	PTF	2:0
presidents-cup-america-2026	Senior Women -53kg	R16	525	ROSSI Larissa Nasc	BRA	RICARD Maude	CAN	PTF	2:0
presidents-cup-america-2026	Senior Women -53kg	QF	528	FERRERIRA Nadia	MEX	SANCHO Laura	WT	PTF	2:0
presidents-cup-america-2026	Senior Women -53kg	QF	529	ROSSI Larissa Nasc	BRA	SALCEDO Edileny	DOM	PTF	2:1
presidents-cup-america-2026	Senior Women -53kg	SF	531	FERRERIRA Nadia	MEX	ROSSI Larissa Nasc	BRA	PTF	2:0
presidents-cup-america-2026	Senior Women -53kg	F	532	PEDROZO Beatriz	BRA	FERRERIRA Nadia	MEX	PTF	2:1
presidents-cup-america-2026	Senior Women -49kg	R32	401	SEGURA Amy	PER	MARQUES Camila Mar	ARG	PTF	2:0
presidents-cup-america-2026	Senior Women -49kg	R32	402	PEIXOTO Laura Beat	BRA	OROZCO Angelique	CAN	PTF	2:0
presidents-cup-america-2026	Senior Women -49kg	R32	403	MONELL Alondra	PUR	CAMPUSANO Rosa Mar	DOM	PTF	2:1
presidents-cup-america-2026	Senior Women -49kg	R32	404	SILVA Zelzin Virid	MEX	DE Nicholle	BRA	PTF	2:0
presidents-cup-america-2026	Senior Women -49kg	R32	405	ZAMBRANO Andrea Ma	MEX	GONZALEZ Diana Lau	MEX	PTF	2:0
presidents-cup-america-2026	Senior Women -49kg	R16	412	GOSCH Camilly	BRA	SEGURA Amy	PER	PTF	2:0
presidents-cup-america-2026	Senior Women -49kg	R16	413	PEIXOTO Laura Beat	BRA	MONELL Alondra	PUR	PTF	2:0
presidents-cup-america-2026	Senior Women -49kg	R16	414	MATA Maya	USA	SILVA Zelzin Virid	MEX	PTF	2:0
presidents-cup-america-2026	Senior Women -49kg	R16	415	RAMIREZ Andrea	COL	ZAMBRANO Andrea Ma	MEX	PTF	2:1
presidents-cup-america-2026	Senior Women -49kg	QF	425	GOSCH Camilly	BRA	PEIXOTO Laura Beat	BRA	PTF	2:0
presidents-cup-america-2026	Senior Women -49kg	QF	426	RAMIREZ Andrea	COL	MATA Maya	USA	PTF	2:0
presidents-cup-america-2026	Senior Women -49kg	SF	433	GOSCH Camilly	BRA	RAMIREZ Andrea	COL	PTF	2:0
presidents-cup-america-2026	Senior Women -49kg	R32	406	ASTAPENKA Alisa	CHI	MENDEZ Barbara Reg	MEX	PTF	2:0
presidents-cup-america-2026	Senior Women -49kg	R32	407	GRIPPOLI Maria Sar	URU	DA Maria Luiza	BRA	PTF	2:0
presidents-cup-america-2026	Senior Women -49kg	R32	408	YAMADA Trinity	USA	SILVA Lis Danielle	BRA	PTF	2:0
presidents-cup-america-2026	Senior Women -49kg	R32	409	PETERSON Ceili	GUY	AYVAZYAN Melanie G	ARM	PTF	2:0
presidents-cup-america-2026	Senior Women -49kg	R32	410	KAFADAR Josipa	CAN	DOURADO Jhennifer	BRA	PTF	2:0
presidents-cup-america-2026	Senior Women -49kg	R32	411	RODRIGUEZ Priscila	ARG	GALLO Lucero Shecc	MEX	WDR	
presidents-cup-america-2026	Senior Women -49kg	R16	416	SOUZA Daniela Paol	MEX	ASTAPENKA Alisa	CHI	PTF	2:0
presidents-cup-america-2026	Senior Women -49kg	R16	417	GRIPPOLI Maria Sar	URU	YAMADA Trinity	USA	PTF	2:0
presidents-cup-america-2026	Senior Women -49kg	R16	418	KAFADAR Josipa	CAN	PETERSON Ceili	GUY	PTF	2:0
presidents-cup-america-2026	Senior Women -49kg	R16	419	ROMERO Jazleen	USA	RODRIGUEZ Priscila	ARG	PTF	2:0
presidents-cup-america-2026	Senior Women -49kg	QF	427	SOUZA Daniela Paol	MEX	GRIPPOLI Maria Sar	URU	PTF	2:0
presidents-cup-america-2026	Senior Women -49kg	QF	428	KAFADAR Josipa	CAN	ROMERO Jazleen	USA	PTF	2:0
presidents-cup-america-2026	Senior Women -49kg	SF	434	SOUZA Daniela Paol	MEX	KAFADAR Josipa	CAN	PTF	2:1
presidents-cup-america-2026	Senior Women -49kg	F	437	GOSCH Camilly	BRA	SOUZA Daniela Paol	MEX	RSC	2:0
presidents-cup-america-2026	Senior Women -46kg	R32	101	MUÑOZ Darling	CHI	GONÇALVES Anna	BRA	PTF	2:0
presidents-cup-america-2026	Senior Women -46kg	R32	102	GOEBEL Crosby	USA	PEREZ Jennyffer Al	MEX	PTF	2:0
presidents-cup-america-2026	Senior Women -46kg	R32	103	QUINTAL Ana Sayuri	MEX	YUPANQUI Nayeli	PER	PTF	2:0
presidents-cup-america-2026	Senior Women -46kg	R32	104	MUND Deeksha	USA	ABARCA Cinthya A.	PER	PTF	2:0
presidents-cup-america-2026	Senior Women -46kg	R32	105	AZEVEDO Ariele Euc	BRA	PADILLA Samira	PER	PTF	2:0
presidents-cup-america-2026	Senior Women -46kg	R16	112	BASSETT Jaycee	WT	MUÑOZ Darling	CHI	PTF	2:0
presidents-cup-america-2026	Senior Women -46kg	R16	113	GOEBEL Crosby	USA	QUINTAL Ana Sayuri	MEX	PTF	2:1
presidents-cup-america-2026	Senior Women -46kg	R16	114	MUND Deeksha	USA	ROSALES Gabriela	VEN	PTF	2:0
presidents-cup-america-2026	Senior Women -46kg	R16	115	RAMIREZ Danna Isab	COL	AZEVEDO Ariele Euc	BRA	PTF	2:1
presidents-cup-america-2026	Senior Women -46kg	QF	120	GOEBEL Crosby	USA	BASSETT Jaycee	WT	PTF	2:1
presidents-cup-america-2026	Senior Women -46kg	QF	121	RAMIREZ Danna Isab	COL	MUND Deeksha	USA	PTF	2:0
presidents-cup-america-2026	Senior Women -46kg	SF	124	GOEBEL Crosby	USA	RAMIREZ Danna Isab	COL	PTF	2:0
presidents-cup-america-2026	Senior Women -46kg	R32	106	PADILLA Damaris Ai	PER	CALDERON Katherine	PER	PTF	2:0
presidents-cup-america-2026	Senior Women -46kg	R32	107	SILVA Julia	BRA	SUAREZ Alessandra	PER	PTF	2:0
presidents-cup-america-2026	Senior Women -46kg	R32	108	MARTINS Giovanna	BRA	NATTO Alexandra	JAM	PTF	2:0
presidents-cup-america-2026	Senior Women -46kg	R32	109	LARREYNAGA Marjori	ESA	CUADROS Nicholle A	PER	PTF	2:0
presidents-cup-america-2026	Senior Women -46kg	R32	110	PEREIRA Emily Edua	BRA	GOMEZ Nayeli	CHI	PTF	2:0
presidents-cup-america-2026	Senior Women -46kg	R32	111	GONZALEZ Samantha	MEX	MONARDEZ Agustina	CHI	PTF	2:0
presidents-cup-america-2026	Senior Women -46kg	R16	116	ALERS Alannis Mich	PUR	PADILLA Damaris Ai	PER	PTF	2:0
presidents-cup-america-2026	Senior Women -46kg	R16	117	SILVA Julia	BRA	MARTINS Giovanna	BRA	PTF	2:0
presidents-cup-america-2026	Senior Women -46kg	R16	118	PEREIRA Emily Edua	BRA	LARREYNAGA Marjori	ESA	PTF	2:0
presidents-cup-america-2026	Senior Women -46kg	R16	119	GONZALEZ Samantha	MEX	HERNANDEZ Fernanda	MEX	PTF	2:1
presidents-cup-america-2026	Senior Women -46kg	QF	122	SILVA Julia	BRA	ALERS Alannis Mich	PUR	PTF	2:0
presidents-cup-america-2026	Senior Women -46kg	QF	123	GONZALEZ Samantha	MEX	PEREIRA Emily Edua	BRA	PTF	2:0
presidents-cup-america-2026	Senior Women -46kg	SF	125	SILVA Julia	BRA	GONZALEZ Samantha	MEX	PTF	2:0
presidents-cup-america-2026	Senior Women -46kg	F	126	SILVA Julia	BRA	GOEBEL Crosby	USA	PTF	2:1
presidents-cup-america-2026	Senior Women +73kg	R16	1020	WEEKES Crystal	PUR	LUKIC Maya	CAN	PTF	2:0
presidents-cup-america-2026	Senior Women +73kg	QF	1026	ALADE Naomi	USA	WEEKES Crystal	PUR	PTF	2:0
presidents-cup-america-2026	Senior Women +73kg	QF	1027	VASCONCELOS Elis	BRA	ROMAN Naishka	PUR	PTF	2:0
presidents-cup-america-2026	Senior Women +73kg	SF	1032	ALADE Naomi	USA	VASCONCELOS Elis	BRA	PTF	2:0
presidents-cup-america-2026	Senior Women +73kg	R16	1021	VIANA Alena	USA	FUENTES Lisa Juani	ARG	PTF	2:0
presidents-cup-america-2026	Senior Women +73kg	QF	1028	PEREIRA Raiany	BRA	FRADL Maelynn Emil	ARU	PTF	2:0
presidents-cup-america-2026	Senior Women +73kg	QF	1029	VIANA Alena	USA	GLORIA Mosquera	COL	PTF	2:1
presidents-cup-america-2026	Senior Women +73kg	SF	1033	VIANA Alena	USA	PEREIRA Raiany	BRA	PTF	2:1
presidents-cup-america-2026	Senior Women +73kg	F	1035	ALADE Naomi	USA	VIANA Alena	USA	PTF	2:1
