wuxi-world-championships-2025	Senior Men -54kg	R64	101	MOLJ Ozbolt	SLO	RAHIMI Ihasam	AFG	PTF	2:0
wuxi-world-championships-2025	Senior Men -54kg	R64	102	IVKOVIC Relja	SRB	JOUAD Majd	MAR	PTF	2:1
wuxi-world-championships-2025	Senior Men -54kg	R64	103	DE LA CRUZ Wilfrido	DOM	HAMDI Riad nasser a	KSA	PTF	2:1
wuxi-world-championships-2025	Senior Men -54kg	R64	104	KHUDAYBERDIEV Jakhongir	UZB	JAICHOO Wisawakorn	THA	PTF	2:0
wuxi-world-championships-2025	Senior Men -54kg	R64	105	AL TOOQI Nibras	OMA	PANG Keston	SGP	PTF	2:0
wuxi-world-championships-2025	Senior Men -54kg	R64	106	KAZLOU Yahor	AIN	HAJI BAKAR Abrar	BRU	PTF	2:0
wuxi-world-championships-2025	Senior Men -54kg	R64	107	ALDAOUD Ja'afar	JOR	KAJIRA Christopher	ZAM	PTF	2:0
wuxi-world-championships-2025	Senior Men -54kg	R64	201	GARCIA Noah	POR	PEDRO Pedro david	MOZ	PTF	2:0
wuxi-world-championships-2025	Senior Men -54kg	R64	202	PSARROS Aristeidis nikolaos	GRE	YONDONJAMTS Purevdash	MGL	PTF	2:0
wuxi-world-championships-2025	Senior Men -54kg	R64	203	CAMOGLU Furkan ubeyde	TUR	HANAFY Fayez	EST	PTF	2:0
wuxi-world-championships-2025	Senior Men -54kg	R64	204	HERNANDEZ VARGAS Edgar emmanuel	MEX	CHAU Ngai long	HKG	PTF	2:0
wuxi-world-championships-2025	Senior Men -54kg	R64	205	CHAN Iek hei	MAC	ROSCA Artiom	MDA	PTF	2:1
wuxi-world-championships-2025	Senior Men -54kg	R64	206	RAMIREZ CONTRERAS Daniel jahir	COL	PASHCOVSKY Tom	ISR	PTF	2:0
wuxi-world-championships-2025	Senior Men -54kg	R64	301	GILLIARD GONCALVES Matheus	BRA	COCA VIA Rommel	BOL	PTF	2:0
wuxi-world-championships-2025	Senior Men -54kg	R64	302	GEORGIEV Hristiyan	BUL	ZOGHLAMI Mohamed amine	TUN	PTF	2:1
wuxi-world-championships-2025	Senior Men -54kg	R64	303	BARBOSA Kurt bryan	PHI	CANETE Arian nathan	USA	PTF	2:0
wuxi-world-championships-2025	Senior Men -54kg	R64	304	MARWAN Mussa	SWE	MEDJAHED Saif eddine	ALG	PTF	2:0
wuxi-world-championships-2025	Senior Men -54kg	R64	305	BRINDAMOHAN Nithan	CAN	HADJICOSTI Prodromos angelos	CYP	PTF	2:0
wuxi-world-championships-2025	Senior Men -54kg	R64	306	AMADOU Mahamadou	NIG	ALENEZI Yahya esmail	KUW	PTF	2:0
wuxi-world-championships-2025	Senior Men -54kg	R64	401	AGENJO TRIGOS Jairo	ESP	GREGORY-HUNT Ashton-lee	NZL	PTF	2:0
wuxi-world-championships-2025	Senior Men -54kg	R64	402	BALAKHNEEV Dmitriy	AIN	NDOYE Souleymane	SEN	PTF	2:0
wuxi-world-championships-2025	Senior Men -54kg	R64	403	KADIRKULOV Begzod	KAZ	MORENO ALVAREZ Franco javier	PER	PTF	2:1
wuxi-world-championships-2025	Senior Men -54kg	R64	404	TURKALJ Luka	CRO	BERO Tatenda justice	ZIM	PTF	2:0
wuxi-world-championships-2025	Senior Men -54kg	R64	405	SEO Eunsu	KOR	OBIANG ESSONO Thefrene levy emmanuel	GAB	PTF	2:0
wuxi-world-championships-2025	Senior Men -54kg	R64	406	MER Ankit	IND	GULUZADE Bahruz	AZE	PTF	2:0
wuxi-world-championships-2025	Senior Men -54kg	R64	501	HIDAYAT TUMAKAKA Aziz	INA	HAMI Muhammed	TRT	PTF	2:0
wuxi-world-championships-2025	Senior Men -54kg	R64	502	KITADE Tatsuya	JPN	HEALY Seth	AUS	PTF	2:0
wuxi-world-championships-2025	Senior Men -54kg	R64	503	FANG Zheng	CHN	ALAM Abtab	NEP	PTF	2:0
wuxi-world-championships-2025	Senior Men -54kg	R64	504	CONTI Andrea	ITA	AHQAAF Ahmed	LBA	PTF	2:0
wuxi-world-championships-2025	Senior Men -54kg	R64	505	NGUYEN Hong trong	VIE	SAMIDINOV Nurkhan	KGZ	PTF	2:1
wuxi-world-championships-2025	Senior Men -54kg	R64	506	RAZMIAN Mehdi	IRI	LI Ci en	TPE	PTF	2:0
wuxi-world-championships-2025	Senior Men -54kg	R32	112	GEORGIEV Hristiyan	BUL	BALAKHNEEV Dmitriy	AIN	PTF	2:1
wuxi-world-championships-2025	Senior Men -54kg	R32	113	MARWAN Mussa	SWE	TURKALJ Luka	CRO	PTF	2:0
wuxi-world-championships-2025	Senior Men -54kg	R32	114	MER Ankit	IND	AMADOU Mahamadou	NIG	PTF	2:0
wuxi-world-championships-2025	Senior Men -54kg	R32	211	ASEM ATA ABU SREE' Moataz bellah	EGY	MOLJ Ozbolt	SLO	PTF	2:0
wuxi-world-championships-2025	Senior Men -54kg	R32	212	DE LA CRUZ Wilfrido	DOM	KITADE Tatsuya	JPN	PTF	2:0
wuxi-world-championships-2025	Senior Men -54kg	R32	213	CONTI Andrea	ITA	AL TOOQI Nibras	OMA	PTF	2:0
wuxi-world-championships-2025	Senior Men -54kg	R32	214	ALDAOUD Ja'afar	JOR	RAZMIAN Mehdi	IRI	PTF	2:1
wuxi-world-championships-2025	Senior Men -54kg	R32	311	GILLIARD GONCALVES Matheus	BRA	GARCIA Noah	POR	PTF	2:0
wuxi-world-championships-2025	Senior Men -54kg	R32	312	CAMOGLU Furkan ubeyde	TUR	BARBOSA Kurt bryan	PHI	PTF	2:0
wuxi-world-championships-2025	Senior Men -54kg	R32	313	CHAN Iek hei	MAC	BRINDAMOHAN Nithan	CAN	PTF	2:1
wuxi-world-championships-2025	Senior Men -54kg	R32	411	AGENJO TRIGOS Jairo	ESP	HIDAYAT TUMAKAKA Aziz	INA	PTF	2:0
wuxi-world-championships-2025	Senior Men -54kg	R32	412	FANG Zheng	CHN	KADIRKULOV Begzod	KAZ	PTF	2:0
wuxi-world-championships-2025	Senior Men -54kg	R32	413	SEO Eunsu	KOR	NGUYEN Hong trong	VIE	PTF	2:0
wuxi-world-championships-2025	Senior Men -54kg	R32	511	PSARROS Aristeidis nikolaos	GRE	IVKOVIC Relja	SRB	PTF	2:0
wuxi-world-championships-2025	Senior Men -54kg	R32	512	KHUDAYBERDIEV Jakhongir	UZB	HERNANDEZ VARGAS Edgar emmanuel	MEX	PTF	2:0
wuxi-world-championships-2025	Senior Men -54kg	R32	513	RAMIREZ CONTRERAS Daniel jahir	COL	KAZLOU Yahor	AIN	PTF	2:0
wuxi-world-championships-2025	Senior Men -54kg	R16	121	PSARROS Aristeidis nikolaos	GRE	AGENJO TRIGOS Jairo	ESP	PTF	2:0
wuxi-world-championships-2025	Senior Men -54kg	R16	122	SEO Eunsu	KOR	RAMIREZ CONTRERAS Daniel jahir	COL	PTF	2:0
wuxi-world-championships-2025	Senior Men -54kg	R16	221	GEORGIEV Hristiyan	BUL	DE LA CRUZ Wilfrido	DOM	PTF	2:0
wuxi-world-championships-2025	Senior Men -54kg	R16	222	ALDAOUD Ja'afar	JOR	MER Ankit	IND	PTF	2:0
wuxi-world-championships-2025	Senior Men -54kg	R16	321	CAMOGLU Furkan ubeyde	TUR	FANG Zheng	CHN	PTF	2:1
wuxi-world-championships-2025	Senior Men -54kg	R16	421	KHUDAYBERDIEV Jakhongir	UZB	MARWAN Mussa	SWE	PTF	2:1
wuxi-world-championships-2025	Senior Men -54kg	R16	520	GILLIARD GONCALVES Matheus	BRA	ASEM ATA ABU SREE' Moataz bellah	EGY	PTF	2:1
wuxi-world-championships-2025	Senior Men -54kg	R16	521	CONTI Andrea	ITA	CHAN Iek hei	MAC	PTF	2:0
wuxi-world-championships-2025	Senior Men -54kg	QF	126	KHUDAYBERDIEV Jakhongir	UZB	CONTI Andrea	ITA	PTF	2:0
wuxi-world-championships-2025	Senior Men -54kg	QF	226	SEO Eunsu	KOR	ALDAOUD Ja'afar	JOR	PTF	2:0
wuxi-world-championships-2025	Senior Men -54kg	QF	425	PSARROS Aristeidis nikolaos	GRE	GILLIARD GONCALVES Matheus	BRA	PTF	2:1
wuxi-world-championships-2025	Senior Men -54kg	QF	525	CAMOGLU Furkan ubeyde	TUR	GEORGIEV Hristiyan	BUL	PTF	2:0
wuxi-world-championships-2025	Senior Men -54kg	SF	328	CAMOGLU Furkan ubeyde	TUR	PSARROS Aristeidis nikolaos	GRE	PTF	2:0
wuxi-world-championships-2025	Senior Men -54kg	SF	329	SEO Eunsu	KOR	KHUDAYBERDIEV Jakhongir	UZB	PTF	2:0
wuxi-world-championships-2025	Senior Men -54kg	F	334	SEO Eunsu	KOR	CAMOGLU Furkan ubeyde	TUR	PTF	2:0
wuxi-world-championships-2025	Senior Men -58kg	R128	101	MANSON Maxwell	SLE	RIOS Ivan	PAN	PTF	2:1
wuxi-world-championships-2025	Senior Men -58kg	R128	201	ALMUSHRAF Abdullah essa a	KSA	KATENDE Jogi	UGA	PTF	2:1
wuxi-world-championships-2025	Senior Men -58kg	R128	301	BILOGHE BI SIMA Therence	GAB	SENGMANEE Lukkee	LAO	PTF	2:1
wuxi-world-championships-2025	Senior Men -58kg	R128	401	AMTAWAA Osamah	LBA	ANATORE Lokadevan	MAS	PTF	2:1
wuxi-world-championships-2025	Senior Men -58kg	R64	105	BAGOV Idar	AIN	TESKERA Josip	CRO	PTF	2:0
wuxi-world-championships-2025	Senior Men -58kg	R64	106	ZANDI Abolfazl	IRI	ADEMI Bleron	KOS	PTF	2:0
wuxi-world-championships-2025	Senior Men -58kg	R64	107	MELO Paulo	BRA	ANDRONIKOU Kyriakos	CYP	PTF	2:0
wuxi-world-championships-2025	Senior Men -58kg	R64	108	BAE Jun-seo	KOR	BILOGHE BI SIMA Therence	GAB	PTF	2:0
wuxi-world-championships-2025	Senior Men -58kg	R64	109	CONTRERAS DAVALOS Aaron	CHI	LOPES Tiago	POR	PTF	2:0
wuxi-world-championships-2025	Senior Men -58kg	R64	110	OSAMA HUSSEIEN Mohamed	EGY	GUEYE Mouhamadou fadillou mbac.	SEN	PTF	2:0
wuxi-world-championships-2025	Senior Men -58kg	R64	111	BADEM Yusuf	TUR	AMTAWAA Osamah	LBA	PTF	2:0
wuxi-world-championships-2025	Senior Men -58kg	R64	205	DIMITROPOULOS Konstantinos	GRE	ALTYBAEV Aidin	KGZ	PTF	2:0
wuxi-world-championships-2025	Senior Men -58kg	R64	206	DELL'AQUILA Vito	ITA	ELMBARKI Achraf	MAR	PTF	2:0
wuxi-world-championships-2025	Senior Men -58kg	R64	207	MOLLE Milan	NED	BUREHMA Ali	KUW	PTF	2:0
wuxi-world-championships-2025	Senior Men -58kg	R64	208	ISSAKA GARBA Nouridine	NIG	CORTES Carlos	MEX	PTF	2:0
wuxi-world-championships-2025	Senior Men -58kg	R64	209	GELADZE Vitali	GEO	PATISHI Ori	ISR	PTF	2:0
wuxi-world-championships-2025	Senior Men -58kg	R64	210	KORNEEV Lev	SRB	YOUSSOUF Moktar	DJI	PTF	2:0
wuxi-world-championships-2025	Senior Men -58kg	R64	305	MOLJ Domen	SLO	WONG Si long	MAC	PTF	2:0
wuxi-world-championships-2025	Senior Men -58kg	R64	306	HOEFLING Nicholas	CAN	BOUASSA TANDIALA Jonathan	CGO	PTF	2:0
wuxi-world-championships-2025	Senior Men -58kg	R64	307	MAHAMAD Sirawit	THA	OCHOA Jefferson	COL	PTF	2:1
wuxi-world-championships-2025	Senior Men -58kg	R64	308	SIMPARA Youssouf	MLI	DINH Cong khoa	VIE	PTF	2:0
wuxi-world-championships-2025	Senior Men -58kg	R64	309	GURTSIEV Georgii	AIN	BIST Sumit	NEP	PTF	2:0
wuxi-world-championships-2025	Senior Men -58kg	R64	310	CHIOK Chun yin	HKG	JEAN-BAPTISTE Gregory	HAI	PTF	2:0
wuxi-world-championships-2025	Senior Men -58kg	R64	405	BETEL Casimir	CHA	ONGGOSANUSI Clement	VAN	PTF	2:0
wuxi-world-championships-2025	Senior Men -58kg	R64	406	TRIKI Noureddine	TUN	CAMUA Benjamin	AUS	PTF	2:0
wuxi-world-championships-2025	Senior Men -58kg	R64	407	KOUDSI Raphael	LBN	SALIM Sharif gergely	HUN	PTF	2:1
wuxi-world-championships-2025	Senior Men -58kg	R64	408	AYNAGA Aljen	PHI	TLEULES Tamirlan	KAZ	PTF	2:1
wuxi-world-championships-2025	Senior Men -58kg	R64	409	MAGOMEDOV Gashim	AZE	WAHID Abdul	IND	PTF	2:0
wuxi-world-championships-2025	Senior Men -58kg	R64	410	GUMUS Feyyaz	GER	SMITH Noah	NZL	PTF	2:0
wuxi-world-championships-2025	Senior Men -58kg	R64	504	MANENKOV Maksym	UKR	MANSON Maxwell	SLE	PTF	2:0
wuxi-world-championships-2025	Senior Men -58kg	R64	505	FRAILE RODRIGUEZ Jesus	ESP	CUNNINGHAM William	USA	PTF	2:0
wuxi-world-championships-2025	Senior Men -58kg	R64	506	YOUSIF Mahmoud bassam	JOR	GANTULGA Enkhbayar	MGL	PTF	2:0
wuxi-world-championships-2025	Senior Men -58kg	R64	507	HUANG Kefen	CHN	ALMUSHRAF Abdullah essa a	KSA	PTF	2:0
wuxi-world-championships-2025	Senior Men -58kg	R64	508	PAN Kuei-an	TPE	AMATI Federico	SMR	PTF	2:0
wuxi-world-championships-2025	Senior Men -58kg	R64	509	OTAJONOV Omonjon	UZB	TRISTAN Scutaru	ROU	PTF	2:0
wuxi-world-championships-2025	Senior Men -58kg	R64	510	BOUKARNIA Amine	FRA	SARSOZA Zack	GBR	PTF	2:1
wuxi-world-championships-2025	Senior Men -58kg	R32	115	ZANDI Abolfazl	IRI	DELL'AQUILA Vito	ITA	PTF	2:0
wuxi-world-championships-2025	Senior Men -58kg	R32	116	ISSAKA GARBA Nouridine	NIG	BAE Jun-seo	KOR	PTF	2:1
wuxi-world-championships-2025	Senior Men -58kg	R32	117	KORNEEV Lev	SRB	OSAMA HUSSEIEN Mohamed	EGY	PTF	2:1
wuxi-world-championships-2025	Senior Men -58kg	R32	215	HOEFLING Nicholas	CAN	TRIKI Noureddine	TUN	PTF	2:0
wuxi-world-championships-2025	Senior Men -58kg	R32	216	AYNAGA Aljen	PHI	SIMPARA Youssouf	MLI	PTF	2:0
wuxi-world-championships-2025	Senior Men -58kg	R32	217	GUMUS Feyyaz	GER	CHIOK Chun yin	HKG	PTF	2:1
wuxi-world-championships-2025	Senior Men -58kg	R32	314	MANENKOV Maksym	UKR	BAGOV Idar	AIN	PTF	2:1
wuxi-world-championships-2025	Senior Men -58kg	R32	315	MELO Paulo	BRA	YOUSIF Mahmoud bassam	JOR	PTF	2:0
wuxi-world-championships-2025	Senior Men -58kg	R32	316	PAN Kuei-an	TPE	CONTRERAS DAVALOS Aaron	CHI	PTF	2:1
wuxi-world-championships-2025	Senior Men -58kg	R32	317	BADEM Yusuf	TUR	BOUKARNIA Amine	FRA	PTF	2:0
wuxi-world-championships-2025	Senior Men -58kg	R32	414	DIMITROPOULOS Konstantinos	GRE	MOLJ Domen	SLO	PTF	2:1
wuxi-world-championships-2025	Senior Men -58kg	R32	415	MAHAMAD Sirawit	THA	MOLLE Milan	NED	PTF	2:0
wuxi-world-championships-2025	Senior Men -58kg	R32	416	GURTSIEV Georgii	AIN	GELADZE Vitali	GEO	PTF	2:1
wuxi-world-championships-2025	Senior Men -58kg	R32	514	FRAILE RODRIGUEZ Jesus	ESP	BETEL Casimir	CHA	PTF	2:0
wuxi-world-championships-2025	Senior Men -58kg	R32	515	HUANG Kefen	CHN	KOUDSI Raphael	LBN	PTF	2:0
wuxi-world-championships-2025	Senior Men -58kg	R32	516	MAGOMEDOV Gashim	AZE	OTAJONOV Omonjon	UZB	PTF	2:0
wuxi-world-championships-2025	Senior Men -58kg	R16	120	ISSAKA GARBA Nouridine	NIG	AYNAGA Aljen	PHI	PTF	2:0
wuxi-world-championships-2025	Senior Men -58kg	R16	219	MANENKOV Maksym	UKR	DIMITROPOULOS Konstantinos	GRE	PTF	2:1
wuxi-world-championships-2025	Senior Men -58kg	R16	220	GURTSIEV Georgii	AIN	PAN Kuei-an	TPE	PTF	2:1
wuxi-world-championships-2025	Senior Men -58kg	R16	319	ZANDI Abolfazl	IRI	FRAILE RODRIGUEZ Jesus	ESP	PTF	2:0
wuxi-world-championships-2025	Senior Men -58kg	R16	320	MAGOMEDOV Gashim	AZE	KORNEEV Lev	SRB	PTF	2:0
wuxi-world-championships-2025	Senior Men -58kg	R16	419	MELO Paulo	BRA	HOEFLING Nicholas	CAN	PTF	2:0
wuxi-world-championships-2025	Senior Men -58kg	R16	420	BADEM Yusuf	TUR	GUMUS Feyyaz	GER	PTF	2:0
wuxi-world-championships-2025	Senior Men -58kg	R16	519	HUANG Kefen	CHN	MAHAMAD Sirawit	THA	PTF	2:0
wuxi-world-championships-2025	Senior Men -58kg	QF	122	GURTSIEV Georgii	AIN	ISSAKA GARBA Nouridine	NIG	PTF	2:0
wuxi-world-championships-2025	Senior Men -58kg	QF	222	MAGOMEDOV Gashim	AZE	BADEM Yusuf	TUR	PTF	2:1
wuxi-world-championships-2025	Senior Men -58kg	QF	421	ZANDI Abolfazl	IRI	MANENKOV Maksym	UKR	PTF	2:0
wuxi-world-championships-2025	Senior Men -58kg	QF	521	HUANG Kefen	CHN	MELO Paulo	BRA	PTF	2:0
wuxi-world-championships-2025	Senior Men -58kg	SF	324	ZANDI Abolfazl	IRI	HUANG Kefen	CHN	PTF	2:0
wuxi-world-championships-2025	Senior Men -58kg	SF	325	GURTSIEV Georgii	AIN	MAGOMEDOV Gashim	AZE	PTF	2:1
wuxi-world-championships-2025	Senior Men -58kg	F	327	ZANDI Abolfazl	IRI	GURTSIEV Georgii	AIN	PTF	2:0
wuxi-world-championships-2025	Senior Men -63kg	R128	101	BAYNE Karl	NZL	VITAPA Atiola johnson	TGA	PTF	2:0
wuxi-world-championships-2025	Senior Men -63kg	R128	201	LEWIS Fernando	PAN	GALEA Fergeson	MLT	PTF	2:0
wuxi-world-championships-2025	Senior Men -63kg	R128	301	DEEPANSHU Deepanshu	IND	TOMATA Arun	NEP	PTF	2:0
wuxi-world-championships-2025	Senior Men -63kg	R128	401	BUENAVIDES Kenneth riley	PHI	LE Tuan	VIE	PTF	2:0
wuxi-world-championships-2025	Senior Men -63kg	R128	501	LAM Mun chok	MAC	SWARAY Derrick	LBR	PTF	2:0
wuxi-world-championships-2025	Senior Men -63kg	R64	106	YASER ISMAIL Omar	PLE	CASTILLO RAMOS Alejandro	PER	PTF	2:0
wuxi-world-championships-2025	Senior Men -63kg	R64	107	JENDOUBI Mohamed khalil	TUN	MISIEDJAN Bendjino	SUR	PTF	2:0
wuxi-world-championships-2025	Senior Men -63kg	R64	108	RAVET Cyrian	FRA	GERARDIS Georgios	GRE	PTF	2:0
wuxi-world-championships-2025	Senior Men -63kg	R64	109	VAN LIMPT Joep	NED	VALDES VAZQUEZ David	MEX	PTF	2:1
wuxi-world-championships-2025	Senior Men -63kg	R64	110	BANDAREVICH Maksim	AIN	DJONKO Ibrahim	BIH	PTF	2:1
wuxi-world-championships-2025	Senior Men -63kg	R64	111	WOOLLEY Jack	IRL	RAMIREZ Mauricio	ECU	PTF	2:0
wuxi-world-championships-2025	Senior Men -63kg	R64	206	DIOP Bocar	SEN	DAXNER Leonard	AUT	PTF	2:0
wuxi-world-championships-2025	Senior Men -63kg	R64	207	VICENTE YUNTA Adrian	ESP	LEWIS Fernando	PAN	PTF	2:0
wuxi-world-championships-2025	Senior Men -63kg	R64	208	HUANG Cho-cheng	TPE	BRITTON Shane	CAN	PTF	2:0
wuxi-world-championships-2025	Senior Men -63kg	R64	209	DIAKITE Issa	CIV	OZKAYA Imran	GER	PTF	2:0
wuxi-world-championships-2025	Senior Men -63kg	R64	210	DAYIOGLU Omer faruk	TUR	MANSOUR Abraheem Maruwan	LBA	PTF	2:0
wuxi-world-championships-2025	Senior Men -63kg	R64	211	BARETTA Dennis	ITA	GENZEL Eitan	ISR	PTF	2:0
wuxi-world-championships-2025	Senior Men -63kg	R64	306	SALIM Omar gergely	HUN	MIYAGUCHI Edo	FPO	PTF	2:0
wuxi-world-championships-2025	Senior Men -63kg	R64	307	SUMMERFIELD Matthew	AUS	GHALI Zakaria mohammed	KSA	PTF	2:0
wuxi-world-championships-2025	Senior Men -63kg	R64	308	TAHMAZOV Fuad	AZE	CHIN Regan guan cong	SGP	PTF	2:1
wuxi-world-championships-2025	Senior Men -63kg	R64	309	MIRZOIEV Samir	UKR	VODOVOZOV Ilya	USA	PTF	2:0
wuxi-world-championships-2025	Senior Men -63kg	R64	310	SANCHEZ AVILA Angel david	COL	MAEDA Hidetaka	JPN	PTF	2:1
wuxi-world-championships-2025	Senior Men -63kg	R64	311	DOS SANTOS MORAIS Guilherme	BRA	REZAEE Mohsen	AFG	PTF	2:0
wuxi-world-championships-2025	Senior Men -63kg	R64	405	ABABAKIROV Samirkhon	KAZ	BAYNE Karl	NZL	PTF	2:0
wuxi-world-championships-2025	Senior Men -63kg	R64	406	GRANADO Yohandri	VEN	PILAVAKIS Ioannis	CYP	PTF	2:0
wuxi-world-championships-2025	Senior Men -63kg	R64	407	ALTARYREH Mahmoud	JOR	BELANOVIC Uros	SRB	PTF	2:0
wuxi-world-championships-2025	Senior Men -63kg	R64	408	LIANG Yushuai	CHN	DEEPANSHU Deepanshu	IND	PTF	2:0
wuxi-world-championships-2025	Senior Men -63kg	R64	409	HAJIMOUSAEI Mahdi	IRI	MCINTOSH Jamie	GBR	PTF	2:0
wuxi-world-championships-2025	Senior Men -63kg	R64	410	NAVEA Sebastian	CHI	FLEGAR Jan	CRO	PTF	2:1
wuxi-world-championships-2025	Senior Men -63kg	R64	411	CHIPKAOU KOCHE Maman mansour	NIG	ADEMI Valton	KOS	PTF	2:1
wuxi-world-championships-2025	Senior Men -63kg	R64	505	HISHAM MOHAMED Ahmed	EGY	CHAN Kin fung	HKG	PTF	2:0
wuxi-world-championships-2025	Senior Men -63kg	R64	506	OSIN Maksim	AIN	MARTINS Alfredo	POR	PTF	2:0
wuxi-world-championships-2025	Senior Men -63kg	R64	507	SRITIMONGKOL Napat	THA	RAIHAN Muhammad bassam	INA	PTF	2:1
wuxi-world-championships-2025	Senior Men -63kg	R64	508	BORGEN Kristian storsul	NOR	BUENAVIDES Kenneth riley	PHI	PTF	2:0
wuxi-world-championships-2025	Senior Men -63kg	R64	509	MERDANAJ Ernest	ALB	PAPIEROWSKI Dominik	POL	PTF	2:0
wuxi-world-championships-2025	Senior Men -63kg	R64	510	NAZAROV Nazarali	UZB	DASHDAVAA Chinzorig	MGL	PTF	2:0
wuxi-world-championships-2025	Senior Men -63kg	R64	511	JANG Jun	KOR	LAM Mun chok	MAC	PTF	2:0
wuxi-world-championships-2025	Senior Men -63kg	R32	116	SUMMERFIELD Matthew	AUS	VICENTE YUNTA Adrian	ESP	PTF	2:0
wuxi-world-championships-2025	Senior Men -63kg	R32	117	MIRZOIEV Samir	UKR	DIAKITE Issa	CIV	PTF	2:0
wuxi-world-championships-2025	Senior Men -63kg	R32	118	DOS SANTOS MORAIS Guilherme	BRA	BARETTA Dennis	ITA	PTF	2:1
wuxi-world-championships-2025	Senior Men -63kg	R32	215	ABABAKIROV Samirkhon	KAZ	HISHAM MOHAMED Ahmed	EGY	PTF	2:0
wuxi-world-championships-2025	Senior Men -63kg	R32	216	ALTARYREH Mahmoud	JOR	SRITIMONGKOL Napat	THA	PTF	2:0
wuxi-world-championships-2025	Senior Men -63kg	R32	217	HAJIMOUSAEI Mahdi	IRI	MERDANAJ Ernest	ALB	PTF	2:0
wuxi-world-championships-2025	Senior Men -63kg	R32	218	JANG Jun	KOR	CHIPKAOU KOCHE Maman mansour	NIG	PTF	2:0
wuxi-world-championships-2025	Senior Men -63kg	R32	315	DIOP Bocar	SEN	YASER ISMAIL Omar	PLE	RSC	2:0
wuxi-world-championships-2025	Senior Men -63kg	R32	316	RAVET Cyrian	FRA	HUANG Cho-cheng	TPE	PTF	2:0
wuxi-world-championships-2025	Senior Men -63kg	R32	317	DAYIOGLU Omer faruk	TUR	BANDAREVICH Maksim	AIN	PTF	2:1
wuxi-world-championships-2025	Senior Men -63kg	R32	415	SALIM Omar gergely	HUN	GRANADO Yohandri	VEN	PTF	2:0
wuxi-world-championships-2025	Senior Men -63kg	R32	416	LIANG Yushuai	CHN	TAHMAZOV Fuad	AZE	PTF	2:0
wuxi-world-championships-2025	Senior Men -63kg	R32	417	NAVEA Sebastian	CHI	SANCHEZ AVILA Angel david	COL	PTF	2:1
wuxi-world-championships-2025	Senior Men -63kg	R32	515	JENDOUBI Mohamed khalil	TUN	OSIN Maksim	AIN	PTF	2:0
wuxi-world-championships-2025	Senior Men -63kg	R32	516	BORGEN Kristian storsul	NOR	VAN LIMPT Joep	NED	PTF	2:0
wuxi-world-championships-2025	Senior Men -63kg	R32	517	NAZAROV Nazarali	UZB	WOOLLEY Jack	IRL	PTF	2:1
wuxi-world-championships-2025	Senior Men -63kg	R16	120	ABABAKIROV Samirkhon	KAZ	DIOP Bocar	SEN	PTF	2:0
wuxi-world-championships-2025	Senior Men -63kg	R16	121	HAJIMOUSAEI Mahdi	IRI	DAYIOGLU Omer faruk	TUR	PTF	2:0
wuxi-world-championships-2025	Senior Men -63kg	R16	220	JENDOUBI Mohamed khalil	TUN	SALIM Omar gergely	HUN	PTF	2:0
wuxi-world-championships-2025	Senior Men -63kg	R16	221	NAZAROV Nazarali	UZB	NAVEA Sebastian	CHI	PTF	2:0
wuxi-world-championships-2025	Senior Men -63kg	R16	320	ALTARYREH Mahmoud	JOR	SUMMERFIELD Matthew	AUS	PTF	2:0
wuxi-world-championships-2025	Senior Men -63kg	R16	321	JANG Jun	KOR	DOS SANTOS MORAIS Guilherme	BRA	PTF	2:0
wuxi-world-championships-2025	Senior Men -63kg	R16	420	LIANG Yushuai	CHN	RAVET Cyrian	FRA	PTF	2:1
wuxi-world-championships-2025	Senior Men -63kg	R16	520	BORGEN Kristian storsul	NOR	MIRZOIEV Samir	UKR	PTF	2:1
wuxi-world-championships-2025	Senior Men -63kg	QF	123	JANG Jun	KOR	NAZAROV Nazarali	UZB	PTF	2:1
wuxi-world-championships-2025	Senior Men -63kg	QF	322	JENDOUBI Mohamed khalil	TUN	ABABAKIROV Samirkhon	KAZ	PTF	2:1
wuxi-world-championships-2025	Senior Men -63kg	QF	422	ALTARYREH Mahmoud	JOR	LIANG Yushuai	CHN	DQB	2:1
wuxi-world-championships-2025	Senior Men -63kg	QF	522	HAJIMOUSAEI Mahdi	IRI	BORGEN Kristian storsul	NOR	PTF	2:0
wuxi-world-championships-2025	Senior Men -63kg	SF	325	JENDOUBI Mohamed khalil	TUN	ALTARYREH Mahmoud	JOR	WDR	
wuxi-world-championships-2025	Senior Men -63kg	SF	326	HAJIMOUSAEI Mahdi	IRI	JANG Jun	KOR	PTF	2:1
wuxi-world-championships-2025	Senior Men -63kg	F	328	JENDOUBI Mohamed khalil	TUN	HAJIMOUSAEI Mahdi	IRI	RSC	1:0
wuxi-world-championships-2025	Senior Men -68kg	R128	101	BIRZEEQ Najimuldin	LBA	MAITHIL Bhumesh kumar	IND	PTF	2:1
wuxi-world-championships-2025	Senior Men -68kg	R128	102	JENKINS Ethan	CAN	CHIPALANGA Mario	ANG	PTF	2:0
wuxi-world-championships-2025	Senior Men -68kg	R128	201	SHRESTHA Sagun	NEP	ROZYYEV Muhammet	TKM	PTF	2:0
wuxi-world-championships-2025	Senior Men -68kg	R128	202	LANDOU Jeremie kevin promesse	GAB	GONZALEZ Wander	DOM	PTF	2:1
wuxi-world-championships-2025	Senior Men -68kg	R128	301	ZEINOUN Michel	LBN	ABDULREHEEM Fawaz	KUW	WDR	
wuxi-world-championships-2025	Senior Men -68kg	R128	302	SEONG Yuhyeon	KOR	DOEBE Samero	SUR	PTF	2:0
wuxi-world-championships-2025	Senior Men -68kg	R128	401	CANTERO BENITEZ Brian jose	CUB	PITA James	VAN	PTF	2:0
wuxi-world-championships-2025	Senior Men -68kg	R128	402	CAZAS RAMIREZ Daniel a.	BOL	MOALA Venilaite samuel otto	TGA	PTF	2:0
wuxi-world-championships-2025	Senior Men -68kg	R128	501	IURLARO Ludovico	ITA	OGUZ Niklas kristiansen	NOR	PTF	2:0
wuxi-world-championships-2025	Senior Men -68kg	R64	107	HOWELL Matthew	GBR	SHRESTHA Sagun	NEP	PTF	2:0
wuxi-world-championships-2025	Senior Men -68kg	R64	108	DJONKO Muhamed	BIH	TIRANVALIPOUR Hadi	TRT	PTF	2:1
wuxi-world-championships-2025	Senior Men -68kg	R64	109	TCAKOEV Sarmat	AIN	DEHGHANI Mohammad sadegh	IRI	PTF	2:0
wuxi-world-championships-2025	Senior Men -68kg	R64	110	ALHALAWANI Zaid	JOR	REIS Tiago	POR	PTF	2:0
wuxi-world-championships-2025	Senior Men -68kg	R64	111	SEONG Yuhyeon	KOR	ERER Berkay	TUR	PTF	2:0
wuxi-world-championships-2025	Senior Men -68kg	R64	112	BYSTROV Volodymyr	UKR	LAO Nusair	PHI	PTF	2:0
wuxi-world-championships-2025	Senior Men -68kg	R64	206	TUBTIMDANG Banlung	THA	BIRZEEQ Najimuldin	LBA	PTF	2:0
wuxi-world-championships-2025	Senior Men -68kg	R64	207	LO Mouhamadou mansour	SEN	SHIRALIYEV Riyad	AZE	PTF	2:1
wuxi-world-championships-2025	Senior Men -68kg	R64	208	BOUJEMAI Fares	TUN	ZIAD Diaa	PLE	PTF	2:0
wuxi-world-championships-2025	Senior Men -68kg	R64	209	DIAO Lixingjun	CHN	IURLARO Ludovico	ITA	PTF	2:0
wuxi-world-championships-2025	Senior Men -68kg	R64	210	RODRIGUEZ Maikol	USA	BIN QASIM Ahmed waleed	KSA	PTF	2:1
wuxi-world-championships-2025	Senior Men -68kg	R64	211	CHRZANOWSKI Mateusz	POL	AVILA GONZALEZ Daniel alejandro	MEX	PTF	2:1
wuxi-world-championships-2025	Senior Men -68kg	R64	212	PANAGOPOULOS Apostolos	GRE	KHOMANI Reda	MAR	PTF	2:0
wuxi-world-championships-2025	Senior Men -68kg	R64	306	NIKOLOVSKI Xavier	AUS	YACOUBA Ismael	NIG	PTF	2:0
wuxi-world-championships-2025	Senior Men -68kg	R64	307	TSURUOKA Rei	JPN	HOLLAND Edward	SLE	PTF	2:0
wuxi-world-championships-2025	Senior Men -68kg	R64	308	CREP Matija	CRO	MYLLYNEN Niko	FIN	PTF	2:0
wuxi-world-championships-2025	Senior Men -68kg	R64	309	VYKOV Amir	AIN	JENKINS Ethan	CAN	PTF	2:0
wuxi-world-championships-2025	Senior Men -68kg	R64	310	HYTTEL Tobias	DEN	ABBASI Ali reza	TRT	PTF	2:1
wuxi-world-championships-2025	Senior Men -68kg	R64	311	ACUNA Jose luis	ARG	CALIK Enis	GER	PTF	2:0
wuxi-world-championships-2025	Senior Men -68kg	R64	312	LUCIEN Theo	FRA	CAZAS RAMIREZ Daniel a.	BOL	PTF	2:0
wuxi-world-championships-2025	Senior Men -68kg	R64	406	SHULENOV Damir	KAZ	KRIVISHKIY Nimrod	ISR	PTF	2:1
wuxi-world-championships-2025	Senior Men -68kg	R64	407	JORQUERA CALA Joan	ESP	ZEINOUN Michel	LBN	PTF	2:0
wuxi-world-championships-2025	Senior Men -68kg	R64	408	OLIVERO TORO Cristian	CHI	AGUSHI Elion	KOS	PTF	2:0
wuxi-world-championships-2025	Senior Men -68kg	R64	409	TUKHLIBOEV Diyorbek	UZB	ZAIN Hikmatullah	AFG	PTF	2:1
wuxi-world-championships-2025	Senior Men -68kg	R64	410	GARRIDO REYES Jhon deivi	COL	COULIBALY Sekou	LUX	PTF	2:0
wuxi-world-championships-2025	Senior Men -68kg	R64	411	KRAJISNIK Zarko	SRB	NEYI Esrom	TRT	PTF	2:0
wuxi-world-championships-2025	Senior Men -68kg	R64	506	ZEHETNER Felix	AUT	SPEIGHT Leo	ISL	PTF	2:0
wuxi-world-championships-2025	Senior Men -68kg	R64	507	CANTERO BENITEZ Brian jose	CUB	SOUZA DINIZ Joao victor	BRA	PTF	2:0
wuxi-world-championships-2025	Senior Men -68kg	R64	508	STAMENOV Stefan	BUL	ALIAN Ali	SWE	PTF	2:0
wuxi-world-championships-2025	Senior Men -68kg	R64	509	KURMANALIEV Eldar	KGZ	LO Wai fung	HKG	PTF	2:0
wuxi-world-championships-2025	Senior Men -68kg	R64	510	MAIGA Ibrahim	BUR	LANDOU Jeremie kevin promesse	GAB	PTF	2:1
wuxi-world-championships-2025	Senior Men -68kg	R64	511	LOPEZ BATE Matias	URU	HSU Hao-yu	TPE	PTF	2:1
wuxi-world-championships-2025	Senior Men -68kg	R32	116	SHULENOV Damir	KAZ	ZEHETNER Felix	AUT	PTF	2:1
wuxi-world-championships-2025	Senior Men -68kg	R32	117	OLIVERO TORO Cristian	CHI	STAMENOV Stefan	BUL	PTF	2:1
wuxi-world-championships-2025	Senior Men -68kg	R32	118	MAIGA Ibrahim	BUR	GARRIDO REYES Jhon deivi	COL	PTF	2:1
wuxi-world-championships-2025	Senior Men -68kg	R32	216	LO Mouhamadou mansour	SEN	HOWELL Matthew	GBR	PTF	2:0
wuxi-world-championships-2025	Senior Men -68kg	R32	217	DIAO Lixingjun	CHN	TCAKOEV Sarmat	AIN	PTF	2:0
wuxi-world-championships-2025	Senior Men -68kg	R32	218	SEONG Yuhyeon	KOR	CHRZANOWSKI Mateusz	POL	PTF	2:0
wuxi-world-championships-2025	Senior Men -68kg	R32	316	JORQUERA CALA Joan	ESP	TSURUOKA Rei	JPN	PTF	2:0
wuxi-world-championships-2025	Senior Men -68kg	R32	317	TUKHLIBOEV Diyorbek	UZB	VYKOV Amir	AIN	PTF	2:0
wuxi-world-championships-2025	Senior Men -68kg	R32	318	KRAJISNIK Zarko	SRB	ACUNA Jose luis	ARG	PTF	2:1
wuxi-world-championships-2025	Senior Men -68kg	R32	416	CANTERO BENITEZ Brian jose	CUB	DJONKO Muhamed	BIH	PTF	2:0
wuxi-world-championships-2025	Senior Men -68kg	R32	417	ALHALAWANI Zaid	JOR	KURMANALIEV Eldar	KGZ	PTF	2:0
wuxi-world-championships-2025	Senior Men -68kg	R32	418	BYSTROV Volodymyr	UKR	LOPEZ BATE Matias	URU	PTF	2:0
wuxi-world-championships-2025	Senior Men -68kg	R32	515	TUBTIMDANG Banlung	THA	NIKOLOVSKI Xavier	AUS	PTF	2:1
wuxi-world-championships-2025	Senior Men -68kg	R32	516	CREP Matija	CRO	BOUJEMAI Fares	TUN	PTF	2:1
wuxi-world-championships-2025	Senior Men -68kg	R32	517	RODRIGUEZ Maikol	USA	HYTTEL Tobias	DEN	PTF	2:0
wuxi-world-championships-2025	Senior Men -68kg	R32	518	LUCIEN Theo	FRA	PANAGOPOULOS Apostolos	GRE	PTF	2:1
wuxi-world-championships-2025	Senior Men -68kg	R16	121	CREP Matija	CRO	CANTERO BENITEZ Brian jose	CUB	PTF	2:0
wuxi-world-championships-2025	Senior Men -68kg	R16	122	LUCIEN Theo	FRA	BYSTROV Volodymyr	UKR	PTF	2:0
wuxi-world-championships-2025	Senior Men -68kg	R16	221	OLIVERO TORO Cristian	CHI	DIAO Lixingjun	CHN	PTF	2:1
wuxi-world-championships-2025	Senior Men -68kg	R16	321	TUKHLIBOEV Diyorbek	UZB	ALHALAWANI Zaid	JOR	PTF	2:0
wuxi-world-championships-2025	Senior Men -68kg	R16	420	TUBTIMDANG Banlung	THA	SHULENOV Damir	KAZ	PTF	2:1
wuxi-world-championships-2025	Senior Men -68kg	R16	421	RODRIGUEZ Maikol	USA	MAIGA Ibrahim	BUR	PTF	2:1
wuxi-world-championships-2025	Senior Men -68kg	R16	520	LO Mouhamadou mansour	SEN	JORQUERA CALA Joan	ESP	PTF	2:1
wuxi-world-championships-2025	Senior Men -68kg	R16	521	SEONG Yuhyeon	KOR	KRAJISNIK Zarko	SRB	PTF	2:1
wuxi-world-championships-2025	Senior Men -68kg	QF	123	TUBTIMDANG Banlung	THA	LO Mouhamadou mansour	SEN	PTF	2:0
wuxi-world-championships-2025	Senior Men -68kg	QF	223	CREP Matija	CRO	OLIVERO TORO Cristian	CHI	PTF	2:0
wuxi-world-championships-2025	Senior Men -68kg	QF	323	RODRIGUEZ Maikol	USA	TUKHLIBOEV Diyorbek	UZB	PTF	2:1
wuxi-world-championships-2025	Senior Men -68kg	QF	423	SEONG Yuhyeon	KOR	LUCIEN Theo	FRA	PTF	2:0
wuxi-world-championships-2025	Senior Men -68kg	SF	326	TUBTIMDANG Banlung	THA	CREP Matija	CRO	PTF	2:0
wuxi-world-championships-2025	Senior Men -68kg	SF	327	SEONG Yuhyeon	KOR	RODRIGUEZ Maikol	USA	PTF	2:1
wuxi-world-championships-2025	Senior Men -68kg	F	329	TUBTIMDANG Banlung	THA	SEONG Yuhyeon	KOR	PTF	2:0
wuxi-world-championships-2025	Senior Men -74kg	R128	101	PIE Bernardo	DOM	SADR ZADA Bizhan	AFG	PTF	2:0
wuxi-world-championships-2025	Senior Men -74kg	R128	201	BROWN Nathaniel	ZIM	STEVEN Izaac saeed	SSD	PTF	2:1
wuxi-world-championships-2025	Senior Men -74kg	R128	301	SALIFOU TAHIROU Abdoul Malik	NIG	BOUAJAJ Othman	MAR	PTF	2:1
wuxi-world-championships-2025	Senior Men -74kg	R128	401	FARHAT Ahmad	LBN	. Ashish	IND	PTF	2:1
wuxi-world-championships-2025	Senior Men -74kg	R64	105	PIE Bernardo	DOM	KINTSURASHVILI Zurab	GEO	PTF	2:1
wuxi-world-championships-2025	Senior Men -74kg	R64	106	MANGIONE Angelo	ITA	MORADI Erfan	TRT	PTF	2:1
wuxi-world-championships-2025	Senior Men -74kg	R64	107	KANG Jaegwon	KOR	CHUMACHENKO Andrii	UKR	PTF	2:1
wuxi-world-championships-2025	Senior Men -74kg	R64	108	CAI Zhaoxun	CHN	BROWN Nathaniel	ZIM	PTF	2:0
wuxi-world-championships-2025	Senior Men -74kg	R64	109	SITTEK Tomas	CZE	TAM Ching nam	HKG	PTF	2:0
wuxi-world-championships-2025	Senior Men -74kg	R64	110	BABAKHIN Artsiom	AIN	SAHITI Mal	KOS	PTF	2:0
wuxi-world-championships-2025	Senior Men -74kg	R64	111	CAMMAERTS Andes	BEL	VESTERLUND Linus	SWE	PTF	2:1
wuxi-world-championships-2025	Senior Men -74kg	R64	205	BEKASSYL Yergesh	KAZ	PROCOPCIUC Lucian	POR	PTF	2:0
wuxi-world-championships-2025	Senior Men -74kg	R64	206	AGHAYEV Javad	AZE	CUDNOCH Lukasz	POL	PTF	2:0
wuxi-world-championships-2025	Senior Men -74kg	R64	207	GOLUBIC Marko	CRO	DAVASON Hogni	FRO	PTF	2:0
wuxi-world-championships-2025	Senior Men -74kg	R64	208	TAKOV Stefan	SRB	SALIFOU TAHIROU Abdoul Malik	NIG	PTF	2:0
wuxi-world-championships-2025	Senior Men -74kg	R64	209	SOTO ARRIETA Juan jose	WT	DOYLE Ryan	IRL	PTF	2:0
wuxi-world-championships-2025	Senior Men -74kg	R64	210	MAMOUDOU Ibrahim	TOG	IORSS Rahiti	FPO	PTF	2:0
wuxi-world-championships-2025	Senior Men -74kg	R64	211	RODRIGUES Victor	USA	FARHAT Ahmad	LBN	PTF	2:0
wuxi-world-championships-2025	Senior Men -74kg	R64	305	FLOUSKOUNIS Charalampos	GRE	SUSILO Arya danu	INA	PTF	2:1
wuxi-world-championships-2025	Senior Men -74kg	R64	306	BAKHTIARI Amir sina	IRI	PHROMPATJU Krittayot	THA	PTF	2:1
wuxi-world-championships-2025	Senior Men -74kg	R64	307	HUSIC Benjamin	BIH	BHANDARI Aashis	NEP	PTF	2:1
wuxi-world-championships-2025	Senior Men -74kg	R64	308	EISSA Rami	EGY	CEA Dave	PHI	PTF	2:0
wuxi-world-championships-2025	Senior Men -74kg	R64	309	MUSKEVITS Aleksandr	EST	JOZSA Levente mark	HUN	WDR	
wuxi-world-championships-2025	Senior Men -74kg	R64	310	HSIEH Tsung yu	TPE	GIL LOPEZ Damian steven	COL	PTF	2:0
wuxi-world-championships-2025	Senior Men -74kg	R64	405	KORPE Omer furkan	TUR	CRESCENTINI Stefano	SMR	PTF	2:0
wuxi-world-championships-2025	Senior Men -74kg	R64	406	PONTES Edival	BRA	WATENE Maxwell	COK	PTF	2:0
wuxi-world-championships-2025	Senior Men -74kg	R64	407	MOUSSA Amar cisse	GAB	ROMMEL DIAZ Luis ricardo	PER	PTF	2:0
wuxi-world-championships-2025	Senior Men -74kg	R64	408	BOURIEL Ayoub	CAN	HAMEDI Tareg ali m	KSA	PTF	2:1
wuxi-world-championships-2025	Senior Men -74kg	R64	409	JORGENSEN Otto	DEN	VALENTINA Fred	SOL	PTF	2:0
wuxi-world-championships-2025	Senior Men -74kg	R64	410	KATOH Takato	JPN	LALOAN Sean jaylen	HAI	PTF	2:0
wuxi-world-championships-2025	Senior Men -74kg	R64	505	QUESADA BARRERA Daniel	ESP	NIKOLAOU Nikolas	CYP	PTF	2:0
wuxi-world-championships-2025	Senior Men -74kg	R64	506	KAREEM Zaid	JOR	FOFANA Mohamed	MLI	PTF	2:1
wuxi-world-championships-2025	Senior Men -74kg	R64	507	RAGHEB Taye	AUS	GONZALEZ GOMEZ Federico	URU	WDR	2:0
wuxi-world-championships-2025	Senior Men -74kg	R64	508	KOSIMKHOJIEV Najmiddin	UZB	ABONGNI Yao ariel ephraim	CIV	PTF	2:0
wuxi-world-championships-2025	Senior Men -74kg	R64	509	ABDUSALAMOV Magomed	AIN	PINAS Samaki	SUR	PTF	2:0
wuxi-world-championships-2025	Senior Men -74kg	R64	510	NAVA Ruben	MEX	SECK Cheikhouna	SEN	PTF	2:0
wuxi-world-championships-2025	Senior Men -74kg	R32	115	MANGIONE Angelo	ITA	QUESADA BARRERA Daniel	ESP	PTF	2:1
wuxi-world-championships-2025	Senior Men -74kg	R32	116	CAI Zhaoxun	CHN	RAGHEB Taye	AUS	PTF	2:0
wuxi-world-championships-2025	Senior Men -74kg	R32	117	ABDUSALAMOV Magomed	AIN	BABAKHIN Artsiom	AIN	PTF	2:0
wuxi-world-championships-2025	Senior Men -74kg	R32	215	BAKHTIARI Amir sina	IRI	AGHAYEV Javad	AZE	PTF	2:0
wuxi-world-championships-2025	Senior Men -74kg	R32	216	EISSA Rami	EGY	TAKOV Stefan	SRB	PTF	2:0
wuxi-world-championships-2025	Senior Men -74kg	R32	217	MAMOUDOU Ibrahim	TOG	HSIEH Tsung yu	TPE	PTF	2:0
wuxi-world-championships-2025	Senior Men -74kg	R32	315	PONTES Edival	BRA	KAREEM Zaid	JOR	PTF	2:0
wuxi-world-championships-2025	Senior Men -74kg	R32	316	KOSIMKHOJIEV Najmiddin	UZB	BOURIEL Ayoub	CAN	PTF	2:0
wuxi-world-championships-2025	Senior Men -74kg	R32	317	NAVA Ruben	MEX	KATOH Takato	JPN	PTF	2:0
wuxi-world-championships-2025	Senior Men -74kg	R32	414	BEKASSYL Yergesh	KAZ	PIE Bernardo	DOM	PTF	2:1
wuxi-world-championships-2025	Senior Men -74kg	R32	415	GOLUBIC Marko	CRO	KANG Jaegwon	KOR	PTF	2:0
wuxi-world-championships-2025	Senior Men -74kg	R32	416	SITTEK Tomas	CZE	SOTO ARRIETA Juan jose	WT	PTF	2:1
wuxi-world-championships-2025	Senior Men -74kg	R32	417	RODRIGUES Victor	USA	CAMMAERTS Andes	BEL	PTF	2:0
wuxi-world-championships-2025	Senior Men -74kg	R32	514	KORPE Omer furkan	TUR	FLOUSKOUNIS Charalampos	GRE	PTF	2:1
wuxi-world-championships-2025	Senior Men -74kg	R32	515	HUSIC Benjamin	BIH	MOUSSA Amar cisse	GAB	PTF	2:1
wuxi-world-championships-2025	Senior Men -74kg	R32	516	JORGENSEN Otto	DEN	MUSKEVITS Aleksandr	EST	PTF	2:0
wuxi-world-championships-2025	Senior Men -74kg	R16	120	CAI Zhaoxun	CHN	HUSIC Benjamin	BIH	PTF	2:0
wuxi-world-championships-2025	Senior Men -74kg	R16	220	KOSIMKHOJIEV Najmiddin	UZB	EISSA Rami	EGY	PTF	2:1
wuxi-world-championships-2025	Senior Men -74kg	R16	319	BEKASSYL Yergesh	KAZ	KORPE Omer furkan	TUR	PTF	2:1
wuxi-world-championships-2025	Senior Men -74kg	R16	320	JORGENSEN Otto	DEN	SITTEK Tomas	CZE	PTF	2:0
wuxi-world-championships-2025	Senior Men -74kg	R16	419	BAKHTIARI Amir sina	IRI	MANGIONE Angelo	ITA	PTF	2:1
wuxi-world-championships-2025	Senior Men -74kg	R16	420	ABDUSALAMOV Magomed	AIN	MAMOUDOU Ibrahim	TOG	PTF	2:0
wuxi-world-championships-2025	Senior Men -74kg	R16	519	PONTES Edival	BRA	GOLUBIC Marko	CRO	PTF	2:1
wuxi-world-championships-2025	Senior Men -74kg	R16	520	RODRIGUES Victor	USA	NAVA Ruben	MEX	PTF	2:1
wuxi-world-championships-2025	Senior Men -74kg	QF	122	PONTES Edival	BRA	CAI Zhaoxun	CHN	PTF	2:0
wuxi-world-championships-2025	Senior Men -74kg	QF	222	KOSIMKHOJIEV Najmiddin	UZB	JORGENSEN Otto	DEN	PTF	2:0
wuxi-world-championships-2025	Senior Men -74kg	QF	322	ABDUSALAMOV Magomed	AIN	RODRIGUES Victor	USA	PTF	2:0
wuxi-world-championships-2025	Senior Men -74kg	QF	521	BAKHTIARI Amir sina	IRI	BEKASSYL Yergesh	KAZ	PTF	2:0
wuxi-world-championships-2025	Senior Men -74kg	SF	325	PONTES Edival	BRA	BAKHTIARI Amir sina	IRI	PTF	2:0
wuxi-world-championships-2025	Senior Men -74kg	SF	326	KOSIMKHOJIEV Najmiddin	UZB	ABDUSALAMOV Magomed	AIN	PTF	2:1
wuxi-world-championships-2025	Senior Men -74kg	F	328	KOSIMKHOJIEV Najmiddin	UZB	PONTES Edival	BRA	PTF	2:0
wuxi-world-championships-2025	Senior Men -80kg	R64	104	SWEENEY Liam	AUS	SEALY. Brandon	JAM	PTF	2:0
wuxi-world-championships-2025	Senior Men -80kg	R64	105	ALADARBI Mohammad	JOR	DZHORDZHEV Mitko	BUL	PTF	2:0
wuxi-world-championships-2025	Senior Men -80kg	R64	106	GASHI Jon	KOS	TYAGI Shivansh	IND	PTF	2:0
wuxi-world-championships-2025	Senior Men -80kg	R64	107	HURNOV Kyrylo	UKR	OUMAROU Idrissa amadou	NIG	PTF	2:0
wuxi-world-championships-2025	Senior Men -80kg	R64	108	SAWADOGO Faysal	BUR	PRAKASH Nipesh	FIJ	PTF	2:0
wuxi-world-championships-2025	Senior Men -80kg	R64	204	ZARHOUTI Haitam	MAR	TANGAERE Kuao	NZL	PTF	2:0
wuxi-world-championships-2025	Senior Men -80kg	R64	205	THUNE Sebastian	NOR	SAHAK Omid	AFG	PTF	2:0
wuxi-world-championships-2025	Senior Men -80kg	R64	206	DAWOUD Omer	DEN	SULEYMANOV Taleh	AZE	RSC	1:1
wuxi-world-championships-2025	Senior Men -80kg	R64	207	MYTAREV Artem	AIN	JOCHMAN Adam	CZE	RSC	1:1
wuxi-world-championships-2025	Senior Men -80kg	R64	208	TURAVINAU Raman	AIN	POTVIN Maxime	CAN	PTF	2:0
wuxi-world-championships-2025	Senior Men -80kg	R64	304	GONZALEZ Alejandro	PUR	THIAM Abdoul bakhy	SEN	PTF	2:0
wuxi-world-championships-2025	Senior Men -80kg	R64	305	MARTINHO Manuel	POR	TREJOS SALAS Miguel	COL	PTF	2:1
wuxi-world-championships-2025	Senior Men -80kg	R64	306	HUSIC Nedzad	BIH	BARAL Abhishek	NEP	PTF	2:0
wuxi-world-championships-2025	Senior Men -80kg	R64	307	RAIHAN FADHILA Mhd	INA	MAIRAU Rainui	FPO	PTF	2:0
wuxi-world-championships-2025	Senior Men -80kg	R64	308	CHARALAMBOUS Evangelos	CYP	CECCARONI Michele	SMR	PTF	2:0
wuxi-world-championships-2025	Senior Men -80kg	R64	404	TOLEUGALI Batyrkhan	KAZ	RAWY Ahmad	EGY	PTF	2:0
wuxi-world-championships-2025	Senior Men -80kg	R64	405	BARKHORDARI Mehran	IRI	SOHUN Baboo soodarshansingh	MRI	PTF	2:0
wuxi-world-championships-2025	Senior Men -80kg	R64	406	ODINAEV Rustam	SRB	DAVIDSON Michael	GHA	PTF	2:0
wuxi-world-championships-2025	Senior Men -80kg	R64	407	CALDERON MARTINEZ Kelvin	CUB	CAMMAERTS Troy	BEL	PTF	2:0
wuxi-world-championships-2025	Senior Men -80kg	R64	408	CASAS GARCIA Iker	MEX	ANDRADE HERRERA Hassani	PER	PTF	2:0
wuxi-world-championships-2025	Senior Men -80kg	R64	504	SIGURJONSSON Gudmundur floki	ISL	HIDRI Ibrahim	ALB	PTF	2:0
wuxi-world-championships-2025	Senior Men -80kg	R64	505	PAPADOPOULOS Ioannis	GRE	MARTINEZ PERALTA Pedro luis	DOM	PTF	2:1
wuxi-world-championships-2025	Senior Men -80kg	R64	506	FERNANDEZ GARCIA Mikel	ESP	FARAJ Yusuf	LBN	PTF	2:0
wuxi-world-championships-2025	Senior Men -80kg	R64	507	KILIC Yigithan	TUR	ALHERAIS Bader I s l	KUW	PTF	2:0
wuxi-world-championships-2025	Senior Men -80kg	R32	113	SEO Geon-woo	KOR	ALADARBI Mohammad	JOR	PTF	2:1
wuxi-world-championships-2025	Senior Men -80kg	R32	114	CHURCHILL MARTINEZ Joaquin	CHI	HUSIC Nedzad	BIH	PTF	2:0
wuxi-world-championships-2025	Senior Men -80kg	R32	115	SAWADOGO Faysal	BUR	KILIC Yigithan	TUR	PTF	2:1
wuxi-world-championships-2025	Senior Men -80kg	R32	213	JAYSUNOV Jasurbek	UZB	THUNE Sebastian	NOR	PTF	2:0
wuxi-world-championships-2025	Senior Men -80kg	R32	214	ODINAEV Rustam	SRB	FERNANDEZ GARCIA Mikel	ESP	PTF	2:0
wuxi-world-championships-2025	Senior Men -80kg	R32	215	TURAVINAU Raman	AIN	CHARALAMBOUS Evangelos	CYP	PTF	2:0
wuxi-world-championships-2025	Senior Men -80kg	R32	312	KATOUSI Firas	TUN	SWEENEY Liam	AUS	PTF	2:0
wuxi-world-championships-2025	Senior Men -80kg	R32	313	BARKHORDARI Mehran	IRI	MARTINHO Manuel	POR	PTF	2:0
wuxi-world-championships-2025	Senior Men -80kg	R32	314	MYTAREV Artem	AIN	HURNOV Kyrylo	UKR	PTF	2:1
wuxi-world-championships-2025	Senior Men -80kg	R32	315	NICKOLAS CJ	USA	CASAS GARCIA Iker	MEX	PTF	2:0
wuxi-world-championships-2025	Senior Men -80kg	R32	412	ZARHOUTI Haitam	MAR	GONZALEZ Alejandro	PUR	PTF	2:0
wuxi-world-championships-2025	Senior Men -80kg	R32	413	PAPADOPOULOS Ioannis	GRE	GASHI Jon	KOS	PTF	2:1
wuxi-world-championships-2025	Senior Men -80kg	R32	414	KOVACIC Oscar	CRO	RAIHAN FADHILA Mhd	INA	PTF	2:0
wuxi-world-championships-2025	Senior Men -80kg	R32	512	TOLEUGALI Batyrkhan	KAZ	SIGURJONSSON Gudmundur floki	ISL	PTF	2:0
wuxi-world-championships-2025	Senior Men -80kg	R32	513	XIANG Qizhang	CHN	DAWOUD Omer	DEN	WDR	
wuxi-world-championships-2025	Senior Men -80kg	R32	514	RODRIGUES FERNANDES Henrique marques	BRA	CALDERON MARTINEZ Kelvin	CUB	PTF	2:0
wuxi-world-championships-2025	Senior Men -80kg	R16	121	XIANG Qizhang	CHN	PAPADOPOULOS Ioannis	GRE	PTF	2:0
wuxi-world-championships-2025	Senior Men -80kg	R16	221	CHURCHILL MARTINEZ Joaquin	CHI	ODINAEV Rustam	SRB	PTF	2:1
wuxi-world-championships-2025	Senior Men -80kg	R16	320	KATOUSI Firas	TUN	ZARHOUTI Haitam	MAR	PTF	2:0
wuxi-world-championships-2025	Senior Men -80kg	R16	321	MYTAREV Artem	AIN	KOVACIC Oscar	CRO	PTF	2:0
wuxi-world-championships-2025	Senior Men -80kg	R16	420	SEO Geon-woo	KOR	TOLEUGALI Batyrkhan	KAZ	PTF	2:0
wuxi-world-championships-2025	Senior Men -80kg	R16	421	RODRIGUES FERNANDES Henrique marques	BRA	SAWADOGO Faysal	BUR	PTF	2:0
wuxi-world-championships-2025	Senior Men -80kg	R16	520	BARKHORDARI Mehran	IRI	JAYSUNOV Jasurbek	UZB	PTF	2:1
wuxi-world-championships-2025	Senior Men -80kg	R16	521	NICKOLAS CJ	USA	TURAVINAU Raman	AIN	PTF	2:0
wuxi-world-championships-2025	Senior Men -80kg	QF	125	RODRIGUES FERNANDES Henrique marques	BRA	NICKOLAS CJ	USA	PTF	2:0
wuxi-world-championships-2025	Senior Men -80kg	QF	324	SEO Geon-woo	KOR	KATOUSI Firas	TUN	PTF	2:0
wuxi-world-championships-2025	Senior Men -80kg	QF	424	XIANG Qizhang	CHN	BARKHORDARI Mehran	IRI	PTF	2:0
wuxi-world-championships-2025	Senior Men -80kg	QF	524	MYTAREV Artem	AIN	CHURCHILL MARTINEZ Joaquin	CHI	PTF	2:1
wuxi-world-championships-2025	Senior Men -80kg	SF	328	XIANG Qizhang	CHN	SEO Geon-woo	KOR	PTF	2:1
wuxi-world-championships-2025	Senior Men -80kg	SF	329	RODRIGUES FERNANDES Henrique marques	BRA	MYTAREV Artem	AIN	PTF	2:1
wuxi-world-championships-2025	Senior Men -80kg	F	333	RODRIGUES FERNANDES Henrique marques	BRA	XIANG Qizhang	CHN	PTF	2:0
wuxi-world-championships-2025	Senior Men -87kg	R64	109	CHEN Liang-hsi	TPE	MOKHTARI Mohammad	TRT	PTF	2:0
wuxi-world-championships-2025	Senior Men -87kg	R64	110	NAVARRO Oscar	MEX	DASENT-THOMSON Daniel	TTO	PTF	2:0
wuxi-world-championships-2025	Senior Men -87kg	R64	111	STEWART Jobe	AUS	RIBEIRO Tiago	POR	PTF	2:0
wuxi-world-championships-2025	Senior Men -87kg	R64	209	MANSOURI Farzad	TRT	BILIC PAVLINOVIC Josip	CRO	PTF	2:0
wuxi-world-championships-2025	Senior Men -87kg	R64	210	PARK Woo hyeok	KOR	EBATA Hidenori	JPN	PTF	2:1
wuxi-world-championships-2025	Senior Men -87kg	R64	308	ANGAMAN Mederic emmanuel desire .	CIV	THEOCHAROUS Andreas	CYP	PTF	2:0
wuxi-world-championships-2025	Senior Men -87kg	R64	309	ELSHARABATY Saleh	JOR	HAMEDI Mohammad hesam	TRT	PTF	2:0
wuxi-world-championships-2025	Senior Men -87kg	R64	310	ZAKARIA Khouyyar	MAR	SOUMANO Youssouf	MLI	PTF	2:0
wuxi-world-championships-2025	Senior Men -87kg	R64	408	MYRZABAYEV Nurlan	KAZ	FARAJ Yamen	LBN	PTF	2:0
wuxi-world-championships-2025	Senior Men -87kg	R64	409	ALEJANDRO-VARGAS Diego	PUR	SHUKRAN Mohammad ashraf	AFG	PTF	2:1
wuxi-world-championships-2025	Senior Men -87kg	R64	410	KAMALOV Rafael	AIN	NAUVAL Ossanando	INA	PTF	2:0
wuxi-world-championships-2025	Senior Men -87kg	R64	508	HERNANDEZ Moises	DOM	STOJANOVIC Stefan	SRB	PTF	2:0
wuxi-world-championships-2025	Senior Men -87kg	R64	509	YURKOU Daniil	AIN	AMER ALI Hassan	DEN	PTF	2:0
wuxi-world-championships-2025	Senior Men -87kg	R64	510	. Rishabh	IND	ALKHAIBARI Ali mabruk s	KSA	PTF	2:1
wuxi-world-championships-2025	Senior Men -87kg	R32	118	SALAEV Shukhrat	UZB	MYRZABAYEV Nurlan	KAZ	PTF	2:0
wuxi-world-championships-2025	Senior Men -87kg	R32	119	LIU Zhaoyang	CHN	ALEJANDRO-VARGAS Diego	PUR	PTF	2:0
wuxi-world-championships-2025	Senior Men -87kg	R32	120	KAMALOV Rafael	AIN	ORDEMANN Richard andre	NOR	PTF	2:1
wuxi-world-championships-2025	Senior Men -87kg	R32	218	HERNANDEZ Moises	DOM	RODRIGUEZ Michael c.	USA	PTF	2:1
wuxi-world-championships-2025	Senior Men -87kg	R32	219	ALESSIO Simone	ITA	YURKOU Daniil	AIN	PTF	2:0
wuxi-world-championships-2025	Senior Men -87kg	R32	220	MARTINS SOARES Icaro miguel	BRA	. Rishabh	IND	PTF	2:0
wuxi-world-championships-2025	Senior Men -87kg	R32	318	PIATKOWSKI Szymon	POL	CHEN Liang-hsi	TPE	PTF	2:1
wuxi-world-championships-2025	Senior Men -87kg	R32	319	IFAOUI Motaz	TUN	NAVARRO Oscar	MEX	PTF	2:0
wuxi-world-championships-2025	Senior Men -87kg	R32	320	GAFAROV Eltaj	AZE	NUCI Erol	BIH	PTF	2:0
wuxi-world-championships-2025	Senior Men -87kg	R32	417	EISSA Seif	EGY	ANGAMAN Mederic emmanuel desire .	CIV	PTF	2:0
wuxi-world-championships-2025	Senior Men -87kg	R32	418	MANSOURI Farzad	TRT	BAILEY Kelen	HUN	PTF	2:0
wuxi-world-championships-2025	Senior Men -87kg	R32	419	YAZDANI Mohammad hossein	IRI	PARK Woo hyeok	KOR	PTF	2:1
wuxi-world-championships-2025	Senior Men -87kg	R32	420	HARBAR Artem	UKR	STEWART Jobe	AUS	PTF	2:0
wuxi-world-championships-2025	Senior Men -87kg	R32	517	ATESLI Orkun	TUR	THOLIOTIS Vasileios	GRE	PTF	2:0
wuxi-world-championships-2025	Senior Men -87kg	R32	518	ELSHARABATY Saleh	JOR	TROITINO AMOEDO Sergio	ESP	PTF	2:0
wuxi-world-championships-2025	Senior Men -87kg	R32	519	ZAKARIA Khouyyar	MAR	STEWART Jordan	CAN	PTF	2:0
wuxi-world-championships-2025	Senior Men -87kg	R16	124	EISSA Seif	EGY	ATESLI Orkun	TUR	PTF	2:0
wuxi-world-championships-2025	Senior Men -87kg	R16	125	YAZDANI Mohammad hossein	IRI	ZAKARIA Khouyyar	MAR	PTF	2:0
wuxi-world-championships-2025	Senior Men -87kg	R16	224	SALAEV Shukhrat	UZB	HERNANDEZ Moises	DOM	PTF	2:0
wuxi-world-championships-2025	Senior Men -87kg	R16	225	MARTINS SOARES Icaro miguel	BRA	KAMALOV Rafael	AIN	PTF	2:1
wuxi-world-championships-2025	Senior Men -87kg	R16	324	PIATKOWSKI Szymon	POL	MANSOURI Farzad	TRT	PTF	2:0
wuxi-world-championships-2025	Senior Men -87kg	R16	325	HARBAR Artem	UKR	GAFAROV Eltaj	AZE	PTF	2:0
wuxi-world-championships-2025	Senior Men -87kg	R16	424	ELSHARABATY Saleh	JOR	LIU Zhaoyang	CHN	PTF	2:0
wuxi-world-championships-2025	Senior Men -87kg	R16	524	ALESSIO Simone	ITA	IFAOUI Motaz	TUN	PTF	2:0
wuxi-world-championships-2025	Senior Men -87kg	QF	227	EISSA Seif	EGY	SALAEV Shukhrat	UZB	PTF	2:1
wuxi-world-championships-2025	Senior Men -87kg	QF	327	PIATKOWSKI Szymon	POL	ELSHARABATY Saleh	JOR	PTF	2:0
wuxi-world-championships-2025	Senior Men -87kg	QF	427	ALESSIO Simone	ITA	YAZDANI Mohammad hossein	IRI	PTF	2:1
wuxi-world-championships-2025	Senior Men -87kg	QF	527	HARBAR Artem	UKR	MARTINS SOARES Icaro miguel	BRA	PTF	2:1
wuxi-world-championships-2025	Senior Men -87kg	SF	332	EISSA Seif	EGY	PIATKOWSKI Szymon	POL	PTF	2:0
wuxi-world-championships-2025	Senior Men -87kg	SF	333	ALESSIO Simone	ITA	HARBAR Artem	UKR	PTF	2:0
wuxi-world-championships-2025	Senior Men -87kg	F	336	EISSA Seif	EGY	ALESSIO Simone	ITA	PTF	2:1
wuxi-world-championships-2025	Senior Men +87kg	R64	106	SEYE Seydina limamou laye	SEN	SAIDI Isa	AUT	RSC	2:0
wuxi-world-championships-2025	Senior Men +87kg	R64	107	ATESLI Emre kutalmis	TUR	THIAM Mamadou bassirou	CAN	WDR	2:0
wuxi-world-championships-2025	Senior Men +87kg	R64	206	AMIRI Ali akbar	AFG	SILVA GUTIERREZ Cesar daniel	COL	PTF	2:0
wuxi-world-championships-2025	Senior Men +87kg	R64	207	KYRILLOS Charbel	LBN	ANN Alasan	GAM	PTF	2:1
wuxi-world-championships-2025	Senior Men +87kg	R64	305	ALVAREZ Luis	VEN	HOLDER Chioke	BAR	PTF	2:0
wuxi-world-championships-2025	Senior Men +87kg	R64	306	LAURENT Jonathan	MRN	SOULEYMANE Seyni seidou	NIG	DSQ	
wuxi-world-championships-2025	Senior Men +87kg	R64	307	GOICOCHEA HENRY Yoikel daniel	CUB	SOULIMANI Ilir	SUI	PTF	2:0
wuxi-world-championships-2025	Senior Men +87kg	R64	405	BOZIC Pasko	CRO	PINHEIRO Daniel	POR	PTF	2:0
wuxi-world-championships-2025	Senior Men +87kg	R64	406	ALVES JESUS Pedro arthur	BRA	SINGH Shiva	IND	PTF	2:0
wuxi-world-championships-2025	Senior Men +87kg	R64	505	ELASBI Soufiane	MAR	GOMIS Paivou johnouario	GBS	PTF	2:0
wuxi-world-championships-2025	Senior Men +87kg	R64	506	ESSOGHO Alexandre	GAB	MAI-APA Raihau	FPO	PTF	2:0
wuxi-world-championships-2025	Senior Men +87kg	R32	111	HUANG Yu-jen	TPE	MICHOPOULOS Sotirios	GRE	PTF	2:0
wuxi-world-championships-2025	Senior Men +87kg	R32	112	EL YAZIDI Omar	FRA	DIVKOVIC Patrik	SLO	PTF	2:0
wuxi-world-championships-2025	Senior Men +87kg	R32	113	CUNNINGHAM Caden	GBR	ESSOGHO Alexandre	GAB	PTF	2:0
wuxi-world-championships-2025	Senior Men +87kg	R32	211	KABLAN Beibarys	KAZ	BOZIC Pasko	CRO	PTF	2:0
wuxi-world-championships-2025	Senior Men +87kg	R32	212	WANG Yaoxi	CHN	AMIRI Ali akbar	AFG	PTF	2:0
wuxi-world-championships-2025	Senior Men +87kg	R32	213	AIUKAEV Rafail	AIN	ATESLI Emre kutalmis	TUR	PTF	2:0
wuxi-world-championships-2025	Senior Men +87kg	R32	311	SANSORES Carlos	MEX	ELASBI Soufiane	MAR	PTF	2:1
wuxi-world-championships-2025	Senior Men +87kg	R32	312	MAVLONOV Marat	UZB	LAURENT Jonathan	MRN	PTF	2:0
wuxi-world-championships-2025	Senior Men +87kg	R32	313	STILLEY Aiden	AUS	KYRILLOS Charbel	LBN	PTF	2:0
wuxi-world-championships-2025	Senior Men +87kg	R32	411	GARCIA MARTINEZ Ivan	ESP	SEYE Seydina limamou laye	SEN	PTF	2:1
wuxi-world-championships-2025	Senior Men +87kg	R32	412	MOLIN Mattia	ITA	PLONIS Artsiom	AIN	PTF	2:1
wuxi-world-championships-2025	Senior Men +87kg	R32	413	HARBAR Andrii	UKR	HAREMZA Krystian	POL	PTF	2:1
wuxi-world-championships-2025	Senior Men +87kg	R32	510	HEALY Jonathan	USA	ALVAREZ Luis	VEN	RSC	1:1
wuxi-world-championships-2025	Senior Men +87kg	R32	511	KANG Sanghyun	KOR	ANDREOU Petros	CYP	PTF	2:0
wuxi-world-championships-2025	Senior Men +87kg	R32	512	ESSAM MOHIUDDIN Abdullah	EGY	ALVES JESUS Pedro arthur	BRA	PTF	2:1
wuxi-world-championships-2025	Senior Men +87kg	R32	513	SALIMI Arian	IRI	GOICOCHEA HENRY Yoikel daniel	CUB	PTF	2:0
wuxi-world-championships-2025	Senior Men +87kg	R16	116	KANG Sanghyun	KOR	GARCIA MARTINEZ Ivan	ESP	PTF	2:1
wuxi-world-championships-2025	Senior Men +87kg	R16	117	HARBAR Andrii	UKR	SALIMI Arian	IRI	PTF	2:1
wuxi-world-championships-2025	Senior Men +87kg	R16	216	WANG Yaoxi	CHN	EL YAZIDI Omar	FRA	PTF	2:0
wuxi-world-championships-2025	Senior Men +87kg	R16	316	MAVLONOV Marat	UZB	MOLIN Mattia	ITA	PTF	2:0
wuxi-world-championships-2025	Senior Men +87kg	R16	415	HEALY Jonathan	USA	HUANG Yu-jen	TPE	PTF	2:0
wuxi-world-championships-2025	Senior Men +87kg	R16	416	CUNNINGHAM Caden	GBR	ESSAM MOHIUDDIN Abdullah	EGY	PTF	2:0
wuxi-world-championships-2025	Senior Men +87kg	R16	515	KABLAN Beibarys	KAZ	SANSORES Carlos	MEX	PTF	2:1
wuxi-world-championships-2025	Senior Men +87kg	R16	516	AIUKAEV Rafail	AIN	STILLEY Aiden	AUS	PTF	2:0
wuxi-world-championships-2025	Senior Men +87kg	QF	118	HEALY Jonathan	USA	KABLAN Beibarys	KAZ	PTF	2:0
wuxi-world-championships-2025	Senior Men +87kg	QF	218	KANG Sanghyun	KOR	WANG Yaoxi	CHN	PTF	2:0
wuxi-world-championships-2025	Senior Men +87kg	QF	318	CUNNINGHAM Caden	GBR	MAVLONOV Marat	UZB	PTF	2:0
wuxi-world-championships-2025	Senior Men +87kg	QF	418	AIUKAEV Rafail	AIN	HARBAR Andrii	UKR	PTF	2:0
wuxi-world-championships-2025	Senior Men +87kg	SF	321	KANG Sanghyun	KOR	HEALY Jonathan	USA	PTF	2:0
wuxi-world-championships-2025	Senior Men +87kg	SF	322	AIUKAEV Rafail	AIN	CUNNINGHAM Caden	GBR	PTF	2:0
wuxi-world-championships-2025	Senior Men +87kg	F	324	KANG Sanghyun	KOR	AIUKAEV Rafail	AIN	PTF	2:1
wuxi-world-championships-2025	Senior Women -46kg	R64	101	KOKKINOU Konstantina	CYP	MACK Sarah	AUS	PTF	2:1
wuxi-world-championships-2025	Senior Women -46kg	R64	102	RAMIREZ CONTRERAS Danna isabella	COL	ALKHAWAHR Rahmah abdulmanam a	KSA	PTF	2:0
wuxi-world-championships-2025	Senior Women -46kg	R64	103	LAU Tsz wan	HKG	GONZALEZ Samantha	MEX	PTF	2:0
wuxi-world-championships-2025	Senior Women -46kg	R64	201	LEE Ye-ji	KOR	RAI Santoshi	NEP	PTF	2:1
wuxi-world-championships-2025	Senior Women -46kg	R64	202	OROZCO Angelique	CAN	FALL Ngone	SEN	PTF	2:0
wuxi-world-championships-2025	Senior Women -46kg	R64	203	KUMARTAYEVA Aidana	KAZ	KRAJEWSKA Nikola	POL	PTF	2:0
wuxi-world-championships-2025	Senior Women -46kg	R64	301	PAPADOPOULOU Vasiliki	GRE	SARZA Clarence	PHI	PTF	2:0
wuxi-world-championships-2025	Senior Women -46kg	R64	302	HENI Ni kadek	INA	MUNKHTUGS Suvd-erdene	MGL	PTF	2:0
wuxi-world-championships-2025	Senior Women -46kg	R64	303	. Vaishnave	IND	FONSECA Caliana	USA	PTF	2:0
wuxi-world-championships-2025	Senior Women -46kg	R64	401	NIKOLAJEVA Stefani	EST	QUINTANA Valentina	GUA	PTF	2:0
wuxi-world-championships-2025	Senior Women -46kg	R64	402	DIAZ ARRIBAS Violeta	ESP	ZOGHBI Aicha	TUN	PTF	2:0
wuxi-world-championships-2025	Senior Women -46kg	R64	403	NASIRI DAROUNKOLA Saeideh	IRI	DA COSTA DA SILVA PINTO BELO Ana	TLS	PTF	2:0
wuxi-world-championships-2025	Senior Women -46kg	R64	501	SHONIYOZOVA Madina	UZB	DELLAN Virginia	VEN	PTF	2:1
wuxi-world-championships-2025	Senior Women -46kg	R64	502	ZAKARI ISSAKA Mariama	NIG	SAIGHI Lyamna	ALG	PTF	2:0
wuxi-world-championships-2025	Senior Women -46kg	R64	503	BAMA Ida kevine	BUR	NGUYEN Thi mai	VIE	PTF	2:1
wuxi-world-championships-2025	Senior Women -46kg	R32	110	MAKAS Dzejla	BIH	NIKOLAJEVA Stefani	EST	PTF	2:0
wuxi-world-championships-2025	Senior Women -46kg	R32	111	DIAZ ARRIBAS Violeta	ESP	CHOI Etta	GBR	PTF	2:0
wuxi-world-championships-2025	Senior Women -46kg	R32	112	NASIRI DAROUNKOLA Saeideh	IRI	AKBAROVA Minaya	AZE	PTF	2:0
wuxi-world-championships-2025	Senior Women -46kg	R32	209	HUANG Ying hsuan	TPE	KOKKINOU Konstantina	CYP	PTF	2:0
wuxi-world-championships-2025	Senior Women -46kg	R32	210	SILVA NAZARIO Julia	BRA	SHONIYOZOVA Madina	UZB	PTF	2:0
wuxi-world-championships-2025	Senior Women -46kg	R32	211	BAYECH Rivka	ISR	ZAKARI ISSAKA Mariama	NIG	PTF	2:1
wuxi-world-championships-2025	Senior Women -46kg	R32	212	BASSETT Jaycee	WT	BAMA Ida kevine	BUR	PTF	2:1
wuxi-world-championships-2025	Senior Women -46kg	R32	309	TOUZANI Farah	MAR	OKAMOTO Ruka	JPN	PTF	2:0
wuxi-world-championships-2025	Senior Women -46kg	R32	310	RAMIREZ CONTRERAS Danna isabella	COL	BRAJOVIC Iva	SRB	PTF	2:0
wuxi-world-championships-2025	Senior Women -46kg	R32	311	SALIM Kamilah	HUN	LAU Tsz wan	HKG	PTF	2:0
wuxi-world-championships-2025	Senior Women -46kg	R32	409	BEKULOVA Milana	AIN	LEE Ye-ji	KOR	PTF	2:0
wuxi-world-championships-2025	Senior Women -46kg	R32	410	WANG Shiyi	CHN	OROZCO Angelique	CAN	PTF	2:0
wuxi-world-championships-2025	Senior Women -46kg	R32	411	KUMARTAYEVA Aidana	KAZ	BARROSO Kiara	POR	PTF	2:0
wuxi-world-championships-2025	Senior Women -46kg	R32	509	POOLKERD Patcharakan	THA	PAPADOPOULOU Vasiliki	GRE	PTF	2:0
wuxi-world-championships-2025	Senior Women -46kg	R32	510	GOGEBAKAN Emine	TUR	HENI Ni kadek	INA	PTF	2:1
wuxi-world-championships-2025	Senior Women -46kg	R32	511	. Vaishnave	IND	TAMMILA Ida-elina	FIN	PTF	2:0
wuxi-world-championships-2025	Senior Women -46kg	R16	119	BEKULOVA Milana	AIN	POOLKERD Patcharakan	THA	PTF	2:1
wuxi-world-championships-2025	Senior Women -46kg	R16	120	KUMARTAYEVA Aidana	KAZ	. Vaishnave	IND	PTF	2:0
wuxi-world-championships-2025	Senior Women -46kg	R16	219	MAKAS Dzejla	BIH	SILVA NAZARIO Julia	BRA	PTF	2:0
wuxi-world-championships-2025	Senior Women -46kg	R16	220	BASSETT Jaycee	WT	NASIRI DAROUNKOLA Saeideh	IRI	PTF	2:0
wuxi-world-championships-2025	Senior Women -46kg	R16	319	WANG Shiyi	CHN	RAMIREZ CONTRERAS Danna isabella	COL	PTF	2:1
wuxi-world-championships-2025	Senior Women -46kg	R16	419	GOGEBAKAN Emine	TUR	DIAZ ARRIBAS Violeta	ESP	PTF	2:0
wuxi-world-championships-2025	Senior Women -46kg	R16	518	TOUZANI Farah	MAR	HUANG Ying hsuan	TPE	PTF	2:0
wuxi-world-championships-2025	Senior Women -46kg	R16	519	SALIM Kamilah	HUN	BAYECH Rivka	ISR	PTF	2:0
wuxi-world-championships-2025	Senior Women -46kg	QF	124	GOGEBAKAN Emine	TUR	SALIM Kamilah	HUN	PTF	2:0
wuxi-world-championships-2025	Senior Women -46kg	QF	224	KUMARTAYEVA Aidana	KAZ	BASSETT Jaycee	WT	PTF	2:0
wuxi-world-championships-2025	Senior Women -46kg	QF	423	BEKULOVA Milana	AIN	TOUZANI Farah	MAR	PTF	2:0
wuxi-world-championships-2025	Senior Women -46kg	QF	523	WANG Shiyi	CHN	MAKAS Dzejla	BIH	WDR	2:1
wuxi-world-championships-2025	Senior Women -46kg	SF	326	BEKULOVA Milana	AIN	WANG Shiyi	CHN	PTF	2:0
wuxi-world-championships-2025	Senior Women -46kg	SF	327	GOGEBAKAN Emine	TUR	KUMARTAYEVA Aidana	KAZ	PTF	2:0
wuxi-world-championships-2025	Senior Women -46kg	F	332	GOGEBAKAN Emine	TUR	BEKULOVA Milana	AIN	PTF	2:0
wuxi-world-championships-2025	Senior Women -49kg	R64	102	SUAREZ ESCOBEDO Alessandra	PER	BOUROGIANNI Konstantina eleni	GRE	PTF	2:1
wuxi-world-championships-2025	Senior Women -49kg	R64	103	PEREZ ESCALONA Marlyn	CUB	KHASANOVA Laylo	UZB	PTF	2:0
wuxi-world-championships-2025	Senior Women -49kg	R64	104	KRAJEWSKA Alicja	POL	KADEWERE Britney chipo	ZIM	PTF	2:0
wuxi-world-championships-2025	Senior Women -49kg	R64	105	RAMIREZ VARGAS Andrea	COL	MEDVEDEVA Galina	AIN	PTF	2:0
wuxi-world-championships-2025	Senior Women -49kg	R64	202	MATONTI Ilenia elisabetta	ITA	ISHAK Nadia aina syazwani	MAS	PTF	2:1
wuxi-world-championships-2025	Senior Women -49kg	R64	203	MOMENZADEH Mahla	IRI	KULA Karabo	BOT	RSC	2:0
wuxi-world-championships-2025	Senior Women -49kg	R64	204	DWI PUTRI Winda	INA	MAHATO Isha	NEP	PTF	2:0
wuxi-world-championships-2025	Senior Women -49kg	R64	205	MATA Maya	USA	BAT-ERDENE Uchral	MGL	PTF	2:1
wuxi-world-championships-2025	Senior Women -49kg	R64	302	GOODMAN Phoenix	GBR	LOUM Mame diarra bousso	SEN	PTF	2:0
wuxi-world-championships-2025	Senior Women -49kg	R64	303	ZAMBRANO MONTIEL Andrea mariana	MEX	TEMBE Naquira	MOZ	PTF	2:0
wuxi-world-championships-2025	Senior Women -49kg	R64	304	GOSCH CAMARGO Camilly	BRA	KAKADIYA Twisha	IND	PTF	2:0
wuxi-world-championships-2025	Senior Women -49kg	R64	305	DHAHRI Ikram	TUN	LAM Siu wai	HKG	PTF	2:0
wuxi-world-championships-2025	Senior Women -49kg	R64	402	LINAN PARDO Naiara	AND	ARMAH Henrietta	GHA	PTF	2:0
wuxi-world-championships-2025	Senior Women -49kg	R64	403	OKAZAKI Hinata	JPN	GRIPPOLI GAGLIARDO Maria sara	URU	PTF	2:0
wuxi-world-championships-2025	Senior Women -49kg	R64	404	MILIC Milica	SRB	RAMO Jenna	FIN	PTF	2:0
wuxi-world-championships-2025	Senior Women -49kg	R64	502	TAMBYRAJAH Saffron	AUS	MAKAS Ejla	BIH	PTF	2:0
wuxi-world-championships-2025	Senior Women -49kg	R64	503	TRUONG Thi kim tuyen	VIE	OSMANOVA Samarrukh	AZE	PTF	2:0
wuxi-world-championships-2025	Senior Women -49kg	R64	504	BRYHIDA Erika	UKR	ABI HAYLA Demi	LBN	PTF	2:1
wuxi-world-championships-2025	Senior Women -49kg	R32	112	ATESLI Supharada	GER	SUAREZ ESCOBEDO Alessandra	PER	PTF	2:0
wuxi-world-championships-2025	Senior Women -49kg	R32	113	FOFANA Mah teninba	FRA	MOMENZADEH Mahla	IRI	PTF	2:0
wuxi-world-championships-2025	Senior Women -49kg	R32	114	KAFADAR Josipa	CAN	DWI PUTRI Winda	INA	PTF	2:0
wuxi-world-championships-2025	Senior Women -49kg	R32	115	LIU You-yun	TPE	DHAHRI Ikram	TUN	PTF	2:0
wuxi-world-championships-2025	Senior Women -49kg	R32	212	MATONTI Ilenia elisabetta	ITA	GOODMAN Phoenix	GBR	PTF	2:0
wuxi-world-championships-2025	Senior Women -49kg	R32	213	GEORGIEVA Aleksandra	BUL	ZAMBRANO MONTIEL Andrea mariana	MEX	PTF	2:1
wuxi-world-championships-2025	Senior Women -49kg	R32	214	AKHMEDOVA Nodira	KAZ	GOSCH CAMARGO Camilly	BRA	PTF	2:1
wuxi-world-championships-2025	Senior Women -49kg	R32	312	AKGUL Elif sude	TUR	LINAN PARDO Naiara	AND	PTF	2:0
wuxi-world-championships-2025	Senior Women -49kg	R32	313	FU Xiaolu	CHN	OKAZAKI Hinata	JPN	PTF	2:0
wuxi-world-championships-2025	Senior Women -49kg	R32	314	CEREZO IGLESIAS Adriana	ESP	MILIC Milica	SRB	PTF	2:0
wuxi-world-championships-2025	Senior Women -49kg	R32	412	TAMBYRAJAH Saffron	AUS	PETERSON Ceili	GUY	PTF	2:0
wuxi-world-championships-2025	Senior Women -49kg	R32	413	SEEKEN Kamonchanok	THA	TRUONG Thi kim tuyen	VIE	RSC	1:0
wuxi-world-championships-2025	Senior Women -49kg	R32	414	MANGIN Tachiana kezhia	PHI	BRYHIDA Erika	UKR	PTF	2:0
wuxi-world-championships-2025	Senior Women -49kg	R32	512	KIM Hyang-gi	KOR	PEREZ ESCALONA Marlyn	CUB	PTF	2:1
wuxi-world-championships-2025	Senior Women -49kg	R32	513	DAN (DANSHYNA) Oleksandra	ISR	KRAJEWSKA Alicja	POL	PTF	2:0
wuxi-world-championships-2025	Senior Women -49kg	R32	514	MATA Maya	USA	RAMIREZ VARGAS Andrea	COL	PTF	2:0
wuxi-world-championships-2025	Senior Women -49kg	R16	119	FU Xiaolu	CHN	GEORGIEVA Aleksandra	BUL	PTF	2:0
wuxi-world-championships-2025	Senior Women -49kg	R16	219	SEEKEN Kamonchanok	THA	DAN (DANSHYNA) Oleksandra	ISR	PTF	2:1
wuxi-world-championships-2025	Senior Women -49kg	R16	318	ATESLI Supharada	GER	MATONTI Ilenia elisabetta	ITA	PTF	2:1
wuxi-world-championships-2025	Senior Women -49kg	R16	319	AKHMEDOVA Nodira	KAZ	KAFADAR Josipa	CAN	PTF	2:1
wuxi-world-championships-2025	Senior Women -49kg	R16	418	AKGUL Elif sude	TUR	TAMBYRAJAH Saffron	AUS	PTF	2:0
wuxi-world-championships-2025	Senior Women -49kg	R16	419	CEREZO IGLESIAS Adriana	ESP	MANGIN Tachiana kezhia	PHI	PTF	2:0
wuxi-world-championships-2025	Senior Women -49kg	R16	518	KIM Hyang-gi	KOR	FOFANA Mah teninba	FRA	PTF	2:0
wuxi-world-championships-2025	Senior Women -49kg	R16	519	LIU You-yun	TPE	MATA Maya	USA	PTF	2:0
wuxi-world-championships-2025	Senior Women -49kg	QF	122	AKHMEDOVA Nodira	KAZ	SEEKEN Kamonchanok	THA	PTF	2:0
wuxi-world-championships-2025	Senior Women -49kg	QF	222	LIU You-yun	TPE	CEREZO IGLESIAS Adriana	ESP	PTF	2:1
wuxi-world-championships-2025	Senior Women -49kg	QF	421	AKGUL Elif sude	TUR	ATESLI Supharada	GER	PTF	2:1
wuxi-world-championships-2025	Senior Women -49kg	QF	521	FU Xiaolu	CHN	KIM Hyang-gi	KOR	PTF	2:0
wuxi-world-championships-2025	Senior Women -49kg	SF	323	AKGUL Elif sude	TUR	FU Xiaolu	CHN	PTF	2:1
wuxi-world-championships-2025	Senior Women -49kg	SF	324	LIU You-yun	TPE	AKHMEDOVA Nodira	KAZ	PTF	2:0
wuxi-world-championships-2025	Senior Women -49kg	F	327	LIU You-yun	TPE	AKGUL Elif sude	TUR	PTF	2:1
wuxi-world-championships-2025	Senior Women -53kg	R64	102	ASIMI Adiba	GER	MOHD FIRDAUS Norumar	MAS	PTF	2:0
wuxi-world-championships-2025	Senior Women -53kg	R64	103	ZAYNIDDINOVA Laylo	UZB	LOUTSIOU Emily	CYP	PTF	2:1
wuxi-world-championships-2025	Senior Women -53kg	R64	104	DESYLLA Ioanna - stavroula	GRE	OLESZCZUK Lucja	POL	PTF	2:0
wuxi-world-championships-2025	Senior Women -53kg	R64	202	CANABAL Baby jessica	PHI	TAN Nichelle	SGP	PTF	2:0
wuxi-world-championships-2025	Senior Women -53kg	R64	203	FRASSICA Anna	ITA	ADEDAPO Eunice omolara	GHA	PTF	2:0
wuxi-world-championships-2025	Senior Women -53kg	R64	204	MCKEW Jodie	GBR	OYIBIGA BOUKANDOU Esther	GAB	PTF	2:0
wuxi-world-championships-2025	Senior Women -53kg	R64	302	TAKALE Shrutika ganesh	IND	HERBERTSON Reyna	AUS	PTF	2:0
wuxi-world-championships-2025	Senior Women -53kg	R64	303	PARK Hye jin	KOR	PATRATII Alesia	KGZ	PTF	2:0
wuxi-world-championships-2025	Senior Women -53kg	R64	304	NGUYEN Thi loan	VIE	PRIETO BERDUGO Angie natalia	COL	PTF	2:0
wuxi-world-championships-2025	Senior Women -53kg	R64	402	BASTOS Filipa	POR	SANGARE Mariam	MLI	PTF	2:1
wuxi-world-championships-2025	Senior Women -53kg	R64	403	VIGDOR Ariel	ISR	CRISOSTOMO Ana	PER	PTF	2:0
wuxi-world-championships-2025	Senior Women -53kg	R64	404	SUBBOTINA Anastasia	AIN	IBRAHIM Fathimath	MDV	PTF	2:0
wuxi-world-championships-2025	Senior Women -53kg	R64	501	HAMADATAHER HAROUNA Zeinab	NIG	MOGHAL Amna	NOR	PTF	2:1
wuxi-world-championships-2025	Senior Women -53kg	R64	502	DEHHAOUI Amina	MAR	FERRERIRA QUIRINO Nadia	MEX	PTF	2:0
wuxi-world-championships-2025	Senior Women -53kg	R64	503	BOU HABIB Mariella	LBN	VICTOR Nahomy	DOM	PTF	2:0
wuxi-world-championships-2025	Senior Women -53kg	R64	504	MAHESWARI Megawati	INA	VO Jayda	USA	PTF	2:0
wuxi-world-championships-2025	Senior Women -53kg	R32	112	KHAN Laila	CAN	TAKALE Shrutika ganesh	IND	PTF	2:0
wuxi-world-championships-2025	Senior Women -53kg	R32	113	PEREZ PARRADO Alma maria	ESP	PARK Hye jin	KOR	PTF	2:1
wuxi-world-championships-2025	Senior Women -53kg	R32	114	JONGKOLRATTANAWATTANA Chutikan	THA	NGUYEN Thi loan	VIE	PTF	2:0
wuxi-world-championships-2025	Senior Women -53kg	R32	212	BOKAN Andrea	SRB	BASTOS Filipa	POR	PTF	2:0
wuxi-world-championships-2025	Senior Women -53kg	R32	213	SU Po-ya	TPE	VIGDOR Ariel	ISR	PTF	2:1
wuxi-world-championships-2025	Senior Women -53kg	R32	214	SUBBOTINA Anastasia	AIN	KARAJANOVA Aziza	KAZ	PTF	2:1
wuxi-world-championships-2025	Senior Women -53kg	R32	311	ABUTALEB Dunya ali m	KSA	HAMADATAHER HAROUNA Zeinab	NIG	PTF	2:0
wuxi-world-championships-2025	Senior Women -53kg	R32	312	DEHHAOUI Amina	MAR	KATOH Yuzuho	JPN	PTF	2:0
wuxi-world-championships-2025	Senior Women -53kg	R32	313	NEMATZADEH Mobina	IRI	BOU HABIB Mariella	LBN	PTF	2:0
wuxi-world-championships-2025	Senior Women -53kg	R32	314	KHATTAB Jana	EGY	MAHESWARI Megawati	INA	PTF	2:1
wuxi-world-championships-2025	Senior Women -53kg	R32	411	BEN AOUN Ouhoud	TUN	ASIMI Adiba	GER	PTF	2:0
wuxi-world-championships-2025	Senior Women -53kg	R32	412	ZAYNIDDINOVA Laylo	UZB	BARROS Nivea	BRA	PTF	2:0
wuxi-world-championships-2025	Senior Women -53kg	R32	413	DINCEL KAVURAT Merve	TUR	DESYLLA Ioanna - stavroula	GRE	PTF	2:0
wuxi-world-championships-2025	Senior Women -53kg	R32	511	CANABAL Baby jessica	PHI	SPEHAR Lea	CRO	PTF	2:0
wuxi-world-championships-2025	Senior Women -53kg	R32	512	ZHANG Chuling	CHN	FRASSICA Anna	ITA	PTF	2:1
wuxi-world-championships-2025	Senior Women -53kg	R32	513	MCKEW Jodie	GBR	AVDAGIC Ada	BIH	PTF	2:0
wuxi-world-championships-2025	Senior Women -53kg	R16	118	KHAN Laila	CAN	CANABAL Baby jessica	PHI	PTF	2:1
wuxi-world-championships-2025	Senior Women -53kg	R16	119	JONGKOLRATTANAWATTANA Chutikan	THA	MCKEW Jodie	GBR	PTF	2:1
wuxi-world-championships-2025	Senior Women -53kg	R16	218	DEHHAOUI Amina	MAR	BOKAN Andrea	SRB	PTF	2:0
wuxi-world-championships-2025	Senior Women -53kg	R16	219	KHATTAB Jana	EGY	SUBBOTINA Anastasia	AIN	PTF	2:1
wuxi-world-championships-2025	Senior Women -53kg	R16	318	ZHANG Chuling	CHN	ZAYNIDDINOVA Laylo	UZB	PTF	2:0
wuxi-world-championships-2025	Senior Women -53kg	R16	418	SU Po-ya	TPE	PEREZ PARRADO Alma maria	ESP	PTF	2:1
wuxi-world-championships-2025	Senior Women -53kg	R16	517	ABUTALEB Dunya ali m	KSA	BEN AOUN Ouhoud	TUN	PTF	2:0
wuxi-world-championships-2025	Senior Women -53kg	R16	518	DINCEL KAVURAT Merve	TUR	NEMATZADEH Mobina	IRI	PTF	2:0
wuxi-world-championships-2025	Senior Women -53kg	QF	121	ABUTALEB Dunya ali m	KSA	KHAN Laila	CAN	PTF	2:0
wuxi-world-championships-2025	Senior Women -53kg	QF	221	ZHANG Chuling	CHN	DEHHAOUI Amina	MAR	PTF	2:1
wuxi-world-championships-2025	Senior Women -53kg	QF	321	DINCEL KAVURAT Merve	TUR	SU Po-ya	TPE	PTF	2:1
wuxi-world-championships-2025	Senior Women -53kg	QF	421	KHATTAB Jana	EGY	JONGKOLRATTANAWATTANA Chutikan	THA	PTF	2:0
wuxi-world-championships-2025	Senior Women -53kg	SF	323	ABUTALEB Dunya ali m	KSA	ZHANG Chuling	CHN	PTF	2:0
wuxi-world-championships-2025	Senior Women -53kg	SF	324	DINCEL KAVURAT Merve	TUR	KHATTAB Jana	EGY	PTF	2:0
wuxi-world-championships-2025	Senior Women -53kg	F	327	DINCEL KAVURAT Merve	TUR	ABUTALEB Dunya ali m	KSA	PTF	2:0
wuxi-world-championships-2025	Senior Women -57kg	R64	101	CORREIA Leonor	POR	SO Yuen ting	HKG	PTF	2:1
wuxi-world-championships-2025	Senior Women -57kg	R64	102	TZELI Fani	GRE	HANSEN Kaja husby	NOR	PTF	2:0
wuxi-world-championships-2025	Senior Women -57kg	R64	103	KHORSHIDI Aida	TRT	ROBLES REVE Tamara	CUB	PTF	2:0
wuxi-world-championships-2025	Senior Women -57kg	R64	104	SMITH Teigan	GBR	GASHI Rona	KOS	PTF	2:0
wuxi-world-championships-2025	Senior Women -57kg	R64	105	PATAKFALVY Luca	HUN	ROSIN Pheline	NZL	PTF	2:0
wuxi-world-championships-2025	Senior Women -57kg	R64	201	HYMER Stacey	AUS	RAHMANI Ruqia	FIN	PTF	2:1
wuxi-world-championships-2025	Senior Women -57kg	R64	202	LAMANDA Silvana	INA	HRONOVA Dominika	CZE	PTF	2:0
wuxi-world-championships-2025	Senior Women -57kg	R64	203	THAKUR Aranaya	IND	HAMZIC Dzejna	BIH	PTF	2:0
wuxi-world-championships-2025	Senior Women -57kg	R64	204	KHIRFAN Fadia	JOR	SULBARAN Alexmar	VEN	PTF	2:0
wuxi-world-championships-2025	Senior Women -57kg	R64	205	TRAN Thi anh tuyet	VIE	SALGADO LANDA Zaira paulina	MEX	PTF	2:1
wuxi-world-championships-2025	Senior Women -57kg	R64	301	RODRIGUEZ MARQUINA Laura	ESP	MEI?TININKAIT? Gerda	LTU	PTF	2:0
wuxi-world-championships-2025	Senior Women -57kg	R64	302	AL HALWANI Giada	ITA	BONILLA CRUZ Andrialis ramona	DOM	PTF	2:0
wuxi-world-championships-2025	Senior Women -57kg	R64	303	AOUN Laetitia	LBN	ILONA RASNA Adam	COM	PTF	2:0
wuxi-world-championships-2025	Senior Women -57kg	R64	304	ROVITHIS Anastasia	GER	MAM Julie	CAM	PTF	2:0
wuxi-world-championships-2025	Senior Women -57kg	R64	401	KOSTENEVYCH Darya	UKR	TEGGERI Markella	CYP	PTF	2:0
wuxi-world-championships-2025	Senior Women -57kg	R64	402	ILGUN Hatice kubra	TUR	NAVUGA NAITASI Lolohea	FIJ	PTF	2:0
wuxi-world-championships-2025	Senior Women -57kg	R64	403	BLIZNIAKOVA Margarita	AIN	OUMAROU OUSMANE Nana	NIG	DSQ	
wuxi-world-championships-2025	Senior Women -57kg	R64	404	LISOWSKA Nikol	POL	HARNSUJIN Phannapa	THA	PTF	2:0
wuxi-world-championships-2025	Senior Women -57kg	R64	501	MERIEME Khoulal	MAR	SARR Ndeye maty	SEN	PTF	2:0
wuxi-world-championships-2025	Senior Women -57kg	R64	502	NISHIDA Mao	JPN	DANGANAN Czarina mae	PHI	PTF	2:1
wuxi-world-championships-2025	Senior Women -57kg	R64	503	MIRABZALOVA Madina	UZB	GRETARSDOTTIR Ingibjorg	ISL	PTF	2:0
wuxi-world-championships-2025	Senior Women -57kg	R64	504	SEVOSTYANOVA Mariya	KAZ	MAGASSA Coumba	GAB	PTF	2:0
wuxi-world-championships-2025	Senior Women -57kg	R32	108	KIYANICHANDEH Nahid	IRI	KOSTENEVYCH Darya	UKR	PTF	2:1
wuxi-world-championships-2025	Senior Women -57kg	R32	109	LUO Zongshi	CHN	KHORSHIDI Aida	TRT	PTF	2:0
wuxi-world-championships-2025	Senior Women -57kg	R32	110	VITKO Yuliya	AIN	ROVITHIS Anastasia	GER	PTF	2:0
wuxi-world-championships-2025	Senior Women -57kg	R32	208	DILLON Faith	USA	MERIEME Khoulal	MAR	PTF	2:0
wuxi-world-championships-2025	Senior Women -57kg	R32	209	CARABIN Kanelya	FRA	THAKUR Aranaya	IND	PTF	2:0
wuxi-world-championships-2025	Senior Women -57kg	R32	210	KARABATIC Nika	CRO	LISOWSKA Nikol	POL	PTF	2:0
wuxi-world-championships-2025	Senior Women -57kg	R32	308	TZELI Fani	GRE	PARK Skylar	CAN	PTF	2:0
wuxi-world-championships-2025	Senior Women -57kg	R32	309	BLIZNIAKOVA Margarita	AIN	AOUN Laetitia	LBN	PTF	2:0
wuxi-world-championships-2025	Senior Women -57kg	R32	310	SEVOSTYANOVA Mariya	KAZ	PATAKFALVY Luca	HUN	PTF	2:1
wuxi-world-championships-2025	Senior Women -57kg	R32	407	PACHECO Maria clara	BRA	CORREIA Leonor	POR	PTF	2:0
wuxi-world-championships-2025	Senior Women -57kg	R32	408	AL HALWANI Giada	ITA	LAMANDA Silvana	INA	PTF	2:0
wuxi-world-championships-2025	Senior Women -57kg	R32	409	MIRABZALOVA Madina	UZB	SMITH Teigan	GBR	PTF	2:1
wuxi-world-championships-2025	Senior Women -57kg	R32	410	KIM Yu-jin	KOR	TRAN Thi anh tuyet	VIE	PTF	2:0
wuxi-world-championships-2025	Senior Women -57kg	R32	507	RODRIGUEZ MARQUINA Laura	ESP	HYMER Stacey	AUS	PTF	2:0
wuxi-world-championships-2025	Senior Women -57kg	R32	508	ILGUN Hatice kubra	TUR	NISHIDA Mao	JPN	PTF	2:0
wuxi-world-championships-2025	Senior Women -57kg	R32	509	KHIRFAN Fadia	JOR	LIN Wei-chun	TPE	PTF	2:1
wuxi-world-championships-2025	Senior Women -57kg	R16	114	PACHECO Maria clara	BRA	RODRIGUEZ MARQUINA Laura	ESP	PTF	2:1
wuxi-world-championships-2025	Senior Women -57kg	R16	115	KHIRFAN Fadia	JOR	MIRABZALOVA Madina	UZB	PTF	2:0
wuxi-world-championships-2025	Senior Women -57kg	R16	214	DILLON Faith	USA	KIYANICHANDEH Nahid	IRI	PTF	2:0
wuxi-world-championships-2025	Senior Women -57kg	R16	215	KARABATIC Nika	CRO	VITKO Yuliya	AIN	PTF	2:1
wuxi-world-championships-2025	Senior Women -57kg	R16	314	TZELI Fani	GRE	AL HALWANI Giada	ITA	PTF	2:1
wuxi-world-championships-2025	Senior Women -57kg	R16	315	KIM Yu-jin	KOR	SEVOSTYANOVA Mariya	KAZ	PTF	2:0
wuxi-world-championships-2025	Senior Women -57kg	R16	414	LUO Zongshi	CHN	ILGUN Hatice kubra	TUR	PTF	2:0
wuxi-world-championships-2025	Senior Women -57kg	R16	514	CARABIN Kanelya	FRA	BLIZNIAKOVA Margarita	AIN	PTF	2:1
wuxi-world-championships-2025	Senior Women -57kg	QF	217	PACHECO Maria clara	BRA	DILLON Faith	USA	PTF	2:0
wuxi-world-championships-2025	Senior Women -57kg	QF	317	LUO Zongshi	CHN	TZELI Fani	GRE	PTF	2:0
wuxi-world-championships-2025	Senior Women -57kg	QF	417	KHIRFAN Fadia	JOR	CARABIN Kanelya	FRA	PTF	2:0
wuxi-world-championships-2025	Senior Women -57kg	QF	517	KIM Yu-jin	KOR	KARABATIC Nika	CRO	PTF	2:0
wuxi-world-championships-2025	Senior Women -57kg	SF	319	PACHECO Maria clara	BRA	LUO Zongshi	CHN	PTF	2:0
wuxi-world-championships-2025	Senior Women -57kg	SF	320	KIM Yu-jin	KOR	KHIRFAN Fadia	JOR	PTF	2:0
wuxi-world-championships-2025	Senior Women -57kg	F	323	PACHECO Maria clara	BRA	KIM Yu-jin	KOR	PTF	2:0
wuxi-world-championships-2025	Senior Women -62kg	R64	102	IORSS Kawehi	FPO	HAMADOU ALI Oumoulker	NIG	PTF	2:1
wuxi-world-championships-2025	Senior Women -62kg	R64	103	ASASEH Kosar	IRI	ACHILLEOS Antreana	CYP	PTF	2:0
wuxi-world-championships-2025	Senior Women -62kg	R64	104	SARVANAKI Theopoula	GRE	RAWAL Sonam	IND	PTF	2:0
wuxi-world-championships-2025	Senior Women -62kg	R64	202	GJELSVIK Karoline	NOR	DEMIAN Carla	LBN	PTF	2:0
wuxi-world-championships-2025	Senior Women -62kg	R64	203	LOVAGLIO Isabella	MEX	CACERES GONZALES Camila	PER	PTF	2:0
wuxi-world-championships-2025	Senior Women -62kg	R64	204	SOTO CASTILLO Isuangelis	PUR	ALLOGANI Amna	UAE	PTF	2:0
wuxi-world-championships-2025	Senior Women -62kg	R64	302	LEE Gaeun	KOR	DJE Nouria amenan roscane	CIV	PTF	2:0
wuxi-world-championships-2025	Senior Women -62kg	R64	303	DEATON Danica	USA	TEAKAUA Teiti	KIR	PTF	2:0
wuxi-world-championships-2025	Senior Women -62kg	R64	304	MEJIA MATOS Mayerlin yanay	DOM	ADILBEKKYZY Aisha	KAZ	PTF	2:1
wuxi-world-championships-2025	Senior Women -62kg	R64	402	ALRAWASHDEH Razan mohammed	JOR	BONGSOMENGGOLO Yade	SUR	PTF	2:0
wuxi-world-championships-2025	Senior Women -62kg	R64	403	KHAYITOVA Sevinch	UZB	PHAM Ngoc cham	VIE	PTF	2:1
wuxi-world-championships-2025	Senior Women -62kg	R64	404	SMYCHKOVA Valeryia	AIN	HO Cathy minly	HKG	PTF	2:0
wuxi-world-championships-2025	Senior Women -62kg	R64	501	MONTEIRO Maisa	POR	CHAN Merica lillyn	PHI	PTF	2:0
wuxi-world-championships-2025	Senior Women -62kg	R64	502	CARNEIRO Celydiene	BRA	ESSOUGHE NTOUTOUME Nancy tatiana	GAB	PTF	2:0
wuxi-world-championships-2025	Senior Women -62kg	R64	503	FATIMA-ZAHRA Ennams	MAR	DIAW Yacine	SEN	PTF	2:0
wuxi-world-championships-2025	Senior Women -62kg	R32	112	MESTROVIC Dora	CRO	LEE Gaeun	KOR	PTF	2:0
wuxi-world-championships-2025	Senior Women -62kg	R32	113	SZPAK Julia	POL	DEATON Danica	USA	PTF	2:0
wuxi-world-championships-2025	Senior Women -62kg	R32	114	CHANG Jui-en	TPE	MEJIA MATOS Mayerlin yanay	DOM	PTF	2:0
wuxi-world-championships-2025	Senior Women -62kg	R32	211	MARTON Viviana	HUN	MONTEIRO Maisa	POR	PTF	2:0
wuxi-world-championships-2025	Senior Women -62kg	R32	212	ALRAWASHDEH Razan mohammed	JOR	ORTIZ BENITO Arlet	ESP	PTF	2:1
wuxi-world-championships-2025	Senior Women -62kg	R32	213	WAFA Masghouni	TUN	KHAYITOVA Sevinch	UZB	PTF	2:1
wuxi-world-championships-2025	Senior Women -62kg	R32	214	MINA Mell	ECU	SMYCHKOVA Valeryia	AIN	PTF	2:0
wuxi-world-championships-2025	Senior Women -62kg	R32	311	SAVKOVIC Nadja	SRB	KOMATINA Andrea	MNE	PTF	2:0
wuxi-world-championships-2025	Senior Women -62kg	R32	312	RELJIKJ Miljana	MKD	CARNEIRO Celydiene	BRA	PTF	2:0
wuxi-world-championships-2025	Senior Women -62kg	R32	313	TONGCHAN Sasikarn	THA	FATIMA-ZAHRA Ennams	MAR	PTF	2:0
wuxi-world-championships-2025	Senior Women -62kg	R32	411	BREWSTER Ella	CAN	IORSS Kawehi	FPO	PTF	2:1
wuxi-world-championships-2025	Senior Women -62kg	R32	412	CHEN Ximin	CHN	ASASEH Kosar	IRI	PTF	2:1
wuxi-world-championships-2025	Senior Women -62kg	R32	413	CAKAL Sevval	TUR	SARVANAKI Theopoula	GRE	PTF	2:0
wuxi-world-championships-2025	Senior Women -62kg	R32	511	KHUZINA Liliia	AIN	GJELSVIK Karoline	NOR	PTF	2:0
wuxi-world-championships-2025	Senior Women -62kg	R32	512	STOLBOVA Petra	CZE	LOVAGLIO Isabella	MEX	PTF	2:0
wuxi-world-championships-2025	Senior Women -62kg	R32	513	BLEWITT Gabriella	AUS	SOTO CASTILLO Isuangelis	PUR	PTF	2:1
wuxi-world-championships-2025	Senior Women -62kg	R16	118	MESTROVIC Dora	CRO	ALRAWASHDEH Razan mohammed	JOR	PTF	2:0
wuxi-world-championships-2025	Senior Women -62kg	R16	119	MINA Mell	ECU	CHANG Jui-en	TPE	PTF	2:0
wuxi-world-championships-2025	Senior Women -62kg	R16	218	CHEN Ximin	CHN	RELJIKJ Miljana	MKD	PTF	2:0
wuxi-world-championships-2025	Senior Women -62kg	R16	318	SZPAK Julia	POL	STOLBOVA Petra	CZE	PTF	2:0
wuxi-world-championships-2025	Senior Women -62kg	R16	417	MARTON Viviana	HUN	SAVKOVIC Nadja	SRB	PTF	2:0
wuxi-world-championships-2025	Senior Women -62kg	R16	418	WAFA Masghouni	TUN	TONGCHAN Sasikarn	THA	PTF	2:1
wuxi-world-championships-2025	Senior Women -62kg	R16	517	KHUZINA Liliia	AIN	BREWSTER Ella	CAN	PTF	2:0
wuxi-world-championships-2025	Senior Women -62kg	R16	518	BLEWITT Gabriella	AUS	CAKAL Sevval	TUR	PTF	2:1
wuxi-world-championships-2025	Senior Women -62kg	QF	121	CHEN Ximin	CHN	MESTROVIC Dora	CRO	PTF	2:0
wuxi-world-championships-2025	Senior Women -62kg	QF	221	WAFA Masghouni	TUN	SZPAK Julia	POL	PTF	2:0
wuxi-world-championships-2025	Senior Women -62kg	QF	321	BLEWITT Gabriella	AUS	MINA Mell	ECU	PTF	2:1
wuxi-world-championships-2025	Senior Women -62kg	QF	520	MARTON Viviana	HUN	KHUZINA Liliia	AIN	PTF	2:0
wuxi-world-championships-2025	Senior Women -62kg	SF	322	MARTON Viviana	HUN	CHEN Ximin	CHN	PTF	2:0
wuxi-world-championships-2025	Senior Women -62kg	SF	323	WAFA Masghouni	TUN	BLEWITT Gabriella	AUS	PTF	2:0
wuxi-world-championships-2025	Senior Women -62kg	F	326	WAFA Masghouni	TUN	MARTON Viviana	HUN	PTF	2:0
wuxi-world-championships-2025	Senior Women -67kg	R64	103	TOMCZAK Tatiana	POL	MAX-VOY Marrianne selasie	GHA	PTF	2:0
wuxi-world-championships-2025	Senior Women -67kg	R64	104	MINK Amy	NED	VASQUEZ MENDOZA Eliana	PER	PTF	2:0
wuxi-world-championships-2025	Senior Women -67kg	R64	105	NINA Urganaeva	ARM	MACHEL Gizelle luisa	MOZ	PTF	2:0
wuxi-world-championships-2025	Senior Women -67kg	R64	106	MOUSSA SAKO Madinatou	NIG	ABELA Rose letizia	AUS	PTF	2:0
wuxi-world-championships-2025	Senior Women -67kg	R64	203	KHUSSAINOVA Nuray	KAZ	CARVALHO IRIGARAY Maialen	POR	PTF	2:0
wuxi-world-championships-2025	Senior Women -67kg	R64	204	BERISAJ Andrea	MNE	NTE REKE MOURKOUSI Nefeli	GRE	PTF	2:0
wuxi-world-championships-2025	Senior Women -67kg	R64	205	RAMIREZ VARGAS Laura	COL	BAC Thi khiem	VIE	PTF	2:1
wuxi-world-championships-2025	Senior Women -67kg	R64	303	TARVIDA Jolanta	LAT	FATNASSI Maram	QAT	PTF	2:0
wuxi-world-championships-2025	Senior Women -67kg	R64	304	MEHMEDOVIC Nadina	BIH	LIN Chia-hsuan	TPE	PTF	2:1
wuxi-world-championships-2025	Senior Women -67kg	R64	305	SOLTERO Leslie	MEX	VALIZADEH Nastaran	IRI	PTF	2:1
wuxi-world-championships-2025	Senior Women -67kg	R64	403	PETROVIC Iva	SRB	NILSEN Mari romundset	NOR	PTF	2:1
wuxi-world-championships-2025	Senior Women -67kg	R64	404	TVARONAVICIUTE Klaudija	LTU	FABER Isabelle	LUX	PTF	2:0
wuxi-world-championships-2025	Senior Women -67kg	R64	405	ZHELEZNOVA Viktoriia	AIN	LEVESTAM Isabella	NZL	PTF	2:0
wuxi-world-championships-2025	Senior Women -67kg	R64	502	PAVLENKO Alisa	UKR	BOUSTANY Carla	LBN	PTF	2:0
wuxi-world-championships-2025	Senior Women -67kg	R64	503	MARTON Luana	HUN	LAARAJ Nada	MAR	PTF	2:0
wuxi-world-championships-2025	Senior Women -67kg	R64	504	GALLARDO Claudia	CHI	DELO Laila	PHI	PTF	2:0
wuxi-world-championships-2025	Senior Women -67kg	R64	505	GBAGBI Ruth	CIV	SINGH Madhu	IND	PTF	2:0
wuxi-world-championships-2025	Senior Women -67kg	R32	113	KWAK Min-ju	KOR	TARVIDA Jolanta	LAT	PTF	2:0
wuxi-world-championships-2025	Senior Women -67kg	R32	114	SONG Jie	CHN	MEHMEDOVIC Nadina	BIH	PTF	2:0
wuxi-world-championships-2025	Senior Women -67kg	R32	115	TITONELI Milena	BRA	SOLTERO Leslie	MEX	PTF	2:0
wuxi-world-championships-2025	Senior Women -67kg	R32	213	ANDRIC Leonarda	CAN	PETROVIC Iva	SRB	PTF	2:1
wuxi-world-championships-2025	Senior Women -67kg	R32	214	ANYANACHO Elizabeth oluchi	NGR	TVARONAVICIUTE Klaudija	LTU	PTF	2:1
wuxi-world-championships-2025	Senior Women -67kg	R32	215	ZHELEZNOVA Viktoriia	AIN	MEHNANA Ines	FRA	PTF	2:0
wuxi-world-championships-2025	Senior Women -67kg	R32	313	MARTON Luana	HUN	TEACHOUT Kristina	USA	PTF	2:0
wuxi-world-championships-2025	Senior Women -67kg	R32	314	GALLARDO Claudia	CHI	KOERNDL Vanessa	GER	PTF	2:1
wuxi-world-championships-2025	Senior Women -67kg	R32	315	KAYIR Ikra	TUR	GBAGBI Ruth	CIV	PTF	2:1
wuxi-world-championships-2025	Senior Women -67kg	R32	412	MORENO REYES Lena	ESP	PAVLENKO Alisa	UKR	PTF	2:0
wuxi-world-championships-2025	Senior Women -67kg	R32	413	JELIC Matea	CRO	MINK Amy	NED	PTF	2:1
wuxi-world-championships-2025	Senior Women -67kg	R32	414	NINA Urganaeva	ARM	POWELL Aaliyah	GBR	PTF	2:1
wuxi-world-championships-2025	Senior Women -67kg	R32	415	SHEHATA Aya	EGY	MOUSSA SAKO Madinatou	NIG	PTF	2:0
wuxi-world-championships-2025	Senior Women -67kg	R32	512	KHUSSAINOVA Nuray	KAZ	TOMCZAK Tatiana	POL	PTF	2:0
wuxi-world-championships-2025	Senior Women -67kg	R32	513	BERISAJ Andrea	MNE	KANOUTE Iman	MLI	PTF	2:0
wuxi-world-championships-2025	Senior Women -67kg	R32	514	SOBIRJONOVA Ozoda	UZB	RAMIREZ VARGAS Laura	COL	PTF	2:0
wuxi-world-championships-2025	Senior Women -67kg	R16	119	MORENO REYES Lena	ESP	KHUSSAINOVA Nuray	KAZ	PTF	2:1
wuxi-world-championships-2025	Senior Women -67kg	R16	120	SOBIRJONOVA Ozoda	UZB	NINA Urganaeva	ARM	PTF	2:0
wuxi-world-championships-2025	Senior Women -67kg	R16	219	KWAK Min-ju	KOR	ANDRIC Leonarda	CAN	PTF	2:0
wuxi-world-championships-2025	Senior Women -67kg	R16	220	TITONELI Milena	BRA	ZHELEZNOVA Viktoriia	AIN	PTF	2:1
wuxi-world-championships-2025	Senior Women -67kg	R16	319	MARTON Luana	HUN	JELIC Matea	CRO	PTF	2:0
wuxi-world-championships-2025	Senior Women -67kg	R16	320	SHEHATA Aya	EGY	KAYIR Ikra	TUR	PTF	2:0
wuxi-world-championships-2025	Senior Women -67kg	R16	419	SONG Jie	CHN	BERISAJ Andrea	MNE	PTF	2:1
wuxi-world-championships-2025	Senior Women -67kg	R16	519	ANYANACHO Elizabeth oluchi	NGR	GALLARDO Claudia	CHI	PTF	2:1
wuxi-world-championships-2025	Senior Women -67kg	QF	222	MORENO REYES Lena	ESP	KWAK Min-ju	KOR	PTF	2:0
wuxi-world-championships-2025	Senior Women -67kg	QF	322	MARTON Luana	HUN	SONG Jie	CHN	PTF	2:1
wuxi-world-championships-2025	Senior Women -67kg	QF	422	ANYANACHO Elizabeth oluchi	NGR	SOBIRJONOVA Ozoda	UZB	PTF	2:0
wuxi-world-championships-2025	Senior Women -67kg	QF	522	TITONELI Milena	BRA	SHEHATA Aya	EGY	PTF	2:0
wuxi-world-championships-2025	Senior Women -67kg	SF	324	MARTON Luana	HUN	MORENO REYES Lena	ESP	PTF	2:0
wuxi-world-championships-2025	Senior Women -67kg	SF	325	TITONELI Milena	BRA	ANYANACHO Elizabeth oluchi	NGR	PTF	2:1
wuxi-world-championships-2025	Senior Women -67kg	F	328	MARTON Luana	HUN	TITONELI Milena	BRA	PTF	2:0
wuxi-world-championships-2025	Senior Women -73kg	R64	108	POLE Doris	CRO	FOLLECO MINA Dayana	ECU	PTF	2:1
wuxi-world-championships-2025	Senior Women -73kg	R64	207	SAMY ELHOSSEINY Malak	EGY	DENG Yu-zhen	TPE	PTF	2:1
wuxi-world-championships-2025	Senior Women -73kg	R64	208	CHAHAL Aisha	AUS	LOLOHEA Pauline	TGA	PTF	2:0
wuxi-world-championships-2025	Senior Women -73kg	R64	307	TRAN NGUYEN Anh ngan	VIE	SALIFOU HASSANE Fatima	NIG	PTF	2:0
wuxi-world-championships-2025	Senior Women -73kg	R64	407	ACOSTA HERRERA Arlettys de la caridad	CUB	WEMAMA Mayling	NCD	PTF	2:0
wuxi-world-championships-2025	Senior Women -73kg	R64	507	RODRIGUEZ Madelyn andrea	DOM	LEWIS Kylie	USA	PTF	2:0
wuxi-world-championships-2025	Senior Women -73kg	R32	115	LAURIN Althea	FRA	TAMEZ Victoria	MEX	PTF	2:0
wuxi-world-championships-2025	Senior Women -73kg	R32	116	BOZANIC Nadica	SRB	RODRIGUEZ Madelyn andrea	DOM	PTF	2:1
wuxi-world-championships-2025	Senior Women -73kg	R32	117	ABO-ALRUB Rama	JOR	PODOLIAN Renata	UKR	PTF	2:0
wuxi-world-championships-2025	Senior Women -73kg	R32	215	MORAN ROMERO Belen	ESP	TRAN NGUYEN Anh ngan	VIE	PTF	2:0
wuxi-world-championships-2025	Senior Women -73kg	R32	216	MAKHMUTOVA Nazym	KAZ	RUDOLF Nika	SLO	PTF	2:1
wuxi-world-championships-2025	Senior Women -73kg	R32	217	WEEKES Crystal	PUR	JIRANKOVA Iveta	CZE	PTF	2:0
wuxi-world-championships-2025	Senior Women -73kg	R32	314	CHAARI Sarah	BEL	SAMY ELHOSSEINY Malak	EGY	PTF	2:0
wuxi-world-championships-2025	Senior Women -73kg	R32	315	MACKAY Ruby	GBR	SABER Dunya bushuaib a	KSA	PTF	2:1
wuxi-world-championships-2025	Senior Women -73kg	R32	316	YOON Do hee	KOR	ANDERSEN Jasmin	DEN	PTF	2:0
wuxi-world-championships-2025	Senior Women -73kg	R32	317	UZUNCAVDAR Sude yaren	TUR	CHAHAL Aisha	AUS	PTF	2:0
wuxi-world-championships-2025	Senior Women -73kg	R32	414	NOWAK Julia	POL	DIAKITE Bintou	MLI	PTF	2:0
wuxi-world-championships-2025	Senior Women -73kg	R32	415	MIRHOSSEINI VAKILI Melika	IRI	DA SILVA BATISTA DE SOUZA Thaisa	BRA	PTF	2:0
wuxi-world-championships-2025	Senior Women -73kg	R32	416	OSSIN Kimi laurene	CIV	POLE Doris	CRO	PTF	2:0
wuxi-world-championships-2025	Senior Women -73kg	R32	514	KOSMYCHEVA Anastasiia	AIN	NTOVA Eirini	GRE	PTF	2:0
wuxi-world-championships-2025	Senior Women -73kg	R32	515	ZHOU Zeqi	CHN	ACOSTA HERRERA Arlettys de la caridad	CUB	PTF	2:1
wuxi-world-championships-2025	Senior Women -73kg	R32	516	LEE Ava soon	HAI	DAS Etisha	IND	PTF	2:0
wuxi-world-championships-2025	Senior Women -73kg	R16	123	ZHOU Zeqi	CHN	MIRHOSSEINI VAKILI Melika	IRI	PTF	2:0
wuxi-world-championships-2025	Senior Women -73kg	R16	223	BOZANIC Nadica	SRB	MAKHMUTOVA Nazym	KAZ	PTF	2:0
wuxi-world-championships-2025	Senior Women -73kg	R16	322	CHAARI Sarah	BEL	NOWAK Julia	POL	PTF	2:0
wuxi-world-championships-2025	Senior Women -73kg	R16	323	OSSIN Kimi laurene	CIV	YOON Do hee	KOR	PTF	2:1
wuxi-world-championships-2025	Senior Women -73kg	R16	422	LAURIN Althea	FRA	KOSMYCHEVA Anastasiia	AIN	PTF	2:0
wuxi-world-championships-2025	Senior Women -73kg	R16	423	LEE Ava soon	HAI	ABO-ALRUB Rama	JOR	PTF	2:1
wuxi-world-championships-2025	Senior Women -73kg	R16	522	MORAN ROMERO Belen	ESP	MACKAY Ruby	GBR	PTF	2:0
wuxi-world-championships-2025	Senior Women -73kg	R16	523	UZUNCAVDAR Sude yaren	TUR	WEEKES Crystal	PUR	PTF	2:1
wuxi-world-championships-2025	Senior Women -73kg	QF	127	UZUNCAVDAR Sude yaren	TUR	LEE Ava soon	HAI	PTF	2:1
wuxi-world-championships-2025	Senior Women -73kg	QF	326	CHAARI Sarah	BEL	LAURIN Althea	FRA	PTF	2:1
wuxi-world-championships-2025	Senior Women -73kg	QF	426	ZHOU Zeqi	CHN	MORAN ROMERO Belen	ESP	PTF	2:1
wuxi-world-championships-2025	Senior Women -73kg	QF	526	OSSIN Kimi laurene	CIV	BOZANIC Nadica	SRB	PTF	2:1
wuxi-world-championships-2025	Senior Women -73kg	SF	330	CHAARI Sarah	BEL	ZHOU Zeqi	CHN	PTF	2:0
wuxi-world-championships-2025	Senior Women -73kg	SF	331	OSSIN Kimi laurene	CIV	UZUNCAVDAR Sude yaren	TUR	PTF	2:0
wuxi-world-championships-2025	Senior Women -73kg	F	335	CHAARI Sarah	BEL	OSSIN Kimi laurene	CIV	PTF	2:1
wuxi-world-championships-2025	Senior Women +73kg	R64	109	HAROUNA GOUNO Inayatou	NIG	HAJAMA Lipaz	ISR	PTF	2:0
wuxi-world-championships-2025	Senior Women +73kg	R64	508	YADAV Jyoti	IND	FAITANGANE Alisi	TGA	PTF	2:1
wuxi-world-championships-2025	Senior Women +73kg	R32	116	BRANDL Lorena	GER	CHTIOUI Hafsa liana	DEN	PTF	2:0
wuxi-world-championships-2025	Senior Women +73kg	R32	117	MU Wenzhe	CHN	CHARALAMBOUS Marilena	CYP	PTF	2:0
wuxi-world-championships-2025	Senior Women +73kg	R32	118	WILLIAMS Lauren	GBR	MARINDI Merveille	GAB	PTF	2:0
wuxi-world-championships-2025	Senior Women +73kg	R32	216	SONG Da bin	KOR	MUSLIMOVA Linara	AIN	PTF	2:1
wuxi-world-championships-2025	Senior Women +73kg	R32	217	HAREMZA Dagmara	POL	KAIMOVA Evgeniya	KAZ	PTF	2:0
wuxi-world-championships-2025	Senior Women +73kg	R32	218	STEWART Reba	AUS	FRADL Maelynn emilee	ARU	PTF	2:0
wuxi-world-championships-2025	Senior Women +73kg	R32	316	CASTINEIRA ETCHEVERRIA Tania	ESP	BARROSO Laetitia	POR	PTF	2:0
wuxi-world-championships-2025	Senior Women +73kg	R32	317	GARCIA Paloma	MEX	KLOOSTERMAN Famke	NED	PTF	2:0
wuxi-world-championships-2025	Senior Women +73kg	R32	318	KITSIOU Agoritsa artemia	GRE	AVOULETTE Solene	FRA	PTF	2:1
wuxi-world-championships-2025	Senior Women +73kg	R32	415	OSIPOVA Svetlana	UZB	YADAV Jyoti	IND	PTF	2:0
wuxi-world-championships-2025	Senior Women +73kg	R32	416	PEREIRA Raiany	BRA	MOHAMMED Noor nazar	QAT	PTF	2:0
wuxi-world-championships-2025	Senior Women +73kg	R32	417	BATHILY Astan katherine feghe	CIV	KUTS Mariia	UKR	PTF	2:0
wuxi-world-championships-2025	Senior Women +73kg	R32	418	MATIC Magdalena	CRO	HAROUNA GOUNO Inayatou	NIG	PTF	2:0
wuxi-world-championships-2025	Senior Women +73kg	R32	515	CHIN I chun	TPE	FOUNTAIN Rachel	CAN	PTF	2:0
wuxi-world-championships-2025	Senior Women +73kg	R32	516	KECK Hannah	USA	ROMAN TORRES Naishka	PUR	PTF	2:0
wuxi-world-championships-2025	Senior Women +73kg	R32	517	KUS AYDIN Nafia	TUR	BOYADZHIEVA Kalina	BUL	PTF	2:0
wuxi-world-championships-2025	Senior Women +73kg	R16	122	OSIPOVA Svetlana	UZB	CHIN I chun	TPE	PTF	2:1
wuxi-world-championships-2025	Senior Women +73kg	R16	123	KUS AYDIN Nafia	TUR	BATHILY Astan katherine feghe	CIV	PTF	2:0
wuxi-world-championships-2025	Senior Women +73kg	R16	222	SONG Da bin	KOR	BRANDL Lorena	GER	PTF	2:0
wuxi-world-championships-2025	Senior Women +73kg	R16	223	WILLIAMS Lauren	GBR	STEWART Reba	AUS	PTF	2:0
wuxi-world-championships-2025	Senior Women +73kg	R16	322	CASTINEIRA ETCHEVERRIA Tania	ESP	PEREIRA Raiany	BRA	PTF	2:1
wuxi-world-championships-2025	Senior Women +73kg	R16	323	KITSIOU Agoritsa artemia	GRE	MATIC Magdalena	CRO	PTF	2:1
wuxi-world-championships-2025	Senior Women +73kg	R16	422	MU Wenzhe	CHN	KECK Hannah	USA	PTF	2:1
wuxi-world-championships-2025	Senior Women +73kg	R16	522	HAREMZA Dagmara	POL	GARCIA Paloma	MEX	PTF	2:1
wuxi-world-championships-2025	Senior Women +73kg	QF	225	OSIPOVA Svetlana	UZB	SONG Da bin	KOR	PTF	2:1
wuxi-world-championships-2025	Senior Women +73kg	QF	325	MU Wenzhe	CHN	CASTINEIRA ETCHEVERRIA Tania	ESP	PTF	2:1
wuxi-world-championships-2025	Senior Women +73kg	QF	425	KUS AYDIN Nafia	TUR	HAREMZA Dagmara	POL	PTF	2:0
wuxi-world-championships-2025	Senior Women +73kg	QF	525	WILLIAMS Lauren	GBR	KITSIOU Agoritsa artemia	GRE	PTF	2:0
wuxi-world-championships-2025	Senior Women +73kg	SF	330	OSIPOVA Svetlana	UZB	MU Wenzhe	CHN	PTF	2:1
wuxi-world-championships-2025	Senior Women +73kg	SF	331	KUS AYDIN Nafia	TUR	WILLIAMS Lauren	GBR	PTF	2:0
wuxi-world-championships-2025	Senior Women +73kg	F	334	KUS AYDIN Nafia	TUR	OSIPOVA Svetlana	UZB	PTF	2:1
