wuxi-world-championships-2025	Senior Men -54kg	SEO Eunsu	KOR	1
wuxi-world-championships-2025	Senior Men -54kg	CAMOGLU Furkan ubeyde	TUR	2
wuxi-world-championships-2025	Senior Men -54kg	KHUDAYBERDIEV Jakhongir	UZB	3
wuxi-world-championships-2025	Senior Men -54kg	PSARROS Aristeidis nikolaos	GRE	3
wuxi-world-championships-2025	Senior Men -54kg	AGENJO TRIGOS Jairo	ESP	
wuxi-world-championships-2025	Senior Men -54kg	AHQAAF Ahmed	LBA	
wuxi-world-championships-2025	Senior Men -54kg	AL TOOQI Nibras	OMA	
wuxi-world-championships-2025	Senior Men -54kg	ALAM Abtab	NEP	
wuxi-world-championships-2025	Senior Men -54kg	ALDAOUD Ja'afar	JOR	
wuxi-world-championships-2025	Senior Men -54kg	ALENEZI Yahya esmail	KUW	
wuxi-world-championships-2025	Senior Men -54kg	AMADOU Mahamadou	NIG	
wuxi-world-championships-2025	Senior Men -54kg	ASEM ATA ABU SREE' Moataz bellah	EGY	
wuxi-world-championships-2025	Senior Men -54kg	BALAKHNEEV Dmitriy	AIN	
wuxi-world-championships-2025	Senior Men -54kg	BARBOSA Kurt bryan	PHI	
wuxi-world-championships-2025	Senior Men -54kg	BERO Tatenda justice	ZIM	
wuxi-world-championships-2025	Senior Men -54kg	BRINDAMOHAN Nithan	CAN	
wuxi-world-championships-2025	Senior Men -54kg	CANETE Arian nathan	USA	
wuxi-world-championships-2025	Senior Men -54kg	CHAN Iek hei	MAC	
wuxi-world-championships-2025	Senior Men -54kg	CHAU Ngai long	HKG	
wuxi-world-championships-2025	Senior Men -54kg	COCA VIA Rommel	BOL	
wuxi-world-championships-2025	Senior Men -54kg	CONTI Andrea	ITA	
wuxi-world-championships-2025	Senior Men -54kg	DE LA CRUZ Wilfrido	DOM	
wuxi-world-championships-2025	Senior Men -54kg	FANG Zheng	CHN	
wuxi-world-championships-2025	Senior Men -54kg	GARCIA Noah	POR	
wuxi-world-championships-2025	Senior Men -54kg	GEORGIEV Hristiyan	BUL	
wuxi-world-championships-2025	Senior Men -54kg	GILLIARD GONCALVES Matheus	BRA	
wuxi-world-championships-2025	Senior Men -54kg	GREGORY-HUNT Ashton-lee	NZL	
wuxi-world-championships-2025	Senior Men -54kg	GULUZADE Bahruz	AZE	
wuxi-world-championships-2025	Senior Men -54kg	HADJICOSTI Prodromos angelos	CYP	
wuxi-world-championships-2025	Senior Men -54kg	HAJI BAKAR Abrar	BRU	
wuxi-world-championships-2025	Senior Men -54kg	HAMDI Riad nasser a	KSA	
wuxi-world-championships-2025	Senior Men -54kg	HAMI Muhammed	TRT	
wuxi-world-championships-2025	Senior Men -54kg	HANAFY Fayez	EST	
wuxi-world-championships-2025	Senior Men -54kg	HEALY Seth	AUS	
wuxi-world-championships-2025	Senior Men -54kg	HERNANDEZ VARGAS Edgar emmanuel	MEX	
wuxi-world-championships-2025	Senior Men -54kg	HIDAYAT TUMAKAKA Aziz	INA	
wuxi-world-championships-2025	Senior Men -54kg	IVKOVIC Relja	SRB	
wuxi-world-championships-2025	Senior Men -54kg	JAICHOO Wisawakorn	THA	
wuxi-world-championships-2025	Senior Men -54kg	JOUAD Majd	MAR	
wuxi-world-championships-2025	Senior Men -54kg	KADIRKULOV Begzod	KAZ	
wuxi-world-championships-2025	Senior Men -54kg	KAJIRA Christopher	ZAM	
wuxi-world-championships-2025	Senior Men -54kg	KAZLOU Yahor	AIN	
wuxi-world-championships-2025	Senior Men -54kg	KITADE Tatsuya	JPN	
wuxi-world-championships-2025	Senior Men -54kg	LI Ci en	TPE	
wuxi-world-championships-2025	Senior Men -54kg	MARWAN Mussa	SWE	
wuxi-world-championships-2025	Senior Men -54kg	MEDJAHED Saif eddine	ALG	
wuxi-world-championships-2025	Senior Men -54kg	MER Ankit	IND	
wuxi-world-championships-2025	Senior Men -54kg	MOLJ Ozbolt	SLO	
wuxi-world-championships-2025	Senior Men -54kg	MORENO ALVAREZ Franco javier	PER	
wuxi-world-championships-2025	Senior Men -54kg	NDOYE Souleymane	SEN	
wuxi-world-championships-2025	Senior Men -54kg	NGUYEN Hong trong	VIE	
wuxi-world-championships-2025	Senior Men -54kg	OBIANG ESSONO Thefrene levy emmanuel	GAB	
wuxi-world-championships-2025	Senior Men -54kg	PANG Keston	SGP	
wuxi-world-championships-2025	Senior Men -54kg	PASHCOVSKY Tom	ISR	
wuxi-world-championships-2025	Senior Men -54kg	PEDRO Pedro david	MOZ	
wuxi-world-championships-2025	Senior Men -54kg	RAHIMI Ihasam	AFG	
wuxi-world-championships-2025	Senior Men -54kg	RAMIREZ CONTRERAS Daniel jahir	COL	
wuxi-world-championships-2025	Senior Men -54kg	RAZMIAN Mehdi	IRI	
wuxi-world-championships-2025	Senior Men -54kg	ROSCA Artiom	MDA	
wuxi-world-championships-2025	Senior Men -54kg	SAMIDINOV Nurkhan	KGZ	
wuxi-world-championships-2025	Senior Men -54kg	TURKALJ Luka	CRO	
wuxi-world-championships-2025	Senior Men -54kg	YONDONJAMTS Purevdash	MGL	
wuxi-world-championships-2025	Senior Men -54kg	ZOGHLAMI Mohamed amine	TUN	
wuxi-world-championships-2025	Senior Men -58kg	ZANDI Abolfazl	IRI	1
wuxi-world-championships-2025	Senior Men -58kg	GURTSIEV Georgii	AIN	2
wuxi-world-championships-2025	Senior Men -58kg	HUANG Kefen	CHN	3
wuxi-world-championships-2025	Senior Men -58kg	MAGOMEDOV Gashim	AZE	3
wuxi-world-championships-2025	Senior Men -58kg	ADEMI Bleron	KOS	
wuxi-world-championships-2025	Senior Men -58kg	ALMUSHRAF Abdullah essa a	KSA	
wuxi-world-championships-2025	Senior Men -58kg	ALTYBAEV Aidin	KGZ	
wuxi-world-championships-2025	Senior Men -58kg	AMATI Federico	SMR	
wuxi-world-championships-2025	Senior Men -58kg	AMTAWAA Osamah	LBA	
wuxi-world-championships-2025	Senior Men -58kg	ANATORE Lokadevan	MAS	
wuxi-world-championships-2025	Senior Men -58kg	ANDRONIKOU Kyriakos	CYP	
wuxi-world-championships-2025	Senior Men -58kg	AYNAGA Aljen	PHI	
wuxi-world-championships-2025	Senior Men -58kg	BADEM Yusuf	TUR	
wuxi-world-championships-2025	Senior Men -58kg	BAE Jun-seo	KOR	
wuxi-world-championships-2025	Senior Men -58kg	BAGOV Idar	AIN	
wuxi-world-championships-2025	Senior Men -58kg	BETEL Casimir	CHA	
wuxi-world-championships-2025	Senior Men -58kg	BILOGHE BI SIMA Therence	GAB	
wuxi-world-championships-2025	Senior Men -58kg	BIST Sumit	NEP	
wuxi-world-championships-2025	Senior Men -58kg	BOUASSA TANDIALA Jonathan	CGO	
wuxi-world-championships-2025	Senior Men -58kg	BOUKARNIA Amine	FRA	
wuxi-world-championships-2025	Senior Men -58kg	BUREHMA Ali	KUW	
wuxi-world-championships-2025	Senior Men -58kg	CAMUA Benjamin	AUS	
wuxi-world-championships-2025	Senior Men -58kg	CHIOK Chun yin	HKG	
wuxi-world-championships-2025	Senior Men -58kg	CONTRERAS DAVALOS Aaron	CHI	
wuxi-world-championships-2025	Senior Men -58kg	CORTES Carlos	MEX	
wuxi-world-championships-2025	Senior Men -58kg	CUNNINGHAM William	USA	
wuxi-world-championships-2025	Senior Men -58kg	DELL'AQUILA Vito	ITA	
wuxi-world-championships-2025	Senior Men -58kg	DIMITROPOULOS Konstantinos	GRE	
wuxi-world-championships-2025	Senior Men -58kg	DINH Cong khoa	VIE	
wuxi-world-championships-2025	Senior Men -58kg	ELMBARKI Achraf	MAR	
wuxi-world-championships-2025	Senior Men -58kg	FRAILE RODRIGUEZ Jesus	ESP	
wuxi-world-championships-2025	Senior Men -58kg	GANTULGA Enkhbayar	MGL	
wuxi-world-championships-2025	Senior Men -58kg	GELADZE Vitali	GEO	
wuxi-world-championships-2025	Senior Men -58kg	GUEYE Mouhamadou fadillou mbac.	SEN	
wuxi-world-championships-2025	Senior Men -58kg	GUMUS Feyyaz	GER	
wuxi-world-championships-2025	Senior Men -58kg	HOEFLING Nicholas	CAN	
wuxi-world-championships-2025	Senior Men -58kg	ISSAKA GARBA Nouridine	NIG	
wuxi-world-championships-2025	Senior Men -58kg	JEAN-BAPTISTE Gregory	HAI	
wuxi-world-championships-2025	Senior Men -58kg	KATENDE Jogi	UGA	
wuxi-world-championships-2025	Senior Men -58kg	KORNEEV Lev	SRB	
wuxi-world-championships-2025	Senior Men -58kg	KOUDSI Raphael	LBN	
wuxi-world-championships-2025	Senior Men -58kg	LOPES Tiago	POR	
wuxi-world-championships-2025	Senior Men -58kg	MAHAMAD Sirawit	THA	
wuxi-world-championships-2025	Senior Men -58kg	MANENKOV Maksym	UKR	
wuxi-world-championships-2025	Senior Men -58kg	MANSON Maxwell	SLE	
wuxi-world-championships-2025	Senior Men -58kg	MELO Paulo	BRA	
wuxi-world-championships-2025	Senior Men -58kg	MOLJ Domen	SLO	
wuxi-world-championships-2025	Senior Men -58kg	MOLLE Milan	NED	
wuxi-world-championships-2025	Senior Men -58kg	OCHOA Jefferson	COL	
wuxi-world-championships-2025	Senior Men -58kg	ONGGOSANUSI Clement	VAN	
wuxi-world-championships-2025	Senior Men -58kg	OSAMA HUSSEIEN Mohamed	EGY	
wuxi-world-championships-2025	Senior Men -58kg	OTAJONOV Omonjon	UZB	
wuxi-world-championships-2025	Senior Men -58kg	PAN Kuei-an	TPE	
wuxi-world-championships-2025	Senior Men -58kg	PATISHI Ori	ISR	
wuxi-world-championships-2025	Senior Men -58kg	RIOS Ivan	PAN	
wuxi-world-championships-2025	Senior Men -58kg	SALIM Sharif gergely	HUN	
wuxi-world-championships-2025	Senior Men -58kg	SARSOZA Zack	GBR	
wuxi-world-championships-2025	Senior Men -58kg	SENGMANEE Lukkee	LAO	
wuxi-world-championships-2025	Senior Men -58kg	SIMPARA Youssouf	MLI	
wuxi-world-championships-2025	Senior Men -58kg	SMITH Noah	NZL	
wuxi-world-championships-2025	Senior Men -58kg	TESKERA Josip	CRO	
wuxi-world-championships-2025	Senior Men -58kg	TLEULES Tamirlan	KAZ	
wuxi-world-championships-2025	Senior Men -58kg	TRIKI Noureddine	TUN	
wuxi-world-championships-2025	Senior Men -58kg	TRISTAN Scutaru	ROU	
wuxi-world-championships-2025	Senior Men -58kg	WAHID Abdul	IND	
wuxi-world-championships-2025	Senior Men -58kg	WONG Si long	MAC	
wuxi-world-championships-2025	Senior Men -58kg	YOUSIF Mahmoud bassam	JOR	
wuxi-world-championships-2025	Senior Men -58kg	YOUSSOUF Moktar	DJI	
wuxi-world-championships-2025	Senior Men -63kg	JENDOUBI Mohamed khalil	TUN	1
wuxi-world-championships-2025	Senior Men -63kg	HAJIMOUSAEI Mahdi	IRI	2
wuxi-world-championships-2025	Senior Men -63kg	ALTARYREH Mahmoud	JOR	3
wuxi-world-championships-2025	Senior Men -63kg	JANG Jun	KOR	3
wuxi-world-championships-2025	Senior Men -63kg	ABABAKIROV Samirkhon	KAZ	
wuxi-world-championships-2025	Senior Men -63kg	ADEMI Valton	KOS	
wuxi-world-championships-2025	Senior Men -63kg	BANDAREVICH Maksim	AIN	
wuxi-world-championships-2025	Senior Men -63kg	BARETTA Dennis	ITA	
wuxi-world-championships-2025	Senior Men -63kg	BAYNE Karl	NZL	
wuxi-world-championships-2025	Senior Men -63kg	BELANOVIC Uros	SRB	
wuxi-world-championships-2025	Senior Men -63kg	BORGEN Kristian storsul	NOR	
wuxi-world-championships-2025	Senior Men -63kg	BRITTON Shane	CAN	
wuxi-world-championships-2025	Senior Men -63kg	BUENAVIDES Kenneth riley	PHI	
wuxi-world-championships-2025	Senior Men -63kg	CASTILLO RAMOS Alejandro	PER	
wuxi-world-championships-2025	Senior Men -63kg	CHAN Kin fung	HKG	
wuxi-world-championships-2025	Senior Men -63kg	CHIN Regan guan cong	SGP	
wuxi-world-championships-2025	Senior Men -63kg	CHIPKAOU KOCHE Maman mansour	NIG	
wuxi-world-championships-2025	Senior Men -63kg	DASHDAVAA Chinzorig	MGL	
wuxi-world-championships-2025	Senior Men -63kg	DAXNER Leonard	AUT	
wuxi-world-championships-2025	Senior Men -63kg	DAYIOGLU Omer faruk	TUR	
wuxi-world-championships-2025	Senior Men -63kg	DEEPANSHU Deepanshu	IND	
wuxi-world-championships-2025	Senior Men -63kg	DIAKITE Issa	CIV	
wuxi-world-championships-2025	Senior Men -63kg	DIOP Bocar	SEN	
wuxi-world-championships-2025	Senior Men -63kg	DJONKO Ibrahim	BIH	
wuxi-world-championships-2025	Senior Men -63kg	DOS SANTOS MORAIS Guilherme	BRA	
wuxi-world-championships-2025	Senior Men -63kg	FLEGAR Jan	CRO	
wuxi-world-championships-2025	Senior Men -63kg	GALEA Fergeson	MLT	
wuxi-world-championships-2025	Senior Men -63kg	GENZEL Eitan	ISR	
wuxi-world-championships-2025	Senior Men -63kg	GERARDIS Georgios	GRE	
wuxi-world-championships-2025	Senior Men -63kg	GHALI Zakaria mohammed	KSA	
wuxi-world-championships-2025	Senior Men -63kg	GRANADO Yohandri	VEN	
wuxi-world-championships-2025	Senior Men -63kg	HISHAM MOHAMED Ahmed	EGY	
wuxi-world-championships-2025	Senior Men -63kg	HUANG Cho-cheng	TPE	
wuxi-world-championships-2025	Senior Men -63kg	LAM Mun chok	MAC	
wuxi-world-championships-2025	Senior Men -63kg	LE Tuan	VIE	
wuxi-world-championships-2025	Senior Men -63kg	LEWIS Fernando	PAN	
wuxi-world-championships-2025	Senior Men -63kg	LIANG Yushuai	CHN	
wuxi-world-championships-2025	Senior Men -63kg	MAEDA Hidetaka	JPN	
wuxi-world-championships-2025	Senior Men -63kg	MANSOUR Abraheem Maruwan	LBA	
wuxi-world-championships-2025	Senior Men -63kg	MARTINS Alfredo	POR	
wuxi-world-championships-2025	Senior Men -63kg	MCINTOSH Jamie	GBR	
wuxi-world-championships-2025	Senior Men -63kg	MERDANAJ Ernest	ALB	
wuxi-world-championships-2025	Senior Men -63kg	MIRZOIEV Samir	UKR	
wuxi-world-championships-2025	Senior Men -63kg	MISIEDJAN Bendjino	SUR	
wuxi-world-championships-2025	Senior Men -63kg	MIYAGUCHI Edo	FPO	
wuxi-world-championships-2025	Senior Men -63kg	NAVEA Sebastian	CHI	
wuxi-world-championships-2025	Senior Men -63kg	NAZAROV Nazarali	UZB	
wuxi-world-championships-2025	Senior Men -63kg	OSIN Maksim	AIN	
wuxi-world-championships-2025	Senior Men -63kg	OZKAYA Imran	GER	
wuxi-world-championships-2025	Senior Men -63kg	PAPIEROWSKI Dominik	POL	
wuxi-world-championships-2025	Senior Men -63kg	PILAVAKIS Ioannis	CYP	
wuxi-world-championships-2025	Senior Men -63kg	RAIHAN Muhammad bassam	INA	
wuxi-world-championships-2025	Senior Men -63kg	RAMIREZ Mauricio	ECU	
wuxi-world-championships-2025	Senior Men -63kg	RAVET Cyrian	FRA	
wuxi-world-championships-2025	Senior Men -63kg	REZAEE Mohsen	AFG	
wuxi-world-championships-2025	Senior Men -63kg	SALIM Omar gergely	HUN	
wuxi-world-championships-2025	Senior Men -63kg	SANCHEZ AVILA Angel david	COL	
wuxi-world-championships-2025	Senior Men -63kg	SRITIMONGKOL Napat	THA	
wuxi-world-championships-2025	Senior Men -63kg	SUMMERFIELD Matthew	AUS	
wuxi-world-championships-2025	Senior Men -63kg	SWARAY Derrick	LBR	
wuxi-world-championships-2025	Senior Men -63kg	TAHMAZOV Fuad	AZE	
wuxi-world-championships-2025	Senior Men -63kg	TOMATA Arun	NEP	
wuxi-world-championships-2025	Senior Men -63kg	VALDES VAZQUEZ David	MEX	
wuxi-world-championships-2025	Senior Men -63kg	VAN LIMPT Joep	NED	
wuxi-world-championships-2025	Senior Men -63kg	VICENTE YUNTA Adrian	ESP	
wuxi-world-championships-2025	Senior Men -63kg	VITAPA Atiola johnson	TGA	
wuxi-world-championships-2025	Senior Men -63kg	VODOVOZOV Ilya	USA	
wuxi-world-championships-2025	Senior Men -63kg	WOOLLEY Jack	IRL	
wuxi-world-championships-2025	Senior Men -63kg	YASER ISMAIL Omar	PLE	
wuxi-world-championships-2025	Senior Men -68kg	TUBTIMDANG Banlung	THA	1
wuxi-world-championships-2025	Senior Men -68kg	SEONG Yuhyeon	KOR	2
wuxi-world-championships-2025	Senior Men -68kg	CREP Matija	CRO	3
wuxi-world-championships-2025	Senior Men -68kg	RODRIGUEZ Maikol	USA	3
wuxi-world-championships-2025	Senior Men -68kg	ABBASI Ali reza	TRT	
wuxi-world-championships-2025	Senior Men -68kg	ABDULREHEEM Fawaz	KUW	
wuxi-world-championships-2025	Senior Men -68kg	ACUNA Jose luis	ARG	
wuxi-world-championships-2025	Senior Men -68kg	AGUSHI Elion	KOS	
wuxi-world-championships-2025	Senior Men -68kg	ALHALAWANI Zaid	JOR	
wuxi-world-championships-2025	Senior Men -68kg	ALIAN Ali	SWE	
wuxi-world-championships-2025	Senior Men -68kg	AVILA GONZALEZ Daniel alejandro	MEX	
wuxi-world-championships-2025	Senior Men -68kg	BIN QASIM Ahmed waleed	KSA	
wuxi-world-championships-2025	Senior Men -68kg	BIRZEEQ Najimuldin	LBA	
wuxi-world-championships-2025	Senior Men -68kg	BOUJEMAI Fares	TUN	
wuxi-world-championships-2025	Senior Men -68kg	BYSTROV Volodymyr	UKR	
wuxi-world-championships-2025	Senior Men -68kg	CALIK Enis	GER	
wuxi-world-championships-2025	Senior Men -68kg	CANTERO BENITEZ Brian jose	CUB	
wuxi-world-championships-2025	Senior Men -68kg	CAZAS RAMIREZ Daniel a.	BOL	
wuxi-world-championships-2025	Senior Men -68kg	CHIPALANGA Mario	ANG	
wuxi-world-championships-2025	Senior Men -68kg	CHRZANOWSKI Mateusz	POL	
wuxi-world-championships-2025	Senior Men -68kg	COULIBALY Sekou	LUX	
wuxi-world-championships-2025	Senior Men -68kg	DEHGHANI Mohammad sadegh	IRI	
wuxi-world-championships-2025	Senior Men -68kg	DIAO Lixingjun	CHN	
wuxi-world-championships-2025	Senior Men -68kg	DJONKO Muhamed	BIH	
wuxi-world-championships-2025	Senior Men -68kg	DOEBE Samero	SUR	
wuxi-world-championships-2025	Senior Men -68kg	ERER Berkay	TUR	
wuxi-world-championships-2025	Senior Men -68kg	GARRIDO REYES Jhon deivi	COL	
wuxi-world-championships-2025	Senior Men -68kg	GONZALEZ Wander	DOM	
wuxi-world-championships-2025	Senior Men -68kg	HOLLAND Edward	SLE	
wuxi-world-championships-2025	Senior Men -68kg	HOWELL Matthew	GBR	
wuxi-world-championships-2025	Senior Men -68kg	HSU Hao-yu	TPE	
wuxi-world-championships-2025	Senior Men -68kg	HYTTEL Tobias	DEN	
wuxi-world-championships-2025	Senior Men -68kg	IURLARO Ludovico	ITA	
wuxi-world-championships-2025	Senior Men -68kg	JENKINS Ethan	CAN	
wuxi-world-championships-2025	Senior Men -68kg	JORQUERA CALA Joan	ESP	
wuxi-world-championships-2025	Senior Men -68kg	KHOMANI Reda	MAR	
wuxi-world-championships-2025	Senior Men -68kg	KRAJISNIK Zarko	SRB	
wuxi-world-championships-2025	Senior Men -68kg	KRIVISHKIY Nimrod	ISR	
wuxi-world-championships-2025	Senior Men -68kg	KURMANALIEV Eldar	KGZ	
wuxi-world-championships-2025	Senior Men -68kg	LANDOU Jeremie kevin promesse	GAB	
wuxi-world-championships-2025	Senior Men -68kg	LAO Nusair	PHI	
wuxi-world-championships-2025	Senior Men -68kg	LO Mouhamadou mansour	SEN	
wuxi-world-championships-2025	Senior Men -68kg	LO Wai fung	HKG	
wuxi-world-championships-2025	Senior Men -68kg	LOPEZ BATE Matias	URU	
wuxi-world-championships-2025	Senior Men -68kg	LUCIEN Theo	FRA	
wuxi-world-championships-2025	Senior Men -68kg	MAIGA Ibrahim	BUR	
wuxi-world-championships-2025	Senior Men -68kg	MAITHIL Bhumesh kumar	IND	
wuxi-world-championships-2025	Senior Men -68kg	MOALA Venilaite samuel otto	TGA	
wuxi-world-championships-2025	Senior Men -68kg	MYLLYNEN Niko	FIN	
wuxi-world-championships-2025	Senior Men -68kg	NEYI Esrom	TRT	
wuxi-world-championships-2025	Senior Men -68kg	NIKOLOVSKI Xavier	AUS	
wuxi-world-championships-2025	Senior Men -68kg	OGUZ Niklas kristiansen	NOR	
wuxi-world-championships-2025	Senior Men -68kg	OLIVERO TORO Cristian	CHI	
wuxi-world-championships-2025	Senior Men -68kg	PANAGOPOULOS Apostolos	GRE	
wuxi-world-championships-2025	Senior Men -68kg	PITA James	VAN	
wuxi-world-championships-2025	Senior Men -68kg	REIS Tiago	POR	
wuxi-world-championships-2025	Senior Men -68kg	ROZYYEV Muhammet	TKM	
wuxi-world-championships-2025	Senior Men -68kg	SHIRALIYEV Riyad	AZE	
wuxi-world-championships-2025	Senior Men -68kg	SHRESTHA Sagun	NEP	
wuxi-world-championships-2025	Senior Men -68kg	SHULENOV Damir	KAZ	
wuxi-world-championships-2025	Senior Men -68kg	SOUZA DINIZ Joao victor	BRA	
wuxi-world-championships-2025	Senior Men -68kg	SPEIGHT Leo	ISL	
wuxi-world-championships-2025	Senior Men -68kg	STAMENOV Stefan	BUL	
wuxi-world-championships-2025	Senior Men -68kg	TCAKOEV Sarmat	AIN	
wuxi-world-championships-2025	Senior Men -68kg	TIRANVALIPOUR Hadi	TRT	
wuxi-world-championships-2025	Senior Men -68kg	TSURUOKA Rei	JPN	
wuxi-world-championships-2025	Senior Men -68kg	TUKHLIBOEV Diyorbek	UZB	
wuxi-world-championships-2025	Senior Men -68kg	VYKOV Amir	AIN	
wuxi-world-championships-2025	Senior Men -68kg	YACOUBA Ismael	NIG	
wuxi-world-championships-2025	Senior Men -68kg	ZAIN Hikmatullah	AFG	
wuxi-world-championships-2025	Senior Men -68kg	ZEHETNER Felix	AUT	
wuxi-world-championships-2025	Senior Men -68kg	ZEINOUN Michel	LBN	
wuxi-world-championships-2025	Senior Men -68kg	ZIAD Diaa	PLE	
wuxi-world-championships-2025	Senior Men -74kg	KOSIMKHOJIEV Najmiddin	UZB	1
wuxi-world-championships-2025	Senior Men -74kg	PONTES Edival	BRA	2
wuxi-world-championships-2025	Senior Men -74kg	ABDUSALAMOV Magomed	AIN	3
wuxi-world-championships-2025	Senior Men -74kg	BAKHTIARI Amir sina	IRI	3
wuxi-world-championships-2025	Senior Men -74kg	. Ashish	IND	
wuxi-world-championships-2025	Senior Men -74kg	ABONGNI Yao ariel ephraim	CIV	
wuxi-world-championships-2025	Senior Men -74kg	AGHAYEV Javad	AZE	
wuxi-world-championships-2025	Senior Men -74kg	BABAKHIN Artsiom	AIN	
wuxi-world-championships-2025	Senior Men -74kg	BEKASSYL Yergesh	KAZ	
wuxi-world-championships-2025	Senior Men -74kg	BHANDARI Aashis	NEP	
wuxi-world-championships-2025	Senior Men -74kg	BOUAJAJ Othman	MAR	
wuxi-world-championships-2025	Senior Men -74kg	BOURIEL Ayoub	CAN	
wuxi-world-championships-2025	Senior Men -74kg	BROWN Nathaniel	ZIM	
wuxi-world-championships-2025	Senior Men -74kg	CAI Zhaoxun	CHN	
wuxi-world-championships-2025	Senior Men -74kg	CAMMAERTS Andes	BEL	
wuxi-world-championships-2025	Senior Men -74kg	CEA Dave	PHI	
wuxi-world-championships-2025	Senior Men -74kg	CHUMACHENKO Andrii	UKR	
wuxi-world-championships-2025	Senior Men -74kg	CRESCENTINI Stefano	SMR	
wuxi-world-championships-2025	Senior Men -74kg	CUDNOCH Lukasz	POL	
wuxi-world-championships-2025	Senior Men -74kg	DAVASON Hogni	FRO	
wuxi-world-championships-2025	Senior Men -74kg	DOYLE Ryan	IRL	
wuxi-world-championships-2025	Senior Men -74kg	EISSA Rami	EGY	
wuxi-world-championships-2025	Senior Men -74kg	FARHAT Ahmad	LBN	
wuxi-world-championships-2025	Senior Men -74kg	FLOUSKOUNIS Charalampos	GRE	
wuxi-world-championships-2025	Senior Men -74kg	FOFANA Mohamed	MLI	
wuxi-world-championships-2025	Senior Men -74kg	GIL LOPEZ Damian steven	COL	
wuxi-world-championships-2025	Senior Men -74kg	GOLUBIC Marko	CRO	
wuxi-world-championships-2025	Senior Men -74kg	GONZALEZ GOMEZ Federico	URU	
wuxi-world-championships-2025	Senior Men -74kg	HAMEDI Tareg ali m	KSA	
wuxi-world-championships-2025	Senior Men -74kg	HSIEH Tsung yu	TPE	
wuxi-world-championships-2025	Senior Men -74kg	HUSIC Benjamin	BIH	
wuxi-world-championships-2025	Senior Men -74kg	IORSS Rahiti	FPO	
wuxi-world-championships-2025	Senior Men -74kg	JORGENSEN Otto	DEN	
wuxi-world-championships-2025	Senior Men -74kg	JOZSA Levente mark	HUN	
wuxi-world-championships-2025	Senior Men -74kg	KANG Jaegwon	KOR	
wuxi-world-championships-2025	Senior Men -74kg	KAREEM Zaid	JOR	
wuxi-world-championships-2025	Senior Men -74kg	KATOH Takato	JPN	
wuxi-world-championships-2025	Senior Men -74kg	KINTSURASHVILI Zurab	GEO	
wuxi-world-championships-2025	Senior Men -74kg	KORPE Omer furkan	TUR	
wuxi-world-championships-2025	Senior Men -74kg	LALOAN Sean jaylen	HAI	
wuxi-world-championships-2025	Senior Men -74kg	MAMOUDOU Ibrahim	TOG	
wuxi-world-championships-2025	Senior Men -74kg	MANGIONE Angelo	ITA	
wuxi-world-championships-2025	Senior Men -74kg	MORADI Erfan	TRT	
wuxi-world-championships-2025	Senior Men -74kg	MOUSSA Amar cisse	GAB	
wuxi-world-championships-2025	Senior Men -74kg	MUSKEVITS Aleksandr	EST	
wuxi-world-championships-2025	Senior Men -74kg	NAVA Ruben	MEX	
wuxi-world-championships-2025	Senior Men -74kg	NIKOLAOU Nikolas	CYP	
wuxi-world-championships-2025	Senior Men -74kg	PHROMPATJU Krittayot	THA	
wuxi-world-championships-2025	Senior Men -74kg	PIE Bernardo	DOM	
wuxi-world-championships-2025	Senior Men -74kg	PINAS Samaki	SUR	
wuxi-world-championships-2025	Senior Men -74kg	PROCOPCIUC Lucian	POR	
wuxi-world-championships-2025	Senior Men -74kg	QUESADA BARRERA Daniel	ESP	
wuxi-world-championships-2025	Senior Men -74kg	RAGHEB Taye	AUS	
wuxi-world-championships-2025	Senior Men -74kg	RODRIGUES Victor	USA	
wuxi-world-championships-2025	Senior Men -74kg	ROMMEL DIAZ Luis ricardo	PER	
wuxi-world-championships-2025	Senior Men -74kg	SADR ZADA Bizhan	AFG	
wuxi-world-championships-2025	Senior Men -74kg	SAHITI Mal	KOS	
wuxi-world-championships-2025	Senior Men -74kg	SALIFOU TAHIROU Abdoul Malik	NIG	
wuxi-world-championships-2025	Senior Men -74kg	SECK Cheikhouna	SEN	
wuxi-world-championships-2025	Senior Men -74kg	SITTEK Tomas	CZE	
wuxi-world-championships-2025	Senior Men -74kg	SOTO ARRIETA Juan jose	WT	
wuxi-world-championships-2025	Senior Men -74kg	STEVEN Izaac saeed	SSD	
wuxi-world-championships-2025	Senior Men -74kg	SUSILO Arya danu	INA	
wuxi-world-championships-2025	Senior Men -74kg	TAKOV Stefan	SRB	
wuxi-world-championships-2025	Senior Men -74kg	TAM Ching nam	HKG	
wuxi-world-championships-2025	Senior Men -74kg	VALENTINA Fred	SOL	
wuxi-world-championships-2025	Senior Men -74kg	VESTERLUND Linus	SWE	
wuxi-world-championships-2025	Senior Men -74kg	WATENE Maxwell	COK	
wuxi-world-championships-2025	Senior Men -80kg	RODRIGUES FERNANDES Henrique marques	BRA	1
wuxi-world-championships-2025	Senior Men -80kg	XIANG Qizhang	CHN	2
wuxi-world-championships-2025	Senior Men -80kg	MYTAREV Artem	AIN	3
wuxi-world-championships-2025	Senior Men -80kg	SEO Geon-woo	KOR	3
wuxi-world-championships-2025	Senior Men -80kg	ALADARBI Mohammad	JOR	
wuxi-world-championships-2025	Senior Men -80kg	ALHERAIS Bader I s l	KUW	
wuxi-world-championships-2025	Senior Men -80kg	ANDRADE HERRERA Hassani	PER	
wuxi-world-championships-2025	Senior Men -80kg	BARAL Abhishek	NEP	
wuxi-world-championships-2025	Senior Men -80kg	BARKHORDARI Mehran	IRI	
wuxi-world-championships-2025	Senior Men -80kg	CALDERON MARTINEZ Kelvin	CUB	
wuxi-world-championships-2025	Senior Men -80kg	CAMMAERTS Troy	BEL	
wuxi-world-championships-2025	Senior Men -80kg	CASAS GARCIA Iker	MEX	
wuxi-world-championships-2025	Senior Men -80kg	CECCARONI Michele	SMR	
wuxi-world-championships-2025	Senior Men -80kg	CHARALAMBOUS Evangelos	CYP	
wuxi-world-championships-2025	Senior Men -80kg	CHURCHILL MARTINEZ Joaquin	CHI	
wuxi-world-championships-2025	Senior Men -80kg	DAVIDSON Michael	GHA	
wuxi-world-championships-2025	Senior Men -80kg	DAWOUD Omer	DEN	
wuxi-world-championships-2025	Senior Men -80kg	DZHORDZHEV Mitko	BUL	
wuxi-world-championships-2025	Senior Men -80kg	FARAJ Yusuf	LBN	
wuxi-world-championships-2025	Senior Men -80kg	FERNANDEZ GARCIA Mikel	ESP	
wuxi-world-championships-2025	Senior Men -80kg	GASHI Jon	KOS	
wuxi-world-championships-2025	Senior Men -80kg	GONZALEZ Alejandro	PUR	
wuxi-world-championships-2025	Senior Men -80kg	HIDRI Ibrahim	ALB	
wuxi-world-championships-2025	Senior Men -80kg	HURNOV Kyrylo	UKR	
wuxi-world-championships-2025	Senior Men -80kg	HUSIC Nedzad	BIH	
wuxi-world-championships-2025	Senior Men -80kg	JAYSUNOV Jasurbek	UZB	
wuxi-world-championships-2025	Senior Men -80kg	JOCHMAN Adam	CZE	
wuxi-world-championships-2025	Senior Men -80kg	KATOUSI Firas	TUN	
wuxi-world-championships-2025	Senior Men -80kg	KILIC Yigithan	TUR	
wuxi-world-championships-2025	Senior Men -80kg	KOVACIC Oscar	CRO	
wuxi-world-championships-2025	Senior Men -80kg	MAIRAU Rainui	FPO	
wuxi-world-championships-2025	Senior Men -80kg	MARTINEZ PERALTA Pedro luis	DOM	
wuxi-world-championships-2025	Senior Men -80kg	MARTINHO Manuel	POR	
wuxi-world-championships-2025	Senior Men -80kg	NICKOLAS CJ	USA	
wuxi-world-championships-2025	Senior Men -80kg	ODINAEV Rustam	SRB	
wuxi-world-championships-2025	Senior Men -80kg	OUMAROU Idrissa amadou	NIG	
wuxi-world-championships-2025	Senior Men -80kg	PAPADOPOULOS Ioannis	GRE	
wuxi-world-championships-2025	Senior Men -80kg	POTVIN Maxime	CAN	
wuxi-world-championships-2025	Senior Men -80kg	PRAKASH Nipesh	FIJ	
wuxi-world-championships-2025	Senior Men -80kg	RAIHAN FADHILA Mhd	INA	
wuxi-world-championships-2025	Senior Men -80kg	RAWY Ahmad	EGY	
wuxi-world-championships-2025	Senior Men -80kg	SAHAK Omid	AFG	
wuxi-world-championships-2025	Senior Men -80kg	SAWADOGO Faysal	BUR	
wuxi-world-championships-2025	Senior Men -80kg	SEALY. Brandon	JAM	
wuxi-world-championships-2025	Senior Men -80kg	SIGURJONSSON Gudmundur floki	ISL	
wuxi-world-championships-2025	Senior Men -80kg	SOHUN Baboo soodarshansingh	MRI	
wuxi-world-championships-2025	Senior Men -80kg	SULEYMANOV Taleh	AZE	
wuxi-world-championships-2025	Senior Men -80kg	SWEENEY Liam	AUS	
wuxi-world-championships-2025	Senior Men -80kg	TANGAERE Kuao	NZL	
wuxi-world-championships-2025	Senior Men -80kg	THIAM Abdoul bakhy	SEN	
wuxi-world-championships-2025	Senior Men -80kg	THUNE Sebastian	NOR	
wuxi-world-championships-2025	Senior Men -80kg	TOLEUGALI Batyrkhan	KAZ	
wuxi-world-championships-2025	Senior Men -80kg	TREJOS SALAS Miguel	COL	
wuxi-world-championships-2025	Senior Men -80kg	TURAVINAU Raman	AIN	
wuxi-world-championships-2025	Senior Men -80kg	TYAGI Shivansh	IND	
wuxi-world-championships-2025	Senior Men -80kg	ZARHOUTI Haitam	MAR	
wuxi-world-championships-2025	Senior Men -87kg	EISSA Seif	EGY	1
wuxi-world-championships-2025	Senior Men -87kg	ALESSIO Simone	ITA	2
wuxi-world-championships-2025	Senior Men -87kg	HARBAR Artem	UKR	3
wuxi-world-championships-2025	Senior Men -87kg	PIATKOWSKI Szymon	POL	3
wuxi-world-championships-2025	Senior Men -87kg	. Rishabh	IND	
wuxi-world-championships-2025	Senior Men -87kg	ALEJANDRO-VARGAS Diego	PUR	
wuxi-world-championships-2025	Senior Men -87kg	ALKHAIBARI Ali mabruk s	KSA	
wuxi-world-championships-2025	Senior Men -87kg	AMER ALI Hassan	DEN	
wuxi-world-championships-2025	Senior Men -87kg	ANGAMAN Mederic emmanuel desire .	CIV	
wuxi-world-championships-2025	Senior Men -87kg	ATESLI Orkun	TUR	
wuxi-world-championships-2025	Senior Men -87kg	BAILEY Kelen	HUN	
wuxi-world-championships-2025	Senior Men -87kg	BILIC PAVLINOVIC Josip	CRO	
wuxi-world-championships-2025	Senior Men -87kg	CHEN Liang-hsi	TPE	
wuxi-world-championships-2025	Senior Men -87kg	DASENT-THOMSON Daniel	TTO	
wuxi-world-championships-2025	Senior Men -87kg	EBATA Hidenori	JPN	
wuxi-world-championships-2025	Senior Men -87kg	ELSHARABATY Saleh	JOR	
wuxi-world-championships-2025	Senior Men -87kg	FARAJ Yamen	LBN	
wuxi-world-championships-2025	Senior Men -87kg	GAFAROV Eltaj	AZE	
wuxi-world-championships-2025	Senior Men -87kg	HAMEDI Mohammad hesam	TRT	
wuxi-world-championships-2025	Senior Men -87kg	HERNANDEZ Moises	DOM	
wuxi-world-championships-2025	Senior Men -87kg	IFAOUI Motaz	TUN	
wuxi-world-championships-2025	Senior Men -87kg	KAMALOV Rafael	AIN	
wuxi-world-championships-2025	Senior Men -87kg	LIU Zhaoyang	CHN	
wuxi-world-championships-2025	Senior Men -87kg	MANSOURI Farzad	TRT	
wuxi-world-championships-2025	Senior Men -87kg	MARTINS SOARES Icaro miguel	BRA	
wuxi-world-championships-2025	Senior Men -87kg	MOKHTARI Mohammad	TRT	
wuxi-world-championships-2025	Senior Men -87kg	MYRZABAYEV Nurlan	KAZ	
wuxi-world-championships-2025	Senior Men -87kg	NAUVAL Ossanando	INA	
wuxi-world-championships-2025	Senior Men -87kg	NAVARRO Oscar	MEX	
wuxi-world-championships-2025	Senior Men -87kg	NUCI Erol	BIH	
wuxi-world-championships-2025	Senior Men -87kg	ORDEMANN Richard andre	NOR	
wuxi-world-championships-2025	Senior Men -87kg	PARK Woo hyeok	KOR	
wuxi-world-championships-2025	Senior Men -87kg	RIBEIRO Tiago	POR	
wuxi-world-championships-2025	Senior Men -87kg	RODRIGUEZ Michael c.	USA	
wuxi-world-championships-2025	Senior Men -87kg	SALAEV Shukhrat	UZB	
wuxi-world-championships-2025	Senior Men -87kg	SHUKRAN Mohammad ashraf	AFG	
wuxi-world-championships-2025	Senior Men -87kg	SOUMANO Youssouf	MLI	
wuxi-world-championships-2025	Senior Men -87kg	STEWART Jobe	AUS	
wuxi-world-championships-2025	Senior Men -87kg	STEWART Jordan	CAN	
wuxi-world-championships-2025	Senior Men -87kg	STOJANOVIC Stefan	SRB	
wuxi-world-championships-2025	Senior Men -87kg	THEOCHAROUS Andreas	CYP	
wuxi-world-championships-2025	Senior Men -87kg	THOLIOTIS Vasileios	GRE	
wuxi-world-championships-2025	Senior Men -87kg	TROITINO AMOEDO Sergio	ESP	
wuxi-world-championships-2025	Senior Men -87kg	YAZDANI Mohammad hossein	IRI	
wuxi-world-championships-2025	Senior Men -87kg	YURKOU Daniil	AIN	
wuxi-world-championships-2025	Senior Men -87kg	ZAKARIA Khouyyar	MAR	
wuxi-world-championships-2025	Senior Men +87kg	KANG Sanghyun	KOR	1
wuxi-world-championships-2025	Senior Men +87kg	AIUKAEV Rafail	AIN	2
wuxi-world-championships-2025	Senior Men +87kg	CUNNINGHAM Caden	GBR	3
wuxi-world-championships-2025	Senior Men +87kg	HEALY Jonathan	USA	3
wuxi-world-championships-2025	Senior Men +87kg	ALVAREZ Luis	VEN	
wuxi-world-championships-2025	Senior Men +87kg	ALVES JESUS Pedro arthur	BRA	
wuxi-world-championships-2025	Senior Men +87kg	AMIRI Ali akbar	AFG	
wuxi-world-championships-2025	Senior Men +87kg	ANDREOU Petros	CYP	
wuxi-world-championships-2025	Senior Men +87kg	ANN Alasan	GAM	
wuxi-world-championships-2025	Senior Men +87kg	ATESLI Emre kutalmis	TUR	
wuxi-world-championships-2025	Senior Men +87kg	BOZIC Pasko	CRO	
wuxi-world-championships-2025	Senior Men +87kg	DIVKOVIC Patrik	SLO	
wuxi-world-championships-2025	Senior Men +87kg	EL YAZIDI Omar	FRA	
wuxi-world-championships-2025	Senior Men +87kg	ELASBI Soufiane	MAR	
wuxi-world-championships-2025	Senior Men +87kg	ESSAM MOHIUDDIN Abdullah	EGY	
wuxi-world-championships-2025	Senior Men +87kg	ESSOGHO Alexandre	GAB	
wuxi-world-championships-2025	Senior Men +87kg	GARCIA MARTINEZ Ivan	ESP	
wuxi-world-championships-2025	Senior Men +87kg	GOICOCHEA HENRY Yoikel daniel	CUB	
wuxi-world-championships-2025	Senior Men +87kg	GOMIS Paivou johnouario	GBS	
wuxi-world-championships-2025	Senior Men +87kg	HARBAR Andrii	UKR	
wuxi-world-championships-2025	Senior Men +87kg	HAREMZA Krystian	POL	
wuxi-world-championships-2025	Senior Men +87kg	HOLDER Chioke	BAR	
wuxi-world-championships-2025	Senior Men +87kg	HUANG Yu-jen	TPE	
wuxi-world-championships-2025	Senior Men +87kg	KABLAN Beibarys	KAZ	
wuxi-world-championships-2025	Senior Men +87kg	KYRILLOS Charbel	LBN	
wuxi-world-championships-2025	Senior Men +87kg	LAURENT Jonathan	MRN	
wuxi-world-championships-2025	Senior Men +87kg	MAI-APA Raihau	FPO	
wuxi-world-championships-2025	Senior Men +87kg	MAVLONOV Marat	UZB	
wuxi-world-championships-2025	Senior Men +87kg	MICHOPOULOS Sotirios	GRE	
wuxi-world-championships-2025	Senior Men +87kg	MOLIN Mattia	ITA	
wuxi-world-championships-2025	Senior Men +87kg	PINHEIRO Daniel	POR	
wuxi-world-championships-2025	Senior Men +87kg	PLONIS Artsiom	AIN	
wuxi-world-championships-2025	Senior Men +87kg	SAIDI Isa	AUT	
wuxi-world-championships-2025	Senior Men +87kg	SALIMI Arian	IRI	
wuxi-world-championships-2025	Senior Men +87kg	SANSORES Carlos	MEX	
wuxi-world-championships-2025	Senior Men +87kg	SEYE Seydina limamou laye	SEN	
wuxi-world-championships-2025	Senior Men +87kg	SILVA GUTIERREZ Cesar daniel	COL	
wuxi-world-championships-2025	Senior Men +87kg	SINGH Shiva	IND	
wuxi-world-championships-2025	Senior Men +87kg	SOULEYMANE Seyni seidou	NIG	
wuxi-world-championships-2025	Senior Men +87kg	SOULIMANI Ilir	SUI	
wuxi-world-championships-2025	Senior Men +87kg	STILLEY Aiden	AUS	
wuxi-world-championships-2025	Senior Men +87kg	THIAM Mamadou bassirou	CAN	
wuxi-world-championships-2025	Senior Men +87kg	WANG Yaoxi	CHN	
wuxi-world-championships-2025	Senior Women -46kg	GOGEBAKAN Emine	TUR	1
wuxi-world-championships-2025	Senior Women -46kg	BEKULOVA Milana	AIN	2
wuxi-world-championships-2025	Senior Women -46kg	KUMARTAYEVA Aidana	KAZ	3
wuxi-world-championships-2025	Senior Women -46kg	WANG Shiyi	CHN	3
wuxi-world-championships-2025	Senior Women -46kg	. Vaishnave	IND	
wuxi-world-championships-2025	Senior Women -46kg	AKBAROVA Minaya	AZE	
wuxi-world-championships-2025	Senior Women -46kg	ALKHAWAHR Rahmah abdulmanam a	KSA	
wuxi-world-championships-2025	Senior Women -46kg	BAMA Ida kevine	BUR	
wuxi-world-championships-2025	Senior Women -46kg	BARROSO Kiara	POR	
wuxi-world-championships-2025	Senior Women -46kg	BASSETT Jaycee	WT	
wuxi-world-championships-2025	Senior Women -46kg	BAYECH Rivka	ISR	
wuxi-world-championships-2025	Senior Women -46kg	BRAJOVIC Iva	SRB	
wuxi-world-championships-2025	Senior Women -46kg	CHOI Etta	GBR	
wuxi-world-championships-2025	Senior Women -46kg	DA COSTA DA SILVA PINTO BELO Ana	TLS	
wuxi-world-championships-2025	Senior Women -46kg	DELLAN Virginia	VEN	
wuxi-world-championships-2025	Senior Women -46kg	DIAZ ARRIBAS Violeta	ESP	
wuxi-world-championships-2025	Senior Women -46kg	FALL Ngone	SEN	
wuxi-world-championships-2025	Senior Women -46kg	FONSECA Caliana	USA	
wuxi-world-championships-2025	Senior Women -46kg	GONZALEZ Samantha	MEX	
wuxi-world-championships-2025	Senior Women -46kg	HENI Ni kadek	INA	
wuxi-world-championships-2025	Senior Women -46kg	HUANG Ying hsuan	TPE	
wuxi-world-championships-2025	Senior Women -46kg	KOKKINOU Konstantina	CYP	
wuxi-world-championships-2025	Senior Women -46kg	KRAJEWSKA Nikola	POL	
wuxi-world-championships-2025	Senior Women -46kg	LAU Tsz wan	HKG	
wuxi-world-championships-2025	Senior Women -46kg	LEE Ye-ji	KOR	
wuxi-world-championships-2025	Senior Women -46kg	MACK Sarah	AUS	
wuxi-world-championships-2025	Senior Women -46kg	MAKAS Dzejla	BIH	
wuxi-world-championships-2025	Senior Women -46kg	MUNKHTUGS Suvd-erdene	MGL	
wuxi-world-championships-2025	Senior Women -46kg	NASIRI DAROUNKOLA Saeideh	IRI	
wuxi-world-championships-2025	Senior Women -46kg	NGUYEN Thi mai	VIE	
wuxi-world-championships-2025	Senior Women -46kg	NIKOLAJEVA Stefani	EST	
wuxi-world-championships-2025	Senior Women -46kg	OKAMOTO Ruka	JPN	
wuxi-world-championships-2025	Senior Women -46kg	OROZCO Angelique	CAN	
wuxi-world-championships-2025	Senior Women -46kg	PAPADOPOULOU Vasiliki	GRE	
wuxi-world-championships-2025	Senior Women -46kg	POOLKERD Patcharakan	THA	
wuxi-world-championships-2025	Senior Women -46kg	QUINTANA Valentina	GUA	
wuxi-world-championships-2025	Senior Women -46kg	RAI Santoshi	NEP	
wuxi-world-championships-2025	Senior Women -46kg	RAMIREZ CONTRERAS Danna isabella	COL	
wuxi-world-championships-2025	Senior Women -46kg	SAIGHI Lyamna	ALG	
wuxi-world-championships-2025	Senior Women -46kg	SALIM Kamilah	HUN	
wuxi-world-championships-2025	Senior Women -46kg	SARZA Clarence	PHI	
wuxi-world-championships-2025	Senior Women -46kg	SHONIYOZOVA Madina	UZB	
wuxi-world-championships-2025	Senior Women -46kg	SILVA NAZARIO Julia	BRA	
wuxi-world-championships-2025	Senior Women -46kg	TAMMILA Ida-elina	FIN	
wuxi-world-championships-2025	Senior Women -46kg	TOUZANI Farah	MAR	
wuxi-world-championships-2025	Senior Women -46kg	ZAKARI ISSAKA Mariama	NIG	
wuxi-world-championships-2025	Senior Women -46kg	ZOGHBI Aicha	TUN	
wuxi-world-championships-2025	Senior Women -49kg	LIU You-yun	TPE	1
wuxi-world-championships-2025	Senior Women -49kg	AKGUL Elif sude	TUR	2
wuxi-world-championships-2025	Senior Women -49kg	AKHMEDOVA Nodira	KAZ	3
wuxi-world-championships-2025	Senior Women -49kg	FU Xiaolu	CHN	3
wuxi-world-championships-2025	Senior Women -49kg	ABI HAYLA Demi	LBN	
wuxi-world-championships-2025	Senior Women -49kg	ARMAH Henrietta	GHA	
wuxi-world-championships-2025	Senior Women -49kg	ATESLI Supharada	GER	
wuxi-world-championships-2025	Senior Women -49kg	BAT-ERDENE Uchral	MGL	
wuxi-world-championships-2025	Senior Women -49kg	BOUROGIANNI Konstantina eleni	GRE	
wuxi-world-championships-2025	Senior Women -49kg	BRYHIDA Erika	UKR	
wuxi-world-championships-2025	Senior Women -49kg	CEREZO IGLESIAS Adriana	ESP	
wuxi-world-championships-2025	Senior Women -49kg	DAN (DANSHYNA) Oleksandra	ISR	
wuxi-world-championships-2025	Senior Women -49kg	DHAHRI Ikram	TUN	
wuxi-world-championships-2025	Senior Women -49kg	DWI PUTRI Winda	INA	
wuxi-world-championships-2025	Senior Women -49kg	FOFANA Mah teninba	FRA	
wuxi-world-championships-2025	Senior Women -49kg	GEORGIEVA Aleksandra	BUL	
wuxi-world-championships-2025	Senior Women -49kg	GOODMAN Phoenix	GBR	
wuxi-world-championships-2025	Senior Women -49kg	GOSCH CAMARGO Camilly	BRA	
wuxi-world-championships-2025	Senior Women -49kg	GRIPPOLI GAGLIARDO Maria sara	URU	
wuxi-world-championships-2025	Senior Women -49kg	ISHAK Nadia aina syazwani	MAS	
wuxi-world-championships-2025	Senior Women -49kg	KADEWERE Britney chipo	ZIM	
wuxi-world-championships-2025	Senior Women -49kg	KAFADAR Josipa	CAN	
wuxi-world-championships-2025	Senior Women -49kg	KAKADIYA Twisha	IND	
wuxi-world-championships-2025	Senior Women -49kg	KHASANOVA Laylo	UZB	
wuxi-world-championships-2025	Senior Women -49kg	KIM Hyang-gi	KOR	
wuxi-world-championships-2025	Senior Women -49kg	KRAJEWSKA Alicja	POL	
wuxi-world-championships-2025	Senior Women -49kg	KULA Karabo	BOT	
wuxi-world-championships-2025	Senior Women -49kg	LAM Siu wai	HKG	
wuxi-world-championships-2025	Senior Women -49kg	LINAN PARDO Naiara	AND	
wuxi-world-championships-2025	Senior Women -49kg	LOUM Mame diarra bousso	SEN	
wuxi-world-championships-2025	Senior Women -49kg	MAHATO Isha	NEP	
wuxi-world-championships-2025	Senior Women -49kg	MAKAS Ejla	BIH	
wuxi-world-championships-2025	Senior Women -49kg	MANGIN Tachiana kezhia	PHI	
wuxi-world-championships-2025	Senior Women -49kg	MATA Maya	USA	
wuxi-world-championships-2025	Senior Women -49kg	MATONTI Ilenia elisabetta	ITA	
wuxi-world-championships-2025	Senior Women -49kg	MEDVEDEVA Galina	AIN	
wuxi-world-championships-2025	Senior Women -49kg	MILIC Milica	SRB	
wuxi-world-championships-2025	Senior Women -49kg	MOMENZADEH Mahla	IRI	
wuxi-world-championships-2025	Senior Women -49kg	OKAZAKI Hinata	JPN	
wuxi-world-championships-2025	Senior Women -49kg	OSMANOVA Samarrukh	AZE	
wuxi-world-championships-2025	Senior Women -49kg	PEREZ ESCALONA Marlyn	CUB	
wuxi-world-championships-2025	Senior Women -49kg	PETERSON Ceili	GUY	
wuxi-world-championships-2025	Senior Women -49kg	RAMIREZ VARGAS Andrea	COL	
wuxi-world-championships-2025	Senior Women -49kg	RAMO Jenna	FIN	
wuxi-world-championships-2025	Senior Women -49kg	SEEKEN Kamonchanok	THA	
wuxi-world-championships-2025	Senior Women -49kg	SUAREZ ESCOBEDO Alessandra	PER	
wuxi-world-championships-2025	Senior Women -49kg	TAMBYRAJAH Saffron	AUS	
wuxi-world-championships-2025	Senior Women -49kg	TEMBE Naquira	MOZ	
wuxi-world-championships-2025	Senior Women -49kg	TRUONG Thi kim tuyen	VIE	
wuxi-world-championships-2025	Senior Women -49kg	ZAMBRANO MONTIEL Andrea mariana	MEX	
wuxi-world-championships-2025	Senior Women -53kg	DINCEL KAVURAT Merve	TUR	1
wuxi-world-championships-2025	Senior Women -53kg	ABUTALEB Dunya ali m	KSA	2
wuxi-world-championships-2025	Senior Women -53kg	KHATTAB Jana	EGY	3
wuxi-world-championships-2025	Senior Women -53kg	ZHANG Chuling	CHN	3
wuxi-world-championships-2025	Senior Women -53kg	ADEDAPO Eunice omolara	GHA	
wuxi-world-championships-2025	Senior Women -53kg	ASIMI Adiba	GER	
wuxi-world-championships-2025	Senior Women -53kg	AVDAGIC Ada	BIH	
wuxi-world-championships-2025	Senior Women -53kg	BARROS Nivea	BRA	
wuxi-world-championships-2025	Senior Women -53kg	BASTOS Filipa	POR	
wuxi-world-championships-2025	Senior Women -53kg	BEN AOUN Ouhoud	TUN	
wuxi-world-championships-2025	Senior Women -53kg	BOKAN Andrea	SRB	
wuxi-world-championships-2025	Senior Women -53kg	BOU HABIB Mariella	LBN	
wuxi-world-championships-2025	Senior Women -53kg	CANABAL Baby jessica	PHI	
wuxi-world-championships-2025	Senior Women -53kg	CRISOSTOMO Ana	PER	
wuxi-world-championships-2025	Senior Women -53kg	DEHHAOUI Amina	MAR	
wuxi-world-championships-2025	Senior Women -53kg	DESYLLA Ioanna - stavroula	GRE	
wuxi-world-championships-2025	Senior Women -53kg	FERRERIRA QUIRINO Nadia	MEX	
wuxi-world-championships-2025	Senior Women -53kg	FRASSICA Anna	ITA	
wuxi-world-championships-2025	Senior Women -53kg	HAMADATAHER HAROUNA Zeinab	NIG	
wuxi-world-championships-2025	Senior Women -53kg	HERBERTSON Reyna	AUS	
wuxi-world-championships-2025	Senior Women -53kg	IBRAHIM Fathimath	MDV	
wuxi-world-championships-2025	Senior Women -53kg	JONGKOLRATTANAWATTANA Chutikan	THA	
wuxi-world-championships-2025	Senior Women -53kg	KARAJANOVA Aziza	KAZ	
wuxi-world-championships-2025	Senior Women -53kg	KATOH Yuzuho	JPN	
wuxi-world-championships-2025	Senior Women -53kg	KHAN Laila	CAN	
wuxi-world-championships-2025	Senior Women -53kg	LOUTSIOU Emily	CYP	
wuxi-world-championships-2025	Senior Women -53kg	MAHESWARI Megawati	INA	
wuxi-world-championships-2025	Senior Women -53kg	MCKEW Jodie	GBR	
wuxi-world-championships-2025	Senior Women -53kg	MOGHAL Amna	NOR	
wuxi-world-championships-2025	Senior Women -53kg	MOHD FIRDAUS Norumar	MAS	
wuxi-world-championships-2025	Senior Women -53kg	NEMATZADEH Mobina	IRI	
wuxi-world-championships-2025	Senior Women -53kg	NGUYEN Thi loan	VIE	
wuxi-world-championships-2025	Senior Women -53kg	OLESZCZUK Lucja	POL	
wuxi-world-championships-2025	Senior Women -53kg	OYIBIGA BOUKANDOU Esther	GAB	
wuxi-world-championships-2025	Senior Women -53kg	PARK Hye jin	KOR	
wuxi-world-championships-2025	Senior Women -53kg	PATRATII Alesia	KGZ	
wuxi-world-championships-2025	Senior Women -53kg	PEREZ PARRADO Alma maria	ESP	
wuxi-world-championships-2025	Senior Women -53kg	PRIETO BERDUGO Angie natalia	COL	
wuxi-world-championships-2025	Senior Women -53kg	SANGARE Mariam	MLI	
wuxi-world-championships-2025	Senior Women -53kg	SPEHAR Lea	CRO	
wuxi-world-championships-2025	Senior Women -53kg	SU Po-ya	TPE	
wuxi-world-championships-2025	Senior Women -53kg	SUBBOTINA Anastasia	AIN	
wuxi-world-championships-2025	Senior Women -53kg	TAKALE Shrutika ganesh	IND	
wuxi-world-championships-2025	Senior Women -53kg	TAN Nichelle	SGP	
wuxi-world-championships-2025	Senior Women -53kg	VICTOR Nahomy	DOM	
wuxi-world-championships-2025	Senior Women -53kg	VIGDOR Ariel	ISR	
wuxi-world-championships-2025	Senior Women -53kg	VO Jayda	USA	
wuxi-world-championships-2025	Senior Women -53kg	ZAYNIDDINOVA Laylo	UZB	
wuxi-world-championships-2025	Senior Women -57kg	PACHECO Maria clara	BRA	1
wuxi-world-championships-2025	Senior Women -57kg	KIM Yu-jin	KOR	2
wuxi-world-championships-2025	Senior Women -57kg	KHIRFAN Fadia	JOR	3
wuxi-world-championships-2025	Senior Women -57kg	LUO Zongshi	CHN	3
wuxi-world-championships-2025	Senior Women -57kg	AL HALWANI Giada	ITA	
wuxi-world-championships-2025	Senior Women -57kg	AOUN Laetitia	LBN	
wuxi-world-championships-2025	Senior Women -57kg	BLIZNIAKOVA Margarita	AIN	
wuxi-world-championships-2025	Senior Women -57kg	BONILLA CRUZ Andrialis ramona	DOM	
wuxi-world-championships-2025	Senior Women -57kg	CARABIN Kanelya	FRA	
wuxi-world-championships-2025	Senior Women -57kg	CORREIA Leonor	POR	
wuxi-world-championships-2025	Senior Women -57kg	DANGANAN Czarina mae	PHI	
wuxi-world-championships-2025	Senior Women -57kg	DILLON Faith	USA	
wuxi-world-championships-2025	Senior Women -57kg	GASHI Rona	KOS	
wuxi-world-championships-2025	Senior Women -57kg	GRETARSDOTTIR Ingibjorg	ISL	
wuxi-world-championships-2025	Senior Women -57kg	HAMZIC Dzejna	BIH	
wuxi-world-championships-2025	Senior Women -57kg	HANSEN Kaja husby	NOR	
wuxi-world-championships-2025	Senior Women -57kg	HARNSUJIN Phannapa	THA	
wuxi-world-championships-2025	Senior Women -57kg	HRONOVA Dominika	CZE	
wuxi-world-championships-2025	Senior Women -57kg	HYMER Stacey	AUS	
wuxi-world-championships-2025	Senior Women -57kg	ILGUN Hatice kubra	TUR	
wuxi-world-championships-2025	Senior Women -57kg	ILONA RASNA Adam	COM	
wuxi-world-championships-2025	Senior Women -57kg	KARABATIC Nika	CRO	
wuxi-world-championships-2025	Senior Women -57kg	KHORSHIDI Aida	TRT	
wuxi-world-championships-2025	Senior Women -57kg	KIYANICHANDEH Nahid	IRI	
wuxi-world-championships-2025	Senior Women -57kg	KOSTENEVYCH Darya	UKR	
wuxi-world-championships-2025	Senior Women -57kg	LAMANDA Silvana	INA	
wuxi-world-championships-2025	Senior Women -57kg	LIN Wei-chun	TPE	
wuxi-world-championships-2025	Senior Women -57kg	LISOWSKA Nikol	POL	
wuxi-world-championships-2025	Senior Women -57kg	MAGASSA Coumba	GAB	
wuxi-world-championships-2025	Senior Women -57kg	MAM Julie	CAM	
wuxi-world-championships-2025	Senior Women -57kg	MEI?TININKAIT? Gerda	LTU	
wuxi-world-championships-2025	Senior Women -57kg	MERIEME Khoulal	MAR	
wuxi-world-championships-2025	Senior Women -57kg	MIRABZALOVA Madina	UZB	
wuxi-world-championships-2025	Senior Women -57kg	NAVUGA NAITASI Lolohea	FIJ	
wuxi-world-championships-2025	Senior Women -57kg	NISHIDA Mao	JPN	
wuxi-world-championships-2025	Senior Women -57kg	OUMAROU OUSMANE Nana	NIG	
wuxi-world-championships-2025	Senior Women -57kg	PARK Skylar	CAN	
wuxi-world-championships-2025	Senior Women -57kg	PATAKFALVY Luca	HUN	
wuxi-world-championships-2025	Senior Women -57kg	RAHMANI Ruqia	FIN	
wuxi-world-championships-2025	Senior Women -57kg	ROBLES REVE Tamara	CUB	
wuxi-world-championships-2025	Senior Women -57kg	RODRIGUEZ MARQUINA Laura	ESP	
wuxi-world-championships-2025	Senior Women -57kg	ROSIN Pheline	NZL	
wuxi-world-championships-2025	Senior Women -57kg	ROVITHIS Anastasia	GER	
wuxi-world-championships-2025	Senior Women -57kg	SALGADO LANDA Zaira paulina	MEX	
wuxi-world-championships-2025	Senior Women -57kg	SARR Ndeye maty	SEN	
wuxi-world-championships-2025	Senior Women -57kg	SEVOSTYANOVA Mariya	KAZ	
wuxi-world-championships-2025	Senior Women -57kg	SMITH Teigan	GBR	
wuxi-world-championships-2025	Senior Women -57kg	SO Yuen ting	HKG	
wuxi-world-championships-2025	Senior Women -57kg	SULBARAN Alexmar	VEN	
wuxi-world-championships-2025	Senior Women -57kg	TEGGERI Markella	CYP	
wuxi-world-championships-2025	Senior Women -57kg	THAKUR Aranaya	IND	
wuxi-world-championships-2025	Senior Women -57kg	TRAN Thi anh tuyet	VIE	
wuxi-world-championships-2025	Senior Women -57kg	TZELI Fani	GRE	
wuxi-world-championships-2025	Senior Women -57kg	VITKO Yuliya	AIN	
wuxi-world-championships-2025	Senior Women -62kg	WAFA Masghouni	TUN	1
wuxi-world-championships-2025	Senior Women -62kg	MARTON Viviana	HUN	2
wuxi-world-championships-2025	Senior Women -62kg	BLEWITT Gabriella	AUS	3
wuxi-world-championships-2025	Senior Women -62kg	CHEN Ximin	CHN	3
wuxi-world-championships-2025	Senior Women -62kg	ACHILLEOS Antreana	CYP	
wuxi-world-championships-2025	Senior Women -62kg	ADILBEKKYZY Aisha	KAZ	
wuxi-world-championships-2025	Senior Women -62kg	ALLOGANI Amna	UAE	
wuxi-world-championships-2025	Senior Women -62kg	ALRAWASHDEH Razan mohammed	JOR	
wuxi-world-championships-2025	Senior Women -62kg	ASASEH Kosar	IRI	
wuxi-world-championships-2025	Senior Women -62kg	BONGSOMENGGOLO Yade	SUR	
wuxi-world-championships-2025	Senior Women -62kg	BREWSTER Ella	CAN	
wuxi-world-championships-2025	Senior Women -62kg	CACERES GONZALES Camila	PER	
wuxi-world-championships-2025	Senior Women -62kg	CAKAL Sevval	TUR	
wuxi-world-championships-2025	Senior Women -62kg	CARNEIRO Celydiene	BRA	
wuxi-world-championships-2025	Senior Women -62kg	CHAN Merica lillyn	PHI	
wuxi-world-championships-2025	Senior Women -62kg	CHANG Jui-en	TPE	
wuxi-world-championships-2025	Senior Women -62kg	DEATON Danica	USA	
wuxi-world-championships-2025	Senior Women -62kg	DEMIAN Carla	LBN	
wuxi-world-championships-2025	Senior Women -62kg	DIAW Yacine	SEN	
wuxi-world-championships-2025	Senior Women -62kg	DJE Nouria amenan roscane	CIV	
wuxi-world-championships-2025	Senior Women -62kg	ESSOUGHE NTOUTOUME Nancy tatiana	GAB	
wuxi-world-championships-2025	Senior Women -62kg	FATIMA-ZAHRA Ennams	MAR	
wuxi-world-championships-2025	Senior Women -62kg	GJELSVIK Karoline	NOR	
wuxi-world-championships-2025	Senior Women -62kg	HAMADOU ALI Oumoulker	NIG	
wuxi-world-championships-2025	Senior Women -62kg	HO Cathy minly	HKG	
wuxi-world-championships-2025	Senior Women -62kg	IORSS Kawehi	FPO	
wuxi-world-championships-2025	Senior Women -62kg	KHAYITOVA Sevinch	UZB	
wuxi-world-championships-2025	Senior Women -62kg	KHUZINA Liliia	AIN	
wuxi-world-championships-2025	Senior Women -62kg	KOMATINA Andrea	MNE	
wuxi-world-championships-2025	Senior Women -62kg	LEE Gaeun	KOR	
wuxi-world-championships-2025	Senior Women -62kg	LOVAGLIO Isabella	MEX	
wuxi-world-championships-2025	Senior Women -62kg	MEJIA MATOS Mayerlin yanay	DOM	
wuxi-world-championships-2025	Senior Women -62kg	MESTROVIC Dora	CRO	
wuxi-world-championships-2025	Senior Women -62kg	MINA Mell	ECU	
wuxi-world-championships-2025	Senior Women -62kg	MONTEIRO Maisa	POR	
wuxi-world-championships-2025	Senior Women -62kg	ORTIZ BENITO Arlet	ESP	
wuxi-world-championships-2025	Senior Women -62kg	PHAM Ngoc cham	VIE	
wuxi-world-championships-2025	Senior Women -62kg	RAWAL Sonam	IND	
wuxi-world-championships-2025	Senior Women -62kg	RELJIKJ Miljana	MKD	
wuxi-world-championships-2025	Senior Women -62kg	SARVANAKI Theopoula	GRE	
wuxi-world-championships-2025	Senior Women -62kg	SAVKOVIC Nadja	SRB	
wuxi-world-championships-2025	Senior Women -62kg	SMYCHKOVA Valeryia	AIN	
wuxi-world-championships-2025	Senior Women -62kg	SOTO CASTILLO Isuangelis	PUR	
wuxi-world-championships-2025	Senior Women -62kg	STOLBOVA Petra	CZE	
wuxi-world-championships-2025	Senior Women -62kg	SZPAK Julia	POL	
wuxi-world-championships-2025	Senior Women -62kg	TEAKAUA Teiti	KIR	
wuxi-world-championships-2025	Senior Women -62kg	TONGCHAN Sasikarn	THA	
wuxi-world-championships-2025	Senior Women -67kg	MARTON Luana	HUN	1
wuxi-world-championships-2025	Senior Women -67kg	TITONELI Milena	BRA	2
wuxi-world-championships-2025	Senior Women -67kg	ANYANACHO Elizabeth oluchi	NGR	3
wuxi-world-championships-2025	Senior Women -67kg	MORENO REYES Lena	ESP	3
wuxi-world-championships-2025	Senior Women -67kg	ABELA Rose letizia	AUS	
wuxi-world-championships-2025	Senior Women -67kg	ANDRIC Leonarda	CAN	
wuxi-world-championships-2025	Senior Women -67kg	BAC Thi khiem	VIE	
wuxi-world-championships-2025	Senior Women -67kg	BERISAJ Andrea	MNE	
wuxi-world-championships-2025	Senior Women -67kg	BOUSTANY Carla	LBN	
wuxi-world-championships-2025	Senior Women -67kg	CARVALHO IRIGARAY Maialen	POR	
wuxi-world-championships-2025	Senior Women -67kg	DELO Laila	PHI	
wuxi-world-championships-2025	Senior Women -67kg	FABER Isabelle	LUX	
wuxi-world-championships-2025	Senior Women -67kg	FATNASSI Maram	QAT	
wuxi-world-championships-2025	Senior Women -67kg	GALLARDO Claudia	CHI	
wuxi-world-championships-2025	Senior Women -67kg	GBAGBI Ruth	CIV	
wuxi-world-championships-2025	Senior Women -67kg	JELIC Matea	CRO	
wuxi-world-championships-2025	Senior Women -67kg	KANOUTE Iman	MLI	
wuxi-world-championships-2025	Senior Women -67kg	KAYIR Ikra	TUR	
wuxi-world-championships-2025	Senior Women -67kg	KHUSSAINOVA Nuray	KAZ	
wuxi-world-championships-2025	Senior Women -67kg	KOERNDL Vanessa	GER	
wuxi-world-championships-2025	Senior Women -67kg	KWAK Min-ju	KOR	
wuxi-world-championships-2025	Senior Women -67kg	LAARAJ Nada	MAR	
wuxi-world-championships-2025	Senior Women -67kg	LEVESTAM Isabella	NZL	
wuxi-world-championships-2025	Senior Women -67kg	LIN Chia-hsuan	TPE	
wuxi-world-championships-2025	Senior Women -67kg	MACHEL Gizelle luisa	MOZ	
wuxi-world-championships-2025	Senior Women -67kg	MAX-VOY Marrianne selasie	GHA	
wuxi-world-championships-2025	Senior Women -67kg	MEHMEDOVIC Nadina	BIH	
wuxi-world-championships-2025	Senior Women -67kg	MEHNANA Ines	FRA	
wuxi-world-championships-2025	Senior Women -67kg	MINK Amy	NED	
wuxi-world-championships-2025	Senior Women -67kg	MOUSSA SAKO Madinatou	NIG	
wuxi-world-championships-2025	Senior Women -67kg	NILSEN Mari romundset	NOR	
wuxi-world-championships-2025	Senior Women -67kg	NINA Urganaeva	ARM	
wuxi-world-championships-2025	Senior Women -67kg	NTE REKE MOURKOUSI Nefeli	GRE	
wuxi-world-championships-2025	Senior Women -67kg	PAVLENKO Alisa	UKR	
wuxi-world-championships-2025	Senior Women -67kg	PETROVIC Iva	SRB	
wuxi-world-championships-2025	Senior Women -67kg	POWELL Aaliyah	GBR	
wuxi-world-championships-2025	Senior Women -67kg	RAMIREZ VARGAS Laura	COL	
wuxi-world-championships-2025	Senior Women -67kg	SHEHATA Aya	EGY	
wuxi-world-championships-2025	Senior Women -67kg	SINGH Madhu	IND	
wuxi-world-championships-2025	Senior Women -67kg	SOBIRJONOVA Ozoda	UZB	
wuxi-world-championships-2025	Senior Women -67kg	SOLTERO Leslie	MEX	
wuxi-world-championships-2025	Senior Women -67kg	SONG Jie	CHN	
wuxi-world-championships-2025	Senior Women -67kg	TARVIDA Jolanta	LAT	
wuxi-world-championships-2025	Senior Women -67kg	TEACHOUT Kristina	USA	
wuxi-world-championships-2025	Senior Women -67kg	TOMCZAK Tatiana	POL	
wuxi-world-championships-2025	Senior Women -67kg	TVARONAVICIUTE Klaudija	LTU	
wuxi-world-championships-2025	Senior Women -67kg	VALIZADEH Nastaran	IRI	
wuxi-world-championships-2025	Senior Women -67kg	VASQUEZ MENDOZA Eliana	PER	
wuxi-world-championships-2025	Senior Women -67kg	ZHELEZNOVA Viktoriia	AIN	
wuxi-world-championships-2025	Senior Women -73kg	CHAARI Sarah	BEL	1
wuxi-world-championships-2025	Senior Women -73kg	OSSIN Kimi laurene	CIV	2
wuxi-world-championships-2025	Senior Women -73kg	UZUNCAVDAR Sude yaren	TUR	3
wuxi-world-championships-2025	Senior Women -73kg	ZHOU Zeqi	CHN	3
wuxi-world-championships-2025	Senior Women -73kg	ABO-ALRUB Rama	JOR	
wuxi-world-championships-2025	Senior Women -73kg	ACOSTA HERRERA Arlettys de la caridad	CUB	
wuxi-world-championships-2025	Senior Women -73kg	ANDERSEN Jasmin	DEN	
wuxi-world-championships-2025	Senior Women -73kg	BOZANIC Nadica	SRB	
wuxi-world-championships-2025	Senior Women -73kg	CHAHAL Aisha	AUS	
wuxi-world-championships-2025	Senior Women -73kg	DA SILVA BATISTA DE SOUZA Thaisa	BRA	
wuxi-world-championships-2025	Senior Women -73kg	DAS Etisha	IND	
wuxi-world-championships-2025	Senior Women -73kg	DENG Yu-zhen	TPE	
wuxi-world-championships-2025	Senior Women -73kg	DIAKITE Bintou	MLI	
wuxi-world-championships-2025	Senior Women -73kg	FOLLECO MINA Dayana	ECU	
wuxi-world-championships-2025	Senior Women -73kg	JIRANKOVA Iveta	CZE	
wuxi-world-championships-2025	Senior Women -73kg	KOSMYCHEVA Anastasiia	AIN	
wuxi-world-championships-2025	Senior Women -73kg	LAURIN Althea	FRA	
wuxi-world-championships-2025	Senior Women -73kg	LEE Ava soon	HAI	
wuxi-world-championships-2025	Senior Women -73kg	LEWIS Kylie	USA	
wuxi-world-championships-2025	Senior Women -73kg	LOLOHEA Pauline	TGA	
wuxi-world-championships-2025	Senior Women -73kg	MACKAY Ruby	GBR	
wuxi-world-championships-2025	Senior Women -73kg	MAKHMUTOVA Nazym	KAZ	
wuxi-world-championships-2025	Senior Women -73kg	MIRHOSSEINI VAKILI Melika	IRI	
wuxi-world-championships-2025	Senior Women -73kg	MORAN ROMERO Belen	ESP	
wuxi-world-championships-2025	Senior Women -73kg	NOWAK Julia	POL	
wuxi-world-championships-2025	Senior Women -73kg	NTOVA Eirini	GRE	
wuxi-world-championships-2025	Senior Women -73kg	PODOLIAN Renata	UKR	
wuxi-world-championships-2025	Senior Women -73kg	POLE Doris	CRO	
wuxi-world-championships-2025	Senior Women -73kg	RODRIGUEZ Madelyn andrea	DOM	
wuxi-world-championships-2025	Senior Women -73kg	RUDOLF Nika	SLO	
wuxi-world-championships-2025	Senior Women -73kg	SABER Dunya bushuaib a	KSA	
wuxi-world-championships-2025	Senior Women -73kg	SALIFOU HASSANE Fatima	NIG	
wuxi-world-championships-2025	Senior Women -73kg	SAMY ELHOSSEINY Malak	EGY	
wuxi-world-championships-2025	Senior Women -73kg	TAMEZ Victoria	MEX	
wuxi-world-championships-2025	Senior Women -73kg	TRAN NGUYEN Anh ngan	VIE	
wuxi-world-championships-2025	Senior Women -73kg	WEEKES Crystal	PUR	
wuxi-world-championships-2025	Senior Women -73kg	WEMAMA Mayling	NCD	
wuxi-world-championships-2025	Senior Women -73kg	YOON Do hee	KOR	
wuxi-world-championships-2025	Senior Women +73kg	KUS AYDIN Nafia	TUR	1
wuxi-world-championships-2025	Senior Women +73kg	OSIPOVA Svetlana	UZB	2
wuxi-world-championships-2025	Senior Women +73kg	MU Wenzhe	CHN	3
wuxi-world-championships-2025	Senior Women +73kg	WILLIAMS Lauren	GBR	3
wuxi-world-championships-2025	Senior Women +73kg	AVOULETTE Solene	FRA	
wuxi-world-championships-2025	Senior Women +73kg	BARROSO Laetitia	POR	
wuxi-world-championships-2025	Senior Women +73kg	BATHILY Astan katherine feghe	CIV	
wuxi-world-championships-2025	Senior Women +73kg	BOYADZHIEVA Kalina	BUL	
wuxi-world-championships-2025	Senior Women +73kg	BRANDL Lorena	GER	
wuxi-world-championships-2025	Senior Women +73kg	CASTINEIRA ETCHEVERRIA Tania	ESP	
wuxi-world-championships-2025	Senior Women +73kg	CHARALAMBOUS Marilena	CYP	
wuxi-world-championships-2025	Senior Women +73kg	CHIN I chun	TPE	
wuxi-world-championships-2025	Senior Women +73kg	CHTIOUI Hafsa liana	DEN	
wuxi-world-championships-2025	Senior Women +73kg	FAITANGANE Alisi	TGA	
wuxi-world-championships-2025	Senior Women +73kg	FOUNTAIN Rachel	CAN	
wuxi-world-championships-2025	Senior Women +73kg	FRADL Maelynn emilee	ARU	
wuxi-world-championships-2025	Senior Women +73kg	GARCIA Paloma	MEX	
wuxi-world-championships-2025	Senior Women +73kg	HAJAMA Lipaz	ISR	
wuxi-world-championships-2025	Senior Women +73kg	HAREMZA Dagmara	POL	
wuxi-world-championships-2025	Senior Women +73kg	HAROUNA GOUNO Inayatou	NIG	
wuxi-world-championships-2025	Senior Women +73kg	KAIMOVA Evgeniya	KAZ	
wuxi-world-championships-2025	Senior Women +73kg	KECK Hannah	USA	
wuxi-world-championships-2025	Senior Women +73kg	KITSIOU Agoritsa artemia	GRE	
wuxi-world-championships-2025	Senior Women +73kg	KLOOSTERMAN Famke	NED	
wuxi-world-championships-2025	Senior Women +73kg	KUTS Mariia	UKR	
wuxi-world-championships-2025	Senior Women +73kg	MARINDI Merveille	GAB	
wuxi-world-championships-2025	Senior Women +73kg	MATIC Magdalena	CRO	
wuxi-world-championships-2025	Senior Women +73kg	MOHAMMED Noor nazar	QAT	
wuxi-world-championships-2025	Senior Women +73kg	MUSLIMOVA Linara	AIN	
wuxi-world-championships-2025	Senior Women +73kg	PEREIRA Raiany	BRA	
wuxi-world-championships-2025	Senior Women +73kg	ROMAN TORRES Naishka	PUR	
wuxi-world-championships-2025	Senior Women +73kg	SONG Da bin	KOR	
wuxi-world-championships-2025	Senior Women +73kg	STEWART Reba	AUS	
wuxi-world-championships-2025	Senior Women +73kg	YADAV Jyoti	IND	
